tree
version=v4
num_class=1
num_tree_per_iteration=1
label_index=0
max_feature_idx=35
objective=binary sigmoid:1
feature_names=name_ratio name_tset core_tsort core_partial concat_jw concat_eq concat_contains addr_tset addr_ratio num_jacc num_shared num_extra_t num_equal name_exact rank_name_exact name_tfidf rank_name_tfidf addr_tfidf rank_addr_tfidf cos_name cos_addr t_src3 t_indic t_addr_empty s1_ntok t_ntok s1_nnums s1_key_freq t_key_freq n_cands cos_name_grp_rank cos_name_gap_to_max cos_addr_grp_rank cos_addr_gap_to_max cos_sum cos_sum_grp_rank
feature_infos=[0:100] [0:100] [0:100] [0:100] [0:1] [0:1] [0:1] [3.8834950923919678:100] [3.6036036014556885:100] [0:1] [0:13] [0:11] [0:1] [0:1] [0:0] [0:1] [0:9] [0:1] [0:9] [0:1.0000002384185791] [0:1.0000002384185791] [0:1] [0:1] [0:1] [1:17] [1:15] [0:13] [1:881] [0:3522] [9:66] [1:54] [0:1.0000002384185791] [1:50] [0:1.0000002384185791] [0:2.0000004768371582] [1:60]
tree_sizes=6907 7023 7051 7052 7027 7061 7071 7066 7080 7108 7102 7045 7084 7092 7105 7094 7072 7097 7090 7077 7124 7089 7090 7098 7098 7126 7089 7097 7085 7103 7108 7114 7126 7108 7112 7101 7149 7133 7146 7160 7144 7133 7070 7121 7139 7130 7169 7109 7176 7128 7166 7143 7121 7152 7166 7086 7114 7170 7127 7178 7181 7120 7124 7177 7118 7182 7129 7198 7123 7157 7149 7101 7156 7188 7097 7046 6988 7134 7144 7126 7167 7218 7124 7145 7175 7176 7141 7200 7221 7107 7135 7069 7162 7166 7134 7203 7109 7111 7132 7183 7191 7181 7141 7099 7129 7073 7238 7216 7180 7039 7087 7160 7191 7218 7094 7199 7125 7176 7146 7119 7115 7101 7141 7144 7073 7137 7100 7216 7082 7042 7072

Tree=0
num_leaves=63
num_cat=0
split_feature=34 11 7 0 9 3 22 9 7 1 27 7 3 11 7 25 26 22 9 7 2 7 9 34 27 24 18 9 27 7 7 27 2 7 0 22 0 7 7 26 2 1 13 7 28 24 2 27 25 11 25 2 0 2 34 9 11 28 20 3 25 9
split_gain=1.14258e+07 1.82591e+06 858022 403867 348670 347342 354241 286719 192545 182811 144404 120483 377859 318264 72879.9 72685.7 70631.2 63210.4 113735 62085.2 53452.8 47789.2 42487.6 38690.2 29628.4 30403.8 27944.7 27580.8 27550 26870.6 21932.7 21514.6 20367.7 19336.9 15855.3 15193.5 17275.5 42685 15857.3 15000.7 14424.1 13988.8 22761.4 13160.5 13136.9 12929.5 12655.4 11549.5 11098.8 9447.77 8961.94 8952.28 8268.13 7901.65 7300.6 25414.6 7287.21 7074.72 6907.43 6764.57 28675.8 6676.24
threshold=1.1331304907798769 1.0000000180025095e-35 93.84250640869142 96.449581146240249 0.64583334326744091 65.26175689697267 1.0000000180025095e-35 0.47222222387790685 57.207792282104499 86.70682525634767 2.5000000000000004 79.087123870849624 72.065574645996108 1.0000000180025095e-35 65.129570007324233 1.5000000000000002 2.5000000000000004 1.0000000180025095e-35 0.64583334326744091 93.84250640869142 88.185440063476577 98.19000625610353 0.73214286565780651 1.8497467041015627 35.500000000000007 2.5000000000000004 2.5000000000000004 0.47222222387790685 33.500000000000007 55.190372467041023 98.006622314453139 1.5000000000000002 86.391696929931655 98.19000625610353 91.922958374023452 1.0000000180025095e-35 63.373983383178718 99.81412506103517 98.742088317871108 2.5000000000000004 84.561214447021499 95.69842910766603 1.0000000180025095e-35 98.006622314453139 17.500000000000004 2.5000000000000004 66.260162353515639 6.5000000000000009 1.5000000000000002 1.5000000000000002 1.5000000000000002 88.185440063476577 27.622890472412113 86.616912841796889 1.0000137090682986 0.64583334326744091 1.0000000180025095e-35 15.500000000000002 0.93142712116241466 97.825057983398452 1.5000000000000002 0.47222222387790685
decision_type=2 2 8 2 8 2 2 10 10 2 2 10 2 2 10 2 2 2 8 10 2 10 10 2 2 2 8 10 2 10 10 2 2 10 2 2 2 10 10 2 2 2 2 8 2 2 2 2 2 2 2 2 2 2 2 10 2 2 2 2 2 10
left_child=2 8 11 7 9 6 15 23 44 35 20 54 17 -14 57 26 29 46 61 -7 33 47 51 30 25 -8 52 34 45 -9 41 43 -32 -11 48 36 -4 -38 -37 -29 50 59 -43 -22 -2 -20 -13 -12 -15 -25 -31 -18 -6 -24 -1 -56 -48 -5 -52 60 -3 -19
right_child=1 3 4 14 5 19 24 16 -10 10 21 12 13 27 -16 -17 22 18 28 -21 31 -23 53 49 -26 -27 -28 39 -30 40 32 -33 -34 -35 -36 38 37 -39 -40 -41 -42 42 -44 -45 -46 -47 56 -49 -50 -51 58 -53 -54 -55 55 -57 -58 -59 -60 -61 -62 -63
leaf_value=-1.7696662492035919 -1.1961879292362001 -1.0331262216891282 -1.7564496303743615 -1.2290464712173192 -1.2515396677567001 -1.6250830284736839 -1.7153495051587271 -1.7279466561826498 -1.0368693787796093 -1.5982934522553722 -1.5790512378896744 -1.7668111513019182 -1.0670540563213238 -1.4471741121211388 -1.0551763104665253 -1.7633824102457465 -1.7261730825871824 -1.7430742289767871 -1.7501211560245327 -1.0743476906697389 -1.4326650009119104 -1.1024672166583853 -1.4023892375083682 -1.4797101741901901 -1.0976637196011607 -1.1764039100522554 -1.6494847950990945 -1.1317622951543758 -1.1666044774338091 -1.0581265641564341 -1.6143914021453705 -1.3824106881469331 -1.1628728986439114 -1.113208567131136 -1.3473040153354119 -1.6805449108454464 -1.6948223143903192 -1.1220354748510262 -1.3908654106579337 -1.5777282381292599 -1.0628944590498408 -1.7061150984414484 -1.5528191607776132 -1.05869538232088 -1.7437047873921396 -1.30590293042787 -1.0744294830125187 -1.7122586844401742 -1.7011125331145889 -1.2000018184554839 -1.194920104519281 -1.4871086575400585 -1.4812153313697098 -1.0896668737815327 -1.7334137816852948 -1.1689750336338423 -1.6213882576759688 -1.7299687291403383 -1.5074582060245003 -1.7357443582059799 -1.6990877798752326 -1.5800529060617621
leaf_weight=1824314.0646246076 489.93451547622681 728.5617615878582 83331.494092106819 331.16443708539009 4104.4156118929386 2221.2972649633884 1771.1564394831657 760.80139517784119 296872.52824252844 5444.3163669109344 10151.977340370417 231577.96254616976 15552.85788294673 1864.5029936432838 21850.917517602444 33617.304627031088 3999.4681853950024 21812.877447843552 1514.3185216784477 26075.658456534147 1052.7117177248001 1598.6271869242191 1259.5040118396282 4562.9198569655418 14052.028747707605 2559.2063952684402 5159.4205253124237 1593.366326212883 5519.7220371067524 1274.0725491940975 2632.18397590518 3646.855623871088 1610.2280592620373 967.86347702145576 1507.0342530012131 7959.8171501159668 13565.871260434389 1439.047745347023 2478.0002889037132 1432.1681582629681 11752.897722989321 20483.093732655048 18374.702632188797 8869.5413715839386 4152.1680398881435 1154.9612669348717 388.35943558812141 18137.829006314278 22387.12062856555 1642.1979051232338 1218.7660647928715 2574.8540835380554 2535.7348628640175 2253.8066862821579 9054.7506473958492 874.78671059012413 653.42587912082672 1897.1473088264465 1684.5545785427094 33721.712478071451 5745.5343661010265 2839.1111638844013
leaf_count=13524070 3632 5401 617756 2455 30427 16467 13130 5640 2200786 40360 75259 1716742 115297 13822 161986 249213 29649 161704 11226 193305 7804 11851 9337 33826 104171 18972 38248 11812 40919 9445 19513 27035 11937 7175 11172 59008 100567 10668 18370 10617 87127 151846 136216 65752 30781 8562 2879 134460 165961 12174 9035 19088 18798 16708 67125 6485 4844 14064 12488 249987 42593 21047
internal_value=-1.65278 -1.18556 -1.73899 -1.48349 -1.56396 -1.40919 -1.53852 -1.56068 -1.04686 -1.6538 -1.49526 -1.75946 -1.70178 -1.43154 -1.11073 -1.68843 -1.27361 -1.74691 -1.61704 -1.11758 -1.28715 -1.6344 -1.48252 -1.64658 -1.16814 -1.39684 -1.4749 -1.62848 -1.29416 -1.14735 -1.66452 -1.17471 -1.44302 -1.52507 -1.66203 -1.72649 -1.73866 -1.63989 -1.61177 -1.34286 -1.11962 -1.67641 -1.63363 -1.09837 -1.68592 -1.55791 -1.76525 -1.66446 -1.68159 -1.40568 -1.27923 -1.63254 -1.33925 -1.20178 -1.7692 -1.68369 -1.41749 -1.65552 -1.37626 -1.71777 -1.62414 -1.7243
internal_weight=2.83666e+06 441874 2.39478e+06 140359 250740 92096.2 63799.3 116280 301515 158644 49869.7 2.14404e+06 309798 44337.1 24079.2 45416.9 26778.7 265461 32841 28297 19981.3 29888.4 10087.6 89501.1 18382.4 4330.36 11799.6 28784.2 8189 16691.1 83296 13569.1 4242.41 6412.18 25758.7 108774 98336.4 15004.9 10437.8 3025.53 15930.3 79053.6 38857.8 9922.25 4642.1 2669.28 232620 28289.8 24251.6 6205.12 4177.39 6574.32 6640.15 3513.31 1.83424e+06 9929.54 1041.79 2228.31 2903.32 40195.8 6474.1 24652
internal_count=21028794 3275714 17753080 1040515 1858796 682731 472959 862010 2235199 1176065 369696 15894284 2296604 328681 178505 336686 198517 1967923 243458 209772 148126 221570 74782 663493 136273 32102 87473 213384 60707 123735 617493 100591 31450 47535 190955 806369 728991 111235 77378 22429 118095 586043 288062 73556 34413 19788 1724465 209719 179783 46000 30968 48737 49225 26045 13597680 73610 7723 16519 21523 297981 47994 182751
is_linear=0
shrinkage=1


Tree=1
num_leaves=63
num_cat=0
split_feature=34 11 7 9 9 0 3 1 1 7 27 7 4 11 22 9 2 7 7 25 26 7 22 4 7 34 7 8 18 7 7 4 18 9 9 18 27 13 25 24 1 25 2 3 1 0 25 19 26 9 2 27 25 27 27 24 9 0 22 24 25 1
split_gain=7.22414e+06 861053 649586 230586 204201 162334 133066 198789 126863 96352.4 84132.2 78462 230111 101515 56619.2 73696.2 40602.9 38263.6 30485.8 30220.6 24904.6 24730.5 20646.6 19877.6 40048.4 19278.5 17683.4 16265 15723.8 13782.2 13609 13277.7 12951.5 11990.1 11399 10989.1 10790.7 14678 10771.3 14670.1 10879.8 9719.77 7753.24 9230.61 8003.41 7417.83 6851.4 12353.5 6648.19 8514.55 6400.29 6382.28 6061.46 6029.02 5851.47 5759.57 5602.59 5594.53 5528.82 5511.63 6328.63 5451.56
threshold=1.0000137090682986 1.0000000180025095e-35 93.84250640869142 0.47222222387790685 0.73214286565780651 99.494949340820327 62.622549057006843 20.144927978515629 90.521114349365249 55.705244064331062 3.5000000000000004 79.087123870849624 0.74394747614860546 1.0000000180025095e-35 1.0000000180025095e-35 0.64583334326744091 83.75235748291017 62.534915924072273 98.006622314453139 1.5000000000000002 2.5000000000000004 93.84250640869142 1.0000000180025095e-35 0.87003108859062206 98.006622314453139 1.8267858028411867 52.784828186035163 93.699993133544936 4.5000000000000009 98.742088317871108 65.724277496337905 0.9524725377559663 4.5000000000000009 0.10555555671453477 0.47222222387790685 3.5000000000000004 1.5000000000000002 1.0000000180025095e-35 2.5000000000000004 2.5000000000000004 92.718276977539077 1.5000000000000002 88.185440063476577 98.213714599609389 99.494949340820327 90.815368652343764 1.5000000000000002 0.76023730635643016 2.5000000000000004 0.73214286565780651 84.889995574951186 2.5000000000000004 2.5000000000000004 9.5000000000000018 34.500000000000007 2.5000000000000004 0.47222222387790685 92.390407562255874 1.0000000180025095e-35 2.5000000000000004 1.5000000000000002 91.458969116210952
decision_type=2 2 8 10 8 2 2 2 2 10 2 10 2 2 2 8 2 10 10 2 2 10 2 2 10 2 10 8 8 10 10 2 10 10 10 8 2 2 2 2 2 2 2 2 2 2 2 2 2 10 2 2 2 2 2 2 10 2 2 2 2 2
left_child=2 9 11 5 8 18 7 28 22 51 36 -1 14 -14 50 56 20 -7 25 35 -5 -8 23 -4 33 30 -18 -12 54 -24 -3 -20 -17 -25 45 -9 37 -10 39 40 46 -22 -40 -44 -45 52 47 -32 -28 57 -13 -2 55 -29 59 -15 -16 -50 -21 60 -6 -27
right_child=1 3 4 16 6 17 21 19 10 -11 27 12 13 34 15 32 26 -19 31 58 41 -23 29 24 -26 61 48 53 -30 -31 38 -33 -34 -35 -36 -37 -38 -39 42 -41 -42 -43 43 44 -46 -47 -48 -49 49 -51 -52 -53 -54 -55 -56 -57 -58 -59 -60 -61 -62 -63
leaf_value=-0.11453239294668856 0.32476072388350091 -0.10614085732427275 -0.10246396672479585 0.27537043592102201 0.28918269205295372 -0.072549213772196558 0.025130017019102731 0.18097905379428267 0.1626478620553907 0.37753954758285513 0.29979892570433625 -0.11056241417770862 0.3739743217428842 0.012864224368051137 -0.086911645050917599 0.32116312331329855 -0.073004947693460762 0.36305122506961174 0.048818534812627136 -0.10982196682327712 0.36951319588503811 0.36612187605991853 -0.013839814935702847 -0.063015330706318373 0.40515680888072814 -0.0025946274308068906 0.37611722534724434 0.031550031113861808 0.11719714298334749 0.21483134727575545 0.26684529903137683 0.32048738328711934 0.06741863012590095 0.28760357439754131 0.25128774373005874 -0.052533595714569142 0.1722681807248865 0.37910330170792256 -0.08599976643982063 0.3212269541638168 0.080862889715428821 -0.044921373772439648 0.19475302865365188 -0.092202113950964726 0.030588454066381818 0.19402207030590998 -0.073530216506547216 -0.080323443022696672 0.10007829091033299 0.36665903373745157 0.33134061924202679 -0.08950054267877107 -0.067622857695938829 -0.078181130675402027 0.36464168364812766 0.27600789972306589 0.059765501015697657 0.35472200911356044 0.23946538644572996 0.32587046759837351 -0.031856494814669171 0.20197896486612069
leaf_weight=1682126.1640866101 403.44525076448917 18451.761167004704 78758.017334885895 6439.0184471383691 1275.7868674248457 2289.1753309816122 2287.2407539710402 6158.3820574432611 4406.0774028599262 439663.14527717978 1612.7115151137114 215760.60628962517 15551.983968578279 4079.2946517392993 20487.011670082808 7502.1132026910782 1000.8668520450592 16932.603590965271 3349.1103953570127 28138.731626354158 628.15220913290977 30337.578765101731 8467.7754415273666 16095.518370687962 2270.7214204072952 1778.915735155344 29226.561114393175 8908.2899058908224 3934.5486456528306 3826.8526072204113 1849.1710795611143 3887.0794739127159 2748.4856307208538 1038.2423070222139 2047.6029155403376 2995.6198503673077 7853.5545813515782 10840.497423119843 21442.572085313499 1673.0086972787976 14501.522064849734 5710.7768619135022 2145.9413974881172 9378.0441700816154 12231.424799144268 1784.7906712368131 12749.849048011005 2299.5720779597759 2986.0632344782352 5015.7710921987891 328.25098815560341 4756.5603986531496 9832.2512988224626 11433.632680907845 16668.626550853252 1044.8104134127498 2983.3568459451199 1213.3555237054825 460.59400998055935 3895.1085787862539 1183.7971331253648 4865.3327426016331
leaf_count=13523090 2329 143115 623472 37891 7734 17448 16652 39227 28197 2279062 10077 1727011 82098 30042 161626 43282 7722 88784 23216 225211 4302 160216 62638 122661 13310 11773 153849 64616 24553 23292 12169 22827 17298 7514 12468 22150 51702 57302 164342 11871 105368 41870 15435 72963 86327 11413 99279 18046 20173 26681 1971 36773 75336 87992 89724 7747 21050 6833 2621 22513 9244 31436
internal_value=-0.00224212 0.297521 -0.0869207 0.114319 0.0639552 0.0429408 0.177546 0.0945266 -0.00714229 0.372498 0.134278 -0.106322 -0.0577193 0.184994 -0.0910845 0.029431 0.291773 0.311174 -0.00367553 -0.053579 0.136852 0.342216 -0.0648268 -0.0801276 0.0105304 -0.0175664 0.341962 -0.00589162 0.301942 0.0573369 -0.0288852 0.194751 0.253127 -0.0417691 0.02857 0.104563 0.267497 0.31655 -0.0106729 0.0326937 0.0173206 -0.00385324 -0.0424059 -0.00305642 -0.0227 0.00132946 -0.0372082 0.074416 0.352766 0.278705 -0.109891 -0.0571107 -0.0216652 -0.0301268 0.333514 0.0665195 -0.0682673 0.173654 -0.104197 0.251865 0.134667 0.147207
internal_weight=2.84599e+06 626869 2.21912e+06 182046 252848 129825 97336 64711.2 155512 444823 45054.8 1.96628e+06 284151 34340.7 249810 33721 52220.6 19221.8 110603 37753.3 12777.9 32624.8 110457 98162.5 19404.5 103367 39442.6 21954.6 26957.9 12294.6 96722.9 7236.19 10250.6 17133.8 18788.7 9154 23100.1 15246.6 78271.1 33073.1 31400.1 6338.93 45198 23755.4 21609.5 16741.1 16898.6 4148.74 38441.8 9215.19 216089 5160.01 14956.4 20341.9 23023.3 5124.11 23470.4 4199.42 28599.3 6354.69 2459.58 6644.25
internal_count=21028934 3541884 17487050 1223720 1772618 924399 619845 442977 1152773 2318164 299886 15714432 2191342 219104 1972238 243256 299321 106232 818167 289209 84063 176868 852887 766957 143485 772124 215258 162685 153768 85930 728915 46043 60580 130175 137006 61377 137201 85499 585800 246733 234862 46172 339067 174725 159290 124538 129494 30215 207536 53687 1728982 39102 113125 152608 129215 37789 182676 27006 227832 39491 16978 43209
is_linear=0
shrinkage=0.1


Tree=2
num_leaves=63
num_cat=0
split_feature=34 7 11 9 9 0 0 4 0 7 4 11 7 27 22 9 4 7 34 7 4 26 3 7 7 22 7 7 27 27 27 7 9 9 7 4 24 1 2 1 13 2 4 7 1 0 7 4 11 9 9 26 9 9 27 2 9 0 13 27 20 22
split_gain=5.37459e+06 573889 499143 150562 147536 112438 104789 88692.6 133331 75594.6 185902 64272.6 58616.9 52297.2 51276.2 53195 24784.7 23256.5 22195.7 19228.7 18998.1 18151.8 16370.7 14325.1 14288.7 13802.1 11130.9 11125.7 10007.9 9831.87 9072.3 9012.39 8409.11 7881.37 7465.81 7268.44 6819.88 6819.18 14264.6 6733.18 6557.67 6519.15 6144.08 19373.1 5658.37 5469.49 5452.98 69093.6 69737.8 10633.8 4940.69 4855.97 4774.82 4665.19 4930.08 4536.12 4502.14 4457.57 4343.61 5680.61 4306.51 4165.17
threshold=1.0000137090682986 93.84250640869142 1.0000000180025095e-35 0.47222222387790685 0.64583334326744091 95.945205688476577 68.020618438720717 0.69909369945526134 21.11455059051514 79.087123870849624 0.72802454233169567 1.0000000180025095e-35 54.071052551269538 3.5000000000000004 1.0000000180025095e-35 0.64583334326744091 0.9524725377559663 66.828475952148452 1.8029962778091433 98.006622314453139 0.91112279891967785 2.5000000000000004 60.158729553222663 65.724277496337905 93.84250640869142 1.0000000180025095e-35 50.753845214843757 98.006622314453139 35.500000000000007 35.500000000000007 1.5000000000000002 97.81815338134767 0.73214286565780651 0.47222222387790685 98.742088317871108 0.95562458038330089 2.5000000000000004 94.932373046875014 92.084377288818374 25.176055908203129 1.0000000180025095e-35 5.1615052223205575 0.7207789719104768 98.006622314453139 91.922958374023452 92.768566131591811 65.724277496337905 0.87003108859062206 1.0000000180025095e-35 0.47222222387790685 0.23611111193895343 1.5000000000000002 0.47222222387790685 0.47222222387790685 8.5000000000000018 80.901721954345717 0.10555555671453477 99.494949340820327 1.0000000180025095e-35 1.5000000000000002 0.94430461525917064 1.0000000180025095e-35
decision_type=2 8 2 10 8 2 2 2 2 10 2 2 10 2 2 8 2 10 2 10 2 2 2 10 10 2 10 10 2 2 2 8 10 10 10 2 2 2 2 2 2 2 2 10 2 2 10 2 2 10 10 2 10 10 2 2 10 2 2 2 2 2
left_child=1 9 12 5 6 18 25 8 28 46 14 -12 -2 20 55 52 21 -7 23 53 -8 60 39 -4 58 42 -18 37 41 36 31 -22 -23 45 -27 -29 -17 -25 40 -10 -39 -6 -3 56 -20 -13 -1 -48 -49 -50 -40 -52 -16 54 57 -11 -44 -15 -9 -60 -5 -41
right_child=2 4 3 16 7 17 13 24 22 10 11 33 -14 19 15 29 26 -19 44 -21 30 32 -24 27 -26 34 -28 35 -30 -31 -32 -33 -34 -35 -36 -37 -38 38 50 61 -42 -43 43 -45 -46 -47 47 48 49 -51 51 -53 -54 -55 -56 -57 -58 -59 59 -61 -62 -63
leaf_value=-0.11445110109753592 -0.066068351001336081 -0.10527846610055958 -0.10320548509127457 0.26893123067684638 -0.044904283402772444 -0.037264877535778729 -0.0081477815068179884 -0.094299361942889737 0.042784312609038144 -0.10851053590149298 0.28486666306763619 -0.017173888307436561 0.28928651103706982 -0.021908740821077785 -0.083543879445784466 -0.098607203573856717 -0.079637720901584066 0.27566584022281243 0.0053525780125585846 0.28783962146122105 0.062685113199683173 -0.071104606401659068 0.16181534906202952 -0.043829525329102087 0.2910031198793272 -0.026082203753887707 0.27449104929116108 0.040897462475155036 0.2649375330744474 0.25575963638151766 0.13369873734950569 0.2820177491386302 0.17714927470239847 0.19499428022207266 0.15345992322903257 0.2702004544497178 0.19417371106068171 -0.075042684963112366 0.038417685933324647 -0.081918522738609945 0.41400773830204107 0.17969677824531091 -0.077240249589115073 0.3627451959634202 0.17499088924812872 0.19118684681339856 -0.11012736905143897 0.67422976200839813 -0.023719846267097104 0.57041197043759795 0.53225573357145772 0.12338439950142571 0.050733202124749459 0.29177144610912742 -0.075217828949066312 0.24152882674088466 0.22575857464537738 0.13516547459752662 0.57405373113955871 0.03396749205510731 0.11971493890594778 0.21244980831499405
leaf_weight=1393714.4193051234 4684.4167077764869 63836.72985188663 17067.095934413373 5542.0303150936961 1513.9507469981909 2691.8452115431428 4494.0807229578495 1253.1027700603008 5465.8259254768491 198791.10890047997 18363.756048761308 15570.882852822542 511732.37610047311 7321.4110155105591 19245.205064728856 1574.0657921731472 906.23564428091049 20171.02646317333 2616.3566763922572 2029.5210161879659 2128.4317175447941 4917.3133969157934 3664.2095986604691 36370.935957036912 32870.734204791486 7706.2017784714699 43123.570690006018 3512.4137606620789 23409.170364134014 8400.9460151046515 9270.1355507224798 15635.809724211693 1888.459887817502 2353.0837151259184 3311.1754958480597 2279.4862018376589 1608.685410618782 13566.729837886989 19898.473907649517 31231.743782028556 279.83966261148453 8827.390723541379 13847.932218462229 1134.4838707819581 7913.5103487744927 1370.7472294420004 147166.91551432759 2184.12181212008 5375.2252335399389 319.13324370235205 308.5452993735671 4958.604937709868 3070.7616247534752 436.0910157635808 14479.489637427032 370.90287665277719 508.38834371417761 2398.6181985139847 273.24673995375633 677.87554413080215 2971.0603374093771 488.18762454390526
leaf_count=12171349 37347 545621 142733 27077 10996 20149 32661 8979 38642 1723498 83238 118792 2281141 52827 161532 11052 7369 91992 17218 9935 13732 37844 17853 287932 149612 58775 200323 23528 110382 40874 56442 74951 11178 12598 18377 11083 8416 107382 137137 256513 2067 49321 111377 6716 45670 7518 1285213 19074 46942 2787 2055 33967 20846 2897 116360 1968 3584 16948 1955 4850 15877 2466
internal_value=-0.00309345 -0.0841512 0.23498 0.0968518 0.0553594 0.0372336 -0.00959292 0.143327 0.0816653 -0.10395 -0.0551968 0.150955 0.286063 0.0950602 -0.0885071 0.0251844 0.229085 0.238822 -0.00513837 -0.00802144 0.182241 0.119526 -0.0398523 -0.0199274 0.274475 -0.0770028 0.267202 -0.0024181 0.228744 0.199053 0.213891 0.255738 -0.00221934 0.0235035 0.0278776 0.131143 0.0493756 -0.01268 0.0163606 -0.0597242 -0.065159 0.146816 -0.0915691 -0.0350735 0.132841 -0.000315422 -0.112472 -0.0946817 0.193837 0.00957753 0.0612142 0.147336 -0.0650668 -0.032395 -0.0382366 -0.107859 -0.0665104 0.0168526 0.0279995 0.189128 0.216855 -0.077388
internal_weight=2.78509e+06 2.07769e+06 707400 190984 258214 131635 148539 109675 74600.5 1.81948e+06 270720 37658.5 516417 58193.6 233062 33899.7 59348.7 22862.9 108772 26665.1 31528.5 15318.9 40850 98242.1 35075 90344.9 44029.8 81175 33750.5 11583.7 27034.4 17764.2 6805.77 19294.7 11017.4 5791.9 3182.75 75383.1 39012.2 37185.8 13846.6 10341.3 79327.5 15490.8 10529.9 16941.6 1.54876e+06 155045 7878.48 5694.36 25165.6 5267.15 22316 24635.6 24199.5 199162 14356.3 9720.03 2204.23 951.122 8513.09 31719.9
internal_count=21029538 17488469 3541069 1222581 1772772 922913 1121203 651569 486173 15715697 2190332 222146 2318488 376753 1968186 242720 299668 112141 810772 198967 177786 91976 315474 747884 165396 744450 207692 605151 170699 60342 145125 88683 49022 138908 77152 34611 19468 570540 282608 297621 109449 60317 667298 121677 62888 126310 13525365 1354016 68803 49729 173159 36022 182378 189032 186135 1725466 114961 69775 15784 6805 42954 258979
is_linear=0
shrinkage=0.1


Tree=3
num_leaves=63
num_cat=0
split_feature=34 20 11 3 1 8 4 9 0 27 9 0 26 9 25 20 9 4 9 22 8 22 0 9 27 34 18 18 28 20 9 25 13 27 1 4 11 8 20 20 25 3 9 2 27 34 1 24 9 25 9 19 2 9 18 2 26 4 2 27 13 0
split_gain=4.23911e+06 406858 343334 141656 158492 129309 144281 110707 62769.6 43113.3 37303.9 32267.9 29654.2 26650.4 26528.3 25092.5 24460.6 119029 39946.5 27865.4 23166.4 17358.1 17142.7 16084.2 15205.3 14875.5 13649.6 11737.1 11239.7 11200.2 9645.04 9636.86 8772.45 11013.7 7774.61 7676.85 7586.36 7404.05 7060.12 6869.99 6682.73 9869.12 5814.68 5736.58 5638.36 6097.48 5553.42 5531.97 5330.51 5271.49 6994.19 5029.77 4992.58 4797.86 4592.71 4561.8 4299.71 4045.84 3947.48 3909.45 3898.74 3808.93
threshold=1.0000137090682986 0.89261925220489513 1.0000000180025095e-35 65.26175689697267 19.399641990661625 76.376262664794936 0.87369275093078624 0.29285715520381933 99.494949340820327 4.5000000000000009 0.47222222387790685 89.825496673583999 1.5000000000000002 0.64583334326744091 1.5000000000000002 0.28153488039970404 0.29285715520381933 0.72802454233169567 0.47222222387790685 1.0000000180025095e-35 76.376262664794936 1.0000000180025095e-35 89.386734008789077 0.4083333313465119 35.500000000000007 1.2913972139358523 2.5000000000000004 4.5000000000000009 26.500000000000004 0.31990490853786474 0.47222222387790685 2.5000000000000004 1.0000000180025095e-35 1.5000000000000002 91.922958374023452 0.96008446812629711 1.0000000180025095e-35 43.765546798706062 0.23848909884691241 0.3349605798721314 1.5000000000000002 99.523811340332045 0.64583334326744091 88.185440063476577 4.5000000000000009 0.45575705170631414 95.69842910766603 2.5000000000000004 0.29285715520381933 1.5000000000000002 0.47222222387790685 1.0000000180025095e-35 42.179391860961921 0.47222222387790685 5.5000000000000009 86.391696929931655 1.0000000180025095e-35 0.95779800415039074 78.830558776855483 1.5000000000000002 1.0000000180025095e-35 99.494949340820327
decision_type=2 2 2 2 2 8 2 10 2 2 8 2 2 10 2 2 8 2 10 2 10 2 2 10 2 2 8 8 2 2 8 2 2 2 2 2 2 10 2 2 2 2 8 2 2 2 2 2 8 2 10 2 2 10 8 2 2 2 2 2 2 2
left_child=1 5 15 4 10 16 21 8 29 22 -3 12 39 35 26 28 -1 19 38 58 61 49 23 32 -21 -10 42 -12 -2 -4 -23 34 51 -34 40 60 -22 44 -19 -9 41 -31 -6 -33 45 -20 -45 56 -5 50 -7 -8 -52 -41 -26 -51 -36 -15 -18 -24 -14 -11
right_child=2 3 7 48 14 6 9 11 25 20 27 -13 13 57 -16 -17 17 18 37 24 36 30 59 -25 54 -27 -28 -29 -30 31 -32 43 33 -35 47 -37 -38 -39 -40 53 -42 -43 -44 46 -46 -47 -48 -49 -50 55 52 -53 -54 -55 -56 -57 -58 -59 -60 -61 -62 -63
leaf_value=-0.11129895397995571 0.21008447103670608 -0.043034160984500781 -0.093605975976697439 0.035802142684099085 -0.042691625216299461 -0.082061708840972233 0.15488973215257734 -0.032407777869738412 -0.024476402161488373 -0.080650292801918919 0.2138222294304678 0.23070203603425879 -0.067505405931119644 0.10621950477760378 -0.10637966866321774 0.24084685544403828 -0.11092112253384237 -0.068836734310450828 -0.034222089653036213 -0.074121968365152877 0.25523159666489298 -0.060888534853637238 0.23425984365818892 0.24270380880464604 0.17370644433347784 0.23335377338959706 -0.05924992997869373 0.044501091741203362 -0.048943868123518225 0.34359567285266507 0.13746216384145832 -0.083058784516500714 0.23830935820441607 0.029227102512851821 0.23080042203281095 0.057517533647995313 0.049745968925074463 0.27198204472393955 0.12110475009562167 0.36963206836358076 -0.056047403459358026 -0.0043171303211033867 0.16426053675547536 -0.068523854249256375 -0.00059637382934019123 0.27900522780006981 0.037417562592465731 0.46941361136269955 0.23302565721209764 -0.11031904238638267 0.013975458259002472 -0.018058885713773017 0.30557821403294316 0.21366974238129022 0.020682974870909775 0.10483669581540667 0.058537069570949674 0.22078114355791711 0.30610434112419627 0.14703790844718842 0.24905103162553505 0.02295693097914463
leaf_weight=1301124.9160639197 2730.5598410815001 7901.727151863277 17417.96313431859 1418.2441866546869 1687.9099121615291 15838.018753603101 1929.4517778232694 1015.5377483442426 2672.6596759706736 19390.983647271991 35872.998809792101 40100.221649624407 11914.374105535448 5062.2271185964346 59991.697615414858 547484.45065548271 214132.68010593951 8518.5051781535149 807.51453594863415 8040.3414743989706 3274.7095338106155 4847.6515089198947 13893.899821721017 5413.7265240252018 5378.2260451540351 13750.023199006915 7723.7178061679006 4621.3024728447199 4334.1535650193691 1142.6732010915875 4959.7311519309878 16136.087984956801 4627.7869679406285 5530.0331735387444 1610.9103955551982 11093.904753468931 3980.7090502083302 10384.972059421241 2540.5463057309389 2296.536182127893 10836.165594302118 2846.2052132636309 6938.5725098922849 8079.2786429598927 2092.3744325488806 2697.7536294832826 12766.730678454041 365.30369356274605 40634.148063898087 99895.349994078279 3390.2030756920576 13088.720205828547 710.12550260871649 13977.703089997172 3087.1821134164929 995.25819702446461 14411.708411388099 7883.2969525158405 227.22447997331619 8155.10455878824 402.19823857396841 4343.0451278239489
leaf_count=12324863 11983 65297 150738 10158 15777 144753 11666 7583 18216 159358 169444 182707 95262 26705 551270 2273167 2029341 77975 7059 66030 13857 40459 60998 23646 31760 58489 65863 27122 31322 5638 26124 134175 21964 36002 9187 71461 27521 52639 17283 12617 86486 21997 41629 65377 17367 15701 82396 2314 175416 923687 29237 96602 3893 61226 22235 5967 93617 33526 1474 46134 2427 33462
internal_value=-0.00360429 -0.0816669 0.198238 0.0676525 0.0141433 -0.0957114 -0.0228703 0.0843922 0.0123143 0.0796912 0.155716 0.162844 0.11212 0.0608474 -0.0756053 0.23843 -0.105722 -0.0775881 0.12091 -0.100839 -0.013887 -0.0885261 0.134783 0.0863325 0.0243623 0.191394 0.0373111 0.194499 0.0511723 -0.0220376 0.0394202 -0.00375804 0.0527072 0.124483 0.0371604 -0.00282022 0.142491 0.222012 -0.0252023 0.219932 -0.0153125 0.0953476 0.123767 -0.0382933 0.129305 0.206847 -0.00364211 0.0846292 0.226374 -0.0989112 -0.0519259 0.0041606 0.0644774 0.235678 0.117902 -0.108197 0.0758564 0.175983 -0.110479 0.202 -0.0571682 -0.0616914
internal_weight=2.69042e+06 1.94009e+06 750331 166790 124738 1.7733e+06 214265 195782 102036 83628.2 48396 93746 53645.8 36356 76341.9 554549 1.55903e+06 257907 27041.7 230866 30989.4 130636 52638.7 30589.7 16505.7 16422.7 16350.2 40494.3 7064.71 85613 9807.38 68195.1 25176 10157.8 31213 23410.5 7255.42 15982.6 11059.1 17289.8 14825 3988.88 8626.48 36982.1 5597.64 3505.27 20846 16387.9 42052.4 120829 19938.3 15018.2 4100.33 16274.2 8465.41 100891 16022.6 12945.5 214360 22049 12316.6 23734
internal_count=21029649 17491033 3538616 1121976 936402 16369057 1705330 1222144 728630 531210 261863 493514 310807 229381 674539 2316472 14663727 2338864 188024 2150840 234198 1174120 297012 189880 120025 76705 123269 196566 43305 651925 66583 501187 166234 57966 219239 169150 41378 92766 95258 81426 114121 27635 57406 281948 40127 22760 147773 105118 185574 1107537 177883 108268 33130 73843 53995 929654 102804 60231 2030815 107132 97689 192820
is_linear=0
shrinkage=0.1


Tree=4
num_leaves=63
num_cat=0
split_feature=34 7 11 9 4 9 0 4 0 7 7 4 11 27 25 32 22 31 2 7 4 22 9 25 0 18 27 1 25 7 16 7 18 22 7 27 1 28 11 25 18 13 11 25 18 2 0 28 0 25 2 25 0 24 27 1 1 7 25 9 24 25
split_gain=3.45175e+06 470099 262061 154655 105840 83744.6 66445.9 56237.9 95224 36183.9 34795.4 125956 33077.9 32862 22280.7 16645.4 16614.6 15909.1 15293.2 14748.5 13715.6 12811.2 18859.5 11117.3 10831.9 10499.6 8581.96 8531.92 8421.73 8120.75 7804.04 7690.94 7452 7270.22 6763.35 6613.38 6548.89 6512.54 6080.43 7473.51 5994.12 5864.02 5396.47 5157.53 5649.43 7401.15 5141.16 5035.67 4980.87 4659.73 4590.67 5676.12 4864.49 4839.16 4299.89 3832.3 3807.46 3733.31 3446.39 3383.89 3313.04 7473.1
threshold=1.0000137090682986 89.561393737792983 1.0000000180025095e-35 0.64583334326744091 0.87778618931770336 0.47222222387790685 99.494949340820327 0.68715611100196849 22.378716468811039 59.032005310058601 73.024791717529311 0.72802454233169567 1.0000000180025095e-35 3.5000000000000004 1.5000000000000002 4.5000000000000009 1.0000000180025095e-35 0.81574133038520824 86.391696929931655 60.805404663085945 0.94292119145393383 1.0000000180025095e-35 0.64583334326744091 1.5000000000000002 89.386734008789077 3.5000000000000004 34.500000000000007 79.008567810058608 4.5000000000000009 63.191850662231452 3.5000000000000004 89.561393737792983 3.5000000000000004 1.0000000180025095e-35 54.071052551269538 37.500000000000007 96.051948547363295 25.500000000000004 1.0000000180025095e-35 2.5000000000000004 3.5000000000000004 1.0000000180025095e-35 1.5000000000000002 1.5000000000000002 3.5000000000000004 44.300144195556648 90.815368652343764 37.500000000000007 90.815368652343764 1.5000000000000002 83.047893524169936 1.5000000000000002 89.512962341308608 2.5000000000000004 32.500000000000007 8.054054260253908 99.494949340820327 79.087123870849624 2.5000000000000004 0.21111111342906955 2.5000000000000004 2.5000000000000004
decision_type=2 8 2 8 2 10 2 2 2 10 10 2 2 2 2 2 2 2 2 10 2 2 8 2 2 8 2 2 2 10 10 10 8 2 10 2 2 2 2 2 10 2 2 2 8 2 2 2 2 2 2 2 2 2 2 2 2 10 2 10 2 2
left_child=1 10 9 4 16 6 15 8 25 37 -1 21 57 24 32 18 43 47 23 -8 50 -12 -23 -4 30 -5 -18 33 55 -17 38 -9 -10 -16 -22 -27 -31 -2 -6 -40 42 -38 -20 44 45 -3 49 56 60 -14 51 -7 53 -53 -24 -28 -15 -13 -55 -44 -25 -62
right_child=2 3 5 7 13 20 19 31 14 -11 11 12 46 17 27 29 26 -19 40 -21 34 22 54 48 -26 35 28 -29 -30 36 -32 -33 -34 -35 -36 -37 41 -39 39 -41 -42 -43 59 -45 -46 -47 -48 -49 -50 -51 -52 52 -54 58 -56 -57 -58 -59 -60 -61 61 -63
leaf_value=-0.1103483229867359 0.1672485336977039 -0.0091673360279257293 0.21705080365853457 0.18753774821711355 0.16828939611639041 0.21710542466635757 -0.078397071454614539 0.01972459579164576 0.12333815878373755 0.21038275222508418 -0.10680580686254966 0.348943896824147 0.1541082878061773 -0.070390195197053973 -0.10701458953037478 -0.10344759939249151 -0.074744099196446021 0.15135864922992348 0.061245817637551339 0.20333149182780877 -0.066241487408723876 -0.079665573927015468 -0.0049812585977869481 -0.082425640009698445 0.17984198402197304 -0.018934579755915896 -0.0016092809455203424 0.22649879965691919 -0.095309995407360626 -0.057736843554212637 -0.0065049875386589476 0.20876059091961202 -0.047995128875437443 0.17845792970794613 0.19662297127049694 0.14141137402268708 -0.039393735371292038 -0.091224466174311042 0.17662873183294622 -0.046910579489537141 0.2896141540392137 0.050423535232485862 0.032037203485962527 -0.10765756534841429 -0.084152020816571138 0.33884387209249067 0.16752935020523829 -0.085519432817861465 0.34985581025970175 -0.025915792541578594 0.21297167203519429 -0.027342689635111446 0.27741616316977491 0.26159386335349405 0.17225347527958934 0.16105030424923 0.040790681216335195 0.20990472088569889 0.023444865498757919 0.2402100735007755 0.25463975463496791 -0.050200446955074807
leaf_weight=1244733.8219503537 1229.2005047351122 4629.158579878509 1760.7927923649549 36271.757716208696 9529.2268401607871 1923.5988044440746 2030.5752863138914 2263.5354334935546 8344.5688277035952 565897.89799663424 169555.74788027257 2290.2698529660702 1647.4035224989057 4761.277647331357 29021.767647884786 13951.843557573855 7311.2933521494269 5106.2338778302073 17110.106272101402 21886.36752744019 998.45621426403522 20095.295441269875 1982.5546838417649 11913.238878794014 19208.57714626193 4425.2212533652782 1947.2272375971079 831.52770810574293 2405.1678503528237 23075.74521458894 7391.925619803369 43771.506476476789 3648.5149735808372 920.4040952026844 49742.034695588052 6142.7975566014647 12425.121037743986 4710.2352475523949 2472.554441973567 3785.2140441387892 1552.7629775777459 17516.824238337576 1041.0837588459253 91323.142712168396 14017.823530338705 704.04220376908779 2047.1722413897514 13099.302954621613 310.4861153960228 11300.70625436306 2283.0111997053027 7552.7233595773578 743.10352539271116 1139.6204334124923 4422.1489396765828 5654.5763090625405 8723.7593876942992 12316.58706535399 1301.8332988023758 3123.8568041324615 1030.7234429046512 3658.9676983132958
leaf_count=12877105 5756 44744 9975 159701 48068 8792 16420 15969 46218 2274280 1733884 12448 11037 38348 283574 132862 58867 28150 108904 89342 7919 189015 13331 101318 86160 28898 14464 3897 18164 192751 52112 178353 29560 4346 206844 28216 95236 37672 14551 26367 8463 107222 6448 912616 135879 4563 11474 115927 2061 90244 9988 48753 3528 5386 20230 39759 62871 50346 7872 14564 6196 31638
internal_value=-0.00385529 -0.0793619 0.173469 0.0270343 -0.0284095 0.0743392 0.0285385 0.109631 0.0634789 0.207806 -0.103798 -0.0676694 0.124601 0.0667212 -0.0444052 -0.00472774 -0.0834683 -0.0103082 0.0450338 0.179412 0.166652 -0.0967 -0.0320396 -0.0220822 0.124311 0.161982 0.00761191 -0.0894647 0.0677829 -0.0355657 0.0782927 0.199466 0.0712154 -0.0982393 0.19145 0.0742686 -0.0177023 -0.037732 0.117997 0.0414137 0.0999377 0.0131517 0.0860942 -0.0977205 -0.0508244 0.036774 0.0202713 -0.0413606 -0.0469775 -0.00301111 0.0824495 0.0589138 0.0305735 0.0122198 0.117391 0.119385 0.0015351 0.231705 0.134608 0.188174 -0.0543985 0.0167988
internal_weight=2.57801e+06 1.8081e+06 769910 337712 202071 198073 132388 135642 89606.6 571837 1.47039e+06 225658 29602.1 74078.1 42766.8 108472 127992 31690.6 41502 23916.9 65684.4 196056 26500 18674.2 42387.5 46839.8 17318.3 30773.7 10007 66969.5 23178.9 46035 11993.1 29942.2 50740.5 10568 53017.7 5939.44 15787 6257.77 22827.8 29941.9 21275 110674 19351 5333.2 14995.3 26584.3 16913.4 12948.1 14943.9 12660.9 10737.3 9994.18 6404.7 7601.8 13485 14606.9 2441.45 4164.94 16602.9 4689.69
internal_count=21029646 17489456 3540190 2480342 1701610 1222482 923400 778732 584410 2317708 15009114 2132009 175549 472554 367595 817638 1229056 245296 289567 105762 299082 1956460 222576 151188 227258 216815 131254 291817 72387 528071 141098 194322 75778 287920 214763 57114 395209 43428 88986 40918 138379 202458 129916 1097802 185186 49307 112755 217146 141213 101281 84319 74331 65539 62011 33561 54223 101219 62794 13258 21012 139152 37834
is_linear=0
shrinkage=0.1


Tree=5
num_leaves=63
num_cat=0
split_feature=34 7 11 9 4 9 4 22 25 7 4 7 11 28 1 13 26 9 22 7 4 34 16 22 9 11 18 7 1 27 1 25 27 7 27 24 27 3 9 25 2 25 7 11 32 25 1 2 7 34 27 1 1 9 26 11 8 26 25 1 7 28
split_gain=2.87181e+06 427499 210025 134985 96313 67177.9 45608.4 76417.3 40994.3 29054.3 109201 28235.2 25885 23929.8 21830.8 21781.1 20849.3 21856.9 15942.3 13195.4 12961.5 10949.8 10145.5 9405.64 14611.3 8973.32 8755.72 8191.78 8190.45 7325.41 6731.78 6600.34 6369.53 6059.71 5989.7 11539.7 5525.14 5250.14 4978.73 4968.26 5367.17 4927.19 4623.99 4618.3 4280.95 5359.26 4269.52 4263.33 4134.52 4116.81 3900.77 3772.11 3652.47 3578.28 3693.38 3672.85 3545.55 3489.46 3438.5 3335.59 3303.32 3638.85
threshold=1.0000137090682986 88.737056732177749 1.0000000180025095e-35 0.64583334326744091 0.87003108859062206 0.29285715520381933 0.71311652660369884 1.0000000180025095e-35 1.5000000000000002 70.431396484375014 0.76672235131263744 51.958276748657234 1.0000000180025095e-35 11.500000000000002 95.101959228515639 1.0000000180025095e-35 1.5000000000000002 0.64583334326744091 1.0000000180025095e-35 88.737056732177749 0.96255341172218334 1.4763050675392153 4.5000000000000009 1.0000000180025095e-35 0.47222222387790685 1.0000000180025095e-35 4.5000000000000009 56.675579071044929 81.661396026611342 34.500000000000007 98.61084365844728 4.5000000000000009 1.5000000000000002 88.737056732177749 31.500000000000004 2.5000000000000004 34.500000000000007 96.49015045166017 0.23611111193895343 1.5000000000000002 48.714567184448249 1.5000000000000002 88.737056732177749 1.0000000180025095e-35 5.5000000000000009 1.5000000000000002 99.494949340820327 83.047893524169936 97.81815338134767 0.39199796319007879 13.500000000000002 99.494949340820327 8.4806714057922381 0.47222222387790685 2.5000000000000004 1.0000000180025095e-35 98.051864624023452 1.5000000000000002 2.5000000000000004 82.637680053710952 63.191850662231452 127.50000000000001
decision_type=2 8 2 8 2 10 2 2 2 10 2 10 2 2 2 2 2 10 2 10 2 2 10 2 8 2 8 10 2 2 2 2 2 10 2 2 2 2 10 2 2 2 10 2 2 2 2 2 10 2 2 2 2 10 2 2 8 2 2 2 10 2
left_child=1 9 11 4 18 14 7 8 26 -1 23 -2 -12 22 44 21 27 20 39 50 -18 46 25 47 -25 32 -5 -7 -10 -20 37 53 49 -8 35 -9 -26 -22 -14 40 -3 -27 -42 -21 45 -4 -16 -11 -17 -6 51 -15 -37 55 -55 -31 -34 -40 -45 -24 61 -13
right_child=2 3 5 6 13 16 33 34 28 10 12 60 38 19 15 48 17 -19 29 43 30 -23 59 24 36 41 -28 -29 -30 31 -32 -33 56 -35 -36 52 -38 -39 57 -41 42 -43 -44 58 -46 -47 -48 -49 -50 -51 -52 -53 -54 54 -56 -57 -58 -59 -60 -61 -62 -63
leaf_value=-0.10933784596946033 -0.075671398402706661 -0.065327633633458837 0.13407178055528921 0.11924246801281482 0.031191402429104953 -0.071464961892850551 0.019307632860190022 -0.082797542339742874 -0.10409167637093122 -0.10602130082040798 0.21143595211734734 0.15738718180299138 -0.021563002907586531 -0.083021716921864469 0.16991591004803541 0.086698803477740796 -0.043802423069217951 0.16185770809372613 -0.072151450356367539 0.22790806949771444 0.21291154181190897 0.079447535824794968 -0.077866966624529368 -0.090839341882213043 -0.036924885422581703 0.24817270076364981 -0.049317469547278829 0.19135888857660421 0.20304130667941434 0.25782493571556725 0.11915711113445104 -0.091495247971894622 0.24432102815249934 0.18696344568628859 0.17932536816262287 -0.062892909917394269 0.13651628043645289 -0.031859068444507359 0.27508219856547572 -0.10668167108136276 -0.10342883624358908 0.020113442847956652 0.2798308997034617 0.14352440139245465 -0.07825265605374003 -0.033628507143355295 -0.072003580256201599 0.23955893119142144 0.20005624717642392 0.20135368144661886 -0.091904210124383046 0.030610354667775754 0.19513920170989518 0.26335208682298095 0.023003692108169625 0.01854332376655219 0.061650055563509457 0.060516690953716382 -0.021680476837915061 0.051123209987800781 0.18897130013075822 -0.070222247655952891
leaf_weight=1117745.9193659201 4078.4955910667777 17925.415084160864 2210.0317471846938 16385.657018579543 1547.5617247968912 1224.7802872434258 2265.8502855375409 2764.2171595469117 30352.114404194057 165541.37986911833 13904.480333715677 2352.839898571372 9589.1292573660612 4530.6329412385821 759.86352925747633 31152.036454841495 12382.190334871411 24293.224250301719 7566.5925053805113 2209.4307918027043 1020.6850579306483 7630.4498426020145 3032.5907958075404 17555.111594706774 2901.2751008942723 1059.6644283607602 3795.460826985538 37359.213789328933 893.83932435512543 738.77347940951586 15963.186230614781 2377.9487547874451 1226.5934370756149 44398.771044746041 32351.052105605602 616.23036625981331 5005.5722033306956 6194.6783672347665 953.77254832535982 90704.827963456511 494.30884036421776 8936.7539391443133 866.83110325783491 2342.2086047157645 22316.072197064757 13834.997517429292 18268.770444646478 357.75768664479256 3588.1551659628749 17493.764517657459 10568.981725484133 8224.4522017538548 4996.9332781136036 1994.7835278958082 940.93519027531147 4871.0216808617115 7944.3200363144279 3691.5819972157478 2726.352921359241 5914.8587834760547 565766.11375948787 1001.3263747170568
leaf_count=12626981 34886 184173 12352 84242 10231 10147 15761 18360 312609 1843985 58653 10150 79399 39338 4266 170598 101812 102912 64917 9201 4923 43800 25991 183759 21223 5343 30517 153302 3948 4689 78697 19257 5198 178392 131276 2756 25122 42187 4539 988842 4953 56279 5315 13276 211045 113444 158576 2052 15209 72993 101355 58343 21185 10369 5541 37038 42324 25217 18198 34754 2267152 5335
internal_value=-0.00394128 -0.077199 0.155823 0.0220381 -0.0292759 0.0670874 0.0982732 0.0574855 -0.0235524 -0.102806 -0.0695434 0.186506 0.114393 0.0585664 0.00925572 0.0462317 0.125696 0.0887454 -0.0824389 -0.0102973 0.0387989 -0.0217593 0.103256 -0.0965906 -0.0400001 0.125701 0.0875414 0.183016 -0.0953057 0.00347554 0.0829252 0.0558617 0.154548 0.178823 0.159811 0.0844501 0.0728752 0.00276617 0.0196001 -0.0968815 -0.0507911 0.0442887 0.140647 0.107255 -0.0499266 -0.0105296 -0.0623431 -0.105276 0.098407 0.187524 -0.0469781 -0.009752 0.166812 0.0968666 0.186317 0.0500552 0.086082 0.104571 0.0546616 0.00740411 0.188385 0.0894385
internal_weight=2.4537e+06 1.68231e+06 771397 345060 206240 198198 138820 92155.5 51427.1 1.33725e+06 219500 573199 28139 77758.2 99760.4 61399.3 98438 59854 128481 30602.1 35560.7 26659.1 47156.1 191361 25462 38208.7 20181.1 38584 31246 18490.1 23178.5 10923.5 28212.2 46664.6 40728.4 8377.38 7906.85 7215.36 14234.5 109991 19286.6 9996.42 1361.14 7277.99 38361.1 16045 19028.6 165899 34740.2 19041.3 23324.1 12755.1 5613.16 8545.51 2935.72 5609.8 9170.91 4645.35 5068.56 8947.45 569120 3354.17
internal_count=21028687 17487894 3540793 2616964 1817918 1223270 799046 604893 431316 14870930 2243949 2317523 167808 492824 729290 392449 493980 330531 1325094 239711 227619 206642 253113 2076141 230104 192368 114759 163449 316557 141811 125807 76894 130746 194153 173577 42301 46345 47110 109155 1183283 194441 61622 10268 40675 336841 125796 162842 1846037 185807 83224 199036 97681 23941 57637 15910 41727 47522 29756 31474 60745 2282637 15485
is_linear=0
shrinkage=0.1


Tree=6
num_leaves=63
num_cat=0
split_feature=34 8 11 34 0 4 9 3 22 9 18 0 28 20 3 0 32 26 22 3 9 9 9 9 2 20 28 9 28 25 25 24 1 20 28 11 9 25 20 1 13 11 18 25 8 3 3 28 28 1 20 18 0 25 9 1 19 11 24 28 0 24
split_gain=2.41898e+06 299428 178496 110537 57346.5 55154.4 48980.7 112183 54380.9 47547.1 36200 24441 13376.8 13197.1 12282.8 33570.6 11338.7 11113 10973.4 14993.2 13936.1 10109.6 9946.08 9832.07 9644.32 9591.4 9362.39 9240.72 8322.77 7337.83 7079.13 5662.54 5632.15 5631.19 5080.84 4866.87 4228.26 4148.44 7115.19 3961.35 4246.34 3960.46 3955.84 3925.58 3873.29 3785.24 3724.27 3663.72 3558.26 3422.92 3352.79 3255.43 3151.47 3078.08 3074.13 2833 2987.69 2889.02 2784.77 2751.13 2749.47 2918.12
threshold=1.0000137090682986 73.85489654541017 1.0000000180025095e-35 0.87019017338752758 95.945205688476577 0.88002100586891185 0.47222222387790685 69.309261322021499 1.0000000180025095e-35 0.47222222387790685 2.5000000000000004 86.222713470458999 7.5000000000000009 0.26127095520496374 60.158729553222663 25.13157939910889 4.5000000000000009 2.5000000000000004 1.0000000180025095e-35 60.990337371826179 0.47222222387790685 0.47222222387790685 0.64583334326744091 0.47222222387790685 84.561214447021499 0.26127095520496374 44.500000000000007 0.73214286565780651 9.5000000000000018 1.5000000000000002 1.5000000000000002 2.5000000000000004 20.144927978515629 0.26127095520496374 26.500000000000004 1.0000000180025095e-35 0.47222222387790685 1.5000000000000002 0.86196741461753856 96.34091949462892 1.0000000180025095e-35 1.0000000180025095e-35 3.5000000000000004 4.5000000000000009 73.85489654541017 95.346321105957045 59.359359741210945 42.500000000000007 46.500000000000007 96.34091949462892 0.42171016335487371 4.5000000000000009 99.494949340820327 1.5000000000000002 0.64583334326744091 82.637680053710952 1.0000000180025095e-35 1.0000000180025095e-35 2.5000000000000004 18.500000000000004 91.331184387207045 2.5000000000000004
decision_type=2 8 2 2 2 2 8 2 2 10 8 2 2 2 2 2 2 2 2 2 10 10 8 10 2 2 2 10 2 2 2 2 2 2 2 2 8 2 2 2 2 2 10 2 10 2 2 2 2 2 2 8 2 2 10 2 2 2 2 2 2 2
left_child=1 6 13 5 9 22 -1 8 37 16 14 18 -13 34 15 36 24 -11 19 53 28 50 -3 55 29 59 31 -19 35 -4 -17 -10 -24 -18 -2 -21 -5 38 -8 -35 -41 -16 45 -33 48 -26 -34 58 52 -47 -9 -28 -14 -12 -23 56 -7 -57 -20 -6 61 -31
right_child=2 3 4 10 25 23 7 21 26 17 11 12 44 -15 41 30 33 27 47 20 -22 54 32 -25 42 -27 51 -29 -30 60 -32 43 46 39 -36 -37 -38 -39 -40 40 -42 -43 -44 -45 -46 49 -48 -49 -50 -51 -52 -53 -54 -55 -56 57 -58 -59 -60 -61 -62 -63
leaf_value=-0.10611322242094648 0.13735844206828401 -0.096371820032847791 0.15661853753721922 0.016589245906682985 0.13491500603346487 0.087814446689555986 -0.091394339659363694 -0.10183379188862721 -0.10162933984708569 0.14703688283242444 -0.02640511686422093 0.14798920877309513 -0.0128819977364736 0.17228593456410993 0.17236230359286561 0.058392862306419484 -0.090382089036974589 -0.021920497774085199 -0.10371378921692771 0.11604628146957104 0.13767846373476858 0.11013750878392906 0.092956658256737323 0.17879988433685556 0.17546574496427231 0.17297377193471589 0.15399008285386001 0.13432861769916551 -0.071068220313480965 -0.079488276280118647 -0.089599438759591435 -0.03132915669231693 -0.084123019015143463 -0.050685396840979557 -0.058594214818023183 -0.033103122070139004 0.14858371752767122 -0.10886643175145222 0.044629048824266514 -0.04013421323162155 0.037218208852859834 0.070433087555712842 0.21904202175308801 0.20997653760823984 0.15199362849807396 -0.0098445396161665824 0.079486461525108326 0.11636243429838958 -0.075979710284431012 0.077646554702289053 0.16025606983787991 0.045220292834607649 0.092245503601666765 -0.10877490984365142 0.18837578537905544 0.10966818084434077 -0.068542544404080627 0.013376096221064475 0.085157165533206361 -0.079330969080586275 0.34425324209466024 0.020317392296625748
leaf_weight=1046046.7487531602 2164.6745254248381 101126.90340428799 1994.1939829513431 2646.605219706893 851.43740144371986 1779.4180289208889 18351.690128341317 2079.1808265894651 3845.6647140979767 32533.002417631447 5960.9784272685647 18522.599985286593 6143.4043817445636 558249.61589662731 28879.934440858662 4694.6624861657619 13367.965925626457 8948.6040038019419 1612.7818207964301 5152.591190084815 7149.9531377479434 7353.1463466957211 4176.2438534423709 6950.6035144254565 2660.5028979629278 41309.55774089694 9453.3385405614972 6559.5838356465101 13805.341132067144 10749.032827168703 10375.972704924643 1370.6417272388935 6550.6459124609828 20916.074199616909 3404.0522844195366 3802.229031637311 29233.179397091269 126897.01711568981 4865.0136370882392 11850.397036992013 17692.329419955611 4391.6266363859177 1757.9350974783301 1326.7489445656538 2134.9728730544448 6699.1885831058025 1766.5014539211988 7583.5944858416915 3778.661180511117 13448.36397986114 637.82942590862513 3881.4293550774455 5321.6696131750941 18988.044014811516 15841.659616164863 6799.1838750764728 3901.780689664185 5751.4850925430655 1513.0238539353013 2024.4098617732525 176.94713154435158 4026.9852134883404
leaf_count=12799969 9186 1170067 9913 22276 3989 9609 222460 24133 35769 136611 50104 80762 43790 2280371 118012 27207 136914 58022 12775 24881 30882 49183 21363 28669 15164 169085 42370 27936 124926 100060 119568 9618 74336 190941 27750 29866 131150 1556426 34148 96576 100312 26006 8513 7069 9744 47933 10099 36031 37806 71502 2875 23414 31810 220720 74463 36079 32243 38996 8033 15913 1023 32652
internal_value=-0.00405876 -0.0752807 0.142096 0.0108952 0.0603016 -0.056296 -0.097519 -0.0516294 -0.081174 0.0313848 0.0622258 0.0225373 0.0888632 0.170758 0.112426 0.0794867 -0.0062151 0.11383 -0.0137788 -0.0318539 0.0158925 0.142195 -0.0859725 0.0776006 0.0344661 0.160681 0.0742562 0.0441691 -0.0223657 -0.0235651 -0.0434983 -0.0237179 -0.00179595 -0.0326743 0.0175765 0.0527172 0.137626 -0.101756 -0.0628909 -0.0173858 0.00619003 0.158908 0.0744996 0.0873604 0.0258455 0.063359 -0.0493736 0.0788114 0.00817773 0.0485552 -0.0403071 0.12233 0.0359144 -0.0890946 0.163573 0.03902 -0.0195697 0.0655413 -0.0122922 -0.0159003 -0.0475952 -0.0522877
internal_weight=2.32383e+06 1.56244e+06 761385 320495 197567 138803 1.24195e+06 195903 169992 153381 181692 101470 35901.3 563818 80222 46950.4 105340 48041.2 65568.5 54859.1 29910.1 25911.8 113620 25182.5 41513.1 44185.4 19877.8 15508.2 22760.2 16947.2 15070.6 6543.06 12493.4 63826.8 5568.73 8954.82 31879.8 150114 23216.7 50458.8 29542.7 33271.6 24566 2697.39 17378.7 22808.1 8317.15 10709.4 15243.7 20147.6 2717.01 13334.8 11465.1 24949 23194.8 18231.9 5681.2 12550.7 3125.81 2875.85 14953 14776
internal_count=21030073 17489707 3540366 2607810 1223059 1421461 14881897 2081928 1931274 1034072 1186349 742130 203912 2317307 444219 300201 811503 222569 538218 481379 210555 150654 1275865 145596 286760 188987 118240 85958 179673 143648 146775 52456 105798 524743 36936 54747 153426 1813034 256608 387829 196888 144018 143112 16687 123150 134599 84435 56839 113406 119435 27008 65784 75600 270824 123646 116927 41852 75075 20808 19902 133735 132712
is_linear=0
shrinkage=0.1


Tree=7
num_leaves=63
num_cat=0
split_feature=34 7 11 9 4 0 9 4 1 7 4 7 22 11 7 0 26 25 9 7 7 27 22 9 27 25 1 7 9 18 13 27 7 25 22 2 20 26 7 28 4 26 0 25 19 25 18 9 1 18 7 0 27 0 4 3 1 2 25 25 2 4
split_gain=2.05799e+06 357076 154774 98891.2 76276.3 47946.7 39972.2 29266.5 50950.7 24272.7 88326.1 21974.5 21355.3 18810.1 16625 15894.4 15499.8 14646.9 14337 9730.45 8531.16 7537.94 6877.1 9231.88 6867.86 7005.55 6777.4 6678.08 6638.01 6293.58 6240.41 13551.3 5687.55 5516.29 5248.92 4947.03 4656.42 4511.01 4472 4266.6 4221.04 4108.49 4055.98 3954.98 3566.43 3555.72 3395.44 3298.13 3217.1 3077.32 3059.93 2941.81 2907.32 3843.81 2906.8 2871.89 2805.3 2706.65 2690.8 3845.33 2676.67 6195.43
threshold=1.0000137090682986 87.895435333251967 1.0000000180025095e-35 0.73214286565780651 0.73602092266082775 98.275348663330092 0.29285715520381933 0.71311652660369884 22.401432991027836 68.524993896484389 0.7207789719104768 59.032005310058601 1.0000000180025095e-35 1.0000000180025095e-35 98.006622314453139 91.54584121704103 1.5000000000000002 1.5000000000000002 0.64583334326744091 60.228008270263679 98.006622314453139 2.5000000000000004 1.0000000180025095e-35 0.64583334326744091 35.500000000000007 4.5000000000000009 79.008567810058608 65.724277496337905 0.47222222387790685 5.5000000000000009 1.0000000180025095e-35 1.5000000000000002 59.032005310058601 2.5000000000000004 1.0000000180025095e-35 22.903981208801273 0.9610288441181184 2.5000000000000004 87.895435333251967 26.500000000000004 0.95562458038330089 1.0000000180025095e-35 93.582702636718764 1.5000000000000002 0.16322595626115802 1.5000000000000002 3.5000000000000004 0.23611111193895343 99.494949340820327 4.5000000000000009 87.895435333251967 7.9473683834075937 37.500000000000007 8.4806714057922381 0.9524725377559663 67.204299926757827 92.390407562255874 81.892700195312514 4.5000000000000009 1.5000000000000002 99.494949340820327 0.99782609939575206
decision_type=2 8 2 8 2 2 10 2 2 10 2 10 2 2 10 2 2 2 10 10 10 2 2 10 2 2 2 10 10 8 2 2 10 2 2 2 2 2 10 2 2 2 2 2 2 2 8 10 2 8 10 2 2 2 2 2 2 2 2 2 2 2
left_child=1 9 11 4 12 6 20 8 29 -1 22 39 43 -12 15 28 32 35 40 -7 27 -17 57 -24 -14 51 34 -4 30 52 44 -32 -8 41 -19 -10 -22 -30 -9 -2 -18 -29 47 46 45 -6 55 -15 -33 -37 -23 -26 53 -5 -20 -3 60 -11 59 -55 61 -43
right_child=2 3 5 7 14 19 16 38 17 10 13 -13 24 42 -16 21 18 26 54 -21 36 50 23 -25 25 -27 -28 33 37 -31 31 48 -34 -35 -36 49 -38 -39 -40 -41 -42 56 -44 -45 -46 -47 -48 -49 -50 -51 -52 -53 -54 58 -56 -57 -58 -59 -60 -61 -62 -63
leaf_value=-0.10727719786574748 0.11845195960654496 -0.0076729985566611194 -0.098933490069671989 -0.063768689228379583 0.180151758910674 -0.060172936223583329 -0.078752182737038004 0.01535699073568849 -0.05048530027744294 -0.10427672745647404 0.18356102361635163 0.16057253957384623 -0.061887520155461742 -0.034848020394753702 0.18971160519149466 0.14551777394597556 -0.04228633208000529 -0.10128404627433699 0.064431795154290358 0.16200862433131002 0.1576284895160564 0.019651968986923125 -0.074062838610069723 0.093635564884114383 -0.011306860852766215 -0.093459257370824195 0.16105963603155349 0.13096304662050454 0.19316286760361284 0.010958170786007863 0.16116776495145577 -0.076019227287027494 0.15473092184117546 -0.043296304432565789 0.13593054196765028 0.11499986118713373 -0.053978060755627832 -0.037786844529476685 0.15847847443504232 -0.087050158720960669 0.035593312666055026 -0.030286760420168257 0.19008142277528986 -0.10716843155140565 -0.054784081859237235 -0.0093719751961357321 -0.085053163492049527 0.074406882177645933 0.020810389402211214 -0.035685814604439474 0.18893916212176134 0.11451806738966863 0.15055716199807592 0.13452284392496366 0.14755029371788084 0.29931788172270868 0.032012044230687618 0.22850965032909221 0.18569049834911044 -0.0071392427595771153 -0.070322973759986307 0.25857598160032497
leaf_weight=922827.1862507239 1322.6267779916525 5202.2904616892338 11293.023557573557 1384.8068975806236 1278.8444060236216 2075.9177673906088 1089.1548209264874 2301.6860421970487 3500.6601785346866 143375.02901256084 13325.79483435303 542239.42653223872 8100.3036338537931 8575.4240566417575 7306.6826971247792 14190.606626451015 11380.066386573017 22759.658425405622 6525.1929699778557 39052.401089131832 3975.1286060810089 10451.152625866234 18375.418345943093 3996.7055202871561 2348.1192538142204 2614.2541690841317 1111.7443171143532 2797.2991911917925 2839.8231159076095 4697.6104665473104 5926.8218785971403 5814.6954633817077 24787.220306679606 33771.726749911904 972.66177777945995 7777.3529393523932 1408.3286710977554 1204.4488219022751 42407.266445979476 4278.3310489878058 17915.514201901853 3788.6043199971318 1236.934933193028 80310.945294268429 24032.564227089286 4381.6219309642911 11511.856884971261 4076.4913227781653 8370.7160517722368 1641.2910776659846 1189.232576623559 8904.9823248237371 29118.21571855247 5064.8532573953271 11845.407212510705 323.69213038682938 15392.318744920194 244.81745188683271 3507.2481793686748 3082.1890375167131 7312.80509891361 923.46683469414711
leaf_count=12434726 5824 54507 130823 7577 6799 17690 8930 15786 22623 1898641 57691 2275675 75064 80672 31342 59803 99130 280306 29608 161357 19691 74267 210024 20852 16456 21563 4918 17313 12134 27126 25854 50202 102816 276745 4259 39266 9124 5765 176220 37428 103336 31651 7033 1043991 217647 30922 137478 26889 55750 14374 5474 52766 119867 22913 48561 1995 93609 1376 14987 18929 69124 4060
internal_value=-0.00404723 -0.0733311 0.131287 0.0171078 -0.0258696 0.0548608 0.0292742 0.0856655 0.051087 -0.100529 -0.0682986 0.158537 -0.0777877 0.0986857 0.0453442 0.0321057 0.082595 -0.0353471 0.0487699 0.150794 -0.0193399 0.0965919 -0.0956759 -0.0441041 0.011271 0.0540049 -0.0802573 -0.0280367 0.00117248 0.12075 -0.00883237 0.0341773 0.144903 -0.015524 -0.0915619 0.051016 0.102272 0.124382 0.15111 -0.0385223 0.00534044 0.0155179 0.0172513 -0.0978846 -0.0379645 0.0334463 -0.0541237 0.000354291 -0.0188807 0.0887414 0.0369471 0.0882629 0.132984 0.0937403 0.118027 0.0103094 0.00373938 -0.103709 0.112456 0.0809292 -0.0324508 0.0263243
internal_weight=2.19484e+06 1.45166e+06 743174 335631 206304 195334 154205 129327 84618.3 1.11603e+06 193207 547840 119316 27214.6 86987.2 79680.5 73542.6 37763.4 47666.2 41128.3 80662.7 25831 165992 22372.1 21967.7 13867.4 24844.1 75279.2 53849.5 46854.9 49805.3 20112.2 25876.4 63986.2 23732.3 12919.3 5383.46 4044.27 44709 5600.96 29295.6 30214.5 13888.9 97348.8 29693 5660.47 17037.8 12651.9 14185.4 9418.64 11640.4 11253.1 42157.3 13039.1 18370.6 5525.98 27417.2 143620 11654.3 8147.04 12024.9 4712.07
internal_count=21029329 17486834 3542495 2748930 1979779 1223568 1044521 769151 577145 14737904 2303178 2318927 1403820 172285 575959 544617 392381 365746 280635 179047 652140 139544 2130893 230876 165849 90785 289483 623325 405073 211399 387174 131806 111746 492502 284565 76263 28815 17899 192006 43252 202466 215757 114594 1237971 255368 37721 193980 107561 105952 53640 79741 69222 184273 64406 78169 56502 198444 1900017 56829 41842 104835 35711
is_linear=0
shrinkage=0.1


Tree=8
num_leaves=63
num_cat=0
split_feature=7 4 9 9 7 4 0 22 7 1 25 9 22 27 1 13 11 26 9 25 24 32 25 11 18 11 18 11 25 11 18 7 0 0 4 8 1 27 20 7 25 11 27 7 25 1 18 4 6 24 11 7 27 26 24 13 0 20 4 9 29 10
split_gain=1.55391e+06 545344 151516 118016 48331.1 120654 45987.2 42375.9 26591.6 23065.1 33325.7 21510.8 15338.4 8422.57 8238.23 9830.28 7841.36 11923 8707.95 7174.07 9051.14 6737.42 8410.21 6052.7 6034.65 5774.14 5675.33 5299.32 5275.73 4705.44 4577.92 4425.83 4234.86 4032.22 3981.21 3755.2 3712.91 3514.08 3132.93 3228.39 3077.47 3075.84 7688.55 4013.25 2869.15 3128.65 3036.43 2838.82 2769.44 2706.05 2674.76 2661.24 4389.58 2502.99 2502.33 2429.05 2316.34 2307.89 2456.68 2273.59 2253.38 2158.77
threshold=78.085052490234389 0.69909369945526134 0.47222222387790685 0.64583334326744091 63.84260559082032 0.74394747614860546 95.101959228515639 1.0000000180025095e-35 98.006622314453139 87.026645660400405 1.5000000000000002 0.23611111193895343 1.0000000180025095e-35 35.500000000000007 93.127067565917983 1.0000000180025095e-35 1.0000000180025095e-35 2.5000000000000004 0.73214286565780651 2.5000000000000004 2.5000000000000004 5.5000000000000009 1.5000000000000002 1.0000000180025095e-35 3.5000000000000004 1.0000000180025095e-35 3.5000000000000004 1.0000000180025095e-35 4.5000000000000009 1.0000000180025095e-35 4.5000000000000009 78.085052490234389 87.841831207275405 91.54584121704103 0.97280043363571178 92.335666656494155 99.494949340820327 34.500000000000007 0.90149837732315075 98.742088317871108 4.5000000000000009 1.0000000180025095e-35 1.5000000000000002 78.085052490234389 1.5000000000000002 90.366767883300795 3.5000000000000004 0.97515219449996959 1.0000000180025095e-35 2.5000000000000004 1.0000000180025095e-35 78.085052490234389 5.5000000000000009 1.5000000000000002 2.5000000000000004 1.0000000180025095e-35 9.7167587280273455 0.93757769465446483 0.95562458038330089 0.29285715520381933 18.500000000000004 1.5000000000000002
decision_type=8 2 8 8 10 2 2 2 10 2 2 8 2 2 2 2 2 2 8 2 2 2 2 2 8 2 8 2 2 2 8 10 2 2 2 8 2 2 2 10 2 2 2 10 2 2 8 2 2 2 2 10 2 2 2 2 2 2 2 10 2 2
left_child=4 3 6 12 61 -6 8 9 14 10 24 25 44 49 21 19 31 57 33 20 35 22 -3 -24 60 -7 -9 -21 30 -22 50 55 -25 -19 -17 -16 48 40 -10 -40 -28 42 -36 -44 46 -46 -2 -34 -29 -14 -15 52 -8 59 -43 -4 -51 -18 -59 -52 -5 -1
right_child=1 2 16 7 5 11 51 26 38 -11 -12 -13 13 28 15 34 17 18 -20 27 29 -23 23 32 -26 -27 37 36 -30 -31 -32 -33 47 -35 41 -37 -38 -39 39 -41 -42 54 43 -45 45 -47 -48 -49 -50 56 53 -53 -54 -55 -56 -57 -58 58 -60 -61 -62 -63
leaf_value=-0.10592248363448671 -0.015699124935554878 0.13284954851260514 -0.089303157840686653 0.14049046168116683 -0.10257358762615382 0.13446725087077532 0.1266772447213704 0.13616076498515337 0.16116613264340979 0.15435195571086804 -0.09709822616634281 0.16272186276429892 -0.10912501715407517 0.24626050173101377 0.048907250732543255 0.14765723181734988 0.15531377399224955 -0.039819801055991352 0.12221340167235369 0.081610707994901027 0.10827702090578656 -0.043623043471259323 0.15214893967292467 -0.047872008193080552 -0.025194062525594793 -0.02320848106614869 -0.088765480011746944 0.22816145273741284 -0.08930358248732656 0.38665504138089829 -0.022454401369651503 0.15165812461863706 0.19809109869213803 0.12168465804511182 0.15339107270642527 -0.065810721401196898 -0.083226727366248809 0.092422510516993683 -0.045325130973141267 0.12044821714298407 0.11016940418573062 0.059987266565391544 0.0035426972277469494 0.15632838133426463 -0.10720478178264306 0.066149184829490643 -0.091077756672885729 -0.005006045293573215 -0.051315784195984572 -0.077026832291205313 0.065870702628984409 0.14666769937506544 0.0036257911115474238 0.0078711200214556902 -0.0012248158090528247 0.11516529507401251 0.079562892166746405 0.042967184252897986 0.13728882621675781 0.21588153215872699 0.064002612661714892 -0.041330523382497375
leaf_weight=828285.64876960218 7480.1642118915915 5459.7367960736156 1157.3032402023673 6042.415486715734 92763.678207926452 2916.7515101805329 12393.29463738203 34836.814218692482 13559.474163874984 7516.4019039422274 32605.574997603893 24921.994820736349 9291.2446610853076 1105.7159710749984 7629.5219052359462 4504.5676940008998 34315.961200021207 8849.4905754476786 8897.6135356277227 2673.4205148741603 1638.9818340092897 38177.948411233723 2122.0403336659074 14820.967451408505 6003.8691557571292 11399.742625132203 2481.076301202178 694.70953507721424 3078.8796405419707 964.52984669804573 4674.9852678775787 512489.28442212939 1254.1903925389051 1873.0750988572836 8215.6411284804344 4558.2239236012101 16087.022111222148 7990.3452620059252 1643.9948539361358 4116.1000708118081 1132.6162558868527 12387.564760886133 10405.670710876584 2059.4828556329012 129656.42265143991 1049.5207538157701 18713.058826670051 1525.1198234930634 724.17186345905066 2188.1289093643427 2406.0592387914658 36261.171696618199 3784.2018111646175 2909.0029459297657 14490.439305834472 1166.7790936678648 1662.3189526125789 4219.7980568036437 7989.7511368095875 1741.7025309950113 10623.47020123899 5206.7956590205431
leaf_count=12132496 87812 27894 8987 28823 1343947 13994 55372 147156 60319 32918 412404 118169 106019 6147 45652 24778 144996 56597 37851 16282 8457 352282 9514 131075 53826 108404 17017 4159 30573 5296 41321 2238160 8186 7971 35203 44131 146379 32739 10340 20195 6045 64960 68542 8977 1847054 7345 252654 11888 6319 23428 19176 157178 30423 21815 90185 6821 15975 17789 33846 7929 52382 64373
internal_value=-0.00406739 0.0772895 0.12001 -0.0389388 -0.0966151 -0.0403941 0.0497694 0.0435606 0.0244787 -0.0100045 -0.0323539 0.106604 -0.0873996 -0.0206635 0.0102915 0.0302609 0.146869 0.114458 0.0490794 -0.0107457 0.0421576 -0.0171393 0.023012 -0.00739437 0.0607669 0.00891537 0.115985 -0.0495233 0.0282573 0.211408 0.0564525 0.151034 -0.0266303 -0.0116073 0.0578047 0.00600266 -0.0695494 0.0554146 0.13492 0.0731347 -0.0264146 0.0492942 0.0782864 0.0287858 -0.0997592 -0.105813 -0.0695514 0.0866435 0.0855212 -0.0799131 0.101646 0.131621 0.0978933 0.0789862 0.0269867 0.0133479 -0.00942377 0.142029 0.10469 0.128862 0.0917342 -0.105519
internal_weight=2.0638e+06 1.0983e+06 803111 295190 965495 132002 222152 109233 169714 62791.7 55275.3 39238.5 185957 29058 150394 87033.9 580959 66145.7 19620.2 34970.6 14791.3 63360 25182.1 19722.3 22669.8 14316.5 46440.9 20179.3 15916.3 2603.51 12837.5 514813 17600.3 10722.6 52063.4 12187.7 17505.9 11604 19319.6 5760.09 3613.69 47558.8 20680.8 12465.2 156899 130706 26193.2 2779.31 1418.88 13141.7 8162.48 52438.7 16177.5 7056.76 26878 2324.08 3850.45 46525.5 12209.5 4147.76 16665.9 833492
internal_count=21028945 7247562 3997004 3250558 13781383 1584514 1443986 783310 1201013 580353 547435 240567 2467248 272383 1110159 569320 2553018 299050 102419 276675 103536 540839 188557 160663 135031 122398 202957 173139 126961 13753 96388 2253968 151149 64568 292645 89783 156857 55801 90854 30535 23062 267867 112722 77519 2194865 1854399 340466 20074 10478 145422 55067 242973 85795 48920 155145 15808 39403 196631 51635 27105 81205 12196869
is_linear=0
shrinkage=0.1


Tree=9
num_leaves=63
num_cat=0
split_feature=34 7 11 18 12 0 4 10 7 4 0 22 7 11 1 26 0 27 4 0 11 7 25 7 22 11 11 7 25 25 4 7 2 7 6 28 34 24 0 25 7 1 27 27 27 0 13 26 22 0 2 11 32 2 7 20 25 25 2 2 13 25
split_gain=1.52443e+06 296046 123180 71081.8 37089 36163 30314.4 26695.7 22352 69173.4 17939.9 16151 15377.1 13261.8 13222.6 12851.9 12558.5 10039.5 9877.07 18909.1 6738.95 6628.78 6483.28 6435.16 6145.04 7126.37 6072.47 5944.51 5415.73 4470.63 4468.65 4666.76 4209.27 4202.67 4050.41 3809.25 4400.21 3792.55 3675.84 3574.56 3830.21 3437.36 3324.68 3185.4 3106.92 3067.06 3039.16 2974.6 2870.15 2820.97 2761.33 2697.72 2641.38 2617.59 3240.41 2576.73 2565.58 2485.48 2646.05 2443.66 2433.18 2425.55
threshold=1.0000137090682986 87.647384643554702 1.0000000180025095e-35 3.5000000000000004 1.0000000180025095e-35 99.494949340820327 0.72802454233169567 1.0000000180025095e-35 68.020618438720717 0.73602092266082775 85.565475463867202 1.0000000180025095e-35 51.958276748657234 1.0000000180025095e-35 18.321678161621097 1.5000000000000002 58.499063491821296 1.5000000000000002 0.66364777088165294 24.190177917480472 1.0000000180025095e-35 57.909116744995124 2.5000000000000004 98.19000625610353 1.0000000180025095e-35 1.0000000180025095e-35 1.0000000180025095e-35 68.020618438720717 1.5000000000000002 2.5000000000000004 0.88002100586891185 55.705244064331062 87.298336029052749 56.675579071044929 1.0000000180025095e-35 16.500000000000004 0.39825347065925604 2.5000000000000004 8.4806714057922381 1.5000000000000002 87.647384643554702 77.032970428466811 11.500000000000002 32.500000000000007 32.500000000000007 90.815368652343764 1.0000000180025095e-35 1.0000000180025095e-35 1.0000000180025095e-35 89.386734008789077 66.260162353515639 1.0000000180025095e-35 4.5000000000000009 87.298336029052749 97.81815338134767 0.9610288441181184 1.5000000000000002 1.5000000000000002 47.673160552978523 39.250699996948249 1.0000000180025095e-35 4.5000000000000009
decision_type=2 8 2 10 2 2 2 2 10 2 2 2 10 2 2 2 2 2 2 2 2 10 2 10 2 2 2 10 2 2 2 10 2 10 2 2 2 2 2 2 10 2 2 2 2 2 2 2 2 2 2 2 2 2 10 2 2 2 2 2 2 2
left_child=1 8 12 4 10 7 11 27 -1 24 14 57 -2 -11 38 33 39 51 19 -6 -8 -7 30 35 50 44 43 -4 -21 37 56 -32 45 -9 -19 36 -18 47 -3 40 -16 48 -36 61 -26 46 -24 55 -30 -15 -10 -12 -22 60 -55 -29 -17 58 -5 -42 -31 -13
right_child=2 3 5 6 18 21 20 15 9 13 17 26 -14 49 16 22 23 34 -20 28 52 -23 32 -25 25 -27 -28 29 41 53 31 -33 -34 -35 42 -37 -38 -39 -40 -41 59 -43 -44 -45 -46 -47 -48 -49 -50 -51 -52 -53 -54 54 -56 -57 -58 -59 -60 -61 -62 -63
leaf_value=-0.10540472417086444 -0.067508125718369227 -0.0093148005991187666 -0.094438776314602971 -0.066546168188022212 0.11653757006895607 -0.062094087855333525 0.14411663185458329 -0.078002829117705522 -0.10221122147295068 0.15839269788367488 0.15004027399257999 -0.083504396381365517 0.14278321991048157 -0.006148736587930771 -0.099303350728035061 0.11797346821470743 -0.056778093814872747 0.14721771294224015 0.14079633039966874 0.048968347745344691 0.18102103388138063 0.14228434428374703 -0.074593225173835806 0.14522818252927716 -0.041201117628401257 -0.079167060729707583 -0.051932621993150407 0.14681211892377327 -0.092637545173783573 -0.07926966245900563 -0.088312729026626832 0.090558591795248514 0.039281554031123898 0.13271312913700001 0.037162066462158798 -0.052568931598041768 0.047347419043850453 0.1658230331486564 0.095342741205426337 -0.09679544800414222 -0.0090858804896317043 0.16528503075981382 -0.053326913577954063 0.10152394876316267 0.10956238129588464 0.18137288920561287 0.24292104870789985 -0.0014885127624259973 0.13987607303939875 0.11343672307132338 0.092895570002885688 0.035603341858737779 -0.010329832646937818 -0.023092571397079143 0.13881777148080937 -0.036480607788188936 -0.074780383881637394 -0.10610620035664478 0.20449514817961878 0.14389742478822715 0.21991529197822307 0.10553842086076011
leaf_weight=766329.36805275083 3501.7034623771906 4613.01643865183 9146.4520886391401 13999.878041692078 32064.775833711028 1659.3679898828268 7629.1334078982472 985.43977817893028 121068.33710003644 12626.570834867656 12985.736214637756 2070.2655947655439 497377.76177375019 10937.408722907305 4256.6279862299562 884.42543167620897 5445.57473398 2591.2353256419301 33976.994821384549 7903.4222895801067 809.20585741102695 36363.645671442151 9483.0323183387518 3202.8268894404173 2207.8376963958144 14405.118593990803 8865.722579061985 2661.6353363245726 8507.2724698111415 11334.483642272651 1547.211318410933 25465.703017234802 9988.2984543815255 23967.094168774784 16598.362691573799 10567.63907892257 15932.482108544558 1665.0248855352402 12315.264372073114 23515.154885962605 4811.7497275695205 619.77577269822359 5375.1837942525744 6636.5706095322967 3588.7454074174166 535.05889116972685 311.35601867735386 25606.389728620648 566.2286307066679 2406.6630716398358 729.76629827171564 2448.3827593848109 6647.5056670755148 20059.53782697767 1317.2630606070161 1077.4406784102321 3149.6233277767897 57049.706194136292 369.69757224619389 1333.4836407154799 278.50726111978292 1009.7582048103213
leaf_count=12379026 34844 31872 121357 169866 144268 16141 33982 9870 1909033 56129 57452 15835 2283547 96628 47881 4304 52487 11873 153677 37637 4266 161553 81261 14588 21368 189405 81967 14560 123258 120171 18575 131468 54840 103775 93076 103221 105079 8853 75056 346962 48244 2882 53740 28463 19944 2426 1531 182858 2368 14353 7045 13300 46248 148845 5566 6541 26292 880254 2461 7499 1714 5622
internal_value=-0.00405477 -0.0699071 0.115432 0.0139764 0.0476249 0.0462904 -0.0531464 0.024139 -0.0981633 -0.0651259 0.013354 -0.0751356 0.141313 0.0849309 -0.0123812 0.0655141 -0.0317945 0.0686823 0.0992504 0.0708259 0.0780401 0.133365 0.036912 0.0100938 -0.0925701 -0.0414908 0.00791304 -0.0190294 -0.0124702 -0.00825248 0.0656524 0.0803134 -0.0070054 0.124391 0.0289709 -0.00345452 0.0208238 0.0190077 0.0668232 -0.0752039 -0.0263925 -0.0625641 0.0150266 0.0625181 0.0521387 -0.0517636 -0.0644997 0.0106776 -0.0781276 0.015419 -0.101042 0.131887 0.0104357 -0.0338771 -0.0131155 0.093995 -0.032521 -0.0967437 -0.0595729 0.0241107 -0.0720945 -0.0215284
internal_weight=1.93738e+06 1.24902e+06 688366 314719 209631 187487 105087 149464 934300 167970 125993 90001.6 500879 25970.6 85993.8 76317.2 69065.5 39998.9 83638.5 49661.5 15085.8 38023 51364.7 35148.5 142000 20201.7 18582.3 73146.7 17596.7 64000.3 31047 27012.9 20317.7 24952.5 24564.8 31945.7 21378.1 31010.5 16928.3 33917 10401.9 9693.28 21973.5 9716.59 5796.58 10329.4 9794.39 29345.5 9073.5 13344.1 121798 15434.1 7456.71 32989.8 21376.8 3739.08 4034.05 71419.3 14369.6 6145.23 11613 3080.02
internal_count=21029207 17488315 3540892 2795384 1526420 1222501 1268964 1044807 14692931 2313905 1062330 1184468 2318391 167110 832889 434342 725961 229441 464090 310413 84496 177694 320697 275375 2146795 230717 131887 610465 166145 489108 180639 150043 140058 113645 158689 260787 157566 212812 106928 450586 103624 128508 146816 49920 41312 85218 82792 203959 125626 110981 1916078 70752 50514 276296 154411 21101 30596 1052581 172327 55743 121885 21457
is_linear=0
shrinkage=0.1


Tree=10
num_leaves=63
num_cat=0
split_feature=34 7 11 18 12 0 3 10 7 3 1 22 11 7 0 27 26 3 1 0 7 11 34 25 7 27 25 1 12 16 7 25 1 11 25 26 25 11 2 2 10 7 8 27 11 1 27 7 3 22 25 1 2 24 2 0 13 2 6 4 1 22
split_gain=1.31738e+06 270521 112387 64448.4 32586.9 31534.3 28533.5 22005 19323.6 62065.6 15794.8 14951.5 14289.2 13659.5 13507.5 11670.4 11077.1 9324.1 19256.2 8383.66 7260.62 6762.47 6064.24 5845.16 5334.12 5253.71 5105.89 5054.15 5860.92 4588.14 4022.22 3807.62 3787.85 3752.75 3747.44 3594.18 3586.88 3565.29 3564.67 3553.7 3550.22 3518.18 3396.48 3172.46 2971.42 2963.25 2898.02 2895.48 3109.11 2735.95 4495.45 2714.4 2956.8 2659.37 2566.23 2543.37 2441.3 2428.86 2350.21 5497.35 4653.48 2665.23
threshold=1.0000137090682986 86.807079315185561 1.0000000180025095e-35 3.5000000000000004 1.0000000180025095e-35 99.494949340820327 69.309261322021499 1.0000000180025095e-35 65.724277496337905 69.309261322021499 92.031745910644545 1.0000000180025095e-35 1.0000000180025095e-35 60.805404663085945 20.169491767883304 2.5000000000000004 1.5000000000000002 60.158729553222663 25.176055908203129 58.499063491821296 86.807079315185561 1.0000000180025095e-35 1.3056059479713442 1.5000000000000002 66.828475952148452 35.500000000000007 2.5000000000000004 18.321678161621097 1.0000000180025095e-35 5.5000000000000009 98.006622314453139 1.5000000000000002 90.521114349365249 1.0000000180025095e-35 1.5000000000000002 1.0000000180025095e-35 1.5000000000000002 1.0000000180025095e-35 99.494949340820327 86.616912841796889 1.0000000180025095e-35 51.07539367675782 92.335666656494155 15.500000000000002 1.0000000180025095e-35 8.054054260253908 8.5000000000000018 86.807079315185561 60.158729553222663 1.0000000180025095e-35 1.5000000000000002 96.824596405029311 93.788581848144545 2.5000000000000004 84.561214447021499 91.715686798095717 1.0000000180025095e-35 25.723738670349125 1.0000000180025095e-35 0.84171244502067577 90.80338287353517 1.0000000180025095e-35
decision_type=2 8 2 10 2 2 2 2 10 2 2 2 2 10 2 2 2 2 2 2 10 2 2 2 10 2 2 2 2 8 10 2 2 2 2 2 2 2 2 2 2 10 8 2 2 2 2 10 2 2 2 2 2 2 2 2 2 2 2 2 2 2
left_child=1 8 13 4 10 7 11 24 -1 27 14 -5 -11 29 45 33 41 18 49 36 -21 -8 46 -22 -4 53 32 28 -10 -2 35 57 34 -12 38 54 47 -25 -18 55 -14 -9 -17 -44 -27 -3 -7 -16 -49 50 -6 -37 -53 -13 -26 56 -28 -20 59 60 61 -15
right_child=2 3 5 6 17 22 21 16 9 12 15 25 40 58 19 42 26 -19 31 20 23 -23 -24 37 30 44 39 -29 -30 -31 -32 -33 -34 -35 -36 51 -38 -39 -40 -41 -42 -43 43 -45 -46 -47 -48 48 -50 -51 -52 52 -54 -55 -56 -57 -58 -59 -60 -61 -62 -63
leaf_value=-0.10488663508991157 0.12792452416509298 -0.024959984505199269 -0.093539510881026133 -0.096524754917067926 0.094435022829781556 0.11692857170084921 0.13447660714681295 -0.090426655408166814 -0.069952505902238241 0.15612848972848214 0.1176117533418245 -0.10654187923830015 -0.029982085646430814 -0.051334646075747704 -0.097342273466239915 0.1026437642143025 0.1468169824127705 0.13152685159720676 -0.060685585624123441 -0.050348639397348918 0.16671417994136317 0.0054601721206587444 0.13879425697311118 0.1350169006821956 -0.011679390011185587 0.089079084621954047 -0.070042994123940036 -0.10221189851046078 0.082939428583298891 -0.076371039977066915 0.074464570242774697 -0.07855751179603386 0.087668220658283766 0.019039468611178948 -0.0245917951110655 -0.049127385030207422 -0.099110927041213895 -0.021717939071776996 -0.040545438749137096 0.034776116678225673 0.075271700930850685 0.12249808113824848 0.014156734700423199 -0.071765441972353031 -0.014371485903044443 0.077031419654760208 -0.075105308532879514 -0.023480107724204138 0.14497267336508568 0.12380518793404922 -0.081291366870441251 -0.0613948974810411 0.01280306256070516 0.016993569410259559 0.1424996535745576 0.19383188356559686 0.21162254401229275 0.070444090448925689 0.13938323002527742 0.13033220319092845 0.13209373212669201 0.13943716711353252
leaf_weight=686687.80951898918 1507.9005068689585 3539.0585826598108 8215.2367574051023 69628.946622613817 7256.6206589341164 1263.2640339806676 8011.2774016112089 802.64185161143541 18020.128798462451 11874.145583424717 21875.197717860341 4762.922652721405 9095.5137421637774 4142.2116097956896 3591.6602483168244 3124.6894672177732 3219.4225641191006 35031.017432868481 2153.2484616860747 13082.856214109808 3474.2045655213296 8242.8377742543817 33104.280723132193 1859.4968322776258 1992.6897398903966 6712.0115351304412 8964.6049532964826 112014.52516995743 2912.4748262986541 4056.9350175485015 5421.8929259032011 8082.5399455577135 18385.11599843204 4690.3681910037994 8066.9327123239636 22526.28261590004 21673.858448352665 6611.6987809464335 1483.2833821922541 10291.517139926553 4947.9722228571773 23385.459963604808 16092.565442755818 5862.7210840582848 4735.3194814622402 14602.645903274417 2079.4697158113122 4710.7425495609641 1427.7469719424844 23538.807257905602 1821.1427730806172 6892.7506173998117 24323.573126651347 2747.9824984967709 2355.8700921013951 411.00845886021852 318.65634524077177 4106.2610930204391 405231.89196743071 54581.644363150001 3535.5029985457659 889.60820673406124
leaf_count=12170477 7267 25541 119063 1122354 31021 6101 37735 9019 254189 57215 100764 53985 97480 19154 44638 16579 14650 165207 11000 129256 16440 59530 154240 9641 18280 28802 80507 1928602 20229 38662 27812 122530 93898 28630 58586 217676 354254 52837 13405 56223 33497 104468 102551 66016 37101 92338 17837 48977 7576 104108 17079 72624 143099 20518 11988 1773 1485 19327 1967062 264264 17082 4240
internal_value=-0.00405516 -0.0682139 0.10901 0.0112 0.043397 0.0425639 -0.0527415 0.0219264 -0.0976154 -0.0661857 0.0115119 -0.0750879 0.0753785 0.134736 -0.0179267 0.05402 0.0596735 0.0924828 0.063356 -0.0420574 0.00111738 0.0690494 0.125832 0.0574841 -0.0177154 0.00364451 0.0333009 -0.0937832 -0.0486798 -0.0210132 -0.00790774 -0.0332138 0.0586086 0.100208 0.0167699 -0.0155959 -0.0764667 0.0126866 0.0877209 -0.00614974 0.00710221 0.115433 0.00509599 -0.00878707 0.0462856 0.0571351 -0.00253312 -0.0260268 0.0157002 0.105819 0.0591815 -0.0226714 -0.00358029 -0.0613445 0.0718484 -0.049597 -0.0603746 0.025336 0.136587 0.118643 0.0441705 -0.0176069
internal_weight=1.81605e+06 1.1586e+06 657450 313050 208209 183504 104841 147057 845553 158865 126220 88587.2 25917.6 473946 74574 51645.5 75328.6 81989.6 46958.6 56432.3 25028.3 16254.1 36447 11945.4 71728.3 18958.2 51140.5 132947 20932.6 5564.84 63513.1 14342 31154.8 26565.6 12769.6 58091.2 31404 8471.2 4702.71 19985.8 14043.5 24188.1 25080 21955.3 11447.3 18141.7 3342.73 9730.15 6138.49 32616.6 9077.76 53742.6 31216.3 7510.91 4348.56 9694.27 9283.26 6259.51 468381 63149 8567.32 5031.82
internal_count=21028489 17488024 3540465 2926335 1566310 1222734 1360025 1044556 14561689 2391212 1096038 1262760 188192 2317731 781498 314540 434014 470272 305065 663619 208174 97265 178178 78918 610542 140406 320527 2203020 274418 45929 491479 152857 180539 129394 86641 463667 455445 62478 28055 139988 130977 113487 185146 168567 65903 117879 23938 101191 56553 152208 48100 433399 215723 74503 30268 83765 81992 30327 2271802 304740 40476 23394
is_linear=0
shrinkage=0.1


Tree=11
num_leaves=63
num_cat=0
split_feature=34 7 9 9 1 3 1 0 7 3 7 7 9 27 25 7 13 18 9 2 25 7 25 24 22 25 0 2 3 1 1 2 7 22 24 0 3 22 9 2 0 2 0 0 27 25 2 27 13 7 35 27 7 27 1 0 3 25 26 13 7 19
split_gain=1.14279e+06 247300 92586.2 63887.2 50357.6 29050 42221 26550.7 15342 52586.8 13077.4 10381 10328.1 9747.26 9715.74 9006.52 6083.16 6056.04 5848.88 10271.5 5627.17 5508.54 4632.61 4957.93 4208.62 5382.11 4698 4195.52 4701.71 4811.09 4119.85 4119.31 3852.68 3770.22 3655.01 3933.98 3653.65 3613.86 4925.62 3548.53 3543.02 3467.8 3220.24 3178.75 3116.04 2920.75 4944.12 2907.86 2782.77 2771.08 2745.18 2732.22 2623.76 2623.5 2567.76 2476.71 2472.13 6834.34 2413.85 2413.45 2396.49 2358.84
threshold=1.0000137090682986 85.631710052490249 0.47222222387790685 0.47222222387790685 80.982517242431655 69.309261322021499 24.068965911865238 99.494949340820327 63.84260559082032 74.788135528564467 98.19000625610353 49.87309646606446 0.47222222387790685 2.5000000000000004 1.5000000000000002 61.925832748413093 1.0000000180025095e-35 5.5000000000000009 0.92582416534423839 83.75235748291017 1.5000000000000002 69.255905151367202 2.5000000000000004 2.5000000000000004 1.0000000180025095e-35 1.5000000000000002 68.457099914550795 86.616912841796889 98.213714599609389 99.494949340820327 91.458969116210952 24.525599479675297 65.724277496337905 1.0000000180025095e-35 2.5000000000000004 88.047618865966811 98.07621002197267 1.0000000180025095e-35 0.47222222387790685 71.039428710937514 89.386734008789077 69.631092071533217 99.494949340820327 7.9473683834075937 1.5000000000000002 1.5000000000000002 99.494949340820327 21.500000000000004 1.0000000180025095e-35 85.631710052490249 3.5000000000000004 31.500000000000004 98.006622314453139 34.500000000000007 90.521114349365249 91.922958374023452 19.201229095458988 1.5000000000000002 2.5000000000000004 1.0000000180025095e-35 97.81815338134767 0.20657745748758319
decision_type=2 8 8 8 2 2 2 2 10 2 10 10 10 2 2 10 2 8 8 2 2 10 2 2 2 2 2 2 2 2 2 2 10 2 2 2 2 2 8 2 2 2 2 2 2 2 2 2 2 10 2 2 10 2 2 2 2 2 2 2 10 2
left_child=1 8 7 4 24 6 17 10 -1 37 15 -4 40 16 31 -2 60 43 19 20 -13 47 23 30 25 26 52 48 -29 -30 45 -8 -14 41 35 59 -15 39 -39 -10 -11 -16 -38 51 -18 46 -17 -9 55 -7 -32 -5 -3 -26 -21 -24 -45 -58 -51 -22 -6 -20
right_child=2 3 11 5 13 49 14 21 9 12 -12 18 32 36 33 22 44 -19 61 54 34 -23 27 -25 53 -27 -28 28 29 -31 50 -33 -34 -35 -36 -37 42 38 -40 -41 -42 -43 -44 56 -46 -47 -48 -49 -50 58 -52 -53 -54 -55 -56 -57 57 -59 -60 -61 -62 -63
leaf_value=-0.10441573396239756 -0.089589479685555584 -0.070065485217063281 -0.067598545664124612 -0.097728013626333488 0.0085555004293478201 0.010003423680895743 -0.062566584772413558 0.10968610335592828 -0.10191982756064455 -0.0068345108561644096 0.10226551031406533 0.13333190232569764 0.6577920388148164 0.082410616335378828 -0.099637200269912185 0.12240576645785345 0.13382943922719512 -0.0079126801542257347 0.10003744504432122 0.065681131638099063 -0.06344567409087587 0.12997719590534004 -0.072143298808157091 0.14898103097319934 -0.080599183657141235 -0.10213016563517628 0.11999313309303306 0.11085196378417062 -0.068973221215498912 0.021452375333900785 0.064442250995671663 0.053248187017515117 0.14996728272394563 0.090792833735597767 0.081403721820137137 0.13394828727275815 -0.03956671724740457 -0.0853970085624048 0.035271717550571076 0.15680880378691012 0.12705052292676217 0.21406662303758753 0.038376159581129318 0.11293661622918894 0.047069129428597284 -0.046048362300747117 -0.06382465604720837 -0.083086749778451902 0.16579332860300966 0.13009839768231043 -0.0058724917398966861 0.060059647587066257 0.054155983840962457 0.0051626788988137504 0.12741385750767084 0.24951534239462961 0.10361313872917828 -0.074381341744621257 0.05526892959493146 0.17386151271176178 0.14707890553285885 0.133763753466626
leaf_weight=615899.19929333776 9880.0665269903839 16530.341000560671 2776.3584444820881 1448.1817335188389 13314.815411195159 2292.8841763809323 4591.2372922897339 1293.8751992806792 104046.19617274404 10514.954069364816 14610.299343787134 4751.615830168128 152.02144230529666 4007.6401779130101 26056.642068143934 3283.657981351018 13338.484609909356 7130.6377634778619 22014.808815687895 7522.6492450609803 8145.9959103539586 28871.475222632289 13330.574881501496 3375.4423273727298 6082.6220528483391 65355.158622410148 1626.7949787974358 3900.2132184132934 8509.7200541198254 19067.799468506128 21487.699458207935 9275.7422446198761 8646.2789222113788 1134.295650459826 4626.4049237295985 1328.3258761838078 20792.919368192554 11534.074291191995 4786.6013879328966 532.81609012559056 2434.1164038367569 357.21372078731656 7114.402011372149 34085.920085996389 6002.5106686875224 11058.154132667929 2519.2891988158226 1979.8418567702174 536.71185676753521 42770.596013963223 7486.9988220892847 4530.783998452127 1895.2684816941619 8624.2502693161368 64588.272796571255 243.75500316172838 8687.9658721573651 2869.6938437744975 4794.0728246457875 452.36403127014637 1378.1729760840535 357473.56283668429
leaf_count=11981670 141601 231470 30016 8782 92871 16217 37516 6741 1966169 107449 74664 22208 1455 25091 456764 15937 64093 52121 112249 36207 51884 142762 157311 17146 77138 1164272 10761 22113 81743 113746 115941 61516 41195 5285 23969 6298 184332 188755 34531 4085 16100 1750 45346 157451 26499 107204 23968 18383 2825 209732 45987 21022 21588 71060 318595 1244 43462 30753 23520 2049 6006 1846963
internal_value=-0.00406744 -0.0666048 0.10344 0.00770868 -0.0350228 0.0550081 0.0239632 0.0353757 -0.0975715 -0.0680204 0.0136397 0.125201 0.0751378 0.0328257 -0.0533645 0.00127012 0.0700544 0.0784715 0.126337 0.10363 0.0388452 0.116038 0.0107395 0.0320163 -0.079717 -0.0882252 -0.0429057 -0.0122279 0.00808359 -0.00645066 0.0234028 0.0149029 0.158742 -0.0877285 0.00799514 -0.0262175 -0.0068749 -0.0937717 -0.0500067 -0.100602 0.0183327 -0.0953948 -0.0196968 0.0904038 0.106903 -0.0158984 0.0415558 -0.0068969 -0.0575371 0.11738 0.0462731 0.0218415 -0.057288 -0.0303076 0.120974 -0.0663673 0.0993849 0.0594182 0.122556 -0.0509608 0.0215487 0.131807
internal_weight=1.69975e+06 1.07464e+06 625116 316089 166063 150026 100168 151436 758546 142647 119290 473680 21747.4 65948.9 41415.1 104680 34034 58753.2 470904 91415.6 19304.7 32145.2 94800 49211.2 100114 85407.6 20052.4 45588.8 31477.7 27577.5 45835.8 13867 8798.3 27548.2 14553.1 9926.69 31915 120900 16320.7 104579 12949.1 26413.9 27907.3 51622.5 19341 16861.1 5802.95 3273.72 14111 49857.6 28974.7 5978.97 18425.6 14706.9 72110.9 13574.3 45643.6 11557.7 47564.7 8598.36 14693 379488
internal_count=21027581 17487827 3539754 3146418 2020527 1125891 876422 1089316 14341409 2359739 921430 2450438 166199 444238 562831 846766 189469 313591 2420422 461210 106408 167886 705165 326183 1576289 1428091 263819 378982 217602 195489 309037 99032 42650 463799 84200 60231 254769 2193540 223286 1970254 123549 458514 229678 261470 90592 147109 39905 25124 161380 249469 161928 29804 253058 148198 354802 158555 231666 74215 233252 53933 98877 1959212
is_linear=0
shrinkage=0.1


Tree=12
num_leaves=63
num_cat=0
split_feature=34 7 11 9 4 3 0 0 9 7 4 7 11 25 27 32 26 1 22 33 2 9 18 16 7 7 18 22 9 7 11 27 27 2 25 20 9 11 19 1 25 22 25 24 11 2 7 26 11 11 34 18 35 7 2 25 25 25 13 25 24 1
split_gain=992246 227329 98388.4 54222.4 44869.4 25233.6 38339.2 24884.5 16857.6 15127.6 46689.8 10976.6 10152.5 6967.84 6948.58 6268.9 5558.9 5551.81 5390.55 5128.88 4783.88 4772.46 4709.55 4154.28 4142.54 3773.38 3722.29 3682.76 4442.13 3457.83 3041.76 4406.44 2887.4 3982.29 3457.51 2872.82 2812.2 2731.41 2725.62 3088.21 2620.25 2584.16 2506.47 2982.61 2501.66 2462.17 2449.2 2603.1 2548.43 2359.7 2185.83 2185.49 2121.96 2110.18 2103.91 2127.7 2086.34 4471.63 2068.99 2049.1 3067.68 2979.6
threshold=1.0000137090682986 85.631710052490249 1.0000000180025095e-35 0.47222222387790685 0.76672235131263744 60.990337371826179 24.190177917480472 99.494949340820327 0.47222222387790685 63.84260559082032 0.76672235131263744 61.925832748413093 1.0000000180025095e-35 1.5000000000000002 5.5000000000000009 3.5000000000000004 2.5000000000000004 94.932373046875014 1.0000000180025095e-35 0.65685600042343151 81.120250701904311 0.73214286565780651 5.5000000000000009 8.5000000000000018 60.228008270263679 85.631710052490249 2.5000000000000004 1.0000000180025095e-35 0.47222222387790685 97.81815338134767 1.0000000180025095e-35 1.5000000000000002 37.500000000000007 5.1615052223205575 4.5000000000000009 0.97752270102500927 0.23611111193895343 1.0000000180025095e-35 0.20657745748758319 81.302967071533217 1.5000000000000002 1.0000000180025095e-35 2.5000000000000004 2.5000000000000004 1.0000000180025095e-35 85.145786285400405 85.631710052490249 2.5000000000000004 1.0000000180025095e-35 1.5000000000000002 0.40174317359924322 1.5000000000000002 3.5000000000000004 68.524993896484389 79.337715148925795 1.5000000000000002 4.5000000000000009 1.5000000000000002 1.0000000180025095e-35 2.5000000000000004 2.5000000000000004 99.494949340820327
decision_type=2 8 2 8 2 2 2 2 10 10 2 10 2 2 2 2 2 2 2 2 2 10 8 8 8 10 10 2 8 10 2 2 2 2 2 2 10 2 2 2 2 2 2 2 2 2 10 2 2 2 2 8 2 10 2 2 2 2 2 2 2 2
left_child=1 9 11 4 18 6 22 8 15 -1 27 23 53 51 17 20 54 29 -3 -9 40 -18 32 -2 -17 -16 49 45 -29 50 31 -19 33 -5 -34 -28 -14 -20 39 -13 -4 -15 43 52 -27 -11 -7 -48 -49 -22 -6 -8 -26 -12 55 -10 57 -35 59 60 -32 -61
right_child=2 3 7 5 14 46 13 19 16 10 12 38 36 41 25 24 21 30 37 -21 26 -23 -24 -25 42 44 35 28 -30 -31 58 -33 34 56 -36 -37 -38 -39 -40 -41 -42 -43 -44 -45 -46 -47 47 48 -50 -51 -52 -53 -54 -55 -56 -57 -58 -59 -60 61 -62 -63
leaf_value=-0.10370642817355624 0.10457568743094248 -0.095890205696040676 0.086577777910123555 -0.068430595875589223 -0.063044326681342008 0.0081223617192558526 0.051243848945210037 0.1264795058092808 0.12909365409491622 -0.099984204773809385 0.30215249960770063 0.0029187914973166458 -0.027882846422829149 -0.097548789269448669 -0.051731808899083388 -0.094402304045923896 -0.02772515605767456 0.1243700454183848 0.092485582894101498 -0.013482662844934865 0.02371116158733037 0.086500171522229843 -0.004740708983254442 -0.076029912872496053 0.02119095474321003 0.16574303960134498 0.2488860769138059 -0.082737988049801189 0.032369012089466666 0.14151263400253297 -0.051867919599793214 0.042858803368301918 0.10885669845755074 0.09879184490886353 -0.020496827940331946 0.03988784630312997 0.075425103542297811 -0.044185291006745814 0.12853318956142723 0.10802311120750255 -0.044729705297287745 0.068678190351425125 -0.035116076040183117 0.14912232837413594 0.007973412053750609 0.19839591842791937 0.12040602993831027 0.099376188372281377 -0.042870033024519874 0.1109142222884465 0.011060151245143963 -0.033941061197992929 -0.035168781422458023 0.13371222142543235 0.11053833550370973 0.011091065979202216 0.13272495414453372 -0.033047094095419685 0.1294002663135716 0.16474217970316302 0.30556044585606834 -0.095044554013390417
leaf_weight=560898.88297399506 1942.2885311990976 68247.582928106189 1818.4363520741463 2458.2627242654562 5418.6400162987411 2363.4674349054694 5146.8101763837039 29765.309487506747 2219.1679955273867 95992.660769127309 814.70870596915483 3272.6496133953333 7522.5623525828123 23138.551405195147 15548.486619248986 7281.2657186575234 8778.1927159801126 12765.961769796908 1653.0767427682877 2870.7023724988103 14937.417152941227 6270.7177942693233 7032.5141559056938 3699.3260524272919 17039.841421738267 1279.8378182649612 1664.8987182825804 10723.233281575143 4877.6618468947709 1659.0136941969395 554.95879628509283 13803.045086979866 30470.785395622253 6503.5614332780242 2216.6862383745611 1087.1575118526816 4055.5547904521227 12670.327874843031 390420.27604465187 19175.567105397582 9251.2260645888746 974.62009912729263 29346.743861433119 1390.8913365900517 4680.731150701642 277.35239870101213 43854.525835506618 3412.6813968978822 1996.1899024583399 3916.7401417605579 14996.437399040908 7260.3626579865813 10988.156554941088 8539.5225906670094 21511.309738561511 4906.1851183772087 3813.0000316984951 4256.3202997893095 1043.9165894836187 511.01373795419931 423.2601116001606 3245.2444194033742
leaf_count=11982256 9791 1315424 8146 15292 65118 16716 25853 155575 10430 1980579 4986 16663 83567 450107 167926 121291 58453 64265 12584 21852 91575 28749 52026 38069 116889 5844 8058 189009 34628 7478 2600 67136 145480 32422 11382 5501 24615 135315 2149087 103007 95657 4539 254287 7124 33731 1647 227740 17315 10377 19397 107814 65623 89413 41166 108838 21091 17792 34412 5416 2269 1987 25330
internal_value=-0.00400617 -0.0649433 0.0983611 0.00725656 -0.0331635 0.0514713 0.0204241 0.0354075 0.0173577 -0.0965209 -0.0661724 0.124692 0.070902 -0.0594979 0.02232 -0.00552938 0.0690791 0.041338 -0.0841849 0.114168 0.0302967 0.0198713 0.0718554 -0.0138512 -0.0232539 -0.0257987 0.0576843 -0.0918206 -0.0467495 0.00267371 0.0677228 0.0820236 0.0826896 0.0493038 0.100085 0.166325 0.00830361 -0.028412 0.126585 0.0927003 -0.0231596 -0.0908301 -0.0144384 0.00618866 0.0418493 -0.0991246 0.107562 0.112333 0.046879 0.0418266 -0.00860891 0.0013958 -0.000904437 0.148383 0.0949384 0.0478426 0.0691641 0.0466399 0.00196816 -0.0261297 0.102786 -0.0597023
internal_weight=1.59066e+06 997102 593554 303400 158502 144898 93271.5 175044 142408 693702 132803 418510 20932.3 36520.3 75930.5 98722.8 43685.6 54421.5 82571 32636 32675.9 15048.9 56751.1 5641.61 66046.9 21509.1 21606.2 111871 15600.9 22074.1 32347.4 26569 49718.6 17031.1 32687.5 2752.06 11578.1 14323.4 412868 22448.2 11069.7 24113.2 58765.6 29418.9 5960.57 96270 51626.9 49263.4 5408.87 18854.2 20415.1 12407.2 28028 9354.23 28636.7 7125.35 14572.9 10759.9 5778.39 4734.48 978.219 3756.26
internal_count=21028709 17489766 3538943 3147313 2020237 1127076 854928 1222326 1044899 14342453 2360197 2316617 154334 546122 556914 817338 227561 349413 1463323 177427 228334 87202 308806 47860 589004 207501 124531 2205863 223637 180410 169003 131401 256780 99918 156862 13559 108182 147899 2268757 119670 103803 454646 467713 213426 39575 1982226 272148 255432 27692 110972 172932 91476 206302 46152 140359 31521 84626 66834 37602 32186 4587 27599
is_linear=0
shrinkage=0.1


Tree=13
num_leaves=63
num_cat=0
split_feature=34 8 11 18 9 3 9 0 3 22 1 9 1 4 1 27 20 26 13 9 9 33 11 25 27 9 28 33 22 24 25 18 1 25 8 3 25 19 1 27 2 1 8 3 24 13 1 0 27 4 22 20 0 34 26 32 31 25 24 9 20 4
split_gain=864130 160906 91960.6 48716.4 26986.4 46384.8 25677.6 22577.9 21702.8 20519.5 15909.9 11815.4 8916.57 8401.33 14265.7 7407.94 7218.29 7170.31 6193.98 5940.47 5797.57 5513.96 4918.21 4723.97 4538.79 3600.31 3566.44 3305.63 2974.84 2807.02 2752.68 3016.48 2693.06 3043.05 3023.96 4211.19 2676.61 2672.74 2975.14 2634.37 2536.9 2412.08 2288.61 2212.41 2163.87 2135.4 2530.83 2135.2 3245.58 2005.54 3730.72 1965.99 1927.94 1924.88 1900.78 1885.84 1846.34 1813.15 1981.23 1787.46 2912.18 1787.4
threshold=1.0000137090682986 68.010150909423842 1.0000000180025095e-35 3.5000000000000004 0.29285715520381933 69.309261322021499 0.47222222387790685 92.768566131591811 69.309261322021499 1.0000000180025095e-35 81.892700195312514 0.23611111193895343 17.192117691040043 0.67525732517242443 24.440019607543949 1.5000000000000002 0.30129551887512213 1.5000000000000002 1.0000000180025095e-35 0.64583334326744091 0.47222222387790685 0.35221868753433233 1.0000000180025095e-35 1.5000000000000002 35.500000000000007 0.47222222387790685 129.50000000000003 0.67310291528701793 1.0000000180025095e-35 2.5000000000000004 1.5000000000000002 2.5000000000000004 19.399641990661625 1.5000000000000002 70.109020233154311 60.158729553222663 2.5000000000000004 0.21093664318323138 82.972846984863295 9.5000000000000018 24.525599479675297 85.215545654296889 68.010150909423842 98.213714599609389 2.5000000000000004 1.0000000180025095e-35 98.437118530273452 99.494949340820327 23.500000000000004 0.82438319921493541 1.0000000180025095e-35 0.3349605798721314 99.494949340820327 1.3757115006446841 4.5000000000000009 4.5000000000000009 0.0062586963176727304 2.5000000000000004 2.5000000000000004 0.47222222387790685 0.94430461525917064 0.8952506184577943
decision_type=2 8 2 10 8 2 8 2 2 2 2 10 2 2 2 2 2 2 2 10 10 2 2 2 2 8 2 2 2 2 2 8 2 2 10 2 2 2 2 2 2 2 10 2 2 2 2 2 2 2 2 2 2 2 2 2 2 2 2 10 2 2
left_child=1 4 16 6 -1 9 10 11 12 30 32 27 25 14 -8 18 26 51 -12 57 -7 -9 -10 40 29 -5 -2 36 41 -11 31 -6 -3 34 -34 -36 44 38 49 52 -16 -25 -15 -41 61 -38 -47 -23 -49 50 -18 -13 -17 -50 -21 -24 -48 58 -19 -53 -61 -4
right_child=2 3 7 8 5 20 13 21 22 24 15 17 -14 42 23 39 37 19 -20 54 -22 47 55 28 -26 -27 -28 -29 -30 -31 -32 -33 33 -35 35 -37 45 -39 -40 43 -42 -43 -44 -45 -46 46 56 48 53 -51 -52 59 -54 -55 -56 -57 -58 -59 -60 60 -62 -63
leaf_value=-0.10055618518837312 0.070873386335950153 0.0022384729963301703 -0.063612039394217806 -0.070051835767463919 0.022813600116907355 0.0043021831563116574 0.082405146660959785 0.11425721541755277 0.11377104277920597 -0.10093349317849896 0.01287531445980384 -0.047173667300227234 -0.095976221242774828 0.012013790145227949 -0.055347172637021991 -0.0026249805993246254 -0.16477181016018957 0.0058223347858606988 0.11991101313581123 0.085347809503247093 0.11696139066958156 -0.017173562198436857 0.13875978198304775 -0.09066661330981321 0.069595728333606277 0.026381288060771731 -0.087159359088481977 -0.082794037197194179 0.12013050224863736 0.044837355350071745 -0.10340274013824709 -0.081741143434710811 -0.080950477235067195 -0.093854113283346363 -0.047865402891050374 0.15123539933241725 -0.06439070540727905 0.12442382387595328 0.10610548561669407 0.10366081639450278 0.065807978862211763 0.14837055101282282 0.11521105030267083 -0.058629312169766447 0.11254534545777613 -0.074111566110993926 0.0074968244100589113 0.10985781390714472 -0.069553497608420889 0.076617288473149567 0.13057376541729734 0.16438824969684573 0.058068256651671923 0.094260975372844794 -0.025775484081189643 -0.016039083948182074 0.15224989421127932 -0.03755591328182617 0.16424999343898358 0.10996540093260783 0.0043412773380236561 0.011206476192092611
leaf_weight=523048.0501274243 3918.2525516226888 5833.5939909778535 3676.5650071948767 6490.2832438461483 3639.6652281880379 6502.1084013022482 36195.442891031504 32861.562793683261 6882.8626205064356 3345.1409344896674 9812.0672725066543 951.82914090156555 62770.830159954727 2306.0896963067353 2388.449176389724 17575.399921309203 1246.1042384058237 16371.019557978958 12041.110041793436 12505.200150385499 15355.122630473226 4548.9760165661573 877.88841409236193 9917.198197375983 9973.8040538206697 9595.4281936474144 2246.9692623652518 7471.0416631251574 795.89678825438023 2183.1284893006086 73399.719856444746 11409.270754627883 4501.4146740995347 20014.132375635207 2524.8655538521707 1833.9610738679767 12872.959083061665 362311.54895092547 18451.661678291857 921.19576364383101 6253.0781847126782 440.91230177506804 31546.6191595532 9530.8094387762249 1867.5521806813776 3738.7497600577772 7295.5146628282964 6019.7007568776608 2136.9478032439947 2219.7521434798837 651.19901293516159 3500.9892731159925 7453.238102927804 1079.7227851897478 1755.3666527792811 7600.6939237117767 1002.2125591412187 11708.277721617371 829.3450057245791 10907.342523805797 3431.528655782342 24278.759800054133
leaf_count=12020156 24930 58597 33070 96585 39719 96771 189621 180813 37155 48263 68202 9225 1319482 16196 15659 113692 5948 106193 64109 59268 106768 35495 5333 198320 62633 55551 24575 117651 3574 18484 1698217 237284 64420 386328 37196 9923 149702 2141497 105157 5747 33394 2326 172082 113983 9058 41971 42336 32148 18952 12093 3474 15815 34834 5801 9342 57604 4753 102673 4287 56383 16233 171131
internal_value=-0.0039297 -0.0633469 0.0938862 0.000591722 -0.0905543 -0.0489714 0.0308239 0.0326732 -0.0577708 -0.0768145 -0.00629792 0.010389 -0.0789538 0.068854 0.0450764 0.0260503 0.120624 0.0412973 0.071852 0.018853 0.0834474 0.091989 0.0509703 -0.023178 0.0293111 -0.0125277 0.013277 -0.0203988 -0.0661761 -0.0433682 -0.0954147 -0.056454 -0.0597337 -0.0722542 -0.0234627 0.0359056 -0.0118817 0.122344 0.088955 -0.00215981 0.0323217 -0.0804916 0.108181 -0.0443257 0.00832884 -0.0360788 -0.00579943 0.038906 0.0665256 0.0120907 -0.0634023 0.0928574 0.0154488 -0.0145668 0.0716694 -1.09173e-05 0.0249803 -0.00720122 0.0134612 0.100329 0.0846878 0.00136666
internal_weight=1.48682e+06 924959 561857 276103 648856 125808 181885 170811 94218 103951 92041.8 124164 78856.5 89843.7 55991 57333.8 391045 61960.9 21853.2 43169.2 21857.2 46646.9 15361.4 19795.5 15502.1 16085.7 6165.22 62203.4 11154 5528.27 88448.7 15048.9 34708 28874.4 8860.24 4358.83 54732.3 384880 22568.7 35480.6 8641.53 10358.1 33852.7 10452 29822.9 24909.4 12036.5 13785.3 9236.37 4117.06 1897.3 18791.7 25028.6 3216.67 14260.6 8478.58 8297.73 28908.6 17200.4 17839.9 14338.9 27955.3
internal_count=21028182 17488208 3539974 3159913 14328295 2308139 1588203 1222300 1571710 2104600 957031 949091 1471618 631172 442894 400567 2317674 379419 132311 281763 203539 273209 100092 253273 129380 152136 49505 569672 204220 66747 1975220 277003 556464 497867 111539 47119 452021 2268169 126672 268256 49053 200646 188278 119730 213259 238762 89060 92396 56901 21515 9422 97656 148526 24753 68610 62937 47089 213153 110480 88431 72616 204201
is_linear=0
shrinkage=0.1


Tree=14
num_leaves=63
num_cat=0
split_feature=34 7 11 18 9 0 3 7 3 9 0 0 7 11 1 26 9 27 13 2 22 25 7 11 7 9 8 7 16 2 22 9 27 8 25 6 2 1 7 3 1 9 7 11 26 0 7 32 2 16 1 3 5 0 13 1 2 2 25 27 24 32
split_gain=752110 193038 86480.7 42532.7 21751.1 20044.4 19523.8 13698.9 40721.7 12500.1 11538.2 10840.2 10005.6 9130.51 8250.22 6822.52 5873.86 5503.49 5397.16 4834.06 10956.9 8685.31 4619.42 4560.68 4515.3 4068.52 3878.8 3808.34 3235.04 3080.05 3154.11 3130.68 2903.08 2808.84 2782.24 2679.21 4889.09 2598.73 2538.3 3320.99 2530.87 2530.77 2423.36 2315.03 2304.2 2275.61 2267.37 2234.15 2138.74 2134.75 2087.6 2237.32 4095.63 3008.75 2159.21 1975.07 1854.76 1840.6 2346.6 1765.8 3423.45 1714.49
threshold=1.0000137090682986 84.643459320068374 1.0000000180025095e-35 3.5000000000000004 0.92582416534423839 99.494949340820327 72.871574401855483 61.925832748413093 75.204917907714858 0.23611111193895343 18.808961868286136 64.425609588623061 61.925832748413093 1.0000000180025095e-35 21.483516693115238 1.5000000000000002 0.64583334326744091 1.5000000000000002 1.0000000180025095e-35 45.222154617309577 1.0000000180025095e-35 1.5000000000000002 63.84260559082032 1.0000000180025095e-35 70.431396484375014 0.47222222387790685 92.965362548828139 62.534915924072273 8.5000000000000018 72.377109527587905 1.0000000180025095e-35 0.47222222387790685 16.500000000000004 98.051864624023452 1.5000000000000002 1.0000000180025095e-35 73.401363372802749 75.162338256835952 85.014968872070327 60.158729553222663 99.494949340820327 0.23611111193895343 59.032005310058601 1.0000000180025095e-35 1.0000000180025095e-35 7.9473683834075937 84.643459320068374 1.5000000000000002 66.260162353515639 5.5000000000000009 99.494949340820327 98.213714599609389 1.0000000180025095e-35 88.548007965087905 1.0000000180025095e-35 8.4806714057922381 86.616912841796889 83.047893524169936 1.5000000000000002 31.500000000000004 2.5000000000000004 4.5000000000000009
decision_type=2 8 2 10 8 2 2 10 2 10 2 2 10 2 2 2 10 2 2 2 2 2 10 2 10 8 8 10 8 2 2 10 2 10 2 2 2 2 10 2 2 10 10 2 2 2 10 2 2 8 2 2 2 2 2 2 2 2 2 2 2 2
left_child=1 7 12 4 11 9 10 -1 29 27 25 14 28 22 55 42 57 18 -13 20 21 -6 -10 -8 49 -5 43 -4 -2 30 -9 -32 40 44 38 36 -14 -36 -16 -40 -28 -15 -11 -19 47 -27 -21 -29 -12 -7 51 52 53 -46 -52 -3 -18 58 -17 60 -22 -25
right_child=2 3 5 6 19 24 23 8 13 15 48 17 35 41 34 16 56 26 -20 46 59 -23 -24 61 -26 45 32 33 -30 -31 31 -33 -34 -35 37 -37 -38 -39 39 -41 -42 -43 -44 -45 50 -47 -48 -49 -50 -51 54 -53 -54 -55 -56 -57 -58 -59 -60 -61 -62 -63
leaf_value=-0.10279638718689527 0.087425819771229762 -0.031404884903529141 -0.094342357116159098 -0.059467377008810086 0.048055670568114092 0.1067281992865281 0.11195700623715876 -0.099626087795835427 0.77636572566908824 -0.068617548132890976 -0.094463592883408609 0.024732134363567772 0.018629077340578348 -0.026922109697691946 -0.082885867300055871 0.084365371880496379 0.030619038136845789 0.14405956586420654 0.11785256652928844 0.0098713529180932558 -0.078512068427505508 -0.079195987954809005 0.13757575321136159 0.12993797587844932 0.11848396085547486 -0.058657765570740351 -0.046573992648092311 -0.048281372482940801 -0.074474656200909026 0.13985873245509792 -0.076229059338863273 0.033567509157756956 -0.06895847200844421 0.096967975076240373 -0.097285256682414681 0.12244775570256997 0.10990230983561954 0.00082230455022403749 -0.032779774430857452 0.11974148888543519 0.025779021859267611 0.073863564228361045 0.098918176217153958 0.032246829092015226 -0.060779380718323034 0.048868116536695205 0.11376868126313909 0.087902022625282711 0.12856522583105484 -0.070439861978227075 -0.036353616731637103 -0.062185246581626885 0.2000491060097061 0.14518041305263707 0.01681780984301447 0.047799626421910338 0.10052428699516336 0.01396810860752803 -0.059350775312838513 0.11570572670446236 0.10202703567504937 -0.011797652974683354
leaf_weight=459068.08928789198 1898.2788240835071 4305.3120484650135 5709.4968788474798 8840.3054544441402 16677.430142492056 1029.1142486333847 7098.8574111498892 82403.774516683072 114.773945748806 902.19199204444885 57030.674505744129 13416.984066411853 6793.4159610420465 7209.3059837855399 3824.7568968869746 1324.8851708695292 6264.0835693404078 2724.6334004253149 11609.835606381297 2278.5600710883737 1481.8640450462699 7906.4027571342885 8289.577530413866 959.57712551951408 26252.353400558233 2424.6061512678862 6518.2380354590714 1720.9051490575075 3527.9190654121339 574.81498235464096 9845.4606440626085 3527.3345441222191 6266.1719259880483 2403.598136626184 17885.76783670485 309215.57288351655 43114.07973344624 3179.9924485497177 4091.5229397788644 2192.6550581380725 18716.525897465646 3807.1876352988183 20070.156059198081 5779.7374123595655 4255.7741471640766 10456.223213586956 26872.778409935534 4015.7097544744611 433.23365262523293 2005.4120061546564 12299.506998553872 16395.024475421757 946.23401776701212 851.14067022502422 20148.060592930764 11715.589463688433 9631.086060076952 22634.307572901249 7974.5124700032175 19203.215401232243 3606.6367215663195 7716.6412303298712
leaf_count=11787781 9752 33807 113640 131699 79485 5562 39966 2041274 1917 9738 1285026 96867 37860 98110 58067 6232 29425 14042 64426 15889 7508 146594 43640 5545 153491 15205 56313 12826 38233 4421 194855 25300 83748 11430 407187 1965344 267447 30367 52150 11447 106151 24127 103389 39364 47221 59728 161555 25505 2927 18943 116823 177783 4133 4755 110101 88022 48866 133047 90005 98060 16623 58481
internal_value=-0.00388339 -0.0616729 0.0896503 0.00558535 0.0328675 0.0300165 -0.049075 -0.095044 -0.0643039 0.0140222 -0.0693133 0.00467421 0.116941 0.067797 -0.031808 0.0441561 0.0233039 0.0311504 0.0679303 0.0734185 0.0541956 0.00713028 0.146299 0.0525141 0.105134 -0.00722595 0.00814131 -0.0161362 -0.0178361 -0.0909305 -0.0923156 -0.0472681 -0.00803761 -0.00905264 -0.0617806 0.118978 0.0974782 -0.0824754 -0.0186553 0.0204375 0.00708996 0.00790839 0.0917111 0.0680694 -0.0132555 0.0286281 0.105648 0.0470489 -0.0927821 -0.010356 -0.0195573 -0.0430026 0.00895384 -0.0264532 -0.00333724 0.0265149 0.0729755 -0.00142046 -0.0388755 0.101827 0.0494508 0.0038781
internal_weight=1.39144e+06 860055 531383 285215 190255 166834 94960.1 574840 115772 137547 79185 112228 364549 19420.8 47195.6 68801.2 47828.9 65032.1 25026.8 78026.9 48875.5 24583.8 8404.35 15775.1 29286.9 21721.1 40005.3 68745.5 5426.2 96351.4 95776.6 13372.8 31500.9 63036 31174.7 359123 49907.5 21065.8 10108.9 6284.18 25234.8 11016.5 20972.3 8504.37 60632.4 12880.8 29151.3 5736.61 57463.9 3034.53 54895.7 22448.2 6053.15 5106.91 32447.6 16020.9 15895.2 31933.7 9299.4 24291.7 5088.5 8676.22
internal_count=21029225 17487674 3541551 3266249 1667672 1222915 1598577 14221425 2433644 1044919 1494585 1141958 2318636 167794 681047 420702 307575 460911 161293 525714 348270 226079 45557 103992 177996 206632 299618 624217 47985 2265850 2261429 220155 246212 510577 559218 2270651 305307 437554 121664 63597 162464 122237 113127 53406 499147 74933 177444 38331 1287953 24505 460816 233892 56109 51976 226924 121829 78291 229284 96237 122191 24131 64026
is_linear=0
shrinkage=0.1


Tree=15
num_leaves=63
num_cat=0
split_feature=34 7 11 18 9 0 1 7 4 4 9 4 22 25 7 11 22 26 27 11 9 20 0 25 1 7 29 34 22 27 19 27 11 0 1 29 7 4 7 0 0 7 20 26 11 7 2 0 7 7 27 11 26 11 4 1 2 4 0 2 2 27
split_gain=656631 177775 80427.1 36934 22380.2 17687.8 14321.4 13356.5 36343.2 12045.8 10327.5 9353.98 12411.1 12461.8 9179.71 7338.99 6287.7 5995.34 5499.2 5564.59 5060.52 4223.66 3886.15 4023.19 3573.22 3502.76 3265.4 3209.63 3039.48 2978.84 2828.25 2813.3 2797.79 2664.94 2556.8 2311.7 2298.92 4437.99 2235.39 2207.31 2185.77 2135.45 2837.15 2383.11 2094.46 2060.49 2049.33 2442.15 1968.1 1944.24 1919.46 1899.57 1833.9 1942.34 1822.94 1742.89 1924.53 3430.54 2413.61 1810.58 1741.69 1718.42
threshold=1.0000137090682986 84.643459320068374 1.0000000180025095e-35 4.5000000000000009 0.47222222387790685 99.494949340820327 80.982517242431655 61.925832748413093 0.7207789719104768 0.72802454233169567 0.23611111193895343 0.72802454233169567 1.0000000180025095e-35 1.5000000000000002 62.534915924072273 1.0000000180025095e-35 1.0000000180025095e-35 1.5000000000000002 1.5000000000000002 1.0000000180025095e-35 0.64583334326744091 0.31990490853786474 20.169491767883304 1.5000000000000002 88.493064880371108 62.534915924072273 20.500000000000004 0.38280360400676733 1.0000000180025095e-35 32.500000000000007 0.21428121626377108 33.500000000000007 1.0000000180025095e-35 7.9473683834075937 82.972846984863295 17.500000000000004 84.643459320068374 0.66026812791824352 97.81815338134767 93.788581848144545 99.494949340820327 97.81815338134767 0.83653846383094799 1.0000000180025095e-35 1.0000000180025095e-35 59.032005310058601 44.300144195556648 28.743545532226566 65.724277496337905 84.643459320068374 31.500000000000004 1.0000000180025095e-35 2.5000000000000004 1.0000000180025095e-35 0.96255341172218334 99.494949340820327 99.494949340820327 0.99782609939575206 90.815368652343764 94.201679229736342 81.120250701904311 1.5000000000000002
decision_type=2 8 2 10 8 2 2 10 2 2 10 2 2 2 10 2 2 2 2 2 10 2 2 2 2 10 2 2 2 2 2 2 2 2 2 2 10 2 10 2 2 10 2 2 2 10 2 2 10 10 2 2 2 2 2 2 2 2 2 2 2 2
left_child=1 7 14 4 6 10 22 -1 28 16 25 12 13 35 26 48 -5 45 19 27 -19 61 51 36 -15 -4 -2 -8 -9 -30 34 -18 -11 50 -16 -6 -24 -38 40 -17 -20 43 -43 -27 -31 -12 47 -37 -10 -13 -14 -3 -51 -54 -22 56 57 58 -45 -57 -47 -7
right_child=2 3 5 9 11 21 18 8 15 32 17 49 33 24 30 39 31 20 38 -21 54 -23 23 -25 -26 41 -28 -29 29 44 -32 -33 -34 -35 -36 46 37 -39 -40 -41 -42 42 -44 55 -46 60 -48 -49 -50 52 -52 -53 53 -55 -56 59 -58 -59 -60 -61 -62 -63
leaf_value=-0.10223793217986091 0.09842213631671759 0.11653974139975737 -0.093146976482850585 -0.093478287328438645 0.11294896384331846 0.13858204854681092 -0.0090746864819255466 -0.097728660229563516 0.32153149829721711 0.10582163481609669 -0.06542955883244074 0.01074285778134949 -0.11671722491433041 -0.08627493491760263 0.0085779533588456174 -0.0074452431678020785 -0.07003865485566417 -0.0016001138601700598 -0.018768376184845226 -0.012395231733418772 0.029004849466264117 0.11528142131545059 -0.078838415623474531 -0.09294024262978702 0.13826601041301137 0.056879632629278677 -0.066734702096921741 0.11773619594273695 -0.088246243656632431 0.083483649640052421 0.11820353970124334 0.021154488384213403 -0.00092585181635567153 0.090843926866932975 0.097285557965810357 0.048650656427068104 -0.044542593948435218 0.13049743105667475 0.13228552021185083 0.1426054135726384 0.037391974795530615 0.12617492052599402 -0.013856134319363202 -0.045478145263330876 -0.040381522440217921 0.044781684236126267 0.14022074271875848 -0.035844928711001561 0.11868889328996586 0.1143555793671422 0.042001124668987588 -0.013888014192795787 0.10040173318548223 -0.05041575285054678 0.098145258162221596 -0.055054809406658467 -0.068089406860091503 0.18413724586047747 0.14374458018932518 0.0066064910016472526 0.11195653707154291 -0.044941603146062957
leaf_weight=417549.29701652005 1755.4415168873966 1300.379445489496 5232.3593166582286 45040.846345722675 4115.352861251682 640.07876113802195 2367.8856901563704 75451.99028615281 509.04685600101948 4139.7393269613385 854.03397854045033 2272.6838668733835 950.85312893986702 13939.615014344454 4024.1236048191786 10027.370791573077 5775.845786742866 31645.302904970944 26061.965860996395 6581.6605805307627 6742.0836045145988 24319.551728874445 3660.6459028609097 22058.273311436176 746.67195301502943 4383.3963371627033 3764.0604525916278 12705.457976855338 7105.1574836820364 2263.8238610439003 312166.84379459918 8165.3823428563774 6034.0765435323119 29872.349832359701 16872.575307369232 9334.5583003796637 3858.3721298910677 2319.0878068879247 1248.8883724287152 1086.6017498709261 9440.5104008615017 2646.3617959320545 3192.2047759927809 6975.6993739083409 3438.7811729498208 5343.1762406826019 1504.2611396946013 5399.0953726023436 7927.4912535473704 29933.677106551826 3835.287392988801 7902.936093442142 2065.9761227816343 1455.5509977154434 8778.5561664104462 5864.2662432640791 12107.167071912438 852.9928869754076 746.20355089008808 25335.657030165195 13902.208658359945 2514.5479097142816
leaf_count=11788299 8871 12978 113356 1099686 21707 3295 18063 2045567 3936 24534 9669 15686 6018 293957 22048 113453 72942 228992 221262 45296 31617 152880 59292 513239 4305 30416 40413 73378 140676 15423 2137367 53835 44213 153546 109171 47844 63670 11776 5764 7901 54163 11913 18900 80042 64262 24914 7299 34002 42438 185051 19365 85100 12299 6740 46910 72895 140861 3816 3832 148305 78355 21844
internal_value=-0.00383469 -0.060075 0.0859692 0.00521157 0.026536 0.0280392 -0.00747941 -0.0941359 -0.0627567 -0.0579799 0.0131142 0.0586414 0.037315 -0.00465315 0.1137 0.060606 -0.0753134 0.0408283 0.0243448 0.0643188 0.0213394 0.10116 -0.0527045 -0.0692219 -0.074859 -0.0145707 -0.0142076 0.0978154 -0.0900829 -0.045041 0.115819 -0.0166268 0.0425098 0.0797446 0.0802029 0.0460052 -0.0160424 0.0211694 0.000790947 0.00722506 -0.0038347 -0.00795052 0.0496137 -0.0139239 0.00879055 0.0865617 0.0290389 0.0176875 0.130928 0.100245 0.0104689 0.00454073 0.106325 0.0380644 0.068111 -0.0199059 -0.0424175 -0.0061705 -0.0271927 -0.00498323 0.0933065 -0.00770436
internal_weight=1.30011e+06 799447 500659 274088 204932 162076 99506.1 525360 107810 69155.9 134602 105426 69698 35039.6 338583 19550.5 58982.1 67265.4 58406.4 21655 47165.9 27474.2 41099.7 31896.4 14686.3 67336.3 5519.5 15073.3 88259.8 12807.8 333064 13941.2 10173.8 34658.5 20896.7 20353.3 9838.11 6177.46 36751.4 11114 35502.5 62103.9 5838.57 56265.4 5702.61 20099.4 16237.9 14733.7 8436.54 35727.9 4786.14 9203.32 33455.2 3521.53 15520.6 51882 20682.1 8574.9 7721.9 31199.9 19245.4 3154.63
internal_count=21029647 17488965 3540682 3267010 1971800 1222812 1163981 14221955 2433656 1295210 1044793 807819 588043 409114 2317870 167728 1226463 420457 417926 136737 307519 178019 746055 647977 298262 624336 49284 91441 2265928 220361 2268586 126777 68747 178929 131219 110852 134738 75446 281189 121354 275425 510980 30813 480167 79685 112938 89145 81846 46374 219776 25383 98078 204090 19039 78527 449751 228551 87690 83874 221200 103269 25139
is_linear=0
shrinkage=0.1


Tree=16
num_leaves=63
num_cat=0
split_feature=7 3 9 9 0 7 1 0 2 7 9 25 11 22 0 22 25 32 13 0 18 2 11 20 27 0 11 28 1 13 1 18 7 25 24 7 3 25 0 2 1 20 25 1 20 3 4 25 1 27 4 11 2 29 25 13 25 27 22 24 11 18
split_gain=567825 187755 78184.7 46030.9 19745.8 18722.6 39736.4 16847.2 11445.1 10305.5 9304.09 8384.81 8046.76 6190.1 5762.22 5499.12 5235.33 4632.84 4462.85 4321.95 4065 3924.07 3890.93 3607.87 3415.74 3135.07 3129.16 2978.45 2853.37 3062.74 2772.26 2719.53 2556.4 2518.13 3002.42 2483.53 2420.27 7385.77 5146.12 2364.38 2553.5 2360.19 2359.74 2247.98 2130.99 2108.9 5506.2 3672.29 3355.33 2082.01 1984.58 1872.09 1786.87 1740.37 1644.78 1636.56 1605.61 1603.92 1597.85 1595.98 1553.26 1527.46
threshold=74.637378692626967 74.133811950683608 0.47222222387790685 0.47222222387790685 23.132664680480961 59.032005310058601 80.982517242431655 99.494949340820327 66.260162353515639 98.006622314453139 0.19090909510850909 1.5000000000000002 1.0000000180025095e-35 1.0000000180025095e-35 89.386734008789077 1.0000000180025095e-35 2.5000000000000004 3.5000000000000004 1.0000000180025095e-35 7.9473683834075937 2.5000000000000004 69.631092071533217 1.0000000180025095e-35 0.97752270102500927 34.500000000000007 80.982517242431655 1.0000000180025095e-35 18.500000000000004 94.360820770263686 1.0000000180025095e-35 99.494949340820327 5.5000000000000009 74.637378692626967 2.5000000000000004 2.5000000000000004 74.637378692626967 95.742755889892592 1.5000000000000002 86.222713470458999 44.300144195556648 28.743545532226566 0.91590845584869396 3.5000000000000004 99.494949340820327 0.17637168616056445 95.346321105957045 0.84781721234321605 1.5000000000000002 92.718276977539077 1.5000000000000002 0.97280043363571178 1.5000000000000002 29.459980010986332 17.500000000000004 4.5000000000000009 1.0000000180025095e-35 1.5000000000000002 32.500000000000007 1.0000000180025095e-35 2.5000000000000004 1.0000000180025095e-35 4.5000000000000009
decision_type=8 2 8 8 2 10 2 2 2 10 10 2 2 2 2 2 2 2 2 2 10 2 2 2 2 2 2 2 2 2 2 8 10 2 2 10 2 2 2 2 2 2 2 2 2 2 2 2 2 2 2 2 2 2 2 2 2 2 2 2 2 8
left_child=5 3 7 15 19 -1 25 9 11 17 27 39 32 -13 16 21 59 20 -18 42 22 56 -3 -22 -17 -7 -26 60 36 30 -30 -21 55 34 -32 49 37 -19 -39 40 -6 -11 57 -31 -36 46 47 -34 58 -9 -45 -43 -42 -24 61 -4 -2 -5 -49 -14 -8 -28
right_child=1 2 12 4 8 6 10 35 -10 41 -12 13 14 -15 -16 24 18 28 -20 31 23 -23 53 -25 26 -27 54 -29 29 43 33 -33 45 -35 44 -37 -38 38 -40 -41 52 51 -44 50 -46 -47 -48 48 -50 -51 -52 -53 -54 -55 -56 -57 -58 -59 -60 -61 -62 -63
leaf_value=-0.10092120541935885 -0.065988471702555826 0.12532483966224933 -0.084092583850740601 -0.077026596023760233 0.048075316712950455 -0.094652385910897516 0.14237906082657625 0.11753330741094919 0.11185247587960248 0.11389407025188514 0.1261690071089607 -0.097071260462220796 0.062006322988185814 0.082794096515734272 0.11170951998116262 -0.080826541229045382 -0.051651318131036177 0.180707540210756 0.094764252147114147 0.073940459193482633 0.19545706061084561 0.045129324155075375 0.054384341486434264 -0.0092707038762596099 0.15182935229093802 0.21510582731602768 0.044407996636164855 -0.069400804777053918 0.079857513589595225 -0.079518399213428209 -0.023980506883674355 0.0048114402254858506 0.12086817405565337 -0.065677250674103238 0.018831761694711568 0.11282840554926138 -0.040404004131759749 -0.057675114733547361 0.11061371137574738 0.13634620816702411 -0.082441570113238757 -0.013184177586100056 -0.086045839314102993 0.10372637438156943 0.22433700847393756 0.11733629366495933 0.10715183168803727 -0.10648727423513651 0.1122427882219082 0.031741247381332875 0.023232084638282739 0.11618091468117167 0.011619074727263437 -0.0042669849380693303 -0.097551320611796569 0.084391863284634008 -0.10317058259959062 0.061506444259984132 0.12399087560429062 0.14578460080761074 0.013763610265923537 -0.051449049622730975
leaf_weight=381504.1685080938 14150.306735940278 3381.8223677016795 1055.2607701644301 1099.2164546810091 5717.4806010685861 52571.10162159428 1226.3532954566181 4049.5439058542252 4832.800579380244 11357.888276804239 12148.426096767187 25377.587951436639 18142.317685566843 2069.4130097515881 20032.288069568574 8084.253223374486 7966.6080975271761 2143.9388674460351 2818.2453692704439 42002.233623895794 2764.8491854816675 2005.8370785117149 6885.4447291307151 1249.9375512823462 1289.025814216584 328.78277195245028 4312.3677253685892 4167.7777694538236 2455.393039342016 1959.1316263750196 7893.9752508476377 6582.6828933954239 2135.0107743442059 10898.377460744232 1110.1271079592407 20684.418051928282 30583.91785549745 8637.7879131883383 2301.1275009289384 1332.3150064758956 4387.441555313766 3258.752874225378 2975.7799998298287 3358.4458619505167 925.04969195649028 248043.09389469773 56381.778753742576 3230.9660275802016 1137.4594405144453 9382.9120570719242 34809.840087369084 1703.3681216724217 3742.3511570952833 19075.295818001032 1894.2906547859311 1270.7680737227201 64786.81765300408 3486.8043967932463 331.67853526026011 2599.6959114596248 4007.0735707357526 2705.1379973776639
leaf_count=11664204 326280 21854 9095 8392 44319 1503986 8060 27427 30489 65108 79910 633031 99077 10843 124207 149987 49564 11782 15208 243314 15865 17398 47584 9552 8612 2171 38260 53389 13225 15871 70780 54545 12076 114842 5976 140720 340464 104534 13912 7383 47210 19336 18780 18029 4686 1835752 401666 18069 7999 53405 205215 8851 31748 147079 26902 6828 1839864 17443 2037 13050 53532 38060
internal_value=-0.00376887 0.0492263 0.0792694 -0.0331289 0.0134918 -0.0919695 -0.0460982 0.0274038 -0.033992 0.0135436 0.0683662 -0.0505271 0.106381 -0.08351 0.0697706 -0.0818065 0.0431225 0.00480287 -0.0133907 0.0536287 0.0373445 -0.0929955 0.0244318 0.131718 -0.0322763 -0.0927272 0.00620031 -0.00632773 -0.00533471 0.00821176 -0.0206403 0.0645743 0.1124 -0.0324882 0.00394062 0.0910861 -0.0250061 0.0109897 -0.0222736 0.00911098 -0.00313096 0.088758 -0.0166973 0.0249525 0.11224 0.113181 0.0968761 0.0121132 -0.0372885 0.0576054 0.0303148 0.0312235 -0.0391431 0.0112888 -0.0148639 0.00795471 -0.0965053 0.0283017 -0.08503 0.0725067 0.0439022 0.00745661
internal_weight=1.2148e+06 758851 556017 202834 103606 455954 74449.5 190871 47459.4 156754 21549.6 42626.6 365145 27447 51559.2 99228 31526.9 140434 10784.9 56146.7 33357.3 80943 29342.6 4014.79 18285.1 52899.9 10200.8 9401.2 107077 63410.3 23282.9 48584.9 313586 20827.5 9929.15 34116.9 43666.8 13082.9 10938.9 15179.6 13847.3 16320 7561.8 40127.4 2035.18 311260 63216.9 6835.11 4700.1 13432.5 38168.3 4962.12 8129.79 25960.7 8911.8 2326.03 78937.1 4586.02 3562.64 20742 5233.43 7017.51
internal_count=21028837 7663585 4070725 3592860 1147497 13365252 1701048 1476097 805023 1254545 194891 774534 2594628 643874 301106 2445363 176899 1161250 64772 342474 241934 2183542 216517 25417 261821 1506157 111834 114981 919316 448624 209509 297859 2293522 196284 81442 221552 470692 130228 118446 130660 123277 93295 44615 239115 10662 2277599 441847 40181 28105 80832 223244 28187 78958 194663 103222 15923 2166144 25835 20106 112127 61592 76320
is_linear=0
shrinkage=0.1


Tree=17
num_leaves=63
num_cat=0
split_feature=7 3 9 9 34 1 0 2 7 25 11 26 7 4 9 22 22 28 9 32 1 2 27 2 25 11 18 20 27 8 11 34 2 7 20 25 25 11 1 13 27 20 22 34 7 25 4 26 11 28 7 0 2 25 4 3 25 1 7 7 3 25
split_gain=501593 167561 74421.9 41542.6 26768.6 16802.1 14702.7 9960.67 8654.01 8424.69 8412.72 7134.26 6138.36 17658.7 9839.45 5642.9 5384.31 4663.48 4256.96 3844.48 3810.92 3700.38 3275.33 4566.95 4292.51 3187.18 3402.02 3117.52 3092.8 2656.46 4418.8 2645.37 2586.31 2536.49 2378.03 2372.66 3785.52 2361.69 2203.01 2164.72 2125.43 2101.67 1903.57 1864.16 4263.84 1854.35 1808.96 1791.8 1734.63 1724.8 1722.16 1664.89 2131.72 1649.77 1605.64 2886.61 3356.54 1630.88 1582.81 1571.06 1546.01 3360.82
threshold=73.538898468017592 74.133811950683608 0.47222222387790685 0.47222222387790685 1.3056059479713442 22.401432991027836 99.494949340820327 66.260162353515639 98.006622314453139 1.5000000000000002 1.0000000180025095e-35 2.5000000000000004 59.032005310058601 0.74394747614860546 0.23611111193895343 1.0000000180025095e-35 1.0000000180025095e-35 179.50000000000003 0.73214286565780651 3.5000000000000004 5.0641026496887216 69.028213500976577 33.500000000000007 5.5946791172027597 4.5000000000000009 1.0000000180025095e-35 2.5000000000000004 0.97752270102500927 35.500000000000007 76.376262664794936 1.0000000180025095e-35 1.2180281877517702 22.401432991027836 74.637378692626967 0.93757769465446483 4.5000000000000009 1.5000000000000002 1.0000000180025095e-35 95.293468475341811 1.0000000180025095e-35 1.5000000000000002 0.89261925220489513 1.0000000180025095e-35 1.0000137090682986 61.925832748413093 2.5000000000000004 0.96255341172218334 1.0000000180025095e-35 1.0000000180025095e-35 15.500000000000002 73.538898468017592 27.622890472412113 43.288288116455085 1.5000000000000002 0.86112210154533397 92.031745910644545 1.5000000000000002 90.366767883300795 98.742088317871108 98.006622314453139 95.346321105957045 1.5000000000000002
decision_type=8 2 8 8 2 2 2 2 10 2 2 2 10 2 10 2 2 2 10 2 2 2 2 2 2 2 10 2 2 8 2 2 2 10 2 2 2 2 2 2 2 2 2 2 10 2 2 2 2 2 10 2 2 2 2 2 2 2 10 10 2 2
left_child=4 3 6 16 12 20 8 9 19 32 31 34 -1 -14 49 -11 21 -6 -13 25 -5 53 23 -22 42 -3 -27 -28 -18 30 -21 50 -7 40 -12 36 -25 -30 60 -40 -8 -10 -24 44 48 -32 -36 -39 -16 -15 -4 -34 -53 59 55 56 -52 -58 -43 -2 61 -31
right_child=1 2 10 5 17 7 33 -9 41 15 11 18 13 14 43 -17 28 -19 -20 29 22 -23 24 35 -26 26 27 -29 37 38 45 -33 51 -35 46 -37 -38 47 39 -41 -42 58 -44 -45 -46 -47 -48 -49 -50 -51 54 52 -54 -55 -56 -57 57 -59 -60 -61 -62 -63
leaf_value=-0.10118836257897966 -0.074943417449494135 0.12088704796796867 0.0061714446235776902 -0.12044758610422274 0.09964356477867238 -0.05585907727800369 0.11559018895276557 0.10742144897987992 0.10953373549144024 -0.095204487915376071 0.10924139701209289 -0.028531653009023862 -0.097230736285571273 0.0046253418795424934 0.98631629524212971 0.075115069522773817 -0.078812666383844265 -0.056064828867126437 0.073186830942386316 0.11215083928589376 -0.075284183398856508 0.039014626498862087 0.0017817282980148131 0.070903133226673784 -0.048520231407737174 0.010628207754463707 0.18559892030480646 -0.013208441669478408 0.12616477547047827 0.15766202600945126 0.032511319104832404 0.114631716936841 0.093518374224173209 0.10917993215774224 -0.00096994474472328937 0.11438611126523551 -0.045324835765381072 0.091167612869362147 -0.029693897304120861 0.015620259514805019 0.027542026947081966 -0.047952264511323041 0.090195649439833533 0.065958961149236356 0.15622360747547007 -0.025377920257895526 0.088497289025187192 -0.033334118146094487 0.33560795907261265 -0.091118322682201755 0.11301061743865225 -0.013671555415100201 0.12255348037529552 -0.10273233925181263 0.10240448294978176 0.10913747176949801 -0.088796661275319197 0.1010929525651211 0.067935074822410027 0.043624376876146627 -0.047050139889156559 -0.022097069416230786
leaf_weight=344860.60246966034 12474.338989781216 3744.6586950570345 2302.4115533903241 1289.1798355467618 8274.2972089350224 4230.4471388794482 3833.5755969285965 4605.0379540286958 10170.717234298587 24491.089664427564 23811.761936448514 10102.369502857327 41668.117064209655 4056.8459312561899 86.600055050104856 2113.073806528002 7778.4429406188428 2506.032513987273 6941.2574517130852 4549.4835239201784 3948.5548535771668 2097.4012598954141 2661.5518789403141 6784.3166407570243 2709.850955940783 26146.793288808316 2254.4002207331359 1213.2417765036225 1386.5832692161202 1193.0304836295545 11212.912950493395 232079.84996344149 3465.6394100822508 19301.112970158458 4019.1207692101598 3755.5383447203785 4774.1917386874557 1366.2716797739267 16094.160208307207 30560.656070165336 9625.0615769475698 1679.0202423520386 28628.545803651214 2370.7302470840514 3201.0806305855513 10924.672085803002 5163.3123868256807 7509.053813174367 77.745167419314384 3509.07687680237 1822.9153692722321 6505.2434896733612 1395.0771299358457 60798.030825866386 46390.396335855126 5530.3402893655002 2680.7133864611387 544.09125553816557 3954.1869062408805 1227.4968525059521 24060.185530766845 8112.2594704441726
leaf_count=11639735 318385 25985 15936 8848 61930 45655 27975 30588 60578 658789 149664 63611 1351771 64861 1291 11233 156386 25613 37834 26756 30345 18114 21588 41717 14551 195168 12086 9336 8896 6281 86085 1873074 23634 141012 18209 19773 45843 12560 152970 179930 54244 10544 151862 15429 17288 105903 33373 93245 1752 56498 10751 59236 7949 1902135 343798 39919 14556 3735 22058 19798 280962 89980
internal_value=-0.00371574 0.0462428 0.0754568 -0.0327589 -0.092049 0.0117276 0.025046 -0.0322276 0.0122468 -0.0474664 0.103311 0.0654314 -0.0962415 -0.0652069 0.0351062 -0.0816766 -0.0804042 0.0634471 0.0128946 0.00433197 0.0494413 -0.09198 0.0535533 0.0206077 0.0722186 0.0339627 0.0229713 0.116041 -0.0312549 -0.00493124 0.0223902 0.109816 0.0108888 0.0859442 0.0925699 0.0453323 0.0228957 0.00479346 -0.0140431 -1.14235e-05 0.0526218 0.0823942 0.0826751 0.133881 0.181728 0.00394357 0.0493378 -0.0141683 0.678492 -0.0397806 0.090961 0.0357326 0.0103837 -0.0956679 0.0943878 0.0592303 0.0045514 -0.0567584 0.033394 -0.0643214 -0.0336634 0.00094983
internal_weight=1.13662e+06 726014 530019 195995 410611 101357 188630 46805.6 155870 42200.6 341389 50037.8 399831 54970.2 13302.1 26604.2 94637.6 10780.3 17043.6 140066 54551.7 76597.3 53262.6 19262.6 33999.9 33359.1 29614.4 3467.64 18040.4 106707 26687.1 291351 15596.4 32759.8 32994.2 15314 11558.5 10261.9 80020.3 46654.8 13458.6 15803.9 31290.1 5736.16 3365.43 22137.6 9182.43 8875.33 164.345 7565.92 59270.9 11366 7900.32 74499.9 56968.5 10578.1 5047.72 3224.8 5633.21 13701.8 33365.5 9305.29
internal_count=21029611 7793443 4092313 3701130 13236168 1171611 1487853 837084 1264622 806496 2604460 302691 13148625 1508890 157119 670022 2529519 87543 101445 1171442 334527 2258432 325679 137678 188001 242575 216590 21422 271087 928867 218744 2301769 136474 223231 201246 107333 87560 114701 710123 332900 82219 93180 173450 35760 20331 191988 51582 105805 3043 121359 428695 90819 67185 2240318 412759 68961 29042 18291 32602 338183 377223 96261
is_linear=0
shrinkage=0.1


Tree=18
num_leaves=63
num_cat=0
split_feature=7 3 9 9 34 0 0 2 11 7 26 7 0 9 22 25 22 3 4 1 13 25 24 18 2 9 6 1 6 4 27 25 7 1 1 7 20 27 34 7 27 26 2 25 2 27 25 0 28 34 11 2 18 0 25 25 7 1 25 26 22 20
split_gain=443687 151808 71121.7 38135.4 19753.6 14933.4 12886.6 9372.42 8606.45 7555.85 6566.55 5299.83 15010.1 7266.93 5291.18 5273.75 4928.36 3956.68 8695.34 4162.71 4225.56 4744.08 5092.22 3908.18 3496.86 3437.68 3279.75 3340.45 3164.42 4777.79 2953.68 2735.1 2594.05 2550.91 2338.64 2319.65 2209.31 2190.34 2112.43 2729.53 2087.05 2045.68 2043.55 1999.19 1976.52 1965.84 2940.04 2658.96 1914.14 1885.68 1837.17 1821.45 1817.69 1809.3 1635.91 3512.08 1638.34 1625.17 1615.2 1592.61 1592.32 1587.07
threshold=71.747425079345717 74.133811950683608 0.47222222387790685 0.47222222387790685 1.3572376966476443 25.13157939910889 99.494949340820327 66.260162353515639 1.0000000180025095e-35 99.81412506103517 2.5000000000000004 56.675579071044929 67.890834808349624 0.23611111193895343 1.0000000180025095e-35 1.5000000000000002 1.0000000180025095e-35 98.213714599609389 0.91112279891967785 99.494949340820327 1.0000000180025095e-35 2.5000000000000004 2.5000000000000004 5.5000000000000009 66.260162353515639 0.73214286565780651 1.0000000180025095e-35 84.660633087158217 1.0000000180025095e-35 0.84781721234321605 36.500000000000007 1.5000000000000002 74.637378692626967 92.718276977539077 5.0641026496887216 71.747425079345717 0.92592459917068493 1.5000000000000002 1.0000137090682986 63.84260559082032 1.5000000000000002 1.0000000180025095e-35 39.250699996948249 4.5000000000000009 74.601570129394545 38.500000000000007 4.5000000000000009 9.7167587280273455 324.50000000000006 1.2608777284622195 1.0000000180025095e-35 86.616912841796889 5.5000000000000009 88.047618865966811 4.5000000000000009 1.5000000000000002 87.895435333251967 30.877573013305668 1.5000000000000002 1.0000000180025095e-35 1.0000000180025095e-35 0.28153488039970404
decision_type=8 2 8 8 2 2 2 2 2 10 2 10 2 10 2 2 2 2 2 2 2 2 2 8 2 10 2 2 2 2 2 2 10 2 2 10 2 2 2 10 2 2 2 2 2 2 2 2 2 2 2 2 8 2 2 2 10 2 2 2 2 2
left_child=4 3 6 14 11 23 9 15 28 17 36 -1 -13 40 24 42 -17 18 44 59 21 22 49 34 58 -12 27 -20 29 31 -16 -4 37 -33 -5 -30 -10 -8 39 -15 51 -11 57 52 -3 47 60 -36 -6 -21 -23 -14 -32 -38 55 56 -49 -7 -2 -19 -47 -24
right_child=1 2 8 5 48 7 32 -9 10 41 25 12 13 38 30 16 -18 19 26 20 -22 50 61 -25 -26 -27 -28 -29 35 -31 43 33 -34 -35 45 -37 53 -39 -40 -41 -42 -43 -44 -45 -46 46 -48 54 -50 -51 -52 -53 -54 -55 -56 -57 -58 -59 -60 -61 -62 -63
leaf_value=-0.10096975688768822 -0.063953883081180274 -0.060167827311322079 0.11018083382933019 -0.10865358392522512 0.09931124767596014 0.021660353862860526 0.11436155247831332 0.10212191864876496 0.10685266957325266 -0.0080186462561892078 -0.025732228223343784 -0.093771226452190687 -0.033648771102069049 0.40285415148056664 -0.078075553649855078 -0.094097023528099649 0.074052225803501362 0.070569195829829789 -0.035056165987102504 -0.068876739431053186 0.029982411447802528 0.046855192997383041 0.041077344340156259 -0.017986377510867672 0.025681672250573641 0.066445465536035378 0.17588170492828664 0.085599213307733776 0.0097151882830745669 0.096764715263114864 0.054876775464710773 -0.072600917229431697 0.10619016549367198 0.10492038814409617 -0.043640836847000056 0.11347762649363871 0.016746486284505393 0.023933710384184254 0.063494624316823067 0.14178235049969362 -0.069491993029203378 0.12358873305715173 0.091013671444754723 -0.088688539584472523 0.023218565117355788 0.013510067547350735 -0.035882694097635948 0.26739374377907782 -0.04714835260930951 0.020463270727569108 -0.070841705835958321 0.17140172133411458 -0.046259790965268541 0.10354638505367386 0.11399584560843926 -0.043088803957444979 0.061691272258836971 -0.055305149534168978 -0.10246287019368082 -0.031512594647277084 0.090940684118725468 0.19595709253847082
leaf_weight=306443.35206927918 13415.489771077409 7330.6693675350398 1799.5085183605552 867.06874780356884 5717.0330115221441 5279.5157863181084 3666.106795117259 4393.3854140788317 21364.542718812823 1412.0699801184237 10082.998788986355 42319.398456677794 954.84647950716317 509.00208322331309 7597.1031501740217 21727.278312789276 1895.095850367099 1588.2175705358386 2832.1608932167292 3485.2311527207494 46969.918639227748 1476.5931411981583 1024.7886656820774 8886.1589250266552 2475.3751256763935 6757.3134206086397 3090.5062124505639 12089.941075984389 2175.6986115500331 41075.063334859908 5959.3866195566952 3762.0840525887907 17935.3658920452 1031.3688843920827 3746.1856997944415 220906.85697647557 6235.9609686806798 9944.2797661647201 2322.6618784591556 1878.1203850638121 4471.4317131396383 7219.8843135684729 2023.7504864260554 1902.7619531750679 4642.9407625421882 2985.4511070437729 2278.7943043392152 408.81051108241081 1057.3996320813894 7333.9823692217469 13023.97818075493 792.97755408473313 2532.1307185068727 3905.3818196207285 3197.4432187397033 3975.820770451799 7321.3702696338296 5711.4867106340826 57900.120397048071 40520.961977489293 24056.303807646036 1866.9455494955182
leaf_count=11367353 357179 97149 11185 5683 43107 45846 28825 30723 142865 7347 63975 1466076 20714 6189 166463 643428 10195 11175 24308 45161 265355 11524 5636 85676 23289 37806 16459 69459 14820 334758 53407 20990 140863 8369 23254 1922336 32921 55709 15307 10268 86288 51550 13055 29624 39762 24252 12411 6571 10683 43877 148638 8514 36647 26659 18095 49838 37489 62391 2001303 433933 136054 9362
internal_value=-0.00364256 0.0431883 0.071809 -0.0329015 -0.0927236 0.0102284 0.022921 -0.0358954 0.100528 0.0111271 0.0616638 -0.0959098 -0.0667901 0.0376862 -0.0793074 -0.0524459 -0.0806073 0.0057975 0.0382142 -0.00249007 0.011609 -0.0189813 0.0231904 0.0430136 -0.0911631 0.0112548 0.0821185 0.0626993 0.107468 0.0840809 -0.0306816 0.00505876 0.0812098 -0.0344051 0.0541129 0.112466 0.0886081 0.0482914 0.131389 0.19745 -0.0332741 0.10206 -0.00133153 0.00395823 -0.0278335 0.0570549 0.0731999 0.0316721 0.0764508 -0.00831614 -0.0588566 0.0593814 0.0247183 0.0501727 0.0506031 0.0332876 0.0725698 -0.0183349 -0.0952188 -0.0276624 0.0823922 0.14107
internal_weight=1.06355e+06 697088 506551 190536 366466 98753.9 187455 41030.5 319097 155909 48346.2 359692 53248.4 10929 91782.4 36637.1 23622.4 147277 29986.2 117291 75181.4 28211.5 13710.9 57723.4 73791 16840.3 18012.6 14922.1 270751 47668 17991.4 6592.96 31545.8 4793.45 48837.2 223083 31505.9 13610.4 4709.78 2387.12 6219.26 8631.95 13014.8 10394.3 11973.6 47970.2 29320.5 18649.6 6774.43 10819.2 14500.6 1747.82 8491.52 10141.3 14903.4 11706 7730.18 10991 71315.6 42109.2 27041.8 2891.73
internal_count=21030148 7995649 4122776 3872873 13034499 1204961 1506092 805638 2616684 1280695 304226 12980709 1613356 147280 2667912 774915 653623 1221798 247137 974661 529553 264198 104036 399323 2381771 101781 110226 93767 2312458 375302 286141 40544 225397 29359 313647 1937156 202445 84534 31764 16457 115516 58897 121292 119678 136911 307964 172717 135247 53790 89038 160162 29228 90054 59580 111993 93898 44060 108237 2358482 445108 160306 14998
is_linear=0
shrinkage=0.1


Tree=19
num_leaves=63
num_cat=0
split_feature=7 3 9 9 34 1 2 7 12 26 25 1 28 1 22 7 4 9 2 4 2 18 6 4 25 20 31 4 25 13 24 34 18 25 4 2 27 33 1 1 20 1 7 24 25 20 28 20 16 9 26 27 25 25 25 20 27 22 25 13 27 24
split_gain=392830 131225 66489.7 33776.8 18022.5 12794.1 7868.82 7700.01 7097.77 7666.1 5749.16 5246.98 4898.12 4863.25 4581.08 4545.91 13020.3 7918.26 3797.85 3779.56 3467.42 3400.27 3090.5 4122.43 2819.97 3718.47 2906.61 2801.36 2737.26 3703.51 3022.3 2752.5 2688.32 2463.07 2201.78 2184.22 2103.04 2867.25 1886.64 1824.31 1803.67 1716.11 1654.95 1570.02 4497.57 2762.98 1565.99 1494.7 1483.92 1455.87 2405.92 1451.48 1683.07 2318.39 1424.62 1343.12 1342.74 1310.03 1308.38 1291.41 1279.14 1263.25
threshold=71.747425079345717 74.133811950683608 0.47222222387790685 0.47222222387790685 1.2761363983154299 24.068965911865238 66.260162353515639 98.006622314453139 1.0000000180025095e-35 2.5000000000000004 1.5000000000000002 19.399641990661625 136.50000000000003 93.643951416015639 1.0000000180025095e-35 56.675579071044929 0.74394747614860546 0.29285715520381933 91.476997375488295 0.96681883931159984 66.260162353515639 2.5000000000000004 1.0000000180025095e-35 0.82438319921493541 2.5000000000000004 0.28153488039970404 0.29464158415794378 0.90770369768142711 2.5000000000000004 1.0000000180025095e-35 1.5000000000000002 0.42636069655418402 4.5000000000000009 1.5000000000000002 0.94078704714775097 23.629112243652347 2.5000000000000004 0.41382038593292242 93.582702636718764 7.4537036418914804 0.92072755098342907 99.494949340820327 84.240093231201186 3.5000000000000004 4.5000000000000009 0.23848909884691241 24.500000000000004 0.50608721375465404 3.5000000000000004 0.89898991584777843 2.5000000000000004 39.500000000000007 4.5000000000000009 1.5000000000000002 1.5000000000000002 0.30129551887512213 33.500000000000007 1.0000000180025095e-35 2.5000000000000004 1.0000000180025095e-35 1.5000000000000002 2.5000000000000004
decision_type=8 2 8 8 2 2 2 10 2 2 2 2 2 2 2 10 2 10 2 2 2 8 2 2 2 2 2 2 2 2 2 2 8 2 2 2 2 2 2 2 2 2 10 2 2 2 2 2 8 8 2 2 2 2 2 2 2 2 2 2 2 2
left_child=4 3 7 11 15 21 10 13 9 34 35 32 -6 24 -12 -1 -17 48 28 58 -13 49 23 33 25 -3 -27 54 30 41 -15 -32 -2 -10 -4 -7 42 -38 57 -23 -9 -30 60 -43 45 -45 -19 -14 -18 50 -5 52 53 -41 -28 -50 -51 -35 -11 -60 -20 -54
right_child=1 2 8 5 12 6 -8 40 22 19 14 20 47 18 -16 16 17 46 36 -21 -22 39 -24 -25 -26 26 27 -29 29 -31 31 -33 -34 38 -36 -37 37 -39 -40 51 -42 43 -44 44 -46 -47 -48 -49 55 56 -52 -53 61 -55 -56 -57 -58 -59 59 -61 -62 -63
leaf_value=-0.10071430230547168 0.0035731976712760519 -0.038236289991956711 0.057432613153372981 0.072915934510820429 0.089656226676055578 -0.059599893872040413 0.097424224008266946 0.10176008428694527 0.10704785599880383 0.013557737234963649 -0.092077581041981563 -0.095469150830447519 -0.098211972618172744 -0.07833233421038982 0.066797167596187965 -0.097158584357351419 0.035650296799080793 0.16435719866147322 0.090100652976070145 0.056836170977279735 0.024141881483753094 -0.062839690303532578 0.11262606776750857 0.093615941857010956 -0.04001157635575122 -0.013564639792181666 0.061296675798118538 0.10228837102920979 0.07346056912581983 0.10251382545986339 -0.046767103878557509 0.15575257207140505 -0.070271041272890508 -0.10984252314008876 0.10172171649471827 0.028055488232203982 0.050752693309020026 -0.0018352741887863466 0.10810235963752098 0.040704680371725713 0.032341918475462299 -0.08034850568326124 0.034262089725201762 0.054611835901762162 -0.086475927577373796 0.48142623367303172 0.026286693244587489 0.083824512167135337 -0.08840006620616192 0.044758354573041517 -0.045996123615204915 0.045469361528564511 -0.057366273745464116 -0.078133801981404127 -0.031685458547301301 0.045836651227978614 0.093276814811799849 0.12461291889417506 -0.077589530303674145 0.13481260850077215 0.034865094636860744 0.12299326235719828
leaf_weight=277285.29377000034 10218.87692954205 11866.392620187253 15148.248548250645 4019.2670038193464 6734.5149883255363 3975.5789273511618 4167.0495264269412 13360.578280489892 1367.7264310568571 3776.3671378716826 20961.375260964036 62952.931958243251 2424.5759831704199 1286.0057686939836 1986.9622310362756 35991.278445059434 1938.4167967457324 3310.8679965622723 12911.299843922257 11258.470372475684 2520.6622606050223 2832.7414490971714 178795.03632885963 34635.499229349196 19926.081008048728 8982.2619560547173 3129.0193124096841 7268.4481858760118 978.62714893743396 1718.2579919472337 916.7529079914093 2504.5974100641906 9525.5196287930012 2483.6065485551953 43338.975279137492 9976.3984183482826 17150.11973997578 26217.43132602796 602.14320682734251 2709.1230963766575 5199.5707472749054 9931.2863476537168 28981.919862497598 347.28557423502207 1311.1266593039036 269.26727389916778 1092.5253779143095 554.15775967389345 4527.0750235654414 9309.7475459147245 2950.5700740031898 11924.806988349184 534.01606714166701 4166.1072683203965 3480.8181202169508 892.28008620813489 14727.042671777308 263.6160935908556 4660.2539628073573 304.98280987888575 6208.6689558066428 1423.5608446002007
leaf_count=11347723 139518 170682 95560 25287 53427 47360 30691 95182 8934 22789 664914 2283323 31349 10851 10858 1415652 34881 19912 90120 70479 23429 20331 1698388 303156 225115 87562 18603 45175 6622 9109 5725 12764 220919 12962 359491 81824 109537 198761 5369 23949 32875 126417 175317 1710 15282 2207 6612 4253 102969 53066 16390 70301 4911 54995 38523 15210 94217 1648 36789 1765 28458 7094
internal_value=-0.0035245 0.0411474 0.068473 -0.0314533 -0.0917955 0.00933184 -0.0328346 0.0212384 0.0977636 0.0719751 -0.0475443 -0.077238 0.0424287 0.0143845 -0.0783215 -0.0958066 -0.067309 0.0240363 0.0264316 0.0185307 -0.0908643 0.041049 0.107042 0.0816715 -0.0100243 0.00718223 0.030758 0.0594443 -0.0139241 -0.0353611 0.0523623 0.101487 -0.0320523 -0.00603133 0.0902508 0.00307832 0.0349304 0.0189611 -0.0522077 0.0124381 0.0823128 -0.0538151 0.0493279 -0.0643181 0.0182693 0.241015 0.130101 -0.0643463 -0.0394399 0.0628167 0.0225764 0.0227111 -0.00801398 -0.0313066 0.0123312 -0.0662984 0.074485 -0.0873448 -0.0308035 -0.064543 0.0721645 0.0737922
internal_weight=996214 661463 480581 180882 334751 95664.3 41067.4 183946 296635 78487.3 36900.3 85218 9713.25 165386 22948.3 325038 47752.4 11761.2 110733 20000.1 65473.6 54597 218148 39352.6 54653 34726.9 22860.5 13878.3 19263.2 14555.9 4707.36 3421.35 19744.4 4717.09 58487.2 13952 91469.4 43367.6 3349.37 23590.4 18560.1 12837.6 48101.9 11859 1927.68 616.553 4403.39 2978.73 7357.77 31006.6 6969.84 20757.6 8832.81 6875.23 6609.84 5419.36 24036.8 2747.22 8741.6 4965.24 19120 1957.58
internal_count=21029292 7997304 4123927 3873377 13031988 1206188 835647 1506597 2617330 586873 804956 2667189 89029 1378540 675772 12942959 1595236 179584 792880 131822 2306752 370541 2030457 332069 585660 360545 189863 102301 190687 161347 29340 18489 360437 28913 455051 129184 602193 308298 19979 181581 128057 152238 293895 145616 19199 3917 26524 35602 153060 188960 41677 161250 90949 78944 57126 118179 147283 14610 61343 38554 118578 12005
is_linear=0
shrinkage=0.1


Tree=20
num_leaves=63
num_cat=0
split_feature=34 8 11 18 9 3 9 0 22 4 0 9 0 34 26 0 4 22 25 9 27 11 16 33 9 25 33 31 27 8 25 27 4 1 26 22 1 27 9 24 11 33 4 25 25 9 18 3 27 24 33 28 1 4 1 27 0 1 8 3 22 4
split_gain=329810 89071.6 64629.9 25175.2 16131.1 19687.1 13204.7 12035.8 10020.4 8248.8 7985.71 5372.12 5212.24 4340.33 3809.46 3808.99 3373.15 6213.53 4344.78 3122.71 2963.73 3395.95 2889.98 2743.55 2422.7 2274.26 2267.14 2206.36 2194.46 2188.6 2167.86 2055.29 2041.21 3521.16 1947.9 1831.09 1745.98 1739.09 1642.62 1629.96 1629.71 1608.94 1603.37 1579.03 1557.87 1525.98 1520.12 4270.2 1433.28 2655.87 1406.37 2700.85 1361.32 1323.68 1296.55 1505.05 1295.11 1233.9 1220.47 1685.59 1204.83 1199.8
threshold=1.0000137090682986 62.30696105957032 1.0000000180025095e-35 4.5000000000000009 0.23611111193895343 62.622549057006843 0.92582416534423839 99.494949340820327 1.0000000180025095e-35 0.7207789719104768 61.311826705932624 0.23611111193895343 23.132664680480961 1.2322814464569094 1.5000000000000002 20.169491767883304 0.72802454233169567 1.0000000180025095e-35 1.5000000000000002 0.47222222387790685 2.5000000000000004 1.0000000180025095e-35 4.5000000000000009 0.59879845380783092 0.64583334326744091 1.5000000000000002 0.64163577556610119 0.82170850038528453 1.5000000000000002 62.30696105957032 1.5000000000000002 24.500000000000004 0.84781721234321605 92.718276977539077 2.5000000000000004 1.0000000180025095e-35 77.459678649902358 31.500000000000004 0.47222222387790685 2.5000000000000004 1.0000000180025095e-35 0.64163577556610119 0.9524725377559663 2.5000000000000004 1.5000000000000002 0.47222222387790685 4.5000000000000009 67.204299926757827 31.500000000000004 2.5000000000000004 0.61508664488792431 129.50000000000003 89.512962341308608 0.96255341172218334 89.699382781982436 3.5000000000000004 87.841831207275405 71.535182952880874 69.100429534912124 60.158729553222663 1.0000000180025095e-35 0.78037142753601085
decision_type=2 8 2 10 8 2 8 2 2 2 2 10 2 2 2 2 2 2 2 10 2 2 10 2 10 2 2 2 2 10 2 2 2 2 2 2 2 2 10 2 2 2 2 2 2 8 8 2 2 2 2 2 2 2 2 2 2 2 10 2 2 2
left_child=1 4 13 6 46 8 10 11 44 15 12 41 34 26 38 45 17 18 -8 56 21 22 28 -9 -16 58 32 31 -12 54 -23 -22 33 35 -3 61 -20 39 -13 -10 -11 43 -40 -4 -6 -5 47 60 49 -19 -15 -52 -21 -26 -18 -56 -7 -27 -14 -60 -1 -2
right_child=2 3 7 9 5 19 16 23 37 40 20 14 25 50 24 -17 29 48 36 52 27 30 -24 -25 53 57 -28 -29 -30 -31 -32 -33 -34 -35 -36 -37 -38 -39 42 -41 -42 -43 -44 -45 -46 -47 -48 -49 -50 -51 51 -53 -54 -55 55 -57 -58 -59 59 -61 -62 -63
leaf_value=-0.097541907792390303 -0.11816848835202046 0.024774338619691128 0.0061282153800174257 -0.070372177646253739 -0.053239212893949596 -0.022323581016315094 0.031728665049379601 0.10317978875882883 -0.096792090826042565 0.084622826284495786 0.10628491436938603 0.12719013755661557 -0.069886844124713174 0.10875626326167667 -0.004327401065376193 -0.093182383372097249 -0.089899428788086821 -0.079664120221791562 -0.074434093832475859 0.051724533465370127 -0.0035916044867788004 0.12733554215164938 -0.0082287345345313061 -0.0048174288634279007 0.013904010527186227 -0.096278767924517172 -0.0374526565032181 0.0487604740548752 0.027844967105543524 0.098175108739090716 -0.018522657022497668 -0.073252650651458556 0.088586876495035549 0.10975791030042857 -0.050982746724275309 0.11581464043592837 0.097536942387510775 0.048112766134795711 0.0057857244932189335 0.040715690126006787 -0.0041476261157395774 -0.06304386719374426 0.079377132739143486 -0.027216926553151895 -0.1012077429079479 -0.0015686163503646888 -0.098628872153126587 0.074132506585908003 0.092369605331609247 0.081335570966732662 0.09967141664048057 -0.084283741296082917 0.12639111130294381 0.077078363193458274 0.15601267161886759 -0.053657892687633713 0.083198250845445854 -0.019396134706940175 -0.033430677202790852 0.087878414557277115 -0.022496362963831888 0.017328894486685783
leaf_weight=13074.931491609663 1994.9685458391905 12570.373693943024 29330.51301077567 5568.5925980731845 8324.952850734815 5346.8846607897431 15288.800911912695 17332.703803513199 2043.2591843679547 3203.8078026529402 11213.814330372959 3634.4207465406507 3437.9313706755638 196068.084354233 30588.508747171611 36520.023769168183 1010.7356649711728 1519.3114454336464 7112.45809905231 4922.8815535604954 20307.318864449859 1124.0398874636739 4613.2636127620935 2721.6380013749003 6367.5413018465042 15841.229261096567 1954.0711931288242 6106.4433227330446 5230.0058163385838 17484.087686236948 10903.170307382941 5351.5281477998942 21582.957609187812 2715.5267051160336 4649.426289755851 614.96678949147463 643.81726566329598 6613.3858605660498 4841.731202095747 1491.1175995897502 5834.0901061277837 6362.1493719462305 7620.1217204071581 27531.097893202677 36259.199637565762 7654.3614160791039 242909.71832630783 1883.1902757976204 15006.327815730125 3146.7017438560724 2884.4417599253356 1103.4692289754748 4844.9188771545887 6922.2811975330114 741.68317868933082 635.86327329277992 1486.4709187205881 2404.3164373151958 3432.5768296569586 1719.0495057236403 2557.8233441766351 971.85579418763518
leaf_count=565060 9698 146048 214973 142805 256081 141234 84356 151365 49623 24868 84682 21602 73237 2008961 228779 1408859 7777 8854 212007 60791 150683 6616 42655 26259 31643 629386 25298 48740 24154 155160 91880 82776 199211 26189 35908 4286 4835 54009 26842 17415 45885 136524 64542 273320 1616966 56571 10776239 18213 99444 17112 25807 13232 45076 46760 3301 4586 27108 30577 65150 10382 60610 6081
internal_value=-0.00348176 -0.0518702 0.0694017 -0.00408692 -0.0850368 -0.0429043 0.0152709 0.0166801 -0.0718374 -0.0605637 -0.00576536 0.00498545 -0.0386195 0.102254 0.0264256 -0.0765315 0.0518734 0.0360395 0.0008019 0.0524842 0.0165538 0.0375012 0.0617145 0.0885231 0.0111609 -0.0661731 0.0666733 -0.00526349 0.0813369 0.0859098 -0.00489103 -0.0181204 0.0739712 0.0238787 0.00431957 -0.0412305 -0.0601595 0.0178491 0.0680368 -0.038779 0.0273203 -0.0153528 0.0507851 -0.0100167 -0.0922508 -0.0305439 -0.0965773 -0.0681259 0.0773183 0.0289121 0.107561 0.0487704 0.0887598 0.0468097 -0.00388215 0.0592306 0.000630754 -0.0861475 -0.0237442 0.00704903 -0.085263 -0.073783
internal_weight=935177 562034 373143 230275 331759 71333.1 171494 143253 54731.9 58780.9 108904 123198 44054.9 229890 59974.6 49743 62589.8 42717.4 23045.1 16601.2 64849.6 33084.3 21057.1 20054.3 43878.3 26835.1 29834.3 31765.3 16443.8 19872.4 12027.2 25658.8 27880.3 6297.32 17219.8 3581.79 7756.28 10147.8 16096.3 3534.38 9037.9 63223.8 12461.9 56861.6 44584.2 13223 260426 17515.9 19672.3 4666.01 200056 3987.91 9767.8 13289.8 2388.28 1377.55 6833.36 18245.5 8589.56 5151.63 15632.8 2966.82
internal_count=21029091 17487719 3541372 3799294 13688425 2268303 2120306 1222609 1994094 1678988 1522874 1044985 990688 2318763 420168 1608235 597432 426608 301198 274209 532186 249987 151491 177624 307182 808732 270763 282199 108836 170824 98496 233459 245465 46254 181956 20065 216842 121047 112986 67038 70753 624817 91384 488293 1873047 199376 11420122 643883 125410 25966 2048000 39039 105867 78403 15664 7887 168342 659963 148769 75532 625670 15779
is_linear=0
shrinkage=0.1


Tree=21
num_leaves=63
num_cat=0
split_feature=7 3 12 0 0 2 34 7 25 11 25 24 13 22 34 28 33 7 4 10 2 7 11 1 11 7 6 4 18 4 13 18 28 0 25 19 18 2 1 22 25 25 2 1 2 1 3 25 21 28 25 7 35 24 25 7 1 2 24 10 1 34
split_gain=310323 99237.8 54150.3 24114.3 15760.4 14629.2 13921 10013.9 9776.56 8228.89 6888.94 5972.15 5961.02 5083.56 5045.13 5022.2 4646.21 4064.16 10855.8 5378.57 3590.4 3518.61 5005.12 3459.35 3267.52 3242.65 3180.67 3584.64 3054.93 2752.16 2745.14 2611.03 2549.52 2417.63 2251.45 2146.75 2016.09 1972.9 1964.79 1958.5 3498.74 1742.45 4450 2222.57 2931.39 2453.67 2102.68 1701.48 1689.74 1686.3 3770.96 1672.22 1565.73 1560.23 4514.61 1510.2 1485.45 1874 1589.65 1452.99 1355.93 1342.06
threshold=71.122566223144545 76.277057647705092 1.0000000180025095e-35 22.378716468811039 91.922958374023452 69.028213500976577 1.2464114427566531 99.81412506103517 1.5000000000000002 1.0000000180025095e-35 2.5000000000000004 2.5000000000000004 1.0000000180025095e-35 1.0000000180025095e-35 0.40924364328384405 114.50000000000001 0.2457704842090607 56.675579071044929 0.7207789719104768 1.0000000180025095e-35 48.331480026245124 71.122566223144545 1.0000000180025095e-35 99.494949340820327 1.0000000180025095e-35 98.742088317871108 1.0000000180025095e-35 0.83051237463951122 1.5000000000000002 0.97280043363571178 1.0000000180025095e-35 6.5000000000000009 5.5000000000000009 99.494949340820327 1.5000000000000002 0.53192183375358593 4.5000000000000009 86.391696929931655 5.0641026496887216 1.0000000180025095e-35 1.5000000000000002 1.5000000000000002 74.601570129394545 81.892700195312514 90.645832061767592 90.521114349365249 99.523811340332045 3.5000000000000004 1.0000000180025095e-35 43.500000000000007 4.5000000000000009 71.122566223144545 2.5000000000000004 3.5000000000000004 3.5000000000000004 93.84250640869142 86.391696929931655 92.084377288818374 2.5000000000000004 2.5000000000000004 92.718276977539077 0.39505343139171606
decision_type=8 2 2 2 2 2 2 10 2 2 2 2 2 2 2 2 2 10 2 2 2 10 2 2 2 10 2 2 8 2 2 8 2 2 2 2 8 2 2 2 2 2 2 2 2 2 2 2 2 2 2 10 2 2 2 10 2 2 2 2 2 2
left_child=6 3 4 9 7 8 17 10 20 31 11 21 24 -10 -13 -8 -6 -1 -19 -20 28 30 -23 -14 59 36 27 34 -5 -25 -3 38 -32 35 -4 -18 -11 53 -2 40 55 46 -43 -44 -45 -46 -24 56 -21 50 -41 -35 -47 -26 -55 -40 -39 58 -58 -12 -36 -7
right_child=1 2 26 5 16 61 15 -9 13 25 12 14 23 -15 -16 -17 33 18 19 48 -22 22 41 29 37 -27 -28 -29 -30 -31 32 -33 -34 51 60 -37 -38 47 39 49 -42 42 43 44 45 52 -48 -49 -50 -51 -52 -53 -54 54 -56 -57 57 -59 -60 -61 -62 -63
leaf_value=-0.099989897037347439 -0.10404803362322071 -0.075319668760844227 0.10979884067556021 0.027490170252600362 0.096619015829224955 -0.080824771143933133 0.078851626783703943 0.086437634185304868 -0.096787290780697005 -0.013972438233522467 0.035992583749056527 -0.060789500739502983 -0.047934834034477347 0.045434206294110574 0.12575403070099114 -0.069465494285357143 0.092868652748719485 -0.096256427644798359 -0.041334847710927325 -0.0040398922779755304 0.13086191389976046 0.09161716254428047 0.1215850347478567 0.10074789027810215 -0.0803273836061522 0.058666767790785571 0.10979942451754277 0.087746835610821958 -0.051183218545303791 0.015497696998172711 0.089718412142208506 -0.023637959926340935 -0.020580523975287257 0.042984253204446786 -0.089365014479211635 0.0020856412208011162 -0.072313027865832574 -0.092806425516098967 0.14716760790913749 -0.043083439260162025 -0.088023239326411401 -0.085171943783726334 -0.078458442040003434 0.14056999441753934 -0.039158648626508426 0.049181714495432356 0.024721327316647716 -0.059756596196166578 0.14003744086429865 0.085820046498420288 0.10836421779815947 0.096085593706526348 -0.0016113170399473034 0.27636717106210867 -0.068525672563367543 0.031578848141801542 -0.069825299296598142 0.0099796500917186254 0.24706491062070662 -0.40992426195985066 0.095352886937612957 0.084126183952926967
leaf_weight=229786.42205791548 774.82365456596017 6600.6744970455766 1081.8498598262668 7086.7334293071181 34987.087030705065 529.80209275521338 6366.1847842670977 17669.4409404248 63358.152444502339 13865.82141315937 4896.253065077588 1736.3926335647702 6051.7322964593768 2617.0729472190142 8784.3995606936514 3559.5462751816958 3189.5567545518279 28775.584710964933 5554.3780926838517 1067.6448476463556 1529.2388670947403 9834.7303672879934 2863.2743560411036 5216.6325327530503 21210.710407480597 3964.7267636656761 150837.0489866659 29011.189485557377 16260.675718918443 13817.100529022515 2741.9900636784732 4962.8996520452201 8890.2205363959074 12708.674532152712 2432.2268880046904 14207.539494089782 10340.935703113675 681.83293194696307 1363.6261126957834 3527.781230814755 2326.8278902247548 4927.9692749530077 2327.3612235691398 1982.0246469303966 6585.4306852631271 15516.762791801244 10312.469730705023 3554.3683226406574 3426.4687421359122 19858.401208199561 3079.0702153388411 11118.852044142783 9967.253067176789 488.27595550380647 1704.212172916159 6606.5494520608336 198.51672936975956 1740.4274379312992 781.42998652532697 74.179800547659397 475.00217247754335 7148.4097614642233
leaf_count=11333018 5995 116821 7838 51054 306745 5539 54735 144871 2647060 170950 43980 26402 67368 24001 56315 50215 16650 1358072 136958 10104 10646 87872 15928 29559 251360 21205 1700515 294135 378075 85334 16630 53973 78934 82737 12852 105693 268431 6122 16230 26114 44400 47999 19264 11498 61278 85439 66306 32997 24017 129807 19366 101602 58979 4661 21905 36448 1964 14328 4794 583 4901 59200
internal_value=-0.00339776 0.0370733 0.0625402 -0.0278283 0.0319907 -0.0598005 -0.0906363 0.0151475 -0.0710024 0.0167473 0.00694052 0.0240095 -0.0193545 -0.0911457 0.0949662 0.0256624 0.0698173 -0.0949338 -0.0650087 0.0244745 -0.0175803 0.0149663 0.0259587 0.0179231 -0.0458226 -0.0251647 0.103647 0.0755255 -0.0273032 0.0388625 -0.0238097 0.044529 0.00541957 0.0470708 -0.0133558 0.0187297 -0.0388951 -0.0581277 0.0535416 0.0568631 0.0198596 0.0141065 0.00400639 0.0160867 0.0225487 0.0152545 0.0457712 -0.0113711 0.10581 0.0712603 0.0274975 0.0677634 0.0293157 -0.072026 0.00828336 0.0513551 0.0391783 0.0722589 0.18287 0.0293376 -0.0591846 0.0727445
internal_weight=878943 600407 431205 169202 247368 98530.1 278536 171156 90851.9 70671.5 153487 93071 60415.7 65975.2 10520.8 9925.73 76211.7 268610 38824.1 10048.5 24876.6 82550.2 64317.3 25085.5 35330.2 28171.5 183837 33000.3 23347.4 19033.7 18232.9 42500 11632.2 41224.6 3989.08 17397.1 24206.8 30359.8 37537.1 36762.3 10297 54482.5 41306.8 36378.8 34051.5 32069.4 13175.7 6956.58 4494.11 26465.3 6606.85 23827.5 25484 23403.2 2192.49 7970.18 3402.21 2720.37 979.947 4970.43 2907.23 7678.21
internal_count=21028772 8061653 4093159 3968494 2072918 3175575 12967119 1459491 3110836 792919 1314620 749665 564955 2671061 82717 104950 613427 12862169 1529151 171079 439775 666948 454563 182261 382694 460586 2020241 319726 429129 114893 212385 332333 95564 306682 25591 122343 439381 338131 278360 272365 97078 366691 284457 236458 217194 205696 82234 60205 34121 175287 45480 184339 144418 277926 26566 52678 27208 21086 6758 44563 17753 64739
is_linear=0
shrinkage=0.1


Tree=22
num_leaves=63
num_cat=0
split_feature=7 3 9 9 11 0 7 1 0 1 1 0 7 9 25 2 26 6 4 3 6 1 0 1 7 22 7 13 25 24 11 26 26 27 18 25 3 28 2 2 25 2 25 25 1 4 18 25 1 2 0 11 7 33 0 0 11 29 35 24 11 1
split_gain=274954 86567.7 55438.6 25492.7 8799.85 8550.1 8520.08 16676.5 7601.73 6711.7 4893.76 4825.29 4709.65 4262.74 4236.78 3734.22 3515.54 3415.8 3682.98 2997.18 5175.61 4979.63 2776.35 2514.54 2502.91 2451.06 2446.55 2350.64 2854.5 3253.47 2199.39 2022.35 1942.23 1925.12 1811.36 1709.29 1721.98 1688.46 1602.59 1592.5 1583.02 1922.44 1566.43 1478.1 1620.48 1391.1 1709.86 1313.23 1796.87 1605.37 1645.35 1272.78 1245.64 1209.2 1204.59 1198.6 1159.01 1143.25 1074.59 1070.92 1060.12 1018.95
threshold=70.431396484375014 75.204917907714858 0.47222222387790685 0.47222222387790685 1.0000000180025095e-35 99.494949340820327 55.705244064331062 87.570224761962905 25.13157939910889 73.375530242919936 20.144927978515629 90.366767883300795 99.81412506103517 0.19090909510850909 1.5000000000000002 66.260162353515639 2.5000000000000004 1.0000000180025095e-35 0.87369275093078624 98.213714599609389 1.0000000180025095e-35 86.240703582763686 7.9473683834075937 99.494949340820327 70.431396484375014 1.0000000180025095e-35 75.766986846923842 1.0000000180025095e-35 2.5000000000000004 2.5000000000000004 1.0000000180025095e-35 1.0000000180025095e-35 1.0000000180025095e-35 1.5000000000000002 2.5000000000000004 2.5000000000000004 8.081632614135744 15.500000000000002 25.723738670349125 81.418708801269545 2.5000000000000004 86.391696929931655 2.5000000000000004 1.5000000000000002 93.582702636718764 0.77440893650054943 8.5000000000000018 2.5000000000000004 68.703357696533217 89.825496673583999 90.990257263183608 1.0000000180025095e-35 98.525791168212905 0.58325111865997326 46.709957122802741 30.860805511474613 1.0000000180025095e-35 21.500000000000004 2.5000000000000004 2.5000000000000004 1.0000000180025095e-35 90.521114349365249
decision_type=8 2 8 8 2 2 10 2 2 2 2 2 10 10 2 2 2 2 2 2 2 2 2 2 10 2 10 2 2 2 2 2 2 2 8 2 2 2 2 2 2 2 2 2 2 2 8 2 2 2 2 2 10 2 2 2 2 2 2 2 2 2
left_child=6 3 5 10 17 12 -1 45 22 14 30 16 19 37 38 -12 40 18 43 20 21 -3 35 47 61 -16 33 28 29 58 -2 -14 -32 -7 -24 -5 -37 56 -10 -23 -6 -42 -18 -4 -45 -8 -47 48 -21 -50 -51 -30 -34 -31 55 -40 -9 -15 -25 -20 -11 -19
right_child=1 2 4 8 11 26 7 13 9 60 15 -13 31 57 25 -17 42 24 59 23 -22 39 34 27 -26 -27 -28 -29 51 53 32 -33 52 -35 -36 36 -38 -39 54 -41 41 -43 -44 44 -46 46 -48 -49 49 50 -52 -53 -54 -55 -56 -57 -58 -59 -60 -61 -62 -63
leaf_value=-0.098678077474630588 0.055361212855254111 -0.0385555138713949 0.096104934936636563 0.039311509336207195 0.077845241675438437 0.10836921049984083 -0.096838575909462501 0.16869881587415406 -0.049406011991059443 0.094020429035423569 -0.092947476840134172 0.098345963902086483 -0.019312457818371799 0.13361264427317587 -0.089811436238834377 0.020469990690566407 0.012707529299743524 -0.081978332520204977 0.065768223508209725 -0.072522175605341785 0.15986635344281222 -0.017230472003759763 0.059036870243552399 0.02455700016059989 0.10726545205801766 0.045375855854881096 0.097668528335403723 0.020156397137195116 0.037378835328745981 0.16576542938996536 0.053161315670984303 0.1145913757037279 -0.060615262101354053 0.017008479634704022 0.01893632086369371 0.01372673432975437 -0.11573049984701218 -0.064059117400236842 0.059278663321398285 0.068289805561861414 -0.032569868980645129 0.090368329242857356 -0.061832188761946807 -0.04466949470003781 0.098987605170632167 0.10689861375262938 -0.063569725240315664 -0.048258851928345399 0.045837211954268618 -0.031241079914823527 0.052522181323743727 -0.062618297060538994 0.080627105970519378 0.02963085782096584 0.10376957856064106 -0.028479449543142035 0.011094395732840115 0.036513032729124713 -0.039605621121719455 0.10416196583848288 -0.0045842556374412089 0.056319145271018195
leaf_weight=208896.96559830196 2751.7697828672826 9601.3339074533433 1412.7083736807108 2487.6038721259683 10841.171829167753 2972.9569198936224 26958.373403953388 588.62546179257333 4576.1732884924859 4519.9965291302651 50681.575053926557 13412.856257364154 1416.4456316716969 4557.2825400978327 15753.563093258068 3079.3275084439665 7402.2102288678288 898.28194295614958 13107.243882916868 3958.0353523362428 2860.8586784936488 2634.4477917831391 26216.989364620298 4821.9464929737151 157902.74881116673 1465.9663986936212 13773.720439434052 47009.324485521764 1435.4950101301074 1660.0675300247967 1915.3662186414003 5536.7791296504438 13555.732826551422 10287.307936839759 19750.026187818497 1693.7017098087817 2612.1260936949402 2972.720618005842 2555.0921990163624 12550.946410045028 3508.9039213955402 1995.2518407031894 4553.5638327375054 4381.5238891132176 956.65703912079334 705.29767639935017 3550.1025323569775 14612.569589398801 5782.2044970951974 12752.216776911169 2873.4515368938446 11234.486887220293 654.54942304641008 1074.9869526326656 1554.2415685206652 3981.4577761888504 2250.9544234834611 1652.1547446027398 5690.7435088735074 16299.373732686043 1436.9628686867654 1309.2147612944245
leaf_count=11241675 44248 119859 10944 16297 76805 30075 1402311 5324 55186 41046 2353873 118451 7245 35089 652953 28383 40248 7357 139282 59588 17366 26927 180198 33000 1928650 8243 139772 267156 11601 9158 26091 50975 316652 57598 178621 11191 18829 64038 20364 71865 16336 14990 36491 27289 10314 6507 83749 170643 48415 148618 22747 150291 4270 5874 11357 37968 40342 12354 57191 178824 11386 7551
internal_value=-0.00327492 0.0349736 0.059258 -0.0271555 0.0906529 0.0164518 -0.0903151 -0.0499084 0.00884632 -0.0266905 -0.0710704 0.048942 0.00697665 0.0501657 -0.0460096 -0.0864511 0.0255278 0.0995179 0.0717572 0.00300234 0.032512 0.0178129 0.0329887 -0.00422381 0.105787 -0.0783024 0.0681515 0.00682563 -0.0173536 0.0151016 -0.0272678 0.0873137 -0.041368 0.0374916 0.0418074 -0.026682 -0.0648084 -0.0113821 -0.00211059 0.0534533 0.0556708 0.0119951 -0.0156822 0.00514673 -0.0189247 -0.0884512 -0.035316 -0.0243797 -0.0106236 0.000820588 -0.0158376 -0.0512887 -0.0541094 0.112259 0.0246398 0.00582459 0.0437647 0.107777 -0.0101756 0.0870489 0.0702346 4.2673e-05
internal_weight=825897 573764 412522 161242 237982 174540 252132 43235.5 88603.9 35843.5 72638.3 41714 147506 12021.7 29886.5 53760.9 28301.1 196268 36157.5 140553 27647.6 24786.7 52760.4 112906 160110 17219.5 27034 72927.1 25917.7 13247.7 18877.4 6953.22 16125.6 13260.3 45967 6793.43 4305.83 5812.3 12667 15185.4 16345.3 5504.16 11955.8 6750.89 5338.18 31213.8 4255.4 39978.5 25365.9 21407.9 15625.7 12670 14210.3 2735.05 8090.79 6536.55 2839.58 6209.44 10512.7 29406.6 5956.96 2207.5
internal_count=21028041 8136652 4119496 4017156 2613532 1505964 12891389 1649714 1243639 838503 2773517 303321 1278519 157147 786071 2382256 184870 2310211 366653 1220299 236017 218651 405136 984282 1943558 661196 227445 534271 267115 105223 391261 58220 347013 87673 358819 46317 30020 109704 124875 98792 108131 31326 76739 48547 37603 1492567 90256 450011 279368 219780 171365 161892 320922 15032 69689 58332 45666 47443 90191 318106 52432 14908
is_linear=0
shrinkage=0.1


Tree=23
num_leaves=63
num_cat=0
split_feature=7 9 4 4 0 34 7 22 25 2 3 22 28 25 6 13 18 7 27 25 7 4 9 0 18 34 9 25 28 29 3 27 25 0 4 2 25 8 0 2 2 27 33 11 9 25 2 0 9 6 7 6 2 8 25 2 7 9 26 4 34 33
split_gain=243775 76531.5 45520.6 27746.7 10902.4 10799.3 7995.48 7061.48 8137.67 7135.72 6216.28 5403.5 5192.43 4313.3 4125.63 3973.51 3956.02 3570.16 3269.96 4395.55 3221.82 8318.38 3883.67 3025.16 2980.79 2929.67 2861.7 2457.78 2282.89 2163.01 2032.09 1988.08 3355.85 1940.45 1969.6 1938.35 2165.92 1731.88 1722.82 1694.93 1604.74 1514.76 1473.81 1471.5 1693.09 1462.41 1437.5 1480.56 1409.4 1406.73 1386.59 1398.66 1368.46 1330.48 1265.85 1270.42 1251.42 1250.21 1221.21 1218.84 1204.71 1171.85
threshold=69.928676605224624 0.92582416534423839 0.87778618931770336 0.72802454233169567 99.494949340820327 1.203497648239136 99.81412506103517 1.0000000180025095e-35 1.5000000000000002 69.028213500976577 97.590011596679702 1.0000000180025095e-35 114.50000000000001 2.5000000000000004 1.0000000180025095e-35 1.0000000180025095e-35 1.5000000000000002 69.928676605224624 33.500000000000007 4.5000000000000009 56.675579071044929 0.86316624283790599 0.29285715520381933 85.565475463867202 4.5000000000000009 1.203497648239136 0.15476191043853763 1.5000000000000002 13.500000000000002 17.500000000000004 93.127067565917983 31.500000000000004 4.5000000000000009 91.54584121704103 0.95385909080505382 5.5946791172027597 4.5000000000000009 96.67456436157228 7.9473683834075937 92.422504425048842 89.825496673583999 1.5000000000000002 0.5031116008758546 1.0000000180025095e-35 0.64583334326744091 2.5000000000000004 41.728857040405281 26.158231735229496 0.19090909510850909 1.0000000180025095e-35 69.928676605224624 1.0000000180025095e-35 82.426471710205092 60.556919097900398 1.5000000000000002 80.901721954345717 88.737056732177749 0.47222222387790685 1.5000000000000002 0.65281102061271679 1.4992163777351382 0.53863993287086498
decision_type=8 8 2 2 2 2 10 2 2 2 2 2 2 2 2 2 10 10 2 2 10 2 10 2 8 2 10 2 2 2 2 2 2 2 2 2 2 10 2 2 2 2 2 2 10 2 2 2 10 2 10 2 2 10 2 2 8 10 2 2 2 2
left_child=5 2 7 11 6 20 10 8 24 -10 14 16 48 26 23 33 49 41 35 38 -1 -22 61 -4 46 50 28 29 -12 -18 52 32 -13 43 -35 -9 -37 -8 45 -17 -11 -6 -30 44 -15 -20 47 -2 -7 54 -5 -52 -29 -28 56 -56 -3 -41 -55 -26 -14 -23
right_child=1 3 4 25 17 12 37 18 9 40 13 31 60 15 -16 39 27 -19 19 -21 21 22 -24 -25 59 -27 53 30 42 -31 -32 -33 -34 34 -36 36 -38 -39 -40 57 -42 -43 -44 -45 -46 -47 -48 -49 -50 -51 51 -53 -54 58 55 -57 -58 -59 -60 -61 -62 -63
leaf_value=-0.099422961475730168 0.057179334895887529 0.21614657447594632 0.0062070235363514796 -0.002603599572879992 0.10415223501728875 0.010346847035630026 0.094671331031963318 -0.098531060403239362 -0.096875567163951862 -0.019427956729544407 0.02270732972839086 -0.050548972422155808 -0.095188890263793 0.036097227727572866 0.14254284393637662 0.090880750344872238 0.090066308339766699 0.099880010876869624 0.078762258293331389 -0.093481830537384042 -0.093410486170772106 0.11675855968546278 0.12521988492199995 0.075133675276688683 -0.07203686596576829 0.10610247759989172 0.087885997051724257 -0.088433016401089665 0.0059602653311029699 -0.023418442248445085 0.104123005531088 0.071855887538760446 0.089956551290757109 0.16926492624492351 -0.024928582699919769 -0.061667685852412418 0.080801520115290459 -0.031326077998267338 0.053397524397311116 -0.0090259366062489452 0.087303801077453377 0.015987345133051268 -0.047607851849785693 -0.069492371372089093 -0.34568853487618861 -0.069206111256662831 0.088399162507396892 -0.030830436714219547 0.10961437209786438 0.10356914835535319 0.060988720331274671 0.10414256373577224 0.12139039438349489 0.086589771560350054 -0.043808391051227767 0.11574209462674873 0.033189676062590323 0.056574843476965175 0.021830511863440837 0.012769621139187094 0.076487180713458044 -0.046943987343882998
leaf_weight=189010.92392444983 3151.4151778146625 389.37511919625103 14145.322537312284 2266.4002463668585 2437.3906748890877 2358.9955147616565 14895.704328745604 5062.255076892674 53315.785234954208 4734.060908742249 26640.488733932376 3973.6398904174566 3614.6317369751632 2160.502617828548 4349.1152955666184 2076.1829721033573 2144.1921819541603 24654.870789177716 928.85742253251374 3097.7821336146444 22548.272547258064 494.73988532833755 2708.4923911113292 11580.657597649843 7215.5466332938522 129765.80962742865 5587.3928181119263 8943.6086277104914 9966.6436480507255 7749.8446384556592 632.46737572923303 19525.265848197043 2970.6928073447198 745.37068070843816 1745.0651704892516 2869.4565492104739 1698.8579116873443 1177.1344192549586 12698.316347332671 28630.920131534338 2005.4581395573914 9720.0119005590677 10596.833384566009 18601.603990904987 122.75550388544798 2377.7029707580805 2680.6039524246007 4858.0643667578697 3632.972314093262 2361.9565088581294 18609.385431077331 12592.915258564055 322.02299632877111 3510.1617661342025 3936.2389465160668 571.51887691020966 9380.815134499222 3233.1902619302273 17087.485750887543 2214.8805669955909 460.87094314396381 3765.2270469851792
leaf_count=11307480 52722 3875 113990 15714 27334 25785 142087 125170 2509604 51651 188330 28407 70953 17393 31442 12371 18985 279293 8385 39134 1261473 7549 16290 69893 283040 1744708 41704 356011 69969 71517 8011 133833 19146 4156 15231 59773 17673 7498 100043 209491 13060 53378 148925 236037 1023 25044 17049 106560 31668 30438 191520 150643 3223 27657 95042 5749 45186 28371 107357 34538 3783 105794
internal_value=-0.00319601 0.03295 0.00168068 0.0775545 0.0285004 -0.0899594 0.0181946 -0.0509361 -0.0661796 -0.0846201 0.0114718 0.0211264 0.0113049 0.00203971 0.0524631 -0.0185163 -0.00385629 0.0780116 -0.00840115 0.0155517 -0.0946247 -0.0638986 0.0315949 0.0372346 -0.0111389 0.0992988 0.0180936 -0.0340709 0.00338628 0.00117547 -0.0693027 0.0555118 0.00955741 -0.0502434 0.0331922 -0.0559128 -0.00868645 0.0854436 0.0366555 0.00333472 0.0123319 0.0336632 -0.0216446 -0.0601927 0.0155712 -0.0276398 0.0250122 0.00379795 0.0705334 0.0320821 0.0729195 0.0784052 -0.0811407 0.0446066 0.0202562 -0.0235797 0.0404811 -0.00236955 0.0328665 -0.0521188 -0.0757752 -0.0279321
internal_weight=777305 548710 322574 226136 213665 228595 176853 108909 80175.8 60055.3 160780 62901.6 10067.5 130705 30075.1 57315.6 36432 36812.3 28733.2 19102.7 218528 29516.7 6968.46 25726 20120.5 163235 73389 19792.1 47204 9894.04 9898.1 26469.6 6944.33 23375.3 2490.44 9630.57 4568.31 16072.8 16004.9 33940.3 6739.52 12157.4 20563.5 20884.9 2283.26 3306.56 10690.1 8009.48 5991.97 16639.9 33468.7 31202.3 9265.63 26185 14277.9 4507.76 9770.19 31864.1 20597.6 9430.43 4075.5 4259.97
internal_count=21029159 8198384 5276376 2922008 1832930 12830775 1472925 3443446 3068224 2574315 1323340 819423 132189 1108015 215325 524073 638037 360005 375222 172606 12698586 1391106 129633 183883 493909 2102585 583942 457747 407224 90502 367245 181386 47553 273840 19387 202616 77446 149585 133472 250233 64711 80712 218894 254453 18416 33429 176331 159282 57453 180290 357877 342163 359234 176718 149852 100791 49061 237862 135014 317578 74736 113343
is_linear=0
shrinkage=0.1


Tree=24
num_leaves=63
num_cat=0
split_feature=7 9 4 4 0 34 7 22 25 2 18 3 28 6 7 25 13 24 7 0 11 27 25 24 0 6 22 18 9 7 22 25 19 25 2 24 25 0 11 24 27 8 0 2 7 2 0 6 34 7 28 8 2 9 25 33 2 11 27 8 24 0
split_gain=216025 68463.5 39305.6 26909.2 9872.06 9440.59 7024.08 6824.48 7547 6034.9 5277.5 4795.34 4625.95 4053.69 3547.66 3532.08 3446.86 3289.04 2877.5 7536.81 3938.63 2786.19 3713.26 3064.47 2754.25 2668.72 3619.1 2597.22 2152.3 2065.78 1852.29 2024.14 2484.33 1831.13 1864.74 1777.05 3448.8 2928.56 2143.78 1745.53 1739.02 1737.96 1673.55 1527.42 1518.3 1445.92 1424.93 1398.41 1378.55 1543.73 1321.63 1297.68 1293.94 1272.78 1257.76 1252.22 1209.32 1189.08 2927.7 1355.79 1148.07 1140.19
threshold=69.255905151367202 0.92582416534423839 0.87146088480949413 0.85092949867248546 99.494949340820327 1.1898595094680788 99.81412506103517 1.0000000180025095e-35 1.5000000000000002 69.028213500976577 2.5000000000000004 98.213714599609389 106.50000000000001 1.0000000180025095e-35 74.637378692626967 2.5000000000000004 1.0000000180025095e-35 2.5000000000000004 55.705244064331062 64.425609588623061 1.0000000180025095e-35 33.500000000000007 4.5000000000000009 2.5000000000000004 86.222713470458999 1.0000000180025095e-35 1.0000000180025095e-35 4.5000000000000009 0.15476191043853763 69.255905151367202 1.0000000180025095e-35 1.5000000000000002 0.20220256596803668 1.5000000000000002 87.007671356201186 3.5000000000000004 3.5000000000000004 90.815368652343764 1.0000000180025095e-35 2.5000000000000004 1.5000000000000002 96.308681488037124 9.3386626243591326 74.601570129394545 88.737056732177749 95.488464355468764 7.9473683834075937 1.0000000180025095e-35 1.0000137090682986 59.032005310058601 18.500000000000004 49.659801483154304 88.185440063476577 0.19090909510850909 2.5000000000000004 0.555497705936432 43.792808532714851 1.0000000180025095e-35 1.5000000000000002 94.293117523193374 2.5000000000000004 7.9473683834075937
decision_type=8 8 2 2 2 2 10 2 2 2 8 2 2 2 10 2 2 2 10 2 2 2 2 2 2 2 2 8 10 10 2 2 2 2 2 2 2 2 2 2 2 10 2 2 10 2 2 2 2 10 2 10 2 10 2 2 2 2 2 8 2 2
left_child=5 2 7 10 6 18 11 8 27 -10 25 13 53 24 40 17 35 28 -1 -20 48 23 46 -9 43 26 33 56 50 -5 31 -12 -33 44 -35 37 38 -17 -37 -39 -6 -8 -25 -4 -3 -18 54 60 49 -21 -13 -30 -11 -7 -23 -52 -2 58 -47 -60 -31 -32
right_child=1 3 4 29 14 12 41 21 9 52 30 15 -14 -15 -16 16 45 -19 19 20 -22 22 -24 42 -26 -27 -28 -29 51 47 61 32 -34 34 -36 36 -38 39 -40 -41 -42 -43 -44 -45 -46 57 -48 -49 -50 -51 55 -53 -54 -55 -56 -57 -58 -59 59 -61 -62 -63
leaf_value=-0.099318780705268728 0.0055511806792634157 0.17288136030903728 -0.0530057570832589 0.0034273110356481326 0.10577284796951536 0.0068034459104186987 0.091345480880367633 -0.10070518979886323 -0.096193160660449584 -0.023534458618648807 0.0076509289360630634 0.010988237935408702 -0.074656434468119259 0.13825985662971466 0.099313396756876005 -0.073787312399091712 0.082943935459413198 0.089395662248127672 -0.092099195865877503 0.52891085332273835 -0.023723616395093121 0.070227299633441112 -0.089580052975432312 -0.067731484057838284 0.069573807314990063 0.10665193393626034 0.074896354467753418 -0.051595173393519322 0.095015437684909498 0.057655145047355777 -0.047813387555567098 -0.087809791867944437 0.047886014244895754 -0.045231196014516542 0.10574544122825831 0.041020049687096383 -0.056317651863101614 0.15716921936517941 0.30888067265513081 -0.020861202499467744 0.015520027646384963 -0.026991390723440839 0.069646028054718909 0.021404197886495717 0.024562210031161626 0.11150988673264149 0.047796917384210366 0.10632065645238187 -0.0080450517723120087 0.16146953102706152 0.00047577924136481378 0.025186726577073604 0.073941143475674195 0.10345571530887049 -0.066269612159771771 -0.053034878630847208 0.091677968865550616 -0.014354467283969672 0.10564275923687405 -0.030213633342158187 0.10016251446811249 0.036086225165947845
leaf_weight=169336.14790100232 8327.3567762617022 728.37084942311049 3575.3376090805978 2178.4177690520883 2673.2368937060237 2272.8414313755929 14013.883552853018 5467.9234044142067 48732.549721377902 4026.1660515796393 7410.7666696403176 26429.698554113507 4101.1114442832768 4094.5231023952365 21718.55065625906 16827.583937849849 2125.2199296504259 5657.1314477119595 21804.742509839125 123.90692691225559 4022.346190107055 955.13551691174507 2928.2854235507548 1442.4796540196985 11074.479167852551 6278.633627500385 14443.761430183426 8748.1431376431137 3041.0584791041911 11860.832727350295 1959.4147429689765 7353.1035782899708 1652.3970373291522 7063.7938979007304 925.24346658214927 712.79034435003996 2177.5689461305737 875.28708242252469 514.42522361502051 1485.2402108199894 10601.954588472843 1361.6717420741916 2301.767348870635 12077.029578704387 13163.623481251299 2887.5312641263008 12859.446328090504 113604.42635319009 450.97340562194586 1480.7689485773444 9409.9692989140749 21313.343416694552 2057.9075513407588 3401.5783250778913 2302.324115684256 8170.2947909794748 2027.1640400737524 22826.418843414634 856.05483070760965 5176.2333813980222 13685.009832181036 9344.9695402868092
leaf_count=11166967 163485 7404 38931 14738 31918 26387 142240 151943 2538780 45880 80968 193159 83668 31679 269458 221896 12629 36769 1317135 2949 121154 8437 39326 28412 66731 89152 111275 318166 23970 140682 13690 317618 17391 154408 11179 4359 25630 5271 4030 14133 59796 8692 26346 89324 68066 26173 100977 1672881 3313 10441 67718 142761 13548 30244 25278 131110 12457 166910 8545 36799 175425 57820
internal_value=-0.00313444 0.0309487 0.00130788 0.074902 0.0258948 -0.0896627 0.0162838 -0.0496281 -0.0656069 -0.0844694 0.0243542 0.010128 0.00626068 0.0456043 0.0744202 0.00174833 -0.0170893 0.0161178 -0.0944173 -0.0646499 0.033824 -0.00782848 0.0140103 -0.0529778 0.0314096 0.0464516 0.0360462 -0.0114795 0.0100541 0.100054 -0.00960692 -0.0310575 -0.0629113 0.0104011 -0.027746 -0.0473414 0.0192374 -0.0591553 0.153302 0.0451527 0.0336943 0.0808655 0.016721 0.00440736 0.0323387 0.00308946 0.0328316 0.101567 0.146429 0.189842 -0.00314514 0.033906 0.00943618 0.0647425 -0.0262467 -0.0243929 0.0224127 -0.00225632 0.0287037 -0.010934 0.0804265 0.0215437
internal_weight=732500 525506 313853 211653 211677 206994 176683 102177 73919.3 54816.6 70324.1 161307 9775.53 30821.4 34993.7 130486 56464.4 74021.5 197219 27882.7 6078 28257.4 19045.2 9212.17 26726.8 42603.4 36324.8 19102.7 68364.4 141329 27720.7 16416.3 9005.5 21881 7989.04 22592.9 3404.78 19188.1 1227.22 2360.53 13275.2 15375.6 3744.25 15652.4 13892 33871.5 16116.9 139150 2055.65 1604.68 44010 24354.4 6084.07 5674.42 3257.46 17580.3 10354.5 31746.2 8919.82 6032.29 25545.8 11304.4
internal_count=21028621 8266363 5333666 2932697 1860631 12762258 1499459 3473035 3092316 2598208 928971 1348527 140299 226665 361172 1121862 526375 595487 12621959 1454992 137857 380719 174018 206701 194986 441484 352332 494108 558718 2003726 487487 415977 335009 241057 165587 275319 34019 241300 8389 19404 91714 150932 54758 128255 75470 251056 134692 1988988 16703 13390 391987 166731 59428 56631 33715 198828 175942 238427 71517 45344 316107 71510
is_linear=0
shrinkage=0.1


Tree=25
num_leaves=63
num_cat=0
split_feature=7 9 3 4 0 1 7 7 1 1 22 25 8 11 21 7 25 24 2 3 13 2 0 7 25 7 20 27 24 1 9 27 8 4 29 6 27 25 24 1 1 1 30 16 8 27 19 26 4 17 21 22 9 26 26 24 19 27 11 27 27 19
split_gain=190907 61432.8 34619.2 25911.6 9666.66 9520.59 7010.19 6279.59 12192.5 5573.03 5306.84 6246.12 3864.85 8870.21 3602.08 3521.63 2545.72 3660.36 2456.86 2678.8 2454.5 2362.4 2162.1 2141.33 2107.21 2000.66 1982.42 1840.31 3449.83 1792.64 1767.61 1711.46 1704.43 1688.71 1603.99 1522.94 1507.69 2000.86 1596.36 1439.52 1404.63 1393.56 1318.85 1309.65 1447.41 3381.86 2169.67 1287.79 1283.67 1686.14 1245.79 1171.58 1170.41 1557.72 1288.67 1168.5 1153.75 1123.12 1062.91 1059.08 1049.19 2134.35
threshold=68.524993896484389 0.92582416534423839 69.666328430175795 0.85092949867248546 99.494949340820327 21.483516693115238 99.81412506103517 53.178024291992195 90.521114349365249 93.957649230957045 1.0000000180025095e-35 1.5000000000000002 91.239036560058608 1.0000000180025095e-35 1.0000000180025095e-35 74.637378692626967 2.5000000000000004 2.5000000000000004 86.616912841796889 96.60919570922853 1.0000000180025095e-35 66.260162353515639 90.815368652343764 99.81412506103517 1.5000000000000002 68.524993896484389 0.93757769465446483 31.500000000000004 2.5000000000000004 88.273490905761733 0.19090909510850909 1.5000000000000002 98.051864624023452 0.62613233923912059 17.500000000000004 1.0000000180025095e-35 34.500000000000007 4.5000000000000009 2.5000000000000004 5.0641026496887216 8.8562092781066912 98.437118530273452 11.500000000000002 5.5000000000000009 97.375312805175795 1.5000000000000002 0.37405799329280859 1.0000000180025095e-35 0.76672235131263744 1.0000000180025095e-35 1.0000000180025095e-35 1.0000000180025095e-35 0.23611111193895343 1.5000000000000002 1.0000000180025095e-35 2.5000000000000004 0.21428121626377108 1.5000000000000002 1.0000000180025095e-35 2.5000000000000004 14.500000000000002 0.20220256596803668
decision_type=8 8 2 2 2 2 10 10 2 2 2 2 8 2 2 10 2 2 2 2 2 2 2 10 2 10 2 2 2 2 10 2 10 2 2 2 2 2 2 2 2 2 2 8 8 2 2 2 2 2 2 2 10 2 2 2 2 2 2 2 2 2
left_child=7 2 5 9 6 23 12 -1 48 10 11 33 13 -4 57 31 17 52 20 29 22 24 -18 36 -7 59 -8 28 -12 -20 58 -6 43 34 -3 55 38 47 -2 -29 -30 -21 -36 44 50 46 -46 -38 -9 -50 -14 -26 54 -54 -15 60 -13 -10 -16 -5 61 -27
right_child=1 3 4 25 15 21 26 8 14 -11 27 56 32 16 30 -17 18 -19 19 41 -22 -23 -24 -25 51 35 -28 39 40 -31 -32 -33 -34 -35 42 -37 37 -39 -40 -41 -42 -43 -44 -45 45 -47 -48 -49 49 -51 -52 -53 53 -55 -56 -57 -58 -59 -60 -61 -62 -63
leaf_value=-0.098106813258638459 -0.083450175969271276 0.069391713479924691 0.088049906992581306 0.078930032709499776 0.10554307398688684 -0.04699297757921253 0.10056002816926631 -0.096646307550829411 0.078110706165614663 0.10824649014826671 -0.085154260937073331 -0.073062984812293938 -0.052429753879646782 0.060630521520013782 0.13948720165735595 0.0974147939106213 -0.05691115860028069 0.10174746592597282 -0.068088149936991929 -0.050206246861261405 0.11873526660038665 0.03512564103915837 0.11829970322377825 0.046521210402334083 -0.10022069937210976 -0.014546588816965526 0.02797532553573559 -0.11952074317032338 -0.058991502211291375 0.091907999817396405 0.13349145754212149 0.013546539888058609 0.050304669487078138 0.084968713205747309 -0.049228118065219414 0.10541521504658145 0.13661481351550403 -0.087761710461128378 -0.0040189913288584556 0.069509735646529167 0.089096112207051714 0.0070389095050391263 0.015730245884461459 -0.034627590529825947 -0.035841322280717042 -0.023950807992046894 0.090612386072580597 0.0036079017478839667 -0.063011295593068173 0.1108762382608251 0.024517637250381755 0.0037200747256516536 0.077896066834285141 0.015336588272069476 -0.010539430531977097 0.098361437922650008 0.0043776734671519745 -0.080238269147717617 -0.0030533253733852146 -0.061433563528949686 0.10623147760419756 0.085949732534516043
leaf_weight=151635.59424874652 6502.7364842789248 3684.3800382409245 15377.080975452438 996.33571434393525 2492.3312692306936 10779.725626223721 10643.730405887589 21662.766032354906 559.48819593619555 6838.2178532294929 2640.042954351753 12557.865698114038 8172.2804844006896 2870.9318021098152 677.66531697940081 20022.696051262319 15920.582467178814 5082.7672334769741 818.59447072073817 5840.567701023072 918.75831704959273 1666.2217477988452 736.89131991192698 5238.4673686176538 36541.68400450889 4170.2163569778204 5820.3305441774428 412.19513003528118 790.65548142232001 4845.2058316729963 3624.4318927526474 10720.198902986944 3854.0225760377944 3646.0550694838166 4534.0258204024285 103823.25449720025 772.67985514178872 2406.1279231887311 4141.663618484512 17789.394254293293 3372.7795402556658 15640.322658233345 10061.351067984477 26387.280806406401 1741.1174536272883 10495.560773611069 6147.8597421292216 12572.832920392044 3963.4857974760234 648.94711651001126 2833.5929278265685 1117.5943044442683 5026.9623381961137 19113.952495151199 22353.848694496788 12641.088826656342 2271.9175406536087 2246.0676257926971 2294.2097768168896 1167.3803718686104 2883.918880879879 4284.6134185343981
leaf_count=10879398 221777 26357 149505 5837 32273 373932 116309 1504824 7497 102710 22713 469901 68023 16375 6180 269374 228624 34819 7051 69828 4958 15012 4358 39534 2364280 49112 46401 1998 4336 27600 30287 60466 21250 33880 32932 1674252 8643 38077 91176 132603 21175 99710 72787 289221 28880 102171 47559 142517 128579 6988 20787 16337 39873 117913 181615 175970 17259 56355 68254 8789 34246 57510
internal_value=-0.00302155 0.0290047 0.000868253 0.0723102 0.021205 -0.0548321 0.0125289 -0.0892255 -0.051478 0.0225878 0.0131035 -0.0110742 0.00663333 0.0173811 0.0462496 0.0709722 0.00642325 0.0209437 -0.0112556 0.00760497 -0.0403838 -0.0819499 -0.0491602 -0.0118808 -0.0859771 0.0985546 0.0749001 0.0486429 0.00426968 0.0687836 0.0866169 0.0309002 -0.014012 0.0228284 0.010434 0.100169 -0.0234711 -0.00382467 -0.052544 0.0652289 0.0609736 -0.00852582 -0.00444895 -0.018456 -0.00393688 0.0132335 0.0627037 0.0113087 -0.0864472 -0.0385462 -0.0326187 -0.0971361 0.012624 0.0283636 -0.0024393 0.077455 -0.0611991 -0.0486601 0.0294496 0.00320027 0.0541472 0.0363814
internal_weight=691496 504183 305617 198566 223877 81739.7 190642 187313 35677.1 68598.9 61760.7 36755.6 174178 114546 9401.86 33235.2 99169.4 54448.5 44720.9 27144.7 17576.2 50105.2 16657.5 31634.5 48439 129967 16464.1 25005.1 6803.48 5663.8 6596.31 13212.5 59631.7 21925.8 18279.8 127803 26396 15751.6 10644.4 18201.6 4163.44 21480.9 14595.4 55777.7 29390.4 18384.5 7888.98 13345.5 26275.2 4612.43 11005.9 37659.3 49365.7 24140.9 25224.8 23979.8 14829.8 2805.56 2971.88 2163.72 11338.7 8454.83
internal_count=21028957 8340595 5396228 2944367 2084943 3311285 1722830 12688362 1808964 938651 835941 653116 1560120 982229 168573 362113 832724 390595 442129 204189 237940 2769561 232982 541724 2754549 2005716 162710 182825 48224 34651 104721 92739 577891 165956 132076 1991090 502190 189237 312953 134601 25511 169538 105719 556641 267420 178610 76439 151160 1640391 135567 88810 2380617 355776 157786 197990 316838 487160 63852 74434 14626 140868 106622
is_linear=0
shrinkage=0.1


Tree=26
num_leaves=63
num_cat=0
split_feature=7 3 11 7 0 34 0 1 25 11 6 29 25 24 27 1 2 13 27 4 3 0 7 0 11 16 7 22 1 27 0 29 25 25 2 1 7 24 25 10 26 34 26 10 26 7 20 25 1 11 7 32 24 8 10 31 29 8 30 1 1 25
split_gain=169109 50960 33560.2 30068 16751.9 7649.93 7182.43 5396.46 4628.58 4574.64 4189.68 3786.36 3633.7 4535.4 3432.14 3569.99 3215.35 2913.18 2907.79 2887.3 2810.94 2664.54 2583.74 6255.92 3626.55 2576.71 2218.87 2167.49 2029.16 1732.23 2145.97 1928.45 1826.19 2677.19 1673.43 1588.93 1507.99 1400.11 3157.1 1369.12 1844.19 1350.71 1286.55 1796.9 3042.63 1272.63 1255.53 1138.52 1674.61 1120.46 1187.01 1102.41 1089.23 1071.74 1023.66 1008.92 995.425 985.677 921.008 917.751 914.988 1561.46
threshold=68.020618438720717 71.039428710937514 1.0000000180025095e-35 68.020618438720717 25.13157939910889 1.1898595094680788 99.494949340820327 73.375530242919936 1.5000000000000002 1.0000000180025095e-35 1.0000000180025095e-35 21.500000000000004 2.5000000000000004 2.5000000000000004 7.5000000000000009 77.032970428466811 86.616912841796889 1.0000000180025095e-35 1.5000000000000002 0.8857233226299287 96.720428466796889 90.990257263183608 54.071052551269538 62.98833084106446 1.0000000180025095e-35 4.5000000000000009 98.742088317871108 1.0000000180025095e-35 88.493064880371108 37.500000000000007 9.3386626243591326 20.500000000000004 4.5000000000000009 1.5000000000000002 47.673160552978523 98.61084365844728 98.006622314453139 3.5000000000000004 3.5000000000000004 1.0000000180025095e-35 1.5000000000000002 1.0000137090682986 1.0000000180025095e-35 1.0000000180025095e-35 1.5000000000000002 56.675579071044929 0.95146238803863536 1.5000000000000002 94.360820770263686 1.0000000180025095e-35 68.020618438720717 3.5000000000000004 2.5000000000000004 35.855562210083015 1.0000000180025095e-35 0.59028172492980968 17.500000000000004 45.078563690185554 5.5000000000000009 82.972846984863295 79.337715148925795 1.5000000000000002
decision_type=8 2 2 10 2 2 2 2 2 2 2 2 2 2 2 2 2 2 2 2 2 2 10 2 2 10 10 2 2 2 2 2 2 2 2 2 10 2 2 2 2 2 2 2 2 10 2 2 2 2 10 2 2 10 2 2 2 10 2 2 2 2
left_child=5 4 3 14 9 22 12 8 34 29 19 -7 13 39 15 -3 17 21 25 47 28 37 -1 -24 41 -17 42 -10 -18 30 -2 -31 33 56 36 -22 -6 55 59 -4 -41 45 -11 -44 -45 54 -28 -5 -49 50 -9 -37 -21 -26 -25 -14 -32 -42 -27 -39 61 -15
right_child=1 2 6 10 7 11 -8 49 27 26 -12 -13 16 60 -16 18 20 -19 -20 52 35 -23 23 24 53 58 46 -29 -30 31 32 -33 -34 -35 -36 51 -38 38 -40 40 57 -43 43 44 -46 -47 -48 48 -50 -51 -52 -53 -54 -55 -56 -57 -58 -59 -60 -61 -62 -63
leaf_value=-0.09894511243861473 -0.064515922639669709 -0.079642661278683594 -0.0033183291950940616 0.084352810464202899 -0.055964206750838533 0.078479373566227653 0.084392339511994263 -0.096830227459333243 -0.095634185188637921 0.058052795107790836 0.10243158200622614 -0.057556894258285168 -0.094797629482361589 0.12082169400383212 -0.051078123766700026 0.096651705427524257 -0.062584334146979489 0.10459729990649427 0.0046644008067337501 0.059052751319442834 -0.049049305479342456 0.112817380598855 -0.092217883986139629 0.22499209011372434 0.11827337393017795 -0.076105058874681386 0.10017735357439264 0.018849953485716043 0.079075016487381133 0.069607759793413562 0.097131326878394639 0.0092469873799345924 0.099722736301394554 -0.052303355723008808 0.10141582142345716 0.041222405468263661 0.0084525044135590321 0.0019751229718642273 -0.058469231390322951 0.070165100518888121 0.10449765331846975 -0.014742955452598211 -0.070780318921339763 0.094051811441268118 -0.037613240611508371 0.16380002447357775 -0.014106667212591271 -0.019007244178630769 0.10478911246502698 -0.015326478947761665 0.10201965435947663 -0.0098347241324368458 0.1008327615875345 -0.04648799415198987 0.97651660028474141 -0.048273198942422345 0.020295267108526676 0.008830092842416315 0.047468837519479674 0.26438292121310264 0.12683174118666424 -0.026866614105471271
leaf_weight=137017.69034354668 3447.9584096809849 3528.4448961270973 33275.83437856473 2066.7099233418703 12256.66308700107 3799.5423093233258 12133.731150548905 341.88425717223436 37993.638278385624 1406.9515041504055 124048.06882955506 4433.3848490398377 7620.5480544604361 1560.4460259405896 9907.8310763519257 8047.3023758307099 1191.5157426185906 1279.4880781751126 20579.324484635144 11613.573257025331 7593.170471444726 958.00533138215542 18587.058419388719 36.973022277466953 443.9255541684106 1344.9504892956465 2065.9854275872931 1728.99646106828 6680.8022492602468 14559.290072310716 2319.8754226872697 8316.3385192500427 2568.4385794382542 4775.2834325665608 921.44240392930806 5844.9461236521602 5165.8049325998873 180.75965287815779 1696.9043877916411 7201.7248112149537 1125.7562726680189 439.84618022665381 10460.742336901836 2138.8608749136329 9782.7280427096412 1401.429103128612 1797.8145882310346 6720.4007466435432 1304.8513703644276 2398.7119433628395 2461.8728113193065 15295.44055127725 13485.898967005312 3567.6471358761191 35.5530218873173 12002.806094107218 6171.5484790513292 24853.520023170859 1093.4952366072685 507.43888589739799 4035.19752923958 1322.6660468326882
leaf_count=10949385 35314 85943 251671 17603 351078 38967 158906 5334 2619527 28836 2085734 92679 119570 12052 147428 71078 10158 6828 118431 147281 92300 5696 1369744 2002 14630 12343 11974 18087 38912 117204 19690 75842 20894 117545 7417 37228 47353 2519 25438 62058 6606 3248 379826 20932 164621 11646 10206 47944 17552 45877 25844 99442 194004 140766 909 153700 49745 155623 9257 3696 23878 10857
internal_value=-0.00294579 0.0272197 0.0472423 0.0734837 -0.0254546 -0.0888033 0.0107129 -0.0627231 -0.0714649 0.00832118 0.0937921 0.00522461 0.0040525 0.0190361 0.000814289 0.0156766 -0.0140148 -0.0422592 0.0265032 0.0633383 0.00469299 -0.0504407 -0.0935957 -0.0636943 0.0257803 0.0693641 -0.023286 -0.0906511 0.0576341 0.0290532 0.00697533 0.0476639 0.0225419 0.00759966 -0.0299185 -0.00981164 -0.0368645 -0.0575472 0.0147996 0.0110145 0.0253882 0.139046 -0.0347019 -0.0405325 -0.0139911 0.184938 0.0470013 0.018166 0.0011212 0.0348471 0.0777723 0.00428168 0.0815011 -0.0282553 0.593397 -0.0663405 0.041287 0.0129756 -0.0206896 0.19546 0.0960916 0.0530677
internal_weight=652945 483182 350102 203741 133081 169763 146361 63269 58066.5 69811.8 159240 8232.93 134227 73375.1 44501.3 34593.5 60851.8 24246 31065.1 35191.4 36605.9 22966.5 161530 24512.4 5925.37 10485.7 27653.1 39722.6 7872.32 42158.7 19283.1 22875.6 15835.1 13266.7 18343.9 28733.6 17422.5 22008.5 2385.1 66456.8 33181 1913.8 23789.3 22382.3 11921.6 1473.96 3863.8 10092 8025.25 5202.47 2803.76 21140.4 25099.5 4011.57 72.526 19623.4 8491.42 25979.3 2438.45 688.199 6918.31 2883.11
internal_count=21028858 8404882 4231736 2954598 4173146 12623976 1277138 3120517 3043462 1052629 2510118 131646 1118232 522745 444480 297052 595487 317447 211109 424384 278040 310619 12492330 1542945 173201 92678 616395 2637614 49070 436234 243188 193046 207874 186980 405848 228970 398431 304923 31653 475958 224287 17805 594215 565379 185553 14557 22180 83099 65496 77055 31178 136670 341285 155396 2911 273270 69435 162229 21600 6215 46787 22909
is_linear=0
shrinkage=0.1


Tree=27
num_leaves=63
num_cat=0
split_feature=7 9 3 4 0 34 0 1 7 9 22 25 28 7 4 9 8 11 34 18 25 24 20 7 18 13 1 1 30 25 4 26 20 24 29 4 25 3 1 30 1 1 8 13 9 4 25 25 0 27 31 27 24 27 7 20 16 27 4 11 20 35
split_gain=150071 48211.3 25360.5 23061.9 9234.46 8256.03 7769.29 4743.91 4533.68 3839.12 3779.54 4582.2 3343.13 3064.83 6596.04 3812.58 2560.72 5406.56 2312.78 2296.01 2224.44 2482.68 2055.43 1930.25 1697.05 1661.63 1545.57 1461.79 1814.55 1456.79 1443.12 1383.39 1309.96 1307.01 1254.55 1136.05 1972.58 1606.62 1724.41 1100.93 1089.33 1088.15 1079.85 1092.49 1072.65 1071.99 1038.42 1031.09 1017.8 1751.91 1134.76 1013.56 1718.55 1001.22 1138.35 950.761 968.375 1170.53 1254.52 941.402 922.31 916.166
threshold=69.255905151367202 0.92582416534423839 65.26175689697267 0.86112210154533397 22.378716468811039 1.1898595094680788 91.922958374023452 93.957649230957045 99.81412506103517 0.34848485887050634 1.0000000180025095e-35 1.5000000000000002 136.50000000000003 54.071052551269538 0.71311652660369884 0.29285715520381933 90.632698059082045 1.0000000180025095e-35 1.203497648239136 5.5000000000000009 2.5000000000000004 2.5000000000000004 0.93757769465446483 97.642425537109389 3.5000000000000004 1.0000000180025095e-35 8.054054260253908 99.494949340820327 1.5000000000000002 1.5000000000000002 0.62613233923912059 1.5000000000000002 0.8250391185283662 2.5000000000000004 18.500000000000004 0.89950534701347362 1.5000000000000002 98.147510528564467 90.521114349365249 12.500000000000002 91.922958374023452 88.273490905761733 98.051864624023452 1.0000000180025095e-35 0.23611111193895343 0.79556280374526989 2.5000000000000004 1.5000000000000002 99.494949340820327 1.5000000000000002 0.4692112803459168 31.500000000000004 2.5000000000000004 7.5000000000000009 57.207792282104499 0.30129551887512213 2.5000000000000004 1.5000000000000002 0.97837045788764965 1.5000000000000002 0.93142712116241466 3.5000000000000004
decision_type=8 8 2 2 2 2 2 2 10 10 2 2 2 10 2 10 8 2 2 8 2 2 2 10 8 2 2 2 2 2 2 2 2 2 2 2 2 2 2 2 2 2 10 2 10 2 2 2 2 2 2 2 2 2 10 2 8 2 2 2 2 2
left_child=5 2 4 7 19 13 8 10 16 23 11 30 40 -1 -15 55 17 60 33 26 21 35 -10 32 51 -22 46 -27 -29 -6 34 44 48 -5 -3 36 -19 -37 -39 -36 -7 -31 43 -18 -28 -13 -2 -46 50 -50 -8 52 -12 54 -17 56 57 58 -16 -24 -4 -40
right_child=1 3 6 18 29 12 9 -9 22 -11 24 45 -14 14 15 53 42 20 -20 -21 25 -23 59 -25 -26 27 31 28 -30 41 -32 -33 -34 -35 39 37 -38 38 61 -41 -42 -43 -44 -45 47 -47 -48 -49 49 -51 -52 -53 -54 -55 -56 -57 -58 -59 -60 -61 -62 -63
leaf_value=-0.098595505752399878 0.039585130043869959 0.0440132120456838 0.083291751408683209 0.046296366250241992 -0.048418939704741031 -0.041531488713349038 -0.005575671143125494 0.1057112950448145 0.094812091975409907 0.095133243479912533 -0.069895070532505751 -0.064617721417771695 -0.071165145931121512 -0.094069856987260989 -0.033940910486778879 0.39569828309114941 -0.035908137802212713 0.033212233391520414 0.10322359218280182 -0.054046769654577637 -0.036650524304374238 0.082452222952191609 -0.0096416795125611101 0.10121788406911775 0.0055368715671336756 -0.050963735829364976 0.027468474628089403 0.0043401245987721056 0.10475766682910204 -0.096161546877275794 0.078076549926595296 -0.0033738959338376253 0.080759296323935137 0.096366607055840922 -0.0440593766276344 0.070029403759443443 -0.06888842036900665 -0.031457765728557921 0.032283065613048188 0.017693814455648604 0.075181770502295214 0.070376070791446685 0.03855392465850932 -0.0056756187623604078 0.32180436690822889 0.01630002633749713 -0.07281174293753423 0.088821512302845268 0.092399283426268103 0.021029142333026579 0.059482373831556523 0.077638671215968236 0.06675242323654372 0.0026243806037845245 0.12311080208430197 0.063167984244454523 -0.079814835923094712 -0.053921052840430861 0.35901791150506746 0.098865639721611692 -0.033084142788177687 -0.017224049697524956
leaf_weight=124442.71014929004 1081.6935173748061 6448.7480830634013 10620.156919995323 12812.908278290182 9154.3688821131364 969.4688412444666 15313.807401776314 5949.9035282842815 7916.8515482908115 13797.506636589766 1406.2351752500981 11937.395213724114 3406.7460787110031 17696.218521169387 144.35833619907498 166.35963089391589 23502.57042220328 3233.2931104265153 87068.566025156528 8687.6793002868071 19433.422995326109 4999.5885864542797 3916.1700957287103 3992.5742076151073 7929.8505296241492 3061.6440740562975 5025.9362339861691 7631.0871047973633 2354.7654277533293 29755.180053741671 3589.2017810624093 10588.248648644425 4277.2866276614368 8789.8844140097499 5392.5770330037922 4706.8982878345996 4562.2647049240768 8360.1068304516375 17613.909084618092 6213.2649574782699 4566.2065989347175 397.58198558352888 3306.9054574519396 24322.616682270542 209.27314487844706 1897.4476085714996 3423.5685151694342 2057.6532667083666 4605.2574090138078 13585.407375086099 3250.0313978604972 11449.115150593221 2663.7357369586825 649.4261733898893 1936.8994297841564 812.2590619539842 3278.1050820751116 515.82355513237417 185.81829418241978 1004.7024881243706 727.66652442701161 4744.9691840708256
leaf_count=10951534 13426 46277 114827 170266 346814 14375 114657 106737 95190 194275 8511 468811 80594 1461239 5108 2118 335865 25681 1682985 267465 276651 37632 32079 51911 50570 40472 96316 43514 12075 2273079 37692 128938 39635 138575 39482 31231 63101 79961 102200 45016 45550 3223 18968 191937 1833 14696 52547 12213 67558 100095 16556 105479 18367 4961 12420 18882 145808 20107 2777 7329 8981 31574
internal_value=-0.00276766 0.0262326 0.000945754 0.0677909 -0.0511518 -0.0865648 0.0180127 0.0206121 0.00633624 0.0489835 0.0120197 -0.00856948 0.00677562 -0.0921358 -0.0604693 0.0168619 0.00123195 0.0111991 0.095957 -0.0104125 0.00211124 0.0157371 0.0632655 0.0348411 0.0431714 -0.0181177 0.00652107 0.00948586 0.0280196 -0.0833581 0.0201631 0.0197102 0.0283823 0.0666693 0.00865004 0.00801991 -0.0265411 0.0156251 0.00728908 -0.0109994 0.0547417 -0.0939656 -0.0167113 -0.0205327 0.0532251 -0.0535199 -0.0458258 0.11033 0.022287 0.0390976 0.00581425 0.0624016 0.0195387 0.111159 0.144671 -0.0357214 -0.0551981 0.0401876 0.18721 0.0125124 0.0758293 0.0217767
internal_weight=617542 458771 285223 173549 70381.2 158770 214841 64877.5 156020 58821.9 58927.6 35478.6 8942.42 149828 25385.3 7689.05 143182 92049.8 108671 31074.1 80701.9 48221 12837.7 45024.4 23448.9 32480.9 22386.4 13047.5 9985.85 39307.1 21643.8 17881.1 41031.8 21602.8 18054.6 43221.4 7795.56 35425.9 30719 11605.8 5535.68 30152.8 51132.1 47825.2 7292.86 13834.8 4505.26 2266.93 36754.5 18190.7 18563.8 15519.1 4069.97 2752.69 2103.26 4936.36 4124.11 846 330.177 4920.87 11347.8 22358.9
internal_count=21028746 8263273 5329809 2933464 3195854 12765473 2133955 941638 1549268 584687 834901 651974 140519 12624954 1673420 212181 1414670 867900 1991826 572738 744092 371380 134598 390412 182927 372712 305273 96061 55589 2623116 168467 239300 338501 308841 130775 333748 88782 244966 213735 84498 59925 2276302 546770 527802 110362 483507 65973 14046 298866 167653 131213 132357 26878 19499 14538 192682 173800 27992 7885 39408 123808 133774
is_linear=0
shrinkage=0.1


Tree=28
num_leaves=63
num_cat=0
split_feature=7 9 6 4 0 7 0 18 4 7 9 20 3 6 18 7 22 25 2 25 14 20 22 24 27 0 25 2 2 21 22 20 22 3 24 25 0 11 0 24 0 29 27 2 25 0 0 2 24 8 33 28 30 27 28 19 2 31 27 9 26 9
split_gain=132717 43437.7 22383.2 22345.3 6083.49 5638.82 8903.96 5537.54 5021.25 4286.32 3781 3266.22 3164.55 3469.64 3104.91 2455.91 2403.54 5346.14 3465.91 2029.46 2169.78 1975.35 1944.24 1858.47 1792.12 1757.69 1589.38 1866.1 1535.41 1517.16 1452.68 1444.47 1390.24 1433.86 1281.33 2415.99 1992.54 1333.05 1266.35 1212.9 1209.19 1174.7 1164.7 1094.6 1266.7 1207.85 1051.98 1043.44 1018.17 999.995 1022.26 1008.55 985.393 984.399 983.03 1823.16 1503.93 1236.47 943.729 940.918 929.517 1870.98
threshold=68.020618438720717 0.92582416534423839 1.0000000180025095e-35 0.87778618931770336 99.494949340820327 51.958276748657234 64.051280975341811 4.5000000000000009 0.88335323333740245 99.81412506103517 0.19090909510850909 0.39578208327293402 97.915760040283217 1.0000000180025095e-35 1.5000000000000002 68.020618438720717 1.0000000180025095e-35 1.5000000000000002 69.282051086425795 2.5000000000000004 inf 0.97752270102500927 1.0000000180025095e-35 2.5000000000000004 1.5000000000000002 83.239700317382827 1.5000000000000002 86.616912841796889 88.185440063476577 1.0000000180025095e-35 1.0000000180025095e-35 0.93142712116241466 1.0000000180025095e-35 87.226108551025405 3.5000000000000004 3.5000000000000004 90.815368652343764 1.0000000180025095e-35 8.9220566749572772 2.5000000000000004 57.804552078247077 17.500000000000004 1.5000000000000002 92.084377288818374 2.5000000000000004 92.63776016235353 7.9473683834075937 86.616912841796889 2.5000000000000004 45.954339981079109 0.26784127950668341 23.500000000000004 12.500000000000002 33.500000000000007 38.500000000000007 0.20657745748758319 92.084377288818374 0.82880055904388439 14.500000000000002 0.4083333313465119 1.5000000000000002 0.23611111193895343
decision_type=8 8 2 2 2 10 2 8 2 10 10 2 2 2 8 10 2 2 2 2 8 2 2 2 2 2 2 2 2 2 2 2 2 2 2 2 2 2 2 2 2 2 2 2 2 2 2 2 2 8 2 2 2 2 2 2 2 2 2 10 2 10
left_child=5 3 8 7 9 -1 -7 16 14 12 42 24 13 25 30 -4 17 60 -19 23 59 38 26 40 -6 -5 41 -28 32 -12 -3 -11 33 -9 36 37 -22 -36 -18 -38 -14 -16 47 -27 58 -46 -24 -8 54 -42 -51 -52 -43 -34 55 56 -10 -58 -45 -21 61 -2
right_child=1 2 15 4 11 6 10 28 48 31 29 -13 19 -15 22 -17 21 18 -20 20 34 -23 46 -25 -26 43 27 -29 -30 -31 -32 -33 53 -35 35 -37 39 -39 -40 -41 49 52 -44 44 45 -47 -48 -49 -50 50 51 -53 -54 -55 -56 -57 57 -59 -60 -61 -62 -63
leaf_value=-0.097215857540267625 0.022625371341851629 0.020610673861333667 -0.0056510902956577467 -0.0023516545165156466 0.10288002322343547 -0.090671600171520317 -0.044955991203204079 -0.087996490248315698 0.024817776310852691 0.097187103384005991 -0.014995712840424037 0.09531072831588315 -0.050712979571623656 0.13184413847520873 0.060646786437089928 0.10277529347958883 -0.008581758995230301 -0.08592878204792713 0.031203685709919621 -0.0040246320404651332 -0.064953863504466608 -0.042739568448661468 -0.041691478493151905 0.068306699488465752 0.010903977985887112 0.078493360810914126 -0.070736609116288499 0.099526534181544557 0.04168177771706056 0.11355989401071508 0.071002727568952387 0.027043612929807382 -0.075248854420090591 -0.02053877010218097 0.030663434355193517 -0.051148681597612836 0.13399381999363766 0.23712849246461021 0.057210181188468212 -0.019158801054593402 0.061718524614739569 -0.05446724929268365 -0.057583054024674646 -0.068145067187895286 -0.01698038669633713 0.10434443951219607 0.03273843543709249 0.11110507113963536 0.095857515691692041 0.022062175157723893 0.0080686269002598343 -0.028893411509901198 0.015868841626315616 -0.0090666604583575158 0.10521564839277556 0.083957965103881566 -0.27218339110230055 -0.046064186650731205 0.11393680418193244 0.052933168226696019 -0.0041820675518324879 0.17643816411991739
leaf_weight=111575.96530282125 3597.492639426142 16263.09904954955 2142.0084840580821 12167.182214826345 2595.0253350362182 19042.104207474738 797.7601591842249 28352.311074729078 2408.8494963012636 7316.6882232427597 1191.8465555757284 14537.472708966583 3441.9942585341632 3441.8953779004514 2362.8287608651444 84450.119775765575 4631.5451719649136 15545.404279720969 3016.3334459513426 29067.497989438474 14513.228376174346 4746.2485452601686 2271.1995443571359 5345.2954406999052 11535.08883183822 6710.6731090657413 8690.8937295284122 695.20850424841046 1255.1035364568233 3995.6419081399217 8824.8837324660271 4903.3348800092936 3837.4879542980343 3544.9379896204919 679.76060684397817 2002.4410432502627 811.96822736039758 579.15178738348186 7942.4803400197998 1423.9441560674459 3549.3737992737442 4022.5536938710138 4583.3584525957704 1869.4315537139773 1351.7264312133193 2088.2136918902397 11586.158317316324 925.40472357627004 9002.224133387208 25477.225876938552 21443.776239115745 11257.725888606161 3945.5277478201315 5424.0870053134859 2273.3846536390483 3200.2825534529984 346.25791213288903 801.84163096174598 335.77994640916586 3221.7831644378603 5602.9280015500262 1013.6679784916341
leaf_count=10662436 80348 180686 14793 102440 39039 1658170 38381 2011201 30826 105447 13454 255458 43502 31788 21112 1778263 58998 918830 27065 221514 221348 39147 17268 36051 67914 46487 392178 9740 8191 38269 81968 43934 139475 58980 4413 25815 5385 4101 73131 14199 33106 39737 189514 10919 8970 14521 84127 10983 162944 171024 162623 146468 37399 78483 32444 53051 4497 10408 2221 31544 92224 9352
internal_value=-0.00269709 0.0242528 0.0652491 0.000360242 0.0195513 -0.0867951 -0.0487186 -0.0411978 0.0259086 0.0120798 0.0207849 0.0620328 0.00746335 0.0378235 0.0117221 0.100093 -0.0172048 -0.0349204 -0.0668944 0.000550373 -0.0143761 0.0122279 -0.0081651 0.011621 0.0277956 0.0246273 -0.028339 -0.0581256 -0.0672737 0.0840237 0.0383365 0.0690417 -0.0705962 -0.0804995 -0.0402498 0.0170957 -0.0514159 0.125646 0.0329762 0.0364583 0.00697159 -0.00127661 -0.0312329 0.0511944 0.0187428 0.0566698 0.0205395 0.0388547 0.0720583 0.0101881 0.00704434 -0.00465582 -0.0196392 -0.0364889 0.0483339 0.0291968 -0.0200733 -0.11426 -0.0404201 0.00165854 0.0231849 0.0564379
internal_weight=585577 443465 163287 280178 191668 142112 30536.1 88510 76695.2 163000 11494 28667.6 150780 27964.9 58662.4 86592.1 46096.1 28775.8 18561.7 122815 52299.8 17320.3 33574.4 70515.4 14130.1 24523 19717 9386.1 42413.9 5187.49 25088 12220 41158.8 31897.2 20010.5 3261.35 16749.1 1258.91 12574 2235.91 65170.1 10330.9 6306.52 12355.8 5645.15 3439.94 13857.4 1723.16 18032.8 61728.1 58178.7 32701.5 7968.08 9261.57 9030.62 6757.23 3556.95 1148.1 2205.21 32289.3 10214.1 4611.16
internal_count=21008304 8397097 2951441 5445656 1850231 12611207 1948771 3595425 1158385 1487820 290601 362411 1338439 217346 864215 1793056 1299095 1127819 945895 1121093 528319 171276 601561 592774 106953 185558 500166 401918 2296330 51723 262654 149381 2288139 2070181 275261 34329 240932 8514 132129 19584 556723 98248 238878 83118 36631 23491 101395 49364 294170 513221 480115 309091 77136 217958 131226 98782 45731 14905 13140 253058 181924 89700
is_linear=0
shrinkage=0.1


Tree=29
num_leaves=63
num_cat=0
split_feature=7 9 6 3 1 34 7 1 1 25 3 9 18 2 27 7 4 9 1 7 3 2 8 3 1 18 2 25 25 26 2 26 11 25 6 32 18 20 8 1 1 4 9 2 11 27 13 24 25 29 30 27 25 27 11 8 24 27 13 1 13 2
split_gain=117377 38251.9 21779.4 19333.7 8371.62 6693.14 5810.31 4703.55 3488.54 3173.61 3347.22 3043.8 2996.28 2862.73 2818.25 2657.6 5356.57 2596.13 2320.86 2303.03 2184.04 3519.28 1781.06 1778.98 1748.31 1726.57 1534.04 1525.69 1480.22 1403.68 1344.72 1293.29 1239.09 1221.54 1179.76 1166.56 1256.71 1169.9 1112.35 1106.04 1099.84 1077.47 1074.04 1021.29 991.328 950.819 949.488 997.27 1550.63 943.6 1168.9 933.894 1486.48 922.996 1159.14 1719.43 1133.35 1077.39 1085.36 884.914 855.791 845.334
threshold=68.020618438720717 0.92582416534423839 1.0000000180025095e-35 65.26175689697267 22.401432991027836 1.1750952601432803 99.81412506103517 86.391696929931655 91.458969116210952 1.5000000000000002 99.523811340332045 0.47222222387790685 5.5000000000000009 88.185440063476577 73.500000000000014 54.071052551269538 0.69909369945526134 0.29285715520381933 78.629974365234389 68.020618438720717 89.039035797119155 73.401363372802749 95.845661163330092 19.201229095458988 68.703357696533217 5.5000000000000009 91.476997375488295 1.5000000000000002 3.5000000000000004 2.5000000000000004 83.75235748291017 2.5000000000000004 1.0000000180025095e-35 2.5000000000000004 1.0000000180025095e-35 3.5000000000000004 2.5000000000000004 0.97752270102500927 42.229122161865241 5.0641026496887216 99.494949340820327 0.82074671983718883 0.15476191043853763 77.849929809570327 1.0000000180025095e-35 1.5000000000000002 1.0000000180025095e-35 2.5000000000000004 3.5000000000000004 17.500000000000004 11.500000000000002 31.500000000000004 4.5000000000000009 6.5000000000000009 1.0000000180025095e-35 95.393455505371108 3.5000000000000004 1.5000000000000002 1.0000000180025095e-35 8.054054260253908 1.0000000180025095e-35 6.1072261333465585
decision_type=8 8 2 2 2 2 10 2 2 2 2 10 8 2 2 10 2 10 2 10 2 2 10 2 2 8 2 2 2 2 2 2 2 2 2 2 10 2 8 2 2 2 10 2 2 2 2 2 2 2 2 2 2 2 2 8 2 2 2 2 2 2
left_child=5 3 7 4 25 15 8 12 9 10 34 28 23 40 42 -1 -17 -18 -11 60 21 -20 -8 39 -12 31 -23 -6 35 -15 -29 59 45 49 -5 36 44 -38 -37 -3 -13 -35 -7 -26 -10 -30 47 -42 -49 -25 -51 52 61 54 55 -40 -56 58 -57 -2 -4 -41
right_child=1 2 19 6 27 14 22 -9 11 18 24 13 -14 29 -16 16 17 -19 20 -21 -22 26 -24 33 43 -27 -28 30 32 -31 -32 -33 -34 41 -36 38 37 -39 53 51 46 -43 -44 -45 -46 -47 -48 48 -50 50 -52 -53 -54 -55 56 57 -58 -59 -60 -61 -62 -63
leaf_value=-0.097943229713641944 -0.028821756399764677 -0.10338240029236534 -0.081082550357667801 0.034995572830359881 -0.044037195815177226 -0.0059934264772663563 0.081903743839393722 0.070939695907304479 0.10572366325872595 -0.068208149275779936 -0.059741931568536959 0.076461877572245054 -0.041389894511967257 0.093047812125789428 -0.078510758724050597 -0.093647508591806428 -0.03068771068239623 0.10228787005960722 -0.055604176839008514 0.10197413813567235 -0.027436791131298505 0.093230050666322214 -0.021695639088158959 0.051559557883217859 0.055278542506232264 -0.048320004576962235 -0.11088028094162056 -0.095080655092363034 0.095661549515181243 0.034134530147219386 0.10849913488472414 -0.033281107072082573 -0.029877100905235328 -0.061159362319387692 0.1322412959998219 0.079408251474913663 0.14237751809648641 -0.0080647436038773137 0.10885660863575981 -0.09255233960544508 -0.09181979171123153 0.048464163986749159 0.085544711803010182 -0.02402623513901983 0.021191824047338419 -0.0025232530000179206 0.12222029969934488 0.12567006024927393 -0.095261972977949139 -0.030587099946383041 0.021197811995679629 0.064750075145529704 0.080586669550608392 -0.0093572685075010206 0.00058877976226492164 -0.0036036308383046627 0.18048372236967281 0.0088667171445284843 0.089899478095796792 0.031699454986149074 0.048079480766820115 0.014551992319807023
leaf_weight=102584.79364695866 2961.6972237490118 484.07578610349447 849.54591196030378 2072.5249122064561 8605.7505035819486 2250.3437146050856 15395.584273723885 16545.118985766545 1526.5451769270003 9486.715317575261 3708.2823255285621 1059.8474701028317 9336.5697241406888 11149.426440581679 2776.8145468290895 13420.344981058501 4013.4757141396403 2315.0816378761083 3014.3705676309764 77064.915179962292 24089.093579525128 5149.7129032723606 1859.9281295780092 5549.0646922625601 4305.518836569041 8101.1402005525306 396.57624048925936 25994.333758793771 1516.3390678949654 6346.3293743133545 328.56241480633616 6179.6803149320185 13079.582548124716 4174.8048326605931 3134.0312331467867 2335.3275832394138 1965.5514811910689 701.34351986646652 2639.0205677784979 1276.375658724457 2348.1846320182085 1141.8235997855663 2978.1119449120015 2607.1768193356693 15211.328747758642 2821.6192500367761 337.3297475501895 652.66331351548433 618.95149424299598 6338.2169997738674 13957.571917499416 12255.422521898523 1990.9797142576426 19368.323504903354 28377.199301839806 1824.7619391903281 354.58375820331275 14799.096865143627 3883.3565438650548 13110.682498878799 1294.8250291645527 1743.5272631077096
leaf_count=10939016 49578 3471 8137 23356 356806 33323 221103 277730 22477 181041 59413 8121 236495 164226 80631 1336899 185031 16888 43973 1780328 271119 40439 14122 62893 35594 277041 3096 2351464 15584 51358 2228 67389 139504 149531 31181 20223 15368 5759 33418 10390 20394 15551 31873 30985 114993 18659 2901 6784 4918 87371 174903 115784 15873 199285 218179 10287 2339 73823 47374 194782 6702 9998
internal_value=-0.00260652 0.022726 0.0625869 0.000274259 -0.0472069 -0.0856794 0.0151667 0.0238866 0.0101432 -0.0103284 0.0278502 0.0190707 0.0105215 0.0525824 0.00290617 -0.0914762 -0.0578838 0.0179568 -0.0246692 0.0991298 -0.0120186 0.0313672 0.070737 0.0204306 -0.00434779 -0.00879227 0.0786356 -0.0805895 0.0122373 0.0716779 -0.0925396 0.00559829 -0.0145166 0.0060369 0.0935316 0.0172486 0.0390596 0.102814 0.0114967 0.0456994 -0.0140096 -0.0376161 0.0461464 0.0253681 0.0289014 0.0317974 -0.0382407 -0.0531941 0.0181326 0.0150169 0.00502579 0.049879 0.0135079 0.00927065 0.0162253 0.0328792 0.00280889 0.0231019 0.0600086 0.0205471 -0.00309127 -0.0307161
internal_weight=557760 427421 154003 273418 65281.8 130339 208136 74793.6 190881 57964 15827.5 132917 58248.4 22512.7 8005.27 122334 19748.9 6328.56 42136.5 79209.3 32649.8 8560.66 17255.5 48911.9 10621 30353.2 5546.29 34928.6 110404 17495.8 26322.9 22252.1 17417.5 31161.5 5206.56 92986.4 19404.8 2666.9 73581.7 17750.4 5016.98 5316.63 5228.46 6912.7 16737.9 4337.96 3957.13 3619.8 1271.61 25844.9 20295.8 17266.3 5010.88 71246.3 51878 23146.2 28731.8 20507.2 5708.12 16072.4 2144.37 3019.9
internal_count=21029502 8405841 2955157 5450684 3299288 12623661 2151396 1159990 1916171 720197 180529 1195974 882260 258702 145827 12477834 1538818 201919 539668 1795167 358627 87508 235225 645765 125992 588790 43535 2710498 937272 215584 2353692 311749 173747 490249 54537 763525 158597 21127 604928 155516 43118 165082 65196 66579 137470 34243 34997 32096 11702 325167 262274 152045 36261 584705 385420 164902 220518 131484 57661 244360 14839 20388
is_linear=0
shrinkage=0.1


Tree=30
num_leaves=63
num_cat=0
split_feature=7 9 34 3 0 0 34 7 1 20 18 29 8 11 7 4 11 9 26 20 27 18 22 25 2 25 4 34 1 26 2 34 22 20 11 7 2 2 1 25 26 28 4 21 11 9 1 32 18 20 11 27 16 7 27 2 2 9 20 8 29 27
split_gain=103943 34233.9 21004.2 17308.1 8009.34 5736.83 5667.26 3800.91 3518.34 3105.31 2759.66 2747.66 2177.37 3589.98 1999.83 4335.33 2835.79 1973.72 2139.17 1754.8 1654.86 1625.55 1554.95 2518.17 2206.4 1405.45 1318.26 1309.91 1270.66 1260.67 1234.76 1173.3 1138.36 1128.03 1136.78 1067.59 1045.91 1032.44 982.168 1238.71 939.547 920.277 1027.17 1038.22 915.759 910.879 865.126 843.693 1775.17 2362.22 1219.24 3109.55 1623.61 875.817 1016.79 832.031 830.575 826.663 1121.29 816.867 808.949 777.121
threshold=65.724277496337905 0.92582416534423839 1.203497648239136 65.26175689697267 23.132664680480961 99.494949340820327 1.1750952601432803 99.81412506103517 85.053192138671889 0.39578208327293402 5.5000000000000009 21.500000000000004 83.816528320312514 1.0000000180025095e-35 52.784828186035163 0.86316624283790599 1.0000000180025095e-35 0.19090909510850909 1.5000000000000002 0.94430461525917064 1.5000000000000002 5.5000000000000009 1.0000000180025095e-35 1.5000000000000002 41.728857040405281 1.5000000000000002 0.79556280374526989 1.0000137090682986 32.305501937866218 1.0000000180025095e-35 83.75235748291017 0.34884558618068701 1.0000000180025095e-35 0.97752270102500927 1.5000000000000002 93.84250640869142 32.757078170776374 85.145786285400405 7.4537036418914804 3.5000000000000004 1.0000000180025095e-35 8.5000000000000018 0.96255341172218334 1.0000000180025095e-35 1.5000000000000002 0.64583334326744091 85.215545654296889 3.5000000000000004 2.5000000000000004 0.97752270102500927 1.0000000180025095e-35 1.5000000000000002 5.5000000000000009 95.09000396728517 17.500000000000004 49.089704513549812 89.512962341308608 0.47222222387790685 0.92072755098342907 40.922382354736335 17.500000000000004 26.500000000000004
decision_type=8 8 2 2 2 2 2 10 2 2 8 2 8 2 10 2 2 10 2 2 2 8 2 2 2 2 2 2 2 2 2 2 2 2 2 10 2 2 2 2 2 2 2 2 2 10 2 2 10 2 2 2 10 8 2 2 2 10 2 10 2 2
left_child=6 3 8 4 21 7 14 12 10 20 22 -8 13 46 -1 56 27 29 57 -9 -7 33 23 24 28 55 -25 -17 35 -15 32 -14 -27 34 -2 -3 -30 -28 39 -24 -21 42 -18 -44 -31 59 -5 48 60 -50 51 52 -49 -53 -55 -6 -16 -19 -59 -20 -33 -22
right_child=1 2 -4 5 25 9 11 19 -10 -11 -12 -13 31 17 15 16 41 18 45 40 61 -23 38 26 -26 30 37 -29 36 44 -32 47 -34 -35 -36 -37 -38 -39 -40 -41 -42 -43 43 -45 -46 -47 -48 50 49 -51 -52 53 -54 54 -56 -57 -58 58 -60 -61 -62 -63
leaf_value=-0.097884423634398116 0.026923831580354825 0.091234542168269678 0.098278883020579966 0.022127762811553729 -0.049647104421578915 0.10204981938125267 0.074548300676170506 0.087212965713748064 0.06443799447959507 0.092577580706501322 -0.035724566713395654 -0.05456156051376515 -0.060245135981754683 0.055402014779035662 -0.094108006654497853 0.18512781462994063 -0.033865124304262868 0.14474533519426477 0.091213067277178178 -0.074005791118800873 0.020317037868156321 -0.047454791244404354 0.026932103128600279 -0.05765051146122932 0.091466651479817251 -0.098618082552348427 0.047156762794015067 -0.030829397470693923 -0.083721528180164567 -0.0073537008421946789 0.1019980403744381 0.031003094656006532 0.01548562761164593 -0.036431947389403523 -0.045932154663814721 0.01300429156200956 0.023866651849652715 -0.13412304111481155 0.053364469879007781 -0.15754061486478443 0.033888089719460383 -0.075676801779932412 -0.036882568919145313 0.25983726960312986 -0.052918610146024947 0.050238059223172093 0.086172950363691103 0.080861031904410921 0.14871201199723416 -0.026042975348113902 -0.024224061284494613 0.10328743350093852 -0.035717995219321071 -0.010572263457413552 -0.073893851989508208 0.13928945247365018 0.31178350459972121 0.084311934845773678 -0.027443424683098412 -0.0026891109889595941 -0.011408391594337578 -0.050509279856495483
leaf_weight=91387.366784132086 15132.998861028813 2085.3451460972428 72030.857491564006 2875.7627879576758 7996.4327200185508 2295.3678978458047 2972.3704916015267 8256.3554115528241 15658.664965531789 12809.806547299027 10370.937337514013 3700.3829213920981 4005.5988665297627 2784.9228700743988 12240.135098754428 1147.4376435447484 893.30357997212559 1405.2299080817029 975.92609661817551 1006.2176565993577 9848.2645210959017 8160.4046411151066 1305.8515076395124 6948.477729992941 4259.035107514821 23568.993161795661 2429.894150968641 371.90587716177106 2243.0190811697394 27396.851452119648 324.40822166204453 6213.0855108620599 908.0272250091657 5189.0797356367111 2494.6965735945851 10670.667499855161 1513.1295314133167 360.82140386849642 15432.436177381314 504.68005781341344 4078.467951442115 1996.0800528936088 191.95326087996364 305.75996233243495 5257.227978062816 4934.4320816975087 7911.8839348582551 6175.1642795717344 1954.0059074526653 1280.3212075158954 33027.545270097442 583.65559474751353 1481.2092209681869 15169.871745724231 3044.8876909539104 240.07910928875208 50.623405013233423 3796.1171834850684 1175.9134817561135 18256.157002759166 16285.655104622245 1838.3507789038122
leaf_count=10737200 224224 20033 1791340 30779 366170 39533 32961 120803 255219 256901 264854 99498 79265 23511 1328115 12113 44264 8432 6002 5644 51740 310568 10834 313556 63065 2424456 30672 3009 19239 292676 2192 48949 15526 49904 63200 56524 11584 4654 141978 4078 39375 121102 8890 7107 72570 36708 100294 59832 13388 10993 299791 6768 24784 130497 77290 2527 2079 37046 9165 142076 137791 17732
internal_value=-0.0024668 0.0208182 0.0598664 -0.00025886 -0.0456796 0.0138473 -0.0865004 0.00739899 0.0223661 0.0570091 0.0110319 0.00295028 0.00327169 0.0156186 -0.0919974 -0.0607131 0.0187542 0.0068749 0.0255046 0.0587515 0.0244225 -0.00915019 0.0211863 0.00762075 0.0272928 -0.0799305 -0.0343347 0.132266 0.0107402 -0.0091815 -0.0918164 -0.00735226 -0.0943852 0.00454943 0.0166131 0.0257933 -0.0403806 0.0237185 0.0451898 -0.0244891 0.0125368 -0.0321634 0.0302773 0.145401 -0.0146895 0.0119099 0.0690998 -0.004866 0.010262 0.0795346 -0.0114106 0.00458633 0.0583075 -0.0172937 -0.0211575 -0.04414 -0.0924362 0.0770217 0.0578812 0.00207593 0.00030365 0.00917578
internal_weight=531211 415953 145814 270139 64015.1 206124 115257 179332 73783 26791.8 58124.3 6672.75 165991 76770.4 108585 17197.2 4906.44 65982.8 30543.8 13341 13982 30977.2 47753.4 30510.4 20771.2 33037.9 9739.19 1519.34 16512.2 35439 24801.4 89221 24477 22816.8 17627.7 12756 3756.15 2790.72 17243 1810.53 5084.69 3387.1 1391.02 497.713 32654.1 24166.5 10787.6 85215.4 25733.1 3234.33 59482.3 26454.8 7656.37 18798.4 18214.8 8236.51 12290.8 6377.26 4972.03 19232.1 22498.7 11686.6
internal_count=21023070 8626732 2987630 5639102 3458767 2180335 12396338 1814429 1196290 365906 941071 132459 1648607 759259 12263879 1526679 196485 628186 239429 165822 109005 647896 676217 519327 170445 2810871 348882 15122 107380 388757 2442174 889348 2439982 337328 287424 76557 30823 35326 156890 14912 45019 181363 60261 15997 365246 184786 131073 810083 211121 24381 598962 299171 84616 214555 207787 368697 1330194 54643 46211 148078 186740 69472
is_linear=0
shrinkage=0.1


Tree=31
num_leaves=63
num_cat=0
split_feature=7 12 6 3 0 0 2 9 7 9 13 27 20 7 0 22 21 25 18 0 3 8 11 7 25 25 24 20 13 31 26 27 2 22 27 24 9 2 0 32 9 7 11 20 21 2 18 2 8 20 19 28 24 2 13 25 24 28 0 22 0 26
split_gain=92026.8 31100.7 20974.5 15720.3 8694.97 5743.27 3684.76 3646.9 2868.52 2831.86 8587.97 2741.17 2845.09 12716.1 4352.02 2431.93 2322.58 2126.66 1938.71 1757.27 1746.22 1710.7 3678.92 1636.18 1625.56 1433.2 1891.67 1433.16 1320.31 1365.65 1282.1 1237.61 1178.34 1181.05 1174.73 1897.46 1165.38 1095.1 1102.2 1066.56 1092.26 1056.19 1032.65 1012.33 997.922 940.787 920.181 916.801 915.365 912.247 902.115 1304.67 1592.03 902.656 900.805 867.524 979.476 863.317 846.602 817.198 794.556 755.283
threshold=61.374887466430671 1.0000000180025095e-35 1.0000000180025095e-35 65.26175689697267 23.132664680480961 91.922958374023452 78.08689117431642 0.38750000298023229 99.81412506103517 0.19090909510850909 1.0000000180025095e-35 1.5000000000000002 1.0000000180025095e-35 54.071052551269538 70.801284790039077 1.0000000180025095e-35 1.0000000180025095e-35 1.5000000000000002 6.5000000000000009 63.686313629150398 53.950103759765632 91.813587188720717 1.0000000180025095e-35 97.642425537109389 1.5000000000000002 2.5000000000000004 2.5000000000000004 0.93142712116241466 1.0000000180025095e-35 0.3922929465770722 1.5000000000000002 16.500000000000004 80.901721954345717 1.0000000180025095e-35 31.500000000000004 2.5000000000000004 0.29285715520381933 48.331480026245124 30.053763389587406 11.500000000000002 0.5634920895099641 68.524993896484389 2.5000000000000004 0.87270551919937145 1.0000000180025095e-35 15.535444736480715 2.5000000000000004 86.391696929931655 98.051864624023452 0.83653846383094799 0.21734297275543216 17.500000000000004 2.5000000000000004 93.40579986572267 1.0000000180025095e-35 3.5000000000000004 2.5000000000000004 18.500000000000004 8.9220566749572772 1.0000000180025095e-35 64.747306823730483 1.0000000180025095e-35
decision_type=8 2 2 2 2 2 2 8 10 10 2 2 2 10 2 2 2 2 8 2 2 8 2 10 2 2 2 2 2 2 2 2 2 2 2 2 10 2 2 2 10 10 2 2 2 2 8 2 10 2 2 2 2 2 2 2 2 2 2 2 2 2
left_child=9 3 6 4 18 8 15 23 21 -1 19 12 13 14 -12 17 -16 37 30 -11 -19 22 39 49 46 26 42 -10 47 -30 36 -21 33 -26 35 -17 61 38 45 40 -5 -36 -24 -42 -13 -3 -6 59 54 -7 51 52 53 -8 -23 -49 -57 -41 -37 -27 -28 -2
right_child=1 2 -4 5 24 7 50 -9 27 10 11 44 -14 -15 16 34 -18 20 -20 31 -22 48 25 -25 32 28 60 -29 29 -31 -32 -33 -34 -35 41 58 -38 -39 -40 57 43 -43 -44 -45 -46 -47 -48 55 -50 -51 -52 -53 -54 -55 -56 56 -58 -59 -60 -61 -62 -63
leaf_value=-0.097226774841762079 0.042135464414017977 -0.027265498321599208 0.10069234874663704 0.078310063931361681 0.011076846070590798 0.016665422170606101 -0.0088507118430959687 0.087690133352526109 0.084280767858951999 -0.096119282236034581 0.81300027392343654 -0.068136101948849725 0.18379120383894187 0.29538731573742516 0.88070887941865161 -0.079156505567157587 4.2974176540841862 -0.075210869005630093 -0.055886641042587532 0.11599261388226841 -0.0033535834904581531 -0.035191571631342615 0.0060605868407396565 0.095710027568239209 -0.097903513592092581 -0.047959498834420508 0.010082504351112175 0.014233147841774095 -0.0081424164850512591 0.071077495887105505 -0.015104015444598272 -0.043209800703900521 0.086294001186213221 0.010916432310353295 0.93085780377641658 -0.053965095787300604 0.084129771205326997 0.091928170906371787 -0.030920217973658459 0.029848821288632782 0.0353825583309689 0.051929393408853747 -0.095722028479247157 -0.19609202015292676 0.10860154717635545 0.037889626915104717 -0.060971568752705145 0.04458686867211268 0.035296373432055071 0.07037443205118725 0.087867235940374905 0.096858036126796998 0.071976886103472193 -0.14175786882398511 -0.0064057976332688926 0.22519179773764703 -0.054295347407314391 -0.13682875388122193 0.072672823284408314 0.16572078177945104 0.094710896145305673 -0.012594877714844655
leaf_weight=80617.449608378578 4570.4806465050206 2920.7860763305798 62541.845418480225 9982.165041889064 2466.2795681329444 36391.714463801123 2170.3913638219237 12777.701971203089 6143.749152158387 12427.99908138765 7.218431179411712 489.53664494212717 640.40129059087485 139.9928165525198 2.3417501947842512 2022.6029802989215 13.228448005858809 6815.1573765594512 6460.3715617032722 608.84272512653843 6713.0930648511276 20566.090325533412 44949.736337446608 3194.7571073397994 23782.980765486136 14661.35254364647 1624.7398983361199 5567.9599383007735 11102.570576084778 2706.5193935185671 14959.959653365426 2466.2751017701812 370.62070071231574 1041.0174847906455 13.686679611913858 673.77309017255902 2864.7391222873703 1577.8863865267485 5776.1165230125189 986.97757965885103 591.2591789746657 12781.457635104656 1019.4025635877624 277.66390998661518 919.64470067434013 9185.7250057067722 6302.9373088348657 2574.0931103406474 3217.2612707735971 3463.3729423247278 7479.0160273090005 2598.8601251281798 2286.5335134528577 668.36886790394783 23061.171069601551 132.70027494244277 2276.8360295156017 453.55776457767934 2438.3213748149574 181.18942121136934 3497.7757707899436 5624.3262004759163
leaf_count=10203847 46691 21401 1721085 136826 54330 317016 30189 232314 95507 1519467 682 29545 4745 795 203 17940 772 492804 261212 30396 78528 323435 378031 51983 2695591 258833 21474 58056 91169 15816 236275 106339 2776 17376 387 3733 20187 17029 57201 10253 8522 117248 17138 3131 33257 63270 359060 23847 19519 35947 163410 43752 42127 8767 188111 970 26355 3421 18308 1725 24967 162524
internal_value=-0.00242115 0.0184847 0.0591774 -0.000224315 -0.0418786 0.0132617 0.01991 0.0407767 0.00338799 -0.0892716 -0.0530703 0.13124 0.278681 0.651986 2.84261 0.00701089 3.78355 -0.00910087 -0.00650386 -0.0793722 -0.0395533 -0.00048632 0.00709099 0.0268523 -0.0777907 -0.000325986 0.0102267 0.0509789 -0.0163555 0.00738433 0.00488217 -0.0116893 -0.0906976 -0.09334 0.0366546 -0.00375148 0.0277767 0.0120686 0.00502209 0.0582166 0.0689495 0.0528696 0.00380348 -0.038585 0.0472045 0.0221705 -0.0407085 -0.0328905 -0.0161795 0.0213327 0.063112 0.0391424 0.0098768 -0.0401429 -0.0199755 0.00422025 -0.0389032 -0.0226302 0.0452555 -0.045351 0.0678688 0.0119415
internal_weight=506843 408510 128664 279846 68443.7 211402 66121.8 55827.5 155575 98332.9 17715.5 2212.36 803.183 162.781 22.7886 50918.6 15.5702 32988.8 34479.9 15503.1 13528.3 143863 97018.5 43049.8 33963.8 84726.9 51091.7 11711.7 33635.3 13809.1 28019.5 3075.12 25194.6 24824 17929.8 5134.7 13059.5 19460.5 17882.6 12291.6 10851.1 12795.1 45969.1 868.923 1409.18 12106.5 8769.22 19826.2 46844.5 39855.1 15203.2 7724.15 5125.29 2838.76 43627.3 4983.63 2409.54 1440.54 3112.09 14842.5 5122.52 10194.8
internal_count=21027615 9097567 2897179 6200388 3856022 2344366 1176094 637260 1707106 11930048 1726201 69999 7197 2452 1657 887849 975 730233 726889 1656202 571332 1553543 1022478 404946 3129133 860325 441610 153563 418715 106985 465677 136735 2715743 2712967 157616 39981 229402 158901 141872 162153 148479 117635 395169 11653 62802 84671 413390 311730 531065 352963 288245 124835 81083 38956 511546 51172 27325 13674 22041 260558 46441 209215
is_linear=0
shrinkage=0.1


Tree=32
num_leaves=63
num_cat=0
split_feature=7 12 4 1 18 34 25 22 0 1 20 7 22 25 28 25 0 3 22 1 27 8 31 3 1 2 3 9 2 0 1 35 25 1 20 27 25 27 29 26 8 32 18 20 24 28 2 18 3 8 27 16 30 7 16 9 26 24 2 7 27 25
split_gain=82383 27455.5 18680.5 14780.5 6129.76 4061.41 3961.13 5916.95 3913.21 3473.2 3041.75 2586.52 2258.91 3115.86 2218.93 2017.15 2256.46 2135.79 2077.4 2053.02 2002.5 1724.74 1589.69 1561.62 1222.63 1205.75 1184.83 1129.01 1126.42 1096.98 1089.94 1055.84 1409.29 1037.42 1008.66 1001.55 1599.7 972.283 945.564 923.448 911.47 909.897 1268.5 1327.11 892.487 1647.64 1318.78 875.623 875.601 872.072 2358.33 1236.28 872.798 857.623 2167.79 1610.98 829.519 774.38 771.879 771.455 754.218 746.215
threshold=60.805404663085945 1.0000000180025095e-35 0.86112210154533397 84.660633087158217 4.5000000000000009 1.1493052244186404 1.5000000000000002 1.0000000180025095e-35 99.494949340820327 93.582702636718764 0.40224802494049078 98.742088317871108 1.0000000180025095e-35 1.5000000000000002 94.500000000000014 1.5000000000000002 57.804552078247077 99.523811340332045 1.0000000180025095e-35 76.63120269775392 1.5000000000000002 82.958751678466811 0.78235772252082836 58.397436141967781 10.596491336822512 48.074073791503913 99.523811340332045 0.15476191043853763 79.337715148925795 51.022111892700202 5.0641026496887216 11.500000000000002 4.5000000000000009 27.812939643859867 0.93142712116241466 31.500000000000004 4.5000000000000009 36.500000000000007 18.500000000000004 1.5000000000000002 46.963108062744148 3.5000000000000004 2.5000000000000004 0.97752270102500927 2.5000000000000004 11.500000000000002 91.476997375488295 3.5000000000000004 88.416816711425795 97.375312805175795 1.5000000000000002 4.5000000000000009 5.5000000000000009 49.87309646606446 3.5000000000000004 0.23611111193895343 1.0000000180025095e-35 2.5000000000000004 27.842377662658695 98.006622314453139 23.500000000000004 2.5000000000000004
decision_type=8 2 2 2 8 2 2 2 2 2 2 10 2 2 2 2 2 2 2 2 2 8 2 2 2 2 2 8 2 2 2 2 2 2 2 2 2 2 2 2 10 2 10 2 2 2 2 10 2 8 2 8 2 10 8 10 2 2 2 10 2 2
left_child=5 3 9 4 6 53 29 23 11 12 20 21 13 25 -7 16 59 -18 19 -17 -10 26 -4 -8 31 38 28 56 -5 33 -14 -9 -33 -2 -13 36 -32 -20 -3 -29 -41 42 -23 -44 45 46 -24 -15 -48 -43 51 -51 -53 -1 55 -55 -28 -25 -35 -6 -22 -59
right_child=1 2 22 8 15 14 7 24 10 -11 -12 34 30 47 -16 18 17 -19 37 -21 60 41 44 57 -26 -27 27 39 -30 -31 35 32 -34 58 -36 -37 -38 -39 -40 40 -42 49 43 -45 -46 -47 48 -49 -50 50 -52 52 -54 54 -56 -57 -58 61 -60 -61 -62 -63
leaf_value=-0.09844151118145629 0.046854790393274393 0.036891789947598237 0.098259487229876111 -0.016886495219328921 -0.063567153278388563 0.069057496323373144 -0.095718679100306736 -0.032910029381981926 0.10671862854433603 0.10394082391794564 0.090593991223486964 0.087453325175607055 -0.11566028059924294 -0.03063405681628072 -0.06885735892726734 -0.098902077775767802 0.11551962961286251 -0.019519608631074499 -0.068652757936552442 -0.031412706969027801 0.017905003265763327 0.0060828264500188732 0.028096300633494577 -0.056009452762607229 0.057111669470829685 0.099641011689124023 0.067202067882925209 0.074974877012614918 0.066364488365343449 0.065466923752654546 -0.048344540787090919 0.039861731834448133 -0.074859777574740272 -0.076481287051911193 0.026649449815708267 0.053744544307718259 0.068421022098534859 -0.0040506269544933879 -0.010497161622843334 0.069643972304383281 0.010853007322378564 -0.021526202386327187 0.13956502787990829 -0.010174120769907317 0.092656583648168533 0.082151449367904181 -0.45124988836111801 -0.086908009556664292 -0.08209699710917065 0.075610021869382801 -0.015439089218334666 -0.083010946269515995 0.043434075152243866 -0.025748381368891106 -0.08426930974149012 0.20957818578251619 -0.0051670700079335993 0.04759086139458088 0.011082812616406914 0.052083172057439987 -0.047118741391693669 -0.044747729657621985
leaf_weight=71432.862065152265 4210.1140160528012 6585.6507824198343 56906.342532036826 2006.2276593870483 7684.3626661319286 2387.9945730036125 8272.3925728388131 5744.0042917863466 2382.2114325705916 3836.5909562371671 11877.298991303891 5638.1466689240187 472.50602839002386 7672.5658297101036 2280.8561384947971 19710.234525109176 1846.8581683076918 3201.5333415796049 3823.2450206051581 5843.7180268736556 10315.602105472237 17892.918298400939 2309.5450848303735 7884.7625802797265 5132.9178466559388 1507.6665618298575 1693.3219573497772 3804.5894707636908 8558.6539823925123 6914.4467831039801 2840.0695688198321 7158.2137892507017 1259.1634178236127 1657.5383622776717 5286.1295646671206 12063.320235059597 1999.2315949145705 5963.6408371385187 11674.795681003015 3180.9355646148324 15423.43681207858 28326.416252698749 1542.1076166080311 960.5635195877403 4414.3744618650526 3629.4849046934396 68.557590313255787 4322.9563159234822 1023.3359568752348 5506.0974837588146 18733.728468622081 985.03696312196553 1224.5009242584929 897.91349867032841 11783.922375676688 430.3131130868569 24503.985819191672 1716.0995018859394 2563.7927834554575 623.59641223959625 2156.7915196446702 1786.0183443827555
leaf_count=10151154 76974 57011 1696401 25438 394046 33667 945230 75672 41911 104269 276339 98511 3706 236311 94937 2062556 28193 47554 166350 95313 55217 153156 38572 108463 47212 16589 12292 46268 68254 72019 21339 58328 18025 56751 59628 115843 16682 92454 97599 29316 133446 259507 11025 8833 100833 70861 857 319150 12851 42483 181660 7434 8441 92172 1490400 5142 264350 15532 50893 15995 21143 24383
internal_value=-0.00229312 0.0172503 0.0568757 -0.000232329 -0.0301917 -0.0891124 -0.00708895 -0.0240415 0.017708 0.0123046 0.0528699 0.0112376 0.00514997 -0.0107076 0.00168247 -0.0559523 -0.0228459 0.0298819 -0.0684642 -0.0834685 0.0227069 0.00743247 0.0914201 -0.062652 0.0152995 0.0136902 0.0202035 0.0136063 0.0505555 0.0359428 0.0341393 0.000144248 0.0227004 0.0117308 0.058031 0.0383269 -0.000105881 -0.0292874 0.00659372 0.0300849 0.020905 -0.00262026 0.0154097 0.0820928 0.0574147 0.0352881 -0.0147172 -0.0509141 -0.105275 -0.00933368 0.00372412 0.0502528 -0.0129365 -0.0941264 -0.0706184 0.0504917 -0.000489328 -0.0386296 -0.0232999 -0.0548864 0.00666076 0.000499808
internal_weight=485536 396322 121327 274995 102997 89213.9 54299.5 38953.6 171999 52975.4 26731.9 145267 49138.8 31763.6 4668.85 48697.2 13356.4 5048.39 35340.8 25554 14854.6 134343 68351.6 19659.3 19294.3 19768.1 59171.2 48606.3 10564.9 15345.9 17375.1 14161.4 8417.38 8431.45 10924.3 16902.6 4839.3 9786.89 18260.4 22409 18604.4 75171.4 20395.6 2502.67 11445.3 7030.92 3401.44 11995.5 1091.89 54775.8 26449.4 7715.64 2209.54 84545 13112.1 1328.23 26197.3 11386.9 4221.33 8307.96 12472.4 3502.12
internal_count=21032941 9165469 2908874 6256595 4451943 11867472 1549482 1292845 1804652 988499 394610 1410042 884230 726660 128604 2902461 485788 75747 2416673 2157869 118271 1251903 1920375 1093608 199237 171199 579364 485672 93692 256637 157570 152025 76353 184618 158139 153864 38021 258804 154610 209030 162762 672539 173014 19858 223974 123141 52280 555461 13708 499525 240018 58358 15875 11738868 1587714 97314 276642 148378 107644 410041 76360 39915
is_linear=0
shrinkage=0.1


Tree=33
num_leaves=63
num_cat=0
split_feature=7 12 6 4 7 7 4 0 3 6 9 0 27 18 9 22 25 22 2 25 2 35 28 27 11 27 16 7 11 28 27 26 9 8 0 2 25 0 2 0 0 0 25 18 26 9 19 28 25 2 20 21 27 19 25 2 25 19 7 21 0 0
split_gain=72933.1 24082.2 19357.4 12121.2 5212.9 3688.94 3224.41 2871.39 2963.8 2880.09 2441.77 6025.65 3012.7 2409.76 2294.55 1917.76 1752.31 3163.45 3076.3 1708.43 1980.84 1513.08 2453.6 1505.71 1485.51 2762.85 1437.38 1435.15 1343.99 1311.67 1187.26 1163.61 1075.42 969.207 966.508 1025.77 1223.94 1023.9 941.008 965.099 923.904 911.09 1002.48 886.454 856.203 1169 822.065 1067.93 1103.62 1037.07 810.489 802.731 797.16 960.194 785.919 1397.83 770.906 820.355 805.87 6587.43 3161.8 2094.19
threshold=60.228008270263679 1.0000000180025095e-35 1.0000000180025095e-35 0.88861596584320079 83.377899169921889 99.81412506103517 0.87620460987091076 99.494949340820327 97.332859039306655 1.0000000180025095e-35 0.23611111193895343 59.67530822753907 7.5000000000000009 5.5000000000000009 0.17424242943525317 1.0000000180025095e-35 1.5000000000000002 1.0000000180025095e-35 62.98833084106446 1.5000000000000002 87.895435333251967 2.5000000000000004 2.5000000000000004 1.5000000000000002 1.0000000180025095e-35 1.5000000000000002 5.5000000000000009 81.729778289794936 1.0000000180025095e-35 42.500000000000007 1.5000000000000002 2.5000000000000004 0.29285715520381933 95.393455505371108 83.239700317382827 92.084377288818374 2.5000000000000004 92.63776016235353 48.074073791503913 30.341388702392582 87.570224761962905 7.1858863830566415 3.5000000000000004 3.5000000000000004 1.5000000000000002 0.23611111193895343 0.20657745748758319 28.500000000000004 2.5000000000000004 95.040985107421889 0.9610288441181184 1.0000000180025095e-35 12.500000000000002 0.21428121626377108 2.5000000000000004 92.084377288818374 2.5000000000000004 0.24601222574710849 99.81412506103517 1.0000000180025095e-35 36.474500656127937 23.629112243652347
decision_type=8 2 2 2 10 10 2 2 2 2 10 2 2 10 8 2 2 2 2 2 2 2 2 2 2 2 10 10 2 2 2 2 10 10 2 2 2 2 2 2 2 2 2 10 2 10 2 2 2 2 2 2 2 2 2 2 2 2 10 2 2 2
left_child=10 3 6 4 32 7 15 8 9 34 -1 -12 51 16 23 19 44 18 40 38 43 22 28 -9 25 26 -23 29 -10 -27 50 -19 -2 -7 -5 -36 52 -38 39 -3 -18 42 -17 56 45 -6 47 48 49 -8 -24 -13 53 -37 55 -26 57 58 -21 -60 61 -61
right_child=1 2 -4 5 13 33 46 14 21 -11 11 12 -14 -15 -16 41 17 31 -20 20 -22 24 30 -25 54 27 -28 -29 -30 -31 -32 -33 -34 -35 35 36 37 -39 -40 -41 -42 -43 -44 -45 -46 -47 -48 -49 -50 -51 -52 -53 -54 -55 -56 -57 -58 -59 59 60 -62 -63
leaf_value=-0.096635986029469045 -0.078273183508940608 0.018759442082694013 0.099190157369214049 0.0023504469701715607 0.035797726940102047 0.078430868167493645 -0.0029195373051610226 0.085039828405682416 0.080982720401397132 0.12993440608422019 -0.095750731395857228 0.0026453720134681706 -0.032003542156218361 -0.05143998567774824 0.094365586645713512 0.012605078925574269 -0.082304490415167395 0.028174765805979093 0.010481312075875037 -0.052682830502413264 0.10336181364789693 0.07665165990986586 0.069844966341453249 0.0090056661421635195 0.033340299859847482 -0.0076238098411317741 -0.039819887384680661 0.078284535605976258 -0.032487882952067358 -0.077556745200923941 0.014757879582617154 -0.027272354953575013 -0.028894804013795562 0.00090779542630442924 0.07132757614109296 -0.12048010395383379 -0.016244207620039443 0.100030636435382 0.089014142791737083 -0.031702977031091886 0.14742151329502207 0.039523198009449666 -0.15907856504939424 -0.086355938186505804 0.0024674926597835788 0.15147041661522204 0.086216139527614671 0.098553044796814981 0.076644536597089086 -0.19597448191146671 -0.0019503200373881084 0.16035531332996888 0.10050834549452468 0.036312009337541577 -0.035888610232749883 -0.023275653011640647 -0.063339769935168475 0.10241029511582594 -0.037337162671371556 0.6282279454528279 0.049220515886651009 1.5995037918988515
leaf_weight=66585.825853439048 21021.714075193275 12196.026589232963 52274.014648769982 10540.018970589153 4573.3361297883093 10627.77444796823 3149.2608065381646 3231.3231285531074 1135.0072899088264 2919.5521824574098 9657.5182883935049 397.03421826474369 2445.330428074114 13905.738720639609 6358.9678932279348 1117.1822456191294 10587.695294252131 13887.202128758654 6078.1674573435448 2388.6803316972218 921.39868276007473 6578.7920571872965 7845.1947455573827 13426.314384300262 5801.1464579552412 13518.339815364219 1262.9903335990384 1576.1172864865512 12993.785307733342 3345.8092119889334 26605.39467371814 5202.8455277532339 5581.7966988310218 1901.2003677580506 6326.1924579329789 1261.6458625607193 1298.723567398265 1816.7353389952332 1373.0894183050841 5498.7214003214613 178.01125964801759 15242.736166523769 488.96972164185718 4118.9086124547757 5496.3737125163898 1079.9994110288098 6302.2159370090812 2026.1090392209589 1797.1346132792532 305.22507487609982 1966.5079907029867 1724.726456428878 314.13700811192393 565.71477456390858 20964.442353541031 17565.471288390458 3561.5458319829777 657.73678211169317 1062.9468508698046 52.054233696311712 49.55021533742547 38.704748212359846
leaf_count=10197195 1821946 87487 1722930 91997 83024 216097 44690 70885 18296 35215 1430352 19167 112947 928079 140434 9592 811283 128832 66170 87959 18703 68306 60614 108330 43882 111215 14650 21554 108524 75167 243488 40633 354549 23389 47664 7148 9015 14671 15366 56196 1375 143558 4233 326689 81506 9468 165082 40717 40567 3476 15987 42169 2465 4432 267153 158949 119922 5170 23979 687 1719 2255
internal_value=-0.00225365 0.0159195 0.0543097 -0.00041802 -0.0309758 0.0143093 0.0166809 0.0104327 0.00526413 0.0365815 -0.0886017 -0.0509929 0.0436514 -0.0148638 0.0432632 0.0046806 -0.00406139 -0.0148075 -0.0463946 -0.00972685 -0.0379071 -0.00120896 0.0119995 0.0237551 -0.0106638 0.00817354 0.0578929 -0.0129698 -0.0233725 -0.0214983 0.0257228 0.0130631 -0.0679129 0.0666672 0.0242619 0.0442001 0.0115551 0.0515598 0.00926635 0.00307802 -0.078506 0.0319748 -0.0396615 -0.0488177 0.0305717 0.0578956 0.0597765 0.0368809 0.0130874 -0.0199771 0.0554554 0.130844 -0.0466438 -0.0719404 -0.0218317 -0.00921981 -0.0290235 -0.000263935 -0.0190651 0.0476721 0.691681 1.04243
internal_weight=464773 383962 114622 269340 87592.9 181747 62348.2 169218 146202 25042.7 80810.4 14224.6 4567.09 60989.4 23016.6 48768.3 47083.6 35933.9 16843.9 31919.4 12851.5 121159 50545.9 16657.6 70613.1 26282 7841.78 18440.3 14128.8 16864.1 36417.1 19090 26603.5 12529 22123.2 11583.1 5256.96 3115.46 19067.8 17694.7 10765.7 16848.9 1606.15 11930.1 11149.7 5653.34 13579.9 7277.73 5251.62 3454.49 9811.7 2121.76 2141.5 1827.36 44331.1 23366.6 7811.22 4249.67 3591.94 1203.26 140.309 90.759
internal_count=21029199 9227369 2920977 6306392 4326865 1979527 1198047 1740041 1420392 212607 11801830 1604635 174283 2150370 319649 903515 1222291 1048293 878828 746132 587083 1207785 446909 179215 760876 290892 82956 207936 126820 186382 320089 169465 2176495 239486 177392 85395 37731 23686 159049 143683 812658 157383 13825 568380 173998 92492 294532 129450 88733 48166 76601 61336 14045 11580 469984 202831 241691 121769 116599 28640 4661 2942
is_linear=0
shrinkage=0.1


Tree=34
num_leaves=63
num_cat=0
split_feature=7 12 6 1 18 34 34 1 25 22 2 4 1 0 8 18 28 11 20 27 31 4 13 11 25 24 24 27 3 1 0 3 1 24 19 1 13 1 2 2 28 7 22 31 1 25 2 20 2 3 25 24 2 13 1 25 28 29 28 29 27 10
split_gain=64800.2 21086.7 18582.5 11764.6 4824.33 3334.58 3111.24 2919.67 2839.38 3319.66 2886.4 2794.47 2402.1 1872.35 1815.15 1698.59 1656.7 1578.72 4671.57 2374.7 1398.6 2488.25 1311.28 1289.14 1224.97 2252.82 1345.25 1219.72 1202.38 1262.57 1149.84 1248.82 1072.55 1014.46 3813.14 1865.01 1595.46 2083.47 2469.56 939.919 938.433 926.235 922.577 915.713 907.55 1914.31 906.147 842.119 812.211 811.29 789.904 787.151 765.714 1145.23 758.457 752.123 751.21 746.832 720.066 700.014 689.792 667.119
threshold=58.476053237915046 1.0000000180025095e-35 1.0000000180025095e-35 89.512962341308608 4.5000000000000009 1.1331304907798769 1.7768551111221316 88.493064880371108 1.5000000000000002 1.0000000180025095e-35 60.943256378173835 0.76672235131263744 20.144927978515629 92.768566131591811 41.103500366210945 1.5000000000000002 94.500000000000014 1.0000000180025095e-35 0.30129551887512213 1.5000000000000002 0.3018977046012879 0.99782609939575206 1.0000000180025095e-35 1.0000000180025095e-35 3.5000000000000004 3.5000000000000004 2.5000000000000004 30.500000000000004 87.026645660400405 79.337715148925795 8.9220566749572772 8.7595906257629412 73.746868133544936 2.5000000000000004 0.5471688210964204 99.494949340820327 1.0000000180025095e-35 96.34091949462892 98.213714599609389 20.169491767883304 8.5000000000000018 98.19000625610353 1.0000000180025095e-35 0.34208889305591589 73.375530242919936 1.5000000000000002 72.377109527587905 0.88436719775199901 72.377109527587905 51.66851997375489 2.5000000000000004 1.5000000000000002 90.366767883300795 1.0000000180025095e-35 23.769168853759769 2.5000000000000004 20.500000000000004 17.500000000000004 44.500000000000007 20.500000000000004 1.5000000000000002 2.5000000000000004
decision_type=8 2 2 2 8 2 2 2 2 2 2 2 2 2 8 10 2 2 2 2 2 2 2 2 2 2 2 2 2 2 2 2 2 2 2 2 2 2 2 2 2 10 2 2 2 2 2 2 2 2 2 2 2 2 2 2 2 2 2 2 2 2
left_child=5 3 7 4 8 -1 14 15 39 10 -10 12 41 23 -5 58 60 18 19 22 56 32 -16 -8 25 33 48 51 29 -12 31 -11 -22 36 -35 -36 37 -19 -39 54 -24 -6 44 -38 45 47 -31 -17 -26 -32 -34 -21 53 -28 -2 -33 -13 -49 -3 -60 -7 -20
right_child=1 2 -4 6 11 16 13 -9 9 30 28 20 -14 -15 17 42 -18 24 61 27 21 -23 40 -25 26 -27 52 -29 -30 46 49 55 50 34 35 -37 43 38 -40 -41 -42 -43 -44 -45 -46 -47 -48 57 -50 -51 -52 -53 -54 -55 -56 -57 -58 -59 59 -61 -62 -63
leaf_value=-0.0943213085034878 0.020638887402633702 0.011766624667030989 0.098304467123737888 0.077300442809963232 -0.039096743458465123 0.15514158714627047 0.095465643561614813 0.06276601795737477 -0.081830470698373306 0.024655124066919172 -0.04124214539191607 -0.025805375052768115 -0.086187264321078594 0.08768872300557165 0.003296740785818156 0.045619767207460082 -0.068129252378102051 0.027621040517675107 0.090932639474638366 0.079356005311716632 -0.053138857208717631 0.13720364459826923 0.099409026991059066 0.020394036631791325 -0.0077962866917778697 0.16954787372471719 -0.072037866073480145 -0.064327786053109251 -0.033507133866662431 -0.032720582166961221 0.026314686425173768 0.037412992382043299 0.035497623483002914 0.089354510740001447 -0.069101583787503182 0.013936536975061775 0.011417814213694005 -0.081041199838555511 5.0416487568862949e-05 0.042875033891456811 -0.21617848388206082 0.046465850521412187 0.012886910115511144 0.11492093207357922 0.026587169661639782 -0.080886398206223134 0.088855949266454348 0.037281804700132641 0.23191159343670403 0.14840236530069459 -0.025786765495187432 -0.002927035077617309 -0.01045560532456527 0.064977249565266099 -0.078792187942760328 -0.081686611765457467 -0.080685265301189635 -0.040996706038581451 0.073971643038510809 0.0157630052533764 0.026441767835736346 -0.11451804332847899
leaf_weight=67916.232326216996 2011.0156066524796 14163.428856645245 47781.389287418686 4008.5058340439573 8744.1600062586367 586.20664020068944 2663.2426253035665 10624.624969940633 10455.934053251985 3383.9210888887756 1885.0368534084409 5921.8024294087663 20234.667244870681 8422.8029232174158 2650.4142929203808 2285.2671286710538 1801.1722766230814 5606.2457241569646 9029.7115636947565 1225.8527908958495 4417.1202667471953 1202.8498743958771 4273.270251898095 16210.015495330095 256.46152524696663 834.09670660225675 5754.8244562880136 3213.1370820244774 10849.89828239195 798.67618697555736 11739.14593020035 647.56681454135105 4624.8752460302785 5963.1263009132817 3488.714850188233 12036.173925280571 16007.148506580852 8167.2773568350822 6952.3250052779913 12889.699576457031 96.348976513370872 1479.2071336102672 10088.985796130262 902.99586659483612 2876.3785148598254 5629.3420058647171 2637.7928287014365 1555.1732326159254 314.93301399238408 570.75593997631222 3857.2773901382461 22538.531707545742 7470.7542657312006 682.36844065133482 1240.316022251267 2926.4257075316273 4309.2384040411562 5635.2688154694624 4759.9139759866521 3650.465894035995 1438.0845385799184 160.86336092464626
leaf_count=11470627 30222 181613 1723485 49090 347784 4559 65141 243707 1046850 37864 22755 78545 2428700 191691 15930 50814 96212 45612 183544 9846 94231 13954 62097 112340 4092 6938 93544 63142 110916 9817 109886 6787 47827 40850 54569 94423 124380 117742 61321 196993 723 13729 83202 5352 40078 470037 22688 10687 2521 4374 55128 139006 59626 4061 44138 42987 97144 44965 59790 48300 28921 2640
internal_value=-0.00213391 0.0145322 0.0515601 -0.000661699 -0.0244172 -0.0892046 0.0179732 0.0151059 -0.00531962 -0.018007 -0.0408849 -0.0460401 -0.0662258 0.0484839 0.0111262 0.00510731 0.00163588 0.00887112 0.0240807 0.00698063 -0.0207736 -0.000353136 0.0587904 0.0309875 4.66452e-05 0.00635065 -0.0260579 -0.0065012 -0.0144107 0.0245245 0.0136093 -0.0188837 -0.0131802 0.00404833 0.021384 -0.00472359 -0.00584933 -0.024447 -0.0437535 0.0307554 0.0924504 -0.0267168 -0.0113159 0.0169448 -0.0248955 -0.0346991 0.0606001 -0.00726008 0.124322 0.0319754 0.00762841 0.00131742 -0.0322361 -0.0575137 -0.017292 -0.0601071 -0.0489204 -0.0240664 0.0255294 0.0487066 0.0637114 0.0873366
internal_weight=446549 374808 109050 265758 116827 71741.7 148930 61268.8 62036.2 45895.2 26627.3 54791.2 30458 27296.1 121634 50644.2 3825.46 117626 43188.1 33997.6 24333.2 14102.1 7020.03 18873.3 74437.4 59958.1 14479.3 26977.5 16171.4 5321.51 19267.8 6957.91 12899.3 59124 21488 15524.9 37636 20725.8 15119.6 16141 4369.62 10223.4 28070.4 16910.1 17981.4 15105.1 3436.47 9475.71 571.395 12309.9 8482.15 23764.4 13907.9 6437.19 3251.33 3573.99 10231 7190.44 22573.8 8410.38 2024.29 9190.57
internal_count=21030537 9430218 2956678 6473540 4863319 11600319 1610221 1233193 1686277 1414924 1213026 3177042 2790213 369172 1241049 989486 129692 1191959 476928 290744 386829 211140 78750 177481 715031 551187 163844 211994 166176 55260 201898 87638 197186 544249 189842 148992 354407 224675 179063 271353 62820 361513 699783 129732 616581 576503 32505 106466 6613 114260 102955 148852 157231 97605 74360 49774 175689 55652 289703 108090 33480 186184
is_linear=0
shrinkage=0.1


Tree=35
num_leaves=63
num_cat=0
split_feature=7 12 6 1 7 25 22 34 0 33 4 11 20 27 25 24 24 27 9 29 18 16 1 3 2 0 0 2 3 1 24 0 25 9 0 9 13 3 24 27 25 25 30 29 7 4 11 27 19 19 30 0 8 33 7 34 30 2 13 22 19 2
split_gain=57552.4 18264.7 17424.8 9574.05 4995.07 3778.47 5999.22 3615.69 2812.22 2782.81 2519.44 1986.99 5009.26 2349.07 1654.5 2398.75 1696.24 1651.46 1566.22 1527.82 1402.53 1392.98 1339.66 1282.92 1263.24 1217.58 1150.74 1091.9 2124.11 1629.02 1431.91 1716.53 2025.48 1084.58 1083.27 1049.63 1029.66 1024.56 1021.26 961.804 956.34 940.321 898.722 1296.47 889.643 2118.62 2758.08 878.304 1152.07 1206.52 861.797 829.094 771.123 768.74 1396.79 1446.24 757.535 726.795 984.538 701.463 691.544 659.578
threshold=60.228008270263679 1.0000000180025095e-35 1.0000000180025095e-35 81.892700195312514 83.377899169921889 1.5000000000000002 1.0000000180025095e-35 1.1331304907798769 99.494949340820327 0.42687463760375982 0.89223486185073864 1.0000000180025095e-35 0.3349605798721314 1.5000000000000002 3.5000000000000004 3.5000000000000004 2.5000000000000004 1.5000000000000002 0.73214286565780651 21.500000000000004 1.5000000000000002 3.5000000000000004 8.4806714057922381 56.873315811157234 72.377109527587905 51.022111892700202 81.872947692871108 78.08689117431642 91.596042633056655 91.922958374023452 2.5000000000000004 88.548007965087905 1.5000000000000002 0.43650794029235845 27.622890472412113 0.29285715520381933 1.0000000180025095e-35 8.4219856262207049 2.5000000000000004 8.5000000000000018 2.5000000000000004 2.5000000000000004 11.500000000000002 20.500000000000004 49.87309646606446 0.87620460987091076 1.0000000180025095e-35 14.500000000000002 0.19785324484109881 0.17088134586811068 4.5000000000000009 5.7556936740875253 31.334292411804203 0.71335586905479442 54.071052551269538 0.99999985098838817 12.500000000000002 90.366767883300795 1.0000000180025095e-35 1.0000000180025095e-35 1.0000000180025095e-35 81.892700195312514
decision_type=8 2 2 2 10 2 2 2 2 2 2 2 2 2 2 2 2 2 10 2 10 10 2 2 2 2 2 2 2 2 2 2 2 10 2 10 2 2 2 2 2 2 2 2 10 2 2 2 2 2 2 2 10 2 10 2 2 2 2 2 2 2
left_child=7 3 10 4 26 25 23 44 11 -10 20 12 13 21 15 27 24 -11 -14 -9 59 -5 37 -7 -16 34 35 30 -29 -30 31 32 -13 -31 -6 -2 -34 -8 47 -15 -32 51 -22 56 -1 -46 53 48 49 -12 -23 -39 -48 54 55 -47 -44 58 -18 -3 -24 -25
right_child=1 2 -4 8 5 6 22 19 9 17 38 14 18 39 16 -17 57 -19 -20 -21 42 50 60 61 -26 -27 -28 28 29 33 40 -33 36 -35 -36 -37 -38 41 -40 -41 -42 -43 43 -45 45 46 52 -49 -50 -51 -52 -53 -54 -55 -56 -57 -58 -59 -60 -61 -62 -63
leaf_value=-0.097641340304800428 -0.076456518802630269 0.011742957210582565 0.097584085583873895 0.08393204046289883 0.038266069848704259 -0.095804271456736617 0.015608205992248103 0.073290889617732086 0.089801573271801993 0.096633155381395441 0.0045867875233477689 0.059601798068241299 0.08530592611419173 -0.0022179902091641534 -0.0084272770647311878 0.14938767624496352 -0.068785449374354643 0.0050052461065073182 -0.1641582490675759 -0.04802915877709707 -0.038023388758328926 -0.069480733219783958 0.017850816732523624 -0.030585022407234954 0.22090639222688213 0.057119297455943345 0.14201932724428432 0.058272125702716816 -0.027668765471607355 0.0046228762861963936 0.10702333695737938 0.095817717086367216 -0.071772633939067187 0.040891521902554351 -0.027041504976517153 -0.027238480987832516 0.10252384894543645 -0.10008006418001261 0.08872488718616553 -0.053246753461262092 -0.029054755517719601 -0.092346424639101227 -0.004117299294154002 -0.032402457798760199 -0.09389263406704651 2.3017311117295924 0.2280849803880797 0.10190501319980348 0.069038756128073572 -0.14831564836723263 0.041724736890273784 0.10240174844409278 -0.058084824510798709 0.12496695473011279 0.28150067627291764 0.41277899861586848 0.047700634785604316 -0.014746256988489519 0.05579621335874288 0.051564926629778442 0.14267341993114258 -0.092465386008492606
leaf_weight=53740.902424941771 20471.337450188119 15203.30057818396 43444.762332510203 4669.0872605945915 4887.3792612124234 9289.261348690372 2631.8629075493664 1777.2242309651338 8806.6950992727652 2324.3147719744593 2313.6211297363043 1526.752893649973 12105.350597376935 13909.654444637708 501.57078212406486 1160.1969224666245 6980.6157259391621 12797.026322744787 257.0168614955619 2495.6477705123834 8429.3607812626287 1194.8870994271711 16351.617560312152 7816.1441651172936 460.90082120615989 7655.9522149600089 268.58214089460671 7942.8700306927785 13375.056794505566 45388.528459969908 1306.9115493614227 915.8202368626371 8661.211590510793 10075.383470436558 5287.7869329107925 5496.3434278583154 352.73947168746963 323.84638384263963 5275.8900118749589 5029.1206873031333 853.89887337153777 2951.3059331057593 5513.4453442050144 6989.450305854436 7006.1173980459571 7.2778734876774278 98.798387061338872 1306.8985589426011 1971.0992907322943 664.2235758677125 1671.9990490879864 538.46268415823579 2006.5880790632218 444.98546564811841 160.35103498399258 9.14780734060332 5777.769209465012 8275.0693730041385 697.74936755746603 6238.5545887420885 456.23062051460147 2209.4081463404
leaf_count=10142144 1875349 193453 1722772 43576 109288 1386276 32198 25137 254652 52200 33051 10862 248335 94722 8226 9633 114646 87747 3501 113301 245820 9924 160682 149974 3646 88592 3273 52303 151563 311388 9494 6268 132827 99332 159128 356433 2132 5305 156498 100952 11355 51317 130456 166335 1244331 482 8336 29797 50589 8208 13131 4152 255132 12787 1340 279 109810 61964 4158 74275 3564 20891
internal_value=-0.0020345 0.013837 0.0494056 -0.000387396 -0.0274767 -0.0116512 -0.027839 -0.0866091 0.0133179 0.045115 0.0143356 0.00815304 0.0275628 0.00302146 0.00120382 0.00651222 -0.0275285 0.0190895 0.0801195 0.00243173 0.00428097 0.0502428 0.00637529 -0.06903 0.101394 0.026994 -0.0639091 0.00467853 0.00930689 0.00365711 -0.0214186 -0.0355016 -0.0469111 0.0112113 0.00432731 -0.066039 -0.064952 -0.0323847 0.0563195 -0.0157685 0.0532486 -0.0655057 -0.0110103 0.00144565 -0.092603 -0.0647846 0.00999478 0.0289904 0.00973533 -0.0295189 -0.0046245 0.0263582 -0.0446559 0.195051 0.371467 1.24973 0.0223982 -0.0353065 -0.0574644 0.0233292 0.021239 -0.0442221
internal_weight=428751 361004 103128 257876 86635.5 60399.3 42568.1 67747 171240 23928 59683.6 147312 38837.1 26474.7 108475 91559.4 16915.9 15121.3 12362.4 4272.87 48151.9 7535.97 23253.3 19314.8 962.472 17831.1 26236.3 90399.2 76781.8 68839 13617.3 11456.5 10540.7 55463.9 10175.2 25967.7 9013.95 6445.48 11531.7 18938.8 2160.81 3813.62 26710 18280.7 63474.2 9733.27 2727.15 6255.84 4948.94 2977.84 2866.89 862.309 2105.39 621.762 176.777 16.4257 11291.2 15953.4 7678.37 21441.9 16807.8 10025.6
internal_count=21029292 9226023 2921064 6304959 4406422 2171367 1814359 11803269 1898537 394599 1198292 1503938 514141 262305 989797 797157 192640 139947 251836 138438 920149 66631 257218 1557141 11872 357008 2235055 787524 614586 562283 172938 152089 145821 410720 268416 2231782 134959 92972 278143 195674 20849 60774 652421 406601 11664831 1522687 278356 121645 91848 41259 23055 9457 263468 14888 2101 761 240266 180768 118804 267728 164246 170865
is_linear=0
shrinkage=0.1


Tree=36
num_leaves=63
num_cat=0
split_feature=7 34 34 9 9 6 1 1 25 20 0 7 34 19 30 21 7 8 8 33 7 29 28 28 1 28 9 26 34 0 9 26 9 1 20 24 32 1 2 5 8 13 29 7 28 1 20 26 35 7 26 18 2 24 25 9 8 1 29 20 16 34
split_gain=51048.6 16929.5 9128.85 5760.4 4709.32 6168.68 4418.79 3543.15 3036.62 2860.87 2444.05 2006.83 1997.87 1951.18 1872.68 1857.74 1948.89 1643.49 1560.01 1473.89 1369.77 1368.88 1515.72 1288.04 1276.89 1260.22 1260.01 1225.01 1144.53 1141.97 1118.46 1399.44 1011.78 925.904 921.089 915.263 837.922 1176.93 1072.8 858.733 829.388 797.791 787.839 768.644 768.497 744.38 723.347 720.452 704.35 646.504 635.854 602.085 592.501 713.029 570.654 564.236 555.897 543.601 542.163 538.109 534.795 528.724
threshold=54.071052551269538 1.8029962778091433 0.77751737833023082 0.92582416534423839 0.92582416534423839 1.0000000180025095e-35 75.162338256835952 22.401432991027836 1.5000000000000002 0.9610288441181184 91.922958374023452 98.006622314453139 1.1155465245246889 0.21734297275543216 11.500000000000002 1.0000000180025095e-35 93.360881805419936 41.872640609741218 91.813587188720717 0.62440553307533275 71.747425079345717 20.500000000000004 13.500000000000002 10.500000000000002 75.905715942382827 6.5000000000000009 0.21111111342906955 1.0000000180025095e-35 0.34682276844978338 65.64831924438478 0.23611111193895343 2.5000000000000004 0.47222222387790685 84.660633087158217 0.78607732057571422 2.5000000000000004 3.5000000000000004 98.61084365844728 97.182540893554702 1.0000000180025095e-35 45.078563690185554 1.0000000180025095e-35 16.500000000000004 97.81815338134767 15.500000000000002 99.494949340820327 0.9610288441181184 1.0000000180025095e-35 2.5000000000000004 98.742088317871108 1.5000000000000002 1.5000000000000002 82.097072601318374 3.5000000000000004 1.5000000000000002 0.29285715520381933 71.707641601562514 77.032970428466811 20.500000000000004 1.0000000180025095e-35 6.5000000000000009 1.070387125015259
decision_type=8 2 2 8 8 2 2 2 2 2 2 10 2 2 2 2 10 8 10 2 8 2 2 2 2 2 10 2 2 2 10 2 10 2 2 2 2 2 2 2 10 2 2 10 2 2 2 2 2 10 2 8 2 2 2 10 8 2 2 2 10 2
left_child=12 2 6 10 9 13 7 26 29 11 33 15 -1 14 -6 18 17 44 20 -7 58 22 -16 -21 51 -14 43 -19 -8 32 -11 35 -9 -3 -13 54 42 38 39 57 -28 -39 -29 -2 59 47 48 -22 -35 -36 -18 -23 53 -15 -32 -49 61 -38 -4 -17 -30 -43
right_child=1 3 4 -5 5 19 28 8 -10 30 -12 34 25 52 21 16 50 27 -20 23 45 24 -24 -25 -26 -27 40 36 60 -31 31 -33 -34 46 49 -37 37 41 -40 -41 -42 56 -44 -45 -46 -47 -48 55 -50 -51 -52 -53 -54 -55 -56 -57 -58 -59 -60 -61 -62 -63
leaf_value=-0.095658836012777582 -0.049056583123375713 -0.067899498789781104 -0.016159460117690105 0.10120813949965712 -0.02051433982444123 0.092595542504749398 -0.044002078467814683 -0.056833788490169873 -0.094727127294964519 -0.072280230870202702 0.082364362280312353 0.080178350905229318 0.14611677586772387 0.04709491481655681 0.0137895012225082 0.16457596847113762 0.087855738176613907 0.10081052497501675 -0.041751695145008531 0.086199328098704953 0.087434449808725723 0.0084186621625853535 0.069415347341645714 -0.053492033662455113 0.070143951257652451 -0.037851222580054404 0.09346104001881024 0.097277693757426259 0.032456665184055052 0.077659136550810554 0.042953455247662142 -0.064014110040108138 0.022915078970496657 0.048980859478278224 -0.031128522403297734 0.053647270166320676 -0.033716474112218862 -0.017196301369707085 -0.046918274692399224 0.13416854573679712 0.0031517320525019168 0.11249357561475765 0.016786428472313028 0.055662584000707317 0.014353556009504677 0.013990522067206163 -0.010410531079113996 -0.030226990813697653 -0.0079796747447113316 0.036958386993928803 0.031157191326869213 -0.039830834380081115 0.08364397582649942 -0.092538138500649972 -0.029791912761704481 0.0055298811468664517 0.0089583124434115171 0.016659193751141051 -0.095732977142124143 0.069660254852073958 -0.024803464055652147 0.03101010484307623
leaf_weight=52707.365674162749 7411.7362165367231 1308.6394617203623 1488.6314460383728 24094.344457414001 15451.239809497725 16509.81873718556 2981.1533501078375 6200.9604321187362 17934.927994433325 5387.1980114742182 7109.3705176021904 4476.5992297078483 446.1402884516865 2494.8443029732443 11232.919153397903 861.31050097430125 4111.610651162453 1289.4378718854859 12166.450309692416 1246.8438615333289 701.37283450597897 4701.2786666457541 8686.6771118910983 1402.5906224651262 1943.6979821422137 2251.5829998780973 1196.0195323424414 1362.0113053098321 11648.937166799325 981.54652281384915 1333.9111014502123 4609.8065347457305 2139.8712711883709 8254.442609347403 1671.6687704813667 2603.1147062405944 3889.6223741131835 9191.5760980336927 9497.2950675548054 460.49855123227462 6791.594529688824 952.47000098694116 11344.524442982394 774.13679415546358 1751.1592801241204 25978.914849001914 5453.1208803858608 10964.516450453084 2945.5850044060498 8413.5017974930815 3811.5219549783505 5748.7551156366244 4840.0407217573375 428.51893545035273 5628.6447868011892 7385.7524042031728 18712.861963072792 4767.8515753177926 2015.5303819868714 1948.6591269928031 1896.6857058862224 4857.4692904939875
leaf_count=10897797 395561 9577 47530 1083652 283366 677516 42461 396307 2811979 187277 163553 71349 3460 36565 178178 9386 55792 16098 153260 19047 9102 60452 116691 16835 36350 115054 24409 19100 133293 15661 14938 60581 75424 75549 17385 36966 227753 154287 167887 6169 133679 14588 234943 9744 35888 237766 41172 277904 25354 184427 55200 115174 152769 5741 80935 123141 142703 55758 71600 32726 26195 46076
internal_value=-0.00204749 0.0117966 0.00310553 0.066292 0.0115612 0.0325587 -0.0319149 -0.0486614 -0.0706631 0.00252941 0.0327363 0.00710325 -0.0913628 0.0156774 0.00812009 0.00341606 0.0135434 0.00828604 -0.00973255 0.0814847 -0.00170615 0.0218122 0.0380472 0.0122478 -0.00428124 -0.00742722 -0.0115818 0.00429306 0.0120934 -0.0243675 -0.0334935 -0.0187531 -0.0363739 0.0130933 0.0424289 0.00305865 0.00237946 -0.00321378 -0.0233963 0.00110426 0.0166741 0.00792991 0.0254143 -0.0391533 0.0663499 0.00298021 0.0194579 -0.0120335 0.0340004 0.0256726 0.0605802 -0.0181243 0.0621738 0.0266269 -0.0158551 -0.0158353 0.0173477 -0.00597354 -0.0619287 0.0987538 0.024439 0.0443683
internal_weight=412851 357446 308280 49165.5 248323 74687.2 59957.6 43430.8 27257.3 173635 25071.2 154073 55405.1 55528 47764.6 139511 78809.9 70886.7 60701.2 19159.3 48534.7 32313.3 19919.6 2649.43 12393.7 2697.72 16173.5 66325.6 16526.8 9322.38 19562.7 14175.5 8340.83 17961.8 14561.8 9565.67 65036.2 52329.6 18615.3 9117.97 7987.61 33714.4 12706.5 8185.87 4561.13 45030.6 16653.1 19051.6 11200 10085.2 7923.13 10450 7763.4 2923.36 6962.56 18350.3 24522.8 8657.47 3504.16 2809.97 13545.6 5809.94
internal_count=21027080 10010769 8611912 1398857 4547199 1698684 4064713 3862764 3299371 2848515 315205 2467818 11016311 985286 790211 2194657 1274354 1163362 920303 713398 767043 506845 294869 35882 211976 118514 563393 1085362 201949 487392 380697 193420 471731 151652 273161 132839 1069264 815221 457567 289680 158088 357654 254043 405305 78000 647913 142075 410147 100903 201812 110992 175626 195075 42306 95873 401045 203367 283511 119130 42112 159488 60664
is_linear=0
shrinkage=0.1


Tree=37
num_leaves=63
num_cat=0
split_feature=7 34 34 11 11 34 3 1 34 11 34 0 20 11 32 18 11 26 10 29 30 4 27 19 24 7 18 8 27 7 28 4 30 29 1 2 4 27 31 11 28 1 16 20 11 4 0 24 0 19 27 1 1 20 30 11 13 0 18 33 7 29
split_gain=45715.9 14941 7737.87 6174.09 5097.79 7389.76 4230.01 5027.55 1813.41 1795.36 1743.37 1638.08 1636.4 2882.62 2296.03 2988.06 1557.55 1483.8 1446.08 1362.04 1965.24 1627.3 2098.2 1725.86 1340.3 1277.06 1269.94 1246.77 1214.05 1195.8 1017.84 1005.28 967.258 1376.9 951.294 1657.86 1421.24 914.088 881.047 853.411 799.245 793.895 780.166 698.154 969.344 682.108 1353.08 1182.36 674.426 772.929 875.609 643.868 655.638 628.086 618.711 611.857 603.455 601.612 1316.35 600.85 592.527 581.123
threshold=54.071052551269538 1.8267858028411867 0.80146759748458873 1.0000000180025095e-35 1.0000000180025095e-35 1.2322814464569094 64.075469970703139 24.068965911865238 1.1155465245246889 2.5000000000000004 0.36077304184436804 90.366767883300795 0.9610288441181184 1.5000000000000002 2.5000000000000004 1.5000000000000002 1.0000000180025095e-35 1.0000000180025095e-35 1.0000000180025095e-35 21.500000000000004 12.500000000000002 0.78037142753601085 1.5000000000000002 0.1933449059724808 2.5000000000000004 54.071052551269538 1.5000000000000002 39.291978836059577 1.5000000000000002 97.81815338134767 1198.5000000000002 0.76001542806625377 11.500000000000002 17.500000000000004 98.61084365844728 97.182540893554702 0.99782609939575206 24.500000000000004 0.82880055904388439 1.0000000180025095e-35 2.5000000000000004 91.458969116210952 5.5000000000000009 0.9610288441181184 1.5000000000000002 0.85386407375335704 72.255687713623061 2.5000000000000004 88.047618865966811 0.20220256596803668 14.500000000000002 29.679679870605472 94.804317474365249 0.4427007138729096 6.5000000000000009 1.5000000000000002 1.0000000180025095e-35 52.851875305175788 6.5000000000000009 0.17225310206413272 97.81815338134767 16.500000000000004
decision_type=8 2 2 2 2 2 2 2 2 2 2 2 2 2 2 8 2 2 2 2 2 2 2 2 2 10 10 10 2 10 2 2 2 2 2 2 2 2 2 2 2 2 10 2 2 2 2 2 2 2 2 2 2 2 2 2 2 2 8 2 10 2
left_child=8 2 6 -3 5 19 7 16 -1 12 -8 43 14 -14 15 32 -2 -16 -15 20 21 26 23 24 38 37 51 -19 -10 34 41 -17 33 -6 35 36 48 -24 -23 42 -36 45 -12 -5 -45 46 -7 -48 -29 50 -50 -4 -53 -47 -44 -18 -42 -21 -59 -58 -41 -28
right_child=1 3 4 11 9 30 10 -9 28 -11 39 -13 13 18 17 31 55 27 -20 57 -22 22 25 -25 -26 -27 61 29 -30 -31 -32 -33 -34 -35 40 -37 -38 -39 -40 60 56 -43 54 44 -46 53 47 -49 49 -51 -52 52 -54 -55 -56 -57 59 58 -60 -61 -62 -63
leaf_value=-0.095059374226639778 0.018670584375042338 0.099469704340291468 0.031842308337635898 0.022281851713536006 0.067778746693412301 0.041854050366337908 -0.049930977984236409 -0.082884974635866193 0.16608537740433849 -0.089732329029594507 0.056656566194583896 0.068330465786915151 -0.049231062525215807 -0.060548274845167872 0.072570040214086126 0.042991680188312315 -0.02424020797495972 0.065443005770184484 0.099984371944682973 -0.031733982707648489 0.051956214536401313 -0.14743559257202318 0.003969868606677111 0.0857779586917925 0.069646121223406354 0.053153770651874523 0.026769036354032993 -0.020275560795129027 -0.036052803324572606 0.035643685619071323 -0.079869792738493012 0.1528096700534454 0.053172894833641397 -0.021047404302720018 -0.029868330998280946 -0.053857778397795743 0.126083875828889 -0.06097593239605377 -0.0070211857904288666 -0.0066537188922951894 -0.013396569583263841 0.090021790223318743 -0.07054541190300212 -0.044543678262229366 0.070987713983710607 -0.084357606559530257 0.04356409142336088 -0.32529983349920766 -0.075187182223107288 0.069141392929697593 0.1495139462916513 -0.02637903388748496 0.11724330517465489 0.074421608666973407 0.036362268814874449 -0.082739666842044299 0.069201275007705607 0.061733524565766008 -0.01199206098887242 0.0097800250361819146 0.11135691553033003 -0.037560497134005451
leaf_weight=47975.119817411061 9122.1237802258693 24261.237772304565 8192.8202034933493 8359.9166676141322 2227.3019233890809 1286.8405765071511 4703.3750682771206 20261.902103574015 341.26080980431288 2336.2699625664391 6932.2894438272342 5731.7787162493914 13893.405189721845 751.3591401851736 2489.9207572005689 1262.5805051103234 6821.7324726097286 2386.9147451655008 2216.3796810368076 7312.5588260171935 15298.091488352045 622.04898366332054 13041.754514849745 8149.9237059438601 1802.1744370888919 4592.7345090834424 1605.8099724198692 16262.406626574229 2297.4389784620143 5848.7738327309489 415.52747823670506 2453.1876553930342 4641.9804164310917 8060.7390460525639 8041.7164449505508 11927.507143605035 773.78314071847126 2599.0087798200548 1586.7317737899721 10004.31086720759 11614.049567721784 16647.936110666022 986.07077538687736 4221.6161563917994 877.12627834826708 261.32525611296296 145.26437573693693 216.28429355844855 946.83334723720327 1943.7479746099561 212.30569284502417 4130.1593465195037 344.34905420336872 5340.0224731341004 1200.2753232019022 2422.9419177630916 1852.4782319385558 3059.4272643453442 11619.854029869661 20906.993651042227 444.36517537850887 11188.073148374446
leaf_count=10899413 231280 1156713 87986 60152 22513 15607 128965 3165012 2407 88798 87468 97224 235848 45917 27936 47715 318700 38400 35705 156647 272134 7382 71119 160884 46340 95152 42597 449347 116127 61253 7590 21800 53755 89330 81334 200462 8710 67169 24217 180781 156364 634607 17081 26153 6308 3807 2051 1509 5046 13925 1465 83464 11195 208976 16494 154108 13529 70687 127649 164609 3046 298958
internal_value=-0.00180642 0.011079 0.00327302 0.0659447 0.0113794 0.0260944 -0.0279814 -0.0485371 -0.0906202 -0.002906 0.00473472 0.0235611 -0.00122559 -0.0301212 0.00346576 0.0352511 -0.0106452 -0.00348977 0.0593414 0.0135216 0.0200817 0.0116535 0.026522 0.0593498 0.00564992 0.00679162 -0.00726369 -0.00577928 -0.00991044 -0.00789556 0.075296 0.115495 0.0152802 -0.00181705 -0.0113145 -0.0243122 -0.00681369 -0.00682211 -0.0465655 0.0178747 -0.00148806 0.077994 0.0402299 0.00449475 -0.024669 0.0503741 -0.00616932 -0.177096 -0.0121239 0.0305994 -0.0340314 0.0151809 -0.0153262 0.0670139 -0.0118545 -0.0395724 0.00515153 -0.00830005 0.00337368 0.0146165 -0.00163492 -0.0294862
internal_weight=399474 348860 305409 43451.7 242509 119459 62899.4 38628.7 50613.8 123051 24270.7 19190.4 120714 16861.1 103853 18645.8 18366.8 85207.4 2967.74 95145.5 73153.7 57855.6 32394.4 12160.9 4010.96 20233.5 25461.2 82717.5 2638.7 80330.6 24313.2 3715.77 14930 10288 74481.8 32066.6 20139.1 15640.8 2208.78 19567.3 42415.2 23897.7 9118.64 13458.7 5098.74 7249.74 1648.39 361.549 19365.3 3102.89 1159.14 12667.3 4474.51 5601.35 2186.35 9244.67 34373.5 21991.8 14679.3 22759.5 10448.7 12793.9
internal_count=21028920 10010973 8664423 1346550 4361488 2497727 4302935 3869100 11017947 1863761 433835 189837 1774963 317470 1457493 235113 704088 1222380 81622 1623580 1268597 996463 472263 238823 77939 233440 524200 1194444 118534 1156044 874147 69515 165598 111843 1094791 678955 478493 138288 31599 304870 415836 866557 121043 92613 32461 231950 19167 3560 469783 20436 6511 182645 94659 212783 33575 472808 334502 354983 198336 178138 183827 341555
is_linear=0
shrinkage=0.1


Tree=38
num_leaves=63
num_cat=0
split_feature=7 34 34 11 11 34 1 1 25 9 26 11 20 34 9 20 29 30 3 1 7 26 7 11 9 26 21 20 27 34 28 8 9 1 19 26 1 18 8 34 27 3 27 7 1 19 18 27 9 2 27 24 25 25 1 9 9 24 1 25 11 8
split_gain=40615.9 13070.5 6812.31 5525.58 4737.06 7092.12 3610.26 3030.17 2969.26 1927.91 3885 1862.67 1783.04 1562.45 1291.43 2151.73 1217.36 1606.43 1446.15 1753.78 1308.17 1212.04 1771.89 1154.98 1118.94 1491.53 1075.82 1064.44 1037.27 1026.23 1463.93 994.354 973.79 918.901 833.824 805.823 787.23 784.819 762.185 754.666 728.899 808.46 1038.35 702.042 699.091 1135.27 682.839 643.934 640.281 622.448 596.619 1176.16 948.138 711.538 588.412 563.975 562.503 535.699 528.979 897.009 514.172 493.788
threshold=53.178024291992195 1.8497467041015627 0.76472437381744396 1.0000000180025095e-35 1.0000000180025095e-35 1.2322814464569094 75.162338256835952 21.483516693115238 1.5000000000000002 0.23611111193895343 1.5000000000000002 1.5000000000000002 0.97752270102500927 1.1155465245246889 0.47222222387790685 0.92592459917068493 20.500000000000004 12.500000000000002 52.73088455200196 29.679679870605472 93.112571716308608 1.0000000180025095e-35 97.81815338134767 1.5000000000000002 0.64583334326744091 4.5000000000000009 1.0000000180025095e-35 0.95146238803863536 1.5000000000000002 1.4547576308250429 450.50000000000006 46.963108062744148 0.29285715520381933 90.070423126220717 0.17088134586811068 2.5000000000000004 7.4537036418914804 1.5000000000000002 90.017181396484389 0.33273392915725714 2.5000000000000004 95.346321105957045 1.5000000000000002 96.437637329101577 73.375530242919936 0.76023730635643016 1.5000000000000002 23.500000000000004 0.087121214717626586 22.401432991027836 35.500000000000007 2.5000000000000004 4.5000000000000009 1.5000000000000002 58.380149841308601 0.80909091234207164 0.38750000298023229 2.5000000000000004 90.80338287353517 2.5000000000000004 2.5000000000000004 52.995725631713874
decision_type=8 2 2 2 2 2 2 2 2 10 2 2 2 2 10 2 2 2 2 2 8 2 10 2 10 2 2 2 2 2 2 10 10 2 2 2 2 8 10 2 2 2 2 10 2 2 8 2 10 2 2 2 2 2 2 10 10 2 2 2 2 10
left_child=13 2 6 -3 5 16 7 23 32 11 14 12 21 -1 -11 -16 17 18 19 46 -20 43 26 36 31 27 -23 -26 -15 30 58 -12 -9 -5 -17 56 -2 54 48 -8 41 57 -43 -6 -39 -46 -4 -47 -28 -34 51 53 -53 -38 -18 -27 -33 -22 59 -7 -13 -52
right_child=1 3 4 33 9 29 39 8 -10 10 24 60 -14 28 15 34 37 -19 20 -21 40 22 -24 -25 25 55 38 -29 -30 -31 -32 35 49 -35 -36 -37 50 44 -40 -41 -42 42 -44 -45 45 47 -48 -49 -50 -51 61 52 -54 -55 -56 -57 -58 -59 -60 -61 -62 -63
leaf_value=-0.094901958232527908 -0.059520702932710584 0.098969753273165401 0.030369021294552347 -0.029612387853480939 0.076954140825671882 0.064656110634931027 -0.04047464353520977 -0.044170361468884679 -0.09377449246894734 0.12421324347695849 0.048105757619694892 -0.043110474949776184 -0.080582999612724082 0.15961835075383585 0.07596369754979157 0.027997295735419498 0.0045611046870657262 0.053664765624988064 0.064974736219430604 -0.058841490764614236 -0.022716698706433128 -0.027629470634780235 0.061015828628822627 -0.082833890124685991 0.063301457325315474 -0.10792698693278076 -0.0065239848571943043 -0.0041034308988726785 -0.037198936678895393 0.094655982038832576 -0.10517720273532812 -0.010437936384205197 -0.056753769631588236 0.032861365722683104 -0.066685886240433867 -0.042625949812556352 0.026219841332917229 -0.038019060888754556 0.046403405141000678 0.020619262032373364 -0.0047234015066981846 0.080819828983399414 0.017057507320442481 -0.014010447481056549 0.071158615306649506 -0.0026201849084977976 -0.011598259127698985 -0.067347558044261624 0.17764723788409895 0.053310146080076594 0.072298348528864229 -0.0032577071720105788 0.14493049950042267 -0.093886512943572198 0.065371866717205393 0.013880794624149682 0.077630531229292921 0.033268575592286014 0.078859419946516254 -0.031123989330283316 -0.098899574552673591 0.012133773964800388
leaf_weight=43063.335121530574 1811.1732911723666 21371.905756693333 7485.6772837764584 2831.0423480160534 2776.0522447898984 3098.1897458834574 2384.0979367429391 5660.3182926983573 15342.606564276386 2415.4301006561145 2450.9984998065047 7116.2501128795557 3206.1991256051697 306.94857069849968 6993.5546235092916 1908.5035441112705 4893.0091383093968 11672.679892720189 6710.5962260831147 5122.9223347948864 3852.9853760129772 24643.180725442711 3491.776844563894 1866.602851360105 6150.7313423440792 1072.2601122790948 22772.539412822109 3784.2579542556778 2097.9318119878881 11749.28421722725 558.65322265587747 20363.952315318398 671.70827769860625 13982.806583995 1814.2750875204802 9302.9534977371804 674.40217574685812 7669.826287037693 3299.3369823908433 13308.592380942777 10680.996540059336 4719.7262460831553 5565.7738247215748 1221.8694972828962 1908.016108921729 11329.716598514467 8042.3089075596072 1778.1962630082853 190.34514075750485 2186.0020451559685 2043.098060362041 1482.4005400217138 609.19516729656607 1836.2844913075678 2357.9941944591701 588.85690104402602 752.02610213914886 3071.6674903254025 6565.960568992421 1428.6867627091706 2151.4461730890907 4104.9284196561202
leaf_count=10763904 55144 1127259 84304 19053 32083 106908 36890 385452 2832524 31078 26702 253552 105659 2118 111559 21000 76987 220200 125556 296822 50105 410008 30399 124004 65484 10250 404215 29055 111331 494275 7798 283495 39377 147523 11410 144318 26812 205317 39337 162431 133682 104800 35976 9428 41675 102001 148788 41507 3331 74182 37672 68354 7423 117659 58071 4512 8026 57471 265292 30334 101099 65567
internal_value=-0.00174304 0.010098 0.00314345 0.0652294 0.0101321 0.0243954 -0.0290579 -0.0456141 -0.0674898 -0.00322038 0.0103682 -0.0142643 -0.00797601 -0.0905213 0.0581591 0.0432706 0.0124593 0.0199572 0.0128362 -0.00810543 0.0253345 -0.0039895 -0.00789521 -0.00943696 -0.0037455 0.022962 -0.0126221 0.0376268 -0.012078 0.0738019 0.0527727 -0.0131676 -0.020146 0.0223423 -0.018146 -0.0181047 0.00146963 -0.00430263 0.00146016 0.0113376 0.0157971 0.0285325 0.0463162 0.049153 -0.0134565 -0.000910456 0.00863318 -0.011401 -0.00499734 0.0274395 0.0117451 -0.0154832 0.0399034 -0.0616244 0.0243365 -0.0647468 -0.00730146 0.00211749 0.0607273 0.0344278 -0.0560616 0.0321275
internal_weight=386365 340897 302711 38185.8 248730 120263 53981.4 38288.7 23860.6 128467 57597.8 70869 61601.3 45468.2 13131.8 10716.3 96862.1 66925.3 55252.7 20650.9 34601.7 58395.1 54397.2 14428.1 44466 11596.1 50905.4 9934.99 2404.88 23400.8 11651.5 32869.9 8518.03 16813.8 3722.78 30418.9 12561.5 29936.8 26262.2 15692.7 27891.1 17210.2 10285.5 3997.92 22685.8 15015.9 15528 13107.9 22962.9 2857.71 10750.3 4602.28 2091.6 2510.69 7251 1661.12 21116 6924.65 11092.8 4526.88 9267.7 6148.03
internal_count=21028548 10151195 8857360 1293835 4823869 2687869 4033491 3834170 3331535 2136000 746889 1389111 1034460 10877353 175047 143969 1783262 1257704 1037504 529914 507590 928801 887290 502635 571842 109301 856891 94539 113449 904607 410332 462541 499011 166576 32410 435839 378631 525558 446883 199321 382034 248352 140776 41511 390500 185183 233092 143508 407546 113559 323487 220248 75777 144471 135058 14762 291521 107576 402534 137242 354651 103239
is_linear=0
shrinkage=0.1


Tree=39
num_leaves=63
num_cat=0
split_feature=9 8 1 11 4 18 26 1 34 11 20 0 27 30 29 0 11 34 22 3 20 33 6 9 3 11 1 27 16 28 13 24 8 30 3 9 0 30 9 28 20 1 33 1 2 9 34 26 28 18 24 0 2 34 11 26 20 1 2 4 35 28
split_gain=22027.8 16198.6 14483.6 7890.65 5976.76 3711.19 2355.75 2048.86 1969.11 1663.85 4862.54 1397.85 1393.8 1383.87 1379.36 1329.15 1246.64 1211.63 1070 1892.23 1042.4 1006.64 943.668 2071.85 1017.32 856.276 846.093 1202.7 949.045 801.502 779.353 777.108 766.064 742.869 742.295 742.255 734.967 709.556 680.186 718.214 674.446 845.604 664.645 654.271 620.881 621.522 1001.97 613.353 612.051 591.915 575.791 563.442 525.881 527.129 491.694 783.033 794.32 485.797 1050.75 796.221 531.666 969.355
threshold=0.23611111193895343 46.963108062744148 91.024166107177749 1.0000000180025095e-35 0.72802454233169567 4.5000000000000009 1.5000000000000002 21.483516693115238 1.2180281877517702 1.0000000180025095e-35 0.388034537434578 86.222713470458999 23.500000000000004 11.500000000000002 20.500000000000004 99.494949340820327 2.5000000000000004 1.4992163777351382 1.0000000180025095e-35 60.990337371826179 0.97752270102500927 0.14881050586700442 1.0000000180025095e-35 0.92582416534423839 99.523811340332045 1.5000000000000002 72.850124359130874 1.5000000000000002 3.5000000000000004 1.5000000000000002 1.0000000180025095e-35 2.5000000000000004 98.051864624023452 4.5000000000000009 55.245780944824226 0.64583334326744091 25.13157939910889 12.500000000000002 0.23611111193895343 26.500000000000004 0.15351448953151706 79.008567810058608 0.77899968624115001 8.054054260253908 91.476997375488295 0.89898991584777843 1.1750952601432803 1.0000000180025095e-35 7.5000000000000009 5.5000000000000009 1.5000000000000002 47.673160552978523 84.889995574951186 1.1331304907798769 1.0000000180025095e-35 1.0000000180025095e-35 0.9610288441181184 98.213714599609389 97.182540893554702 0.99782609939575206 2.5000000000000004 2.5000000000000004
decision_type=8 8 2 2 2 8 2 2 2 2 2 2 2 2 2 2 2 2 2 2 2 2 2 8 2 2 2 2 10 2 2 2 10 2 2 10 2 2 10 2 2 2 2 2 2 8 2 2 2 8 2 2 2 2 2 2 2 2 2 2 2 2
left_child=1 8 5 17 7 11 52 25 40 10 12 13 26 22 37 35 20 30 19 36 21 29 -2 24 -24 54 -6 28 48 -11 31 44 42 -30 -9 -8 -7 -15 -21 -40 -1 -42 47 -20 45 46 -4 -23 -28 -36 -29 -16 53 -5 -3 56 -56 58 59 -49 61 -59
right_child=2 4 3 6 9 18 15 34 -10 16 -12 -13 -14 14 51 -17 -18 -19 43 38 -22 32 23 -25 -26 -27 27 50 33 -31 -32 -33 -34 -35 49 -37 -38 -39 39 -41 41 -43 -44 -45 -46 -47 -48 57 -50 -51 -52 -53 -54 -55 55 -57 -58 60 -60 -61 -62 -63
leaf_value=-0.093022734965334863 -0.019651157219558114 0.0429861273812326 0.035579727290353295 0.097285269693271059 -0.064912637576765977 -0.026574997296269644 -0.0055043175039072335 -0.08559669432751138 0.0022082813926819901 -0.036168705644944295 0.098335710188734896 0.061510238673199991 -0.061004122919124742 0.017894132574176876 -0.014574806453859291 0.082989935674861848 -0.095712058292891311 0.09961434381771099 -0.050390540991333825 -0.085137166458040273 -0.064041869000209972 0.064418279927078784 0.11746880316883737 0.090687784020038367 -0.027442869083804861 -0.071642187477239536 0.080449439259757671 0.062965847477812656 -0.055690682335187848 0.027706593964671917 0.098464376719042415 0.079842802494951973 0.062080284206127968 0.046050959186083283 0.013125362520934242 0.035621393173330795 -0.084106730647639752 0.050135733871173906 0.0095767617784878536 -0.046036046351765149 -0.075515968869967393 0.011645068146286217 -0.054809387702075378 0.013287788172902238 -0.00087932317038525928 0.071893105605576949 -0.33151200100110517 -0.010749446110764588 -0.21279312305678189 -0.069457662758776101 -0.0031872664012216039 0.026516779643655949 0.082320409010962395 -0.018274710460047552 0.08831416873179683 -0.037924132764515436 -0.062848791571188764 -0.031081580373901824 -0.057354166422696855 0.13942946412431012 -0.016478966284430904 0.03164014975626022
leaf_weight=32014.130154463463 22611.903819774045 1865.8797277426347 275.55892501538619 595.8384508821182 1527.5906279517803 2996.6694059085567 22141.66459670011 12960.079618133372 2658.5498792533763 2324.4053762259427 6072.7686492733192 5061.9890999081545 3230.6439935902599 15211.881798866903 12646.86890271958 2225.0190352005884 1644.9247703233268 23636.93735852465 2056.2469164426439 1196.1054421279114 3117.4342976734042 1065.7134797202889 532.6581080830656 2759.5140318265185 5352.8247316365596 2263.46515668137 4385.4020974347368 1395.376155793434 1256.4151178332977 12684.951190180611 4998.5160825087223 5569.4657888752408 1363.0524412533268 1673.5958273797296 1523.1343778609298 5473.4732086611912 8573.1847863325384 12381.60731460806 8333.9069415607955 3219.2679273486137 6129.5384526571725 1360.0403299529571 3673.229901750572 7493.9813771117479 3404.5110576960724 3350.597620586399 101.83131094276905 8935.4708033013158 72.350284088402987 2017.5741817117669 23049.115000522695 4532.9246345320717 6455.605792283779 1169.5123470313847 1156.1846756073646 4372.9590428743977 497.06915386486799 3581.3472211179323 6443.1805379737634 367.55501262331381 15103.336796389427 7898.0365026057698
leaf_count=8474667 631872 74208 4732 5776 66485 259496 188556 2459100 48261 24929 144922 115912 90591 339071 326127 61512 61615 1345114 40899 29283 33969 9603 9299 143315 46692 126654 66444 14953 14714 111797 141850 225281 10869 16567 64704 53273 1542720 232889 177797 93042 1166686 40029 264694 91384 87355 131417 1604 121676 677 204335 161478 93664 133671 8536 18370 186022 3540 28246 121833 3610 161479 62648
internal_value=-0.00163144 -0.0268704 0.0217018 0.0545495 -0.0102455 -0.000984504 0.021696 -0.0527608 -0.0810965 -2.32461e-05 0.0154661 0.0106272 0.00171253 0.00723943 0.0185119 0.00863776 -0.00971238 0.084799 -0.0287859 -0.0399242 -0.00758696 -0.00481278 -0.00890754 0.0191935 -0.0143278 -0.0174216 0.00778616 0.0112749 0.0466322 0.0178146 0.0650149 0.0518517 -0.0118253 0.00242323 -0.0745106 0.00264703 -0.0692056 0.0323614 -0.0133516 -0.00591963 -0.0867028 -0.0596883 -0.0139656 -0.000422708 0.0299947 0.0581898 -0.0634727 -0.0105082 0.07569 -0.0339323 0.000588982 -0.00373271 0.0690944 0.0207289 -0.00187104 -0.01576 0.0428653 -0.0123947 -0.0263141 -0.004816 -0.00414955 0.0120722
internal_weight=374045 179685 194360 79398.5 137522 114962 38061.1 26656.3 42162.3 110866 42663.3 81092.2 36590.5 76030.2 44773.3 29840.2 68202.6 41337.4 33869.4 24319.1 66557.7 63440.3 31256.9 8645 5885.48 10155.6 33359.8 31832.3 7387.76 15009.4 17700.5 12702 48430.9 2930.01 16500.8 27615.1 11569.9 27593.5 12749.3 11553.2 39503.7 7489.58 47067.9 9550.23 7132.5 3727.99 377.39 43394.6 4457.75 3540.71 24444.5 17179.8 8220.96 1765.35 7892.09 6026.21 1653.25 42328.9 15746.2 9303.03 26582.7 11479.4
internal_count=21022514 14460375 6562139 2388677 4730732 4173462 451324 3136933 9729643 1593799 576831 1938841 431909 1822929 991751 303341 1016968 1937353 2234621 2102338 955353 921384 831178 199306 55991 408794 341318 274833 98402 136726 592239 450389 784658 31281 2728139 241829 1802216 571960 300122 270839 9681382 1206715 773789 132283 225108 137753 6336 509095 67121 269039 176431 419791 147983 14312 282140 207932 21910 499492 247119 125286 252373 90894
is_linear=0
shrinkage=0.1


Tree=40
num_leaves=63
num_cat=0
split_feature=7 34 11 34 11 34 0 0 0 25 11 25 34 0 29 30 4 27 6 24 7 11 34 28 2 22 0 3 1 25 24 24 24 3 7 18 27 1 0 1 25 27 27 9 2 29 1 11 34 6 22 29 25 32 0 7 8 25 1 0 3 6
split_gain=32855.5 9963.89 5261.26 5063.31 3300.22 5824.73 2981.51 3289.09 1420.91 1388.44 1355.31 1330.28 1313.72 1264.06 961.15 1253.86 1146.25 1500.95 1493.85 995.131 979.44 957.45 950.424 1136.89 917.733 2313.5 1480.78 1216.93 1227.37 981.373 1522.96 1012.55 960.124 1224.06 899.779 883.708 868.81 799.602 726.968 726.478 714.411 993.781 666.125 661.597 652.167 622.266 615.399 596.093 640.946 555.223 554.716 1356.74 840.286 554.431 508.141 507.556 564.305 504.422 870.876 499.26 557.71 810.72
threshold=52.784828186035163 1.8497467041015627 1.0000000180025095e-35 0.76472437381744396 1.0000000180025095e-35 1.2464114427566531 56.73658752441407 22.378716468811039 91.922958374023452 1.5000000000000002 2.5000000000000004 1.5000000000000002 1.1155465245246889 99.494949340820327 21.500000000000004 12.500000000000002 0.79556280374526989 1.5000000000000002 1.0000000180025095e-35 2.5000000000000004 52.784828186035163 1.5000000000000002 1.4547576308250429 450.50000000000006 74.322341918945327 1.0000000180025095e-35 88.047618865966811 90.521114349365249 93.063350677490249 3.5000000000000004 3.5000000000000004 2.5000000000000004 2.5000000000000004 92.031745910644545 98.742088317871108 1.0000000180025095e-35 1.5000000000000002 74.64676666259767 78.979854583740249 10.596491336822512 4.5000000000000009 32.500000000000007 38.500000000000007 0.47222222387790685 94.494949340820327 22.500000000000004 7.4537036418914804 1.5000000000000002 0.35586874186992651 1.0000000180025095e-35 1.0000000180025095e-35 18.500000000000004 1.5000000000000002 13.500000000000002 10.212951183319094 97.483211517333999 45.478595733642585 1.5000000000000002 77.849929809570327 49.332859039306648 99.523811340332045 1.0000000180025095e-35
decision_type=8 2 2 2 2 2 2 2 2 2 2 2 2 2 2 2 2 2 2 2 10 2 2 2 2 2 2 2 2 2 2 2 2 2 10 10 2 2 2 2 2 2 2 10 2 2 2 2 2 2 2 2 2 2 2 10 8 2 2 2 2 2
left_child=12 3 -3 6 5 14 7 21 -4 43 11 34 -1 24 15 16 35 18 19 44 42 46 23 -7 25 26 32 37 -29 30 38 -31 -13 -34 53 -5 -14 -26 -30 40 41 -27 -19 -9 -18 -15 -2 48 -8 -33 51 52 -37 59 -52 56 -48 -50 -59 -6 61 -61
right_child=1 2 8 4 10 22 47 9 -10 -11 -12 13 36 45 -16 -17 17 20 -20 -21 -22 -23 -24 -25 27 39 -28 28 29 31 -32 49 33 -35 -36 50 -38 -39 -40 -41 -42 -43 -44 -45 -46 -47 55 -49 57 -51 54 -53 -54 -55 -56 -57 -58 58 -60 60 -62 -63
leaf_value=-0.094019062612444262 -0.054140901731210313 0.097818861467830032 0.0040327504148599596 0.024279674475233076 -0.01067817431623299 0.056524009011920243 -0.029089044929422728 -0.054263003296827018 0.076624779083492439 -0.092070177267535594 -0.081341460087677203 -0.070292968547023507 0.14985574840550234 0.062906262479467054 -0.007491427103375874 0.041721284539316388 -0.0082218047866031603 0.0026012868857256638 0.086716199193551516 0.063195479362871496 0.047694801125767149 -0.078847672745725683 0.092245097118270863 -0.094141339281427608 -0.10619362889776696 -0.074788482963903197 0.086699632432575238 -0.030758514875758137 0.037079775392486358 0.19095288794524429 0.2207671453744649 0.058328144225300804 -0.052400957406597296 0.067891730996334235 0.10581420855421653 0.025954357806721753 -0.038633769223451138 0.037176090524944333 0.00049609360098260165 0.044482227105403081 -0.056965423374897975 0.023162837315370791 -0.057284390520793739 0.017964972343788823 -0.15900949667953065 -0.021102463304225178 0.0558146290146255 -0.05889910488123954 0.062413722678391195 -0.03938393825676087 -0.015458490464851491 -0.06282586359947076 -0.047460097824604253 -0.083882823279133822 0.042969932859463822 0.060094882988638888 -0.010324401176124025 -0.057496811830633536 0.023240323702378721 0.0007196259636909248 0.021743569329485086 0.12584147886722638
leaf_weight=35856.130110234255 1730.924212138867 17667.367739800364 12965.337373549119 7183.0306186440866 3202.1034005463589 9326.0440156040713 3136.7074783293065 4537.5015481531154 3404.4659108184278 11983.72404226358 2135.1231136175338 11087.157521782909 279.1831963355653 3921.3255316398572 22010.860696056858 15373.116734115873 2690.6373998387717 13191.412363274023 5867.5828985073604 2287.3485350192059 4397.8947240645066 1690.6036051334813 9950.7651949645951 529.25140689220279 405.56151992641389 1230.7159784596879 770.93818129645661 15531.535271394765 6520.3061620367225 207.08602249249816 334.89176409691572 624.41149188112468 2518.9511686102487 1273.620151875075 1327.8696448402479 4692.6921282319818 1970.7206292091869 9530.9217339551542 32535.884964407422 3867.590730916243 2194.4322209882084 6539.5844212232623 2161.8126022769138 1760.1210097549483 321.05732516013086 1137.475291153416 1549.9811563165858 1288.4327734073158 2423.5404405314475 8467.5481208057608 3731.4551164885052 6124.1928842710331 2334.7417380681727 499.39089978276752 2476.1948424386792 1708.6765706459992 7691.7358740828931 1549.5145278654527 9696.0917469291016 827.86413037846796 7396.2824559065048 1382.8763060327619
leaf_count=10700483 55538 1126442 90937 104725 105800 378436 65989 382705 75839 2656546 110236 563253 1989 90989 387855 308127 41556 74806 148141 58992 101289 132166 494542 7385 4575 37250 5427 235299 64303 1646 2394 4546 186011 12743 14338 47301 108652 74362 270493 37943 32515 49499 63474 73895 4338 22795 65156 92920 38977 104075 35726 234059 178604 17631 22462 17001 289669 114954 97327 13449 70103 18207
internal_value=-0.00152131 0.00878162 0.0599743 0.00279111 0.00885653 0.0211208 -0.0259085 -0.0439519 0.0191299 -0.0720921 -0.00234999 -0.000982539 -0.089368 -0.00479345 0.0108206 0.0163547 0.00956798 0.0226545 0.0519576 0.0134698 0.00608741 -0.00815703 0.0704446 0.0484329 -0.00717592 -0.0220999 -0.0484348 -0.00124259 -0.00628141 0.00152648 0.00842438 -0.0276933 -0.0554363 -0.0120043 0.0273199 -0.00567577 -0.0152447 0.0313244 0.00660362 0.00769677 -0.00658069 0.0076486 -0.00583092 -0.034076 -0.0242963 0.0440168 0.00126706 0.00665287 0.0116785 -0.0326733 -0.0167904 -0.02842 0.00156369 0.0194881 0.00784826 0.0100254 0.000768153 0.0210335 0.0121157 0.0235182 0.0349162 0.0789866
internal_weight=363012 324906 34037.2 290869 240122 114650 50747.6 32653.3 16369.8 18281.3 125471 123336 38106 108700 94844 72833.2 57460.1 30917.7 11166.6 5299.04 19751.1 14371.9 19806.1 9855.3 103641 29483 15650.7 74158.1 64221.7 48690.1 39391.1 9299.05 14879.7 3792.57 14636.4 26542.3 2249.9 9936.48 39056.2 13832.3 9964.73 7770.3 15353.2 6297.62 3011.69 5058.8 12681.3 18094.3 16805.9 9091.96 19359.3 13151.6 7027.43 13308.5 6207.65 10950.4 9241.72 13669.1 11245.6 12809.1 9607.02 2210.74
internal_count=21028885 10217761 1293218 8924543 4841700 2691818 4082843 3672676 166776 3113146 2149882 2039646 10811124 1800118 1811455 1423600 1115473 492596 253027 104886 239569 559530 880363 385821 1686334 924641 767434 761693 682756 447457 337190 110267 762007 198754 239528 622877 110641 78937 334796 157207 119264 86749 138280 456600 45894 113784 427364 410167 317247 108621 518152 459964 225905 225190 58188 371826 354825 251258 212281 207559 101759 31656
is_linear=0
shrinkage=0.1


Tree=41
num_leaves=63
num_cat=0
split_feature=7 34 3 12 3 25 11 6 27 24 25 25 11 8 7 20 2 28 32 18 20 35 34 11 7 27 7 8 21 25 25 2 29 19 20 11 32 18 29 30 4 27 11 32 20 11 4 3 4 24 2 28 4 30 27 16 3 6 2 18 35 25
split_gain=29113.2 8742.06 4744.85 5345.33 5149.88 8118.01 4659.24 3136.46 1707.52 3707.68 2952.59 1339.27 1259.32 1288.1 1101.62 1369.22 1079.86 1027.24 1038.92 1568.41 1748.89 1030.77 977.542 934.596 1514.3 1128.52 913.329 892.726 1236.98 3154.35 884.172 876.641 865.537 813.8 799.21 1458.57 1162.13 2761.94 729.372 872.495 715.953 691.8 684.3 656.07 645.941 1224.5 636.538 802.267 745.805 697.216 799.558 768.266 797.307 626.015 625.578 1126.83 594.618 1402.82 638.953 584.146 575.613 573.297
threshold=51.07539367675782 1.873701333999634 53.950103759765632 1.0000000180025095e-35 20.256410598754886 1.5000000000000002 1.0000000180025095e-35 1.0000000180025095e-35 31.500000000000004 2.5000000000000004 4.5000000000000009 4.5000000000000009 2.5000000000000004 38.641853332519538 99.81412506103517 0.91073116660118114 13.484848499298097 1.5000000000000002 3.5000000000000004 2.5000000000000004 0.97752270102500927 2.5000000000000004 1.1155465245246889 1.0000000180025095e-35 81.729778289794936 4.5000000000000009 77.563388824462905 98.496154785156264 1.0000000180025095e-35 2.5000000000000004 5.5000000000000009 98.332870483398452 17.500000000000004 1.0000000180025095e-35 0.9610288441181184 1.5000000000000002 2.5000000000000004 1.5000000000000002 20.500000000000004 12.500000000000002 0.80508935451507579 1.5000000000000002 1.0000000180025095e-35 11.500000000000002 0.9610288441181184 1.5000000000000002 0.90002825856208812 80.277778625488295 0.64620187878608715 2.5000000000000004 90.645832061767592 20.500000000000004 0.94450291991233837 13.500000000000002 1.5000000000000002 5.5000000000000009 98.448318481445327 1.0000000180025095e-35 77.015758514404311 1.5000000000000002 2.5000000000000004 1.5000000000000002
decision_type=8 2 2 2 2 2 2 2 2 2 2 2 2 8 10 2 2 2 2 10 2 2 2 2 10 2 10 10 2 2 2 2 2 2 2 2 2 10 2 2 2 2 2 2 2 2 2 2 2 2 2 2 2 2 2 10 2 2 2 8 2 2
left_child=22 2 4 12 8 16 -3 31 9 61 38 -11 13 43 17 -16 -6 60 19 34 -21 -20 -1 24 25 40 -18 33 -29 -30 -13 46 -28 -7 36 -36 37 -19 39 -10 -23 -24 -38 -4 -8 -46 47 -5 -49 50 -48 52 -52 59 55 -42 57 58 -25 -34 -15 -2
right_child=1 6 3 7 5 27 44 -9 10 11 -12 30 -14 14 15 -17 26 18 21 20 -22 23 41 56 -26 -27 32 28 29 -31 -32 -33 53 -35 35 -37 42 -39 -40 -41 54 -43 -44 -45 45 -47 49 48 -50 -51 51 -53 -54 -55 -56 -57 -58 -59 -60 -61 -62 -63
leaf_value=-0.094208949169865858 -0.0070078549361896492 0.097352988038345828 0.079568510778753501 0.020613740374568403 -0.063472070605299871 -0.09535381460339093 0.037768515570443209 0.086430333634241518 0.023704626228929871 -0.013487104826640232 -0.071142495552404483 0.10018767489615865 -0.075322023112096667 -0.042196457975244864 0.075114645517411538 -0.0047680385373090771 -0.059268105925463513 0.020552662011048422 0.017258371164524441 0.11558806255665728 -0.023193085529155496 -0.070142192319139748 0.14444183765359017 -0.037635878605753063 0.072435366192485154 -0.023961564912077654 0.055258876323834451 -0.071712397887498489 0.600319323499244 -0.10472406453812846 -0.047213317633349322 0.10996283076664003 0.014310842865389953 0.03075024820072722 -0.044601318201129642 0.095098380278673358 0.081643933536509464 0.15624411791944615 0.0097705015206663789 0.069720788948623727 0.065735762843624687 -0.042589535443673082 -0.017856852064196699 -0.010462846498706067 -0.027528345132037592 0.078639399141757924 0.053748063362406423 0.086773305483653654 -0.056121562111282768 0.078018622659104059 -0.22111549393317853 0.089338065041978373 -0.028496433078798303 0.031879622332709641 0.0055092060808074978 -0.030012402242564375 -0.022065174151233682 0.13521076731450096 0.011364926254701327 -0.033195267003244856 -0.0040498812162637447 -0.088521614179878833
leaf_weight=31724.140542510664 1024.5972510566935 15509.902436188422 3361.376231060829 7070.1862840321846 2499.228187833447 18912.978001303039 7610.3423555791378 12832.169791947817 8892.4116306370124 3257.5091094980016 3075.7195078914519 2685.4857469087001 1991.680496069137 7795.3537275989074 4620.9277856252156 4005.7044124093372 1942.5424498235807 11331.792814417277 24944.082955467282 3129.8405687022023 1279.1351861963049 969.25666287937202 223.67632885370404 4009.6399016298819 3139.6395754744299 12545.731362653896 3822.616632245481 521.13842751318589 110.51476294035092 149.02699332195334 479.62494724499993 1090.9732746435329 4727.2777955280617 525.98390026181005 4735.0155627622735 887.44581183232367 758.87949005886912 1728.9330582388211 9084.7556579797529 7678.2545214903075 5120.5624439800158 1707.2640695809387 7748.2194010717794 1066.1125646703877 5145.9402660448104 1377.0775804743171 2745.0147986114025 416.41794405411929 2972.6065463940613 2904.5106534324586 245.86768470332026 472.60806150175631 1705.9110174160451 4815.3792817317881 13640.39377403399 1617.3602328884881 34386.5451389628 757.679506536806 7912.3671673950739 5720.5318593746051 8030.8210564414039 5464.3922737047542
leaf_count=10415789 28508 1093754 69694 92559 81335 3947199 80386 729831 102248 63993 51096 30471 91955 99122 140268 48493 268902 131209 292373 48151 21670 64178 1600 201768 70311 184275 71930 38731 2033 10153 5347 47525 33877 40790 64809 9773 20581 21075 104009 90619 83150 99048 80667 34482 43914 19184 68573 3208 36479 119885 3887 13865 31245 86686 83360 31948 534231 8857 64689 156100 176083 237177
internal_value=-0.00154564 0.00778679 0.0024883 0.0107737 -0.0173029 -0.0412631 0.0595076 0.0479875 0.00786812 -0.0223383 0.0214427 0.0315251 0.00373156 0.00466034 0.00323285 0.0380218 -0.00132862 0.00131482 0.00403284 0.0199987 0.0753248 -0.000593861 -0.0900043 -0.00588889 0.00599549 -0.000159034 0.00605715 -0.0877308 0.0171201 0.195489 0.0778513 0.0228497 0.0127059 -0.0919417 0.0110275 -0.0225512 0.019781 0.038515 0.0325424 0.0450269 0.0138294 -0.0209242 -0.00898084 0.0578895 0.0179762 -0.00511522 0.0177217 0.00143889 -0.0385637 0.0388151 0.0167879 -0.0250602 -0.0527609 0.00204867 0.0178234 0.0427525 -0.0152398 0.00327008 -0.00511515 -0.0117004 -0.0228394 -0.0756508
internal_weight=352659 319004 289361 203971 85390 43747.2 29643.3 32456.3 41642.8 12911.6 28731.1 6422.62 171514 169523 165095 8626.63 23527.6 156469 140643 31599.3 4408.98 109043 33655.1 84099.2 37032.9 33893.3 21028.3 20219.6 780.68 259.542 3165.11 19624.1 19085.8 19439 27190.3 5622.46 21567.8 13060.7 25655.4 16570.7 21347.6 1930.94 8507.1 4427.49 14133.4 6523.02 18533.1 10459.2 3389.02 8073.91 5169.4 2424.39 1951.78 15263.2 20378.3 6737.92 47066.2 12679.7 11922 10447.8 15826.2 6488.99
internal_count=21029108 10512671 9275433 3824229 5451204 4737736 1237238 1147057 713468 365496 347972 99811 2677172 2585217 2481041 188761 698830 2292280 2017075 397935 69821 1619140 10516437 1326767 517222 446911 617495 4038906 50917 12186 35818 417226 348593 3987989 328114 74582 253532 152284 296876 192867 262636 100648 101248 104176 143484 63098 369701 132246 39687 237455 117570 48997 35132 276663 198458 115098 809545 275314 266457 189977 275205 265685
is_linear=0
shrinkage=0.1


Tree=42
num_leaves=63
num_cat=0
split_feature=7 1 9 18 25 22 1 2 1 7 1 25 9 2 1 0 16 29 3 2 9 13 2 1 8 4 0 7 3 4 7 21 25 1 27 24 25 13 24 25 20 0 1 24 25 1 0 25 0 8 21 1 9 19 34 30 11 28 0 11 7 1
split_gain=26117.7 7911.07 11597.3 5021.79 2177.87 3355.82 3476.17 2441.07 2247.61 1754.99 1574.47 1739.6 1533 1679.47 1466.35 1398.12 1122.98 1105.41 1000.42 1174.43 965.843 2149.42 963.336 945.788 912.733 908.056 902.522 895.705 887.617 1793.03 874.179 1015.3 1489.79 852.252 894.861 1814.35 1406.96 842.537 816.696 1153.19 813.216 775.864 739.572 725.662 1298.22 707.492 999.83 1215.89 823.223 704.929 1350.26 704.825 845.935 698.682 695.157 680.332 678.463 624.667 615.483 965.656 598.237 595.538
threshold=51.07539367675782 90.521114349365249 0.92582416534423839 5.5000000000000009 1.5000000000000002 1.0000000180025095e-35 71.535182952880874 34.330356597900398 30.877573013305668 82.944892883300795 7.4537036418914804 2.5000000000000004 0.47222222387790685 88.185440063476577 98.61084365844728 86.222713470458999 5.5000000000000009 18.500000000000004 82.426471710205092 72.377109527587905 0.19090909510850909 1.0000000180025095e-35 90.645832061767592 99.494949340820327 36.253654479980476 0.80508935451507579 99.494949340820327 97.81815338134767 47.165775299072273 1.0000000180025095e-35 98.19000625610353 1.0000000180025095e-35 2.5000000000000004 11.189358234405519 31.500000000000004 2.5000000000000004 4.5000000000000009 1.0000000180025095e-35 2.5000000000000004 2.5000000000000004 0.83653846383094799 64.051280975341811 5.0641026496887216 2.5000000000000004 3.5000000000000004 73.746868133544936 24.190177917480472 1.5000000000000002 63.686313629150398 91.813587188720717 1.0000000180025095e-35 39.15284729003907 inf 1.0000000180025095e-35 1.8267858028411867 11.500000000000002 2.5000000000000004 5.5000000000000009 45.923791885375984 1.0000000180025095e-35 71.122566223144545 23.294573783874515
decision_type=8 2 10 8 2 2 2 2 2 8 2 2 8 2 2 2 8 2 2 2 8 2 2 2 8 2 2 10 2 2 10 2 2 2 2 2 2 2 2 2 2 2 2 2 2 2 2 2 2 10 2 2 8 2 2 2 2 2 2 2 10 2
left_child=20 3 12 4 7 6 30 8 17 16 11 42 24 23 -4 18 -5 -2 19 41 -1 -22 -17 -14 -3 -20 -15 49 29 33 -6 -32 51 34 35 -12 60 43 -27 -40 -29 -8 -7 -25 -45 46 -11 48 -48 56 -51 52 -33 -31 -24 -19 -26 -37 -9 -60 -36 -54
right_child=1 2 14 9 5 10 15 58 -10 45 28 -13 13 26 -16 22 -18 55 25 -21 21 -23 54 37 27 38 -28 40 -30 53 31 32 -34 -35 36 57 -38 -39 39 -41 -42 -43 -44 44 -46 -47 47 -49 -50 50 -52 -53 61 -55 -56 -57 -58 -59 59 -61 -62 -63
leaf_value=-0.097370651482986362 0.054649907015825255 0.078253551660216566 0.043616128864096236 -0.0095542992374604112 -0.079285015894599631 -0.07117708525467889 0.044245875167297589 0.015265663338442559 -0.056105041333255591 -0.0093405642142388324 -0.087673355708955014 -0.093644366496886317 0.052398553868307086 0.038247823321679045 0.098056705673027197 0.071909200383079366 -0.075573340119017507 -0.04324690727613726 -0.10962281956364157 0.063338379718478194 -0.078354158479037955 0.092864496579522782 -0.06576337936972397 -0.083613904966792246 0.0066332349188206637 -0.039082496115438708 0.094281013870298594 0.076678230511693993 0.11190568105093315 -0.17244158486462374 -0.048252755060940525 0.26124075896999976 -0.092874756112743415 0.062989155577099887 0.27818702778290683 0.039764435440088841 -0.049405755538764098 0.10891352640880295 0.075607775934398644 -0.028461558061236916 0.0050767906510599259 -0.056770694452243024 0.083216546783316497 0.11030693295067047 -0.091212300435147067 -0.0044505151561370724 -0.042468557529059731 -0.092624465797045891 0.05999427541809102 -0.038299774096845207 0.046099458164169195 -0.047144320702155303 0.53256702573980852 0.11452177021991172 0.084578264120972496 0.015499348375244979 -0.071798137474647333 -0.17189776142198998 0.095659293078559693 0.037928778991047823 0.039115925295823653 2.3848621319084855
leaf_weight=25304.557515253313 5874.8762612517457 1724.2658200496808 6635.8379288981669 3216.9157133914996 10931.311030659359 426.1301880357787 1148.624093846418 3114.0959933127742 5098.8469967790879 8222.703271726612 2192.5048926714808 2453.0804541450925 1611.9241583484691 13741.762043080293 19446.800464478321 3505.8980528390966 12942.858645632863 2662.4415104875807 1298.1795704490505 2986.3675161930732 4590.2468848377466 872.56972656468861 1091.7413292946294 2470.5781342573464 86145.633035870269 9208.2443517169449 3634.8853094959632 3212.215813357383 1149.1682135353331 623.14299999014474 2505.5925747251604 297.5352236609906 258.78300285339355 5133.4633941573557 105.47723365924321 3083.7573352865875 1970.002079736907 356.49129568971694 1773.9336556298658 2663.4782874137163 3133.6265574134886 2249.1295106690377 1140.9879538952373 637.08450170746073 641.65503724943846 13380.479064414743 3783.4492187378928 4769.9502741436008 989.12078348593786 9098.9922006875277 2394.4010341679677 79.748291285242885 3.8246965548023573 98.218136413022876 428.17885140515864 7594.455095953308 1117.2300578202121 146.03487919503823 5514.5578859820962 6105.1412042095326 13665.060143153183 3.1780484435148537
leaf_count=9192267 80560 29589 262136 129526 1796153 6917 21213 49510 143721 212942 55061 48300 18385 231958 1413081 62197 2034224 39652 11984 41698 1261860 62245 13781 26319 961885 141005 157991 58444 12248 11078 183929 5295 16155 55385 6292 32496 26321 5234 34272 45763 43844 45653 12124 12798 6374 226548 167226 830930 22053 88876 21267 2951 50 961 10238 107157 32817 2190 209568 51255 134477 183
internal_value=-0.00123755 0.00743359 0.0233541 -0.00849844 0.00334805 -0.00661831 -0.0257978 0.0234725 0.00176901 -0.0356909 0.0174752 -0.0410673 0.0111376 0.0345 0.0842062 -0.00436604 -0.062431 0.0200615 -0.015547 0.0175888 -0.0891384 -0.0510056 0.0430824 -0.0125115 0.00608694 -0.0297029 0.049969 0.00490301 0.0258309 0.0221698 -0.0659121 -0.0194849 0.0926033 0.0264366 0.01757 -0.0174656 0.029639 -0.0379949 -0.0220997 0.013142 0.0413209 -0.0226216 0.0412339 -0.0519632 0.00918718 -0.021817 -0.0348971 -0.0569189 -0.021233 0.00256288 -0.020717 0.217507 0.28681 -0.13337 -0.0234104 0.000250246 0.00562907 0.0301941 0.0547461 0.0653269 0.0409471 1.37319
internal_weight=342661 311894 156003 155891 108585 72620.8 40433.7 35964.4 21230.6 47305.5 32187 4020.2 129921 23094.4 26082.6 26353.8 16159.8 16131.8 21328 6384.12 30767.4 5462.82 5025.82 5717.73 106826 14943.8 17376.6 105102 28166.8 27017.7 14080 3148.66 643.069 26296.3 21162.8 5422.3 15740.5 4105.81 13645.7 4437.41 6345.84 3397.75 1567.12 3749.32 1278.74 31145.7 17765.2 9542.52 4772.57 98756.3 11493.4 384.286 304.538 721.361 1519.92 10256.9 87262.9 3229.79 14733.8 11619.7 13770.5 7.00274
internal_count=21028612 10512240 3370998 7141242 3517793 2836370 2432520 681423 371090 3623449 403850 67341 1695781 459059 1675217 427804 2163750 227369 341588 108564 10516372 1324105 86216 69110 1236722 233024 389949 1207133 336509 324261 2004716 208563 24634 312222 256837 89747 167090 50725 221040 80035 102288 66866 19041 45491 19172 1459699 1233151 1020209 189279 1104845 110143 8479 5528 12039 24019 146809 994702 34686 310333 260823 140769 233
is_linear=0
shrinkage=0.1


Tree=43
num_leaves=63
num_cat=0
split_feature=7 1 12 18 25 22 3 2 1 7 1 0 10 0 1 25 27 16 2 28 7 8 11 2 8 3 3 10 16 29 1 1 25 0 11 26 26 0 11 1 10 26 33 34 21 25 19 27 31 27 3 2 11 29 7 2 2 32 18 20 20 19
split_gain=23267.1 6731.95 10835.7 4238.58 1848.31 2846.15 3396.49 2135.32 2209.23 1675.81 1456.66 1405.41 1864.41 1350.85 1325.28 1466.82 1203.19 1099.87 927.276 893.938 855.729 930.424 941.966 836.621 775.959 770.156 960.425 709.671 1486.82 683.162 660.125 900.965 1102.54 703.38 658.225 844.716 653.229 647.415 939.386 625.793 588.298 617.733 581.734 580.647 571.927 918.721 566.802 690.512 587.319 565.432 561.858 536.482 527.079 526.764 523.213 520.565 517.246 495.721 726.731 1438.69 485.643 460.442
threshold=49.87309646606446 90.521114349365249 1.0000000180025095e-35 5.5000000000000009 1.5000000000000002 1.0000000180025095e-35 56.873315811157234 31.851119995117191 31.643132209777836 82.944892883300795 98.61084365844728 99.494949340820327 1.0000000180025095e-35 86.222713470458999 7.4537036418914804 2.5000000000000004 1.5000000000000002 5.5000000000000009 15.535444736480715 1.5000000000000002 98.742088317871108 80.086208343505874 1.0000000180025095e-35 90.645832061767592 98.051864624023452 47.165775299072273 20.256410598754886 1.0000000180025095e-35 4.5000000000000009 18.500000000000004 73.746868133544936 24.068965911865238 1.5000000000000002 63.686313629150398 1.0000000180025095e-35 2.5000000000000004 2.5000000000000004 45.664161682128913 1.0000000180025095e-35 5.0641026496887216 1.0000000180025095e-35 1.5000000000000002 0.42687463760375982 1.8029962778091433 1.0000000180025095e-35 2.5000000000000004 0.20220256596803668 12.500000000000002 0.82880055904388439 47.500000000000007 99.523811340332045 5.1615052223205575 1.5000000000000002 22.500000000000004 68.524993896484389 87.895435333251967 7.4772884845733651 2.5000000000000004 1.5000000000000002 0.97752270102500927 0.9610288441181184 1.0000000180025095e-35
decision_type=8 2 2 8 2 2 2 2 2 8 2 2 2 2 2 2 2 8 2 2 10 8 2 2 10 2 2 2 8 2 2 2 2 2 2 2 2 2 2 2 2 2 2 2 2 2 2 2 2 2 2 2 2 2 10 2 2 2 10 2 2 2
left_child=27 3 11 4 7 6 24 8 18 17 46 19 16 36 15 39 -13 -5 -2 -3 21 22 53 -15 -6 26 34 -1 52 -20 31 -11 33 -33 54 60 -8 -9 -39 51 -24 -42 -18 -25 -26 -46 47 48 -4 -44 -40 -7 -29 -21 -16 -22 -41 58 -23 -60 -36 -28
right_child=1 2 10 9 5 14 13 37 -10 30 -12 12 -14 23 25 -17 42 -19 29 20 55 57 40 43 44 -27 61 28 -30 -31 -32 32 -34 -35 35 -37 -38 38 50 56 41 -43 49 -45 45 -47 -48 -49 -50 -51 -52 -53 -54 -55 -56 -57 -58 -59 59 -61 -62 -63
leaf_value=-0.097613037463083363 -0.025401612979585264 -0.024477406106887437 -0.088516566802141428 -0.0082756175576013356 -0.084632232122234849 0.06896985577285529 -0.010530185077585701 0.015809140994587485 -0.069678154658497971 -0.0086464104895914128 0.097591832673915843 0.081885504989843552 0.091597116663961434 0.066899240843594054 0.3193369969282106 -0.088591832347454519 0.063931537955134343 -0.073277134804167018 0.061006008836875382 0.082591351656331399 0.00015252031812949989 0.0031951751184875299 0.0010808640629506312 -0.063670180722385061 -0.059523273730019199 0.10471052932127499 -0.13225934424413224 0.11125800219818911 -0.080171125035464461 0.011317389647245055 -0.0030783463120776541 -0.040413805299704675 -0.089951356170370866 0.055124250356120688 0.037161780687781046 -0.036674328247349931 -0.055187421547833515 0.092192322930883974 0.077281947953428493 0.092856574621924537 0.075823558065042776 0.018906446095653215 0.0071887463306517857 0.071486436860878744 0.24822480606735234 -0.10332177387525548 0.071535051070771016 0.098697037652708944 0.018488819069660385 -0.058106038359693885 0.013423163775469033 -0.15865828944254326 -0.081054786004113505 -0.003710810624451152 0.03691274902508463 0.067826391284101797 -0.2065927859665827 -0.0062104229050341546 0.14634381158722315 -0.0082416966250473313 -0.013942189045626333 0.1054303991843409
leaf_weight=22252.214646181324 4096.8818218144588 9195.4804903543554 726.94408870209008 3280.7781064466108 8804.0229522141162 174.93918535369448 21249.742881173501 4338.6256982882041 3751.9939039037563 8176.3101547132246 17745.890918973368 2499.6774268730078 4399.0154948993586 3445.8431940437295 65.91578461509198 2349.9568378990516 1555.7305872789584 12602.596489578485 4404.3470636152197 3202.163217471214 1640.4098218670115 7759.8317804271355 18546.31062939344 1044.5875391983427 371.4505651097279 1119.3989019584842 572.33214418031275 630.457189331064 4085.7109962026589 7443.0621996291447 13312.023964726832 3644.3197155031376 4449.3430521774571 977.26379283005372 6384.1592037347145 3328.9973018006422 3872.4444745148066 5270.789016101975 2068.9323396370746 1052.471883043414 2287.6158853599336 11456.034010050585 10505.733781300485 456.88955561257899 207.62782951747067 115.80045416252688 3218.5786938667297 713.13849871326238 1742.3401323733851 1517.8568799376953 4124.4833299089223 253.68208317062818 184.13941700337455 907.73790074558929 13504.246593259741 3701.4734194409102 61.028186094714329 47897.290231868625 1158.9732996895909 1252.8732601078227 2623.7957102286164 95.031608771532774
leaf_count=8930156 60331 112838 13060 152727 1937533 1867 368592 74296 118877 212094 1413673 92925 177826 62497 4654 48629 56039 2184362 62115 77942 24613 73230 314369 13331 27831 12280 10345 48567 1191778 110493 225999 166683 832075 22098 94526 38344 57982 211557 27566 10963 29477 88801 82234 10797 2017 8508 182919 26052 40441 29475 25531 5178 49714 16153 151524 100363 1211 451143 10179 13563 24972 964
internal_value=-0.00130118 0.00655308 0.021342 -0.00828753 0.00269239 -0.00660601 -0.024475 0.0213301 -0.00063828 -0.0335024 0.0828408 0.00987339 0.0339101 -0.00800802 0.0157789 -0.0388608 0.0181276 -0.0598508 0.0156081 0.00535784 0.00810653 0.00590471 0.0184395 0.0397542 -0.0766026 0.0234579 0.0200353 -0.0900264 -0.0555757 0.0297894 -0.0198077 -0.03272 -0.0544194 -0.0202117 0.0230865 0.0063692 -0.0174138 0.048711 0.0611626 0.0369217 0.0127004 0.0283802 0.00639109 -0.0225429 0.025132 0.122357 0.0419455 0.0120197 -0.013013 -0.00105406 0.0347554 -0.0657532 0.0677857 0.0635301 0.0382846 0.0470448 0.0764445 -0.0019526 0.018097 0.0660418 0.0222765 -0.0984127
internal_weight=333880 306727 153631 153096 106653 71154.4 39568.4 35499.1 19696.3 46442.6 24146.9 129484 20478 30069.5 31586 3892.08 16079 15883.4 15944.3 109006 99810.7 94468.8 36399.9 4947.32 9498.9 27693.9 26574.5 27152.5 4900.31 11847.4 30559.3 17247.2 9070.93 4621.58 25907.1 12337 25122.2 15802.8 11464.2 1542.12 32290 13743.6 13579.3 1501.48 694.879 323.428 6401 3182.42 2469.28 12023.6 6193.42 428.621 814.597 4109.9 13570.2 5341.88 1113.5 58069 10171.7 2411.85 9007.95 667.364
internal_count=21028879 10808664 3427315 7381349 3585311 2894545 2489088 690766 351816 3796038 1676145 1751170 438499 513199 405457 67848 260673 2337089 232939 1312671 1199833 1074857 526742 86625 1975889 337609 325329 10220215 1290059 172608 1458949 1232950 1020856 188781 314020 157842 426574 338950 264654 19219 432647 118278 167748 24128 38356 10525 262472 79553 53501 111709 53097 7045 98281 94095 156178 124976 12174 548115 96972 23742 119498 11309
is_linear=0
shrinkage=0.1


Tree=44
num_leaves=63
num_cat=0
split_feature=7 34 9 1 7 9 1 7 22 25 0 25 22 0 9 8 29 1 25 0 0 27 30 33 3 9 1 27 25 24 24 31 13 1 25 0 20 1 13 0 1 13 27 28 19 4 0 24 0 33 31 20 27 24 25 1 24 1 4 8 25 4
split_gain=20793.7 5796.16 4178.03 3146.01 4427.12 3582.98 2002.55 1848.78 1538.15 2025.07 1504.25 1397.46 3275.33 1329.22 1169.98 1078.25 877.2 859.518 866.152 809.737 807.971 1205.42 1052.94 852.977 803.636 753.762 1532.89 1020.06 743.736 1097.74 954.315 2351.82 1800.56 1453.86 1143.15 1700.34 938.802 865.273 756.095 762.225 749.172 733.864 702.652 697.182 1182.15 706.474 1232.23 797.679 638.268 778.892 601.881 601.729 584.464 1837.03 1074.81 579.641 546.425 543.224 641.932 538.849 534.326 832.67
threshold=49.87309646606446 1.873701333999634 0.92582416534423839 77.032970428466811 81.729778289794936 0.92582416534423839 98.61084365844728 98.742088317871108 1.0000000180025095e-35 1.5000000000000002 91.922958374023452 1.5000000000000002 1.0000000180025095e-35 65.64831924438478 0.23611111193895343 38.115415573120124 18.500000000000004 7.4537036418914804 2.5000000000000004 78.142959594726577 99.494949340820327 1.5000000000000002 11.500000000000002 0.49889266490936285 52.73088455200196 0.23611111193895343 86.70682525634767 3.5000000000000004 3.5000000000000004 2.5000000000000004 2.5000000000000004 0.056076601147651679 1.0000000180025095e-35 99.494949340820327 2.5000000000000004 89.825496673583999 0.21907868981361392 94.932373046875014 1.0000000180025095e-35 93.419914245605483 91.922958374023452 1.0000000180025095e-35 31.500000000000004 42.500000000000007 0.21734297275543216 0.82438319921493541 72.255687713623061 2.5000000000000004 95.945205688476577 0.62440553307533275 0.864941567182541 0.9610288441181184 31.500000000000004 2.5000000000000004 4.5000000000000009 5.0641026496887216 2.5000000000000004 99.494949340820327 0.98275732994079601 41.872640609741218 1.5000000000000002 0.90770369768142711
decision_type=8 2 8 2 10 10 2 10 2 2 2 2 2 2 10 8 2 2 2 2 2 2 2 2 2 8 2 2 2 2 2 2 2 2 2 2 2 2 2 2 2 2 2 2 2 2 2 2 2 2 2 2 2 2 2 2 2 2 2 10 2 2
left_child=25 3 10 4 8 15 43 11 9 14 51 13 24 16 19 -5 -6 18 55 -2 22 -22 28 -23 -13 -1 -27 -28 30 -30 32 33 34 -32 48 -36 -33 41 39 -31 -34 -38 56 44 50 46 -46 -48 49 60 -7 -3 53 -19 -54 -14 -10 -40 -59 -44 -17 -62
right_child=1 2 -4 5 7 6 -8 -9 42 -11 -12 12 17 -15 -16 20 -18 52 -20 -21 21 23 -24 -25 -26 26 27 -29 29 38 31 36 40 -35 35 -37 37 -39 57 -41 -42 -43 59 -45 45 -47 47 -49 -50 -51 -52 -53 54 -55 -56 -57 -58 58 -60 -61 61 -63
leaf_value=-0.097161572802386895 -0.064398227948645276 0.022148601231083288 0.098509245167168635 0.058426127586350012 0.027563866226858753 -0.044632582424241993 0.093178100839383021 0.019711215337513483 -0.096446429645359141 -0.09516310704535301 0.07996811305586668 -0.091001479894017287 -0.082431519463051717 0.073689088258909838 0.027508676103510189 0.031331898948777637 -0.017944904650636365 -0.086982893640289674 -0.088599825645739816 0.19595471624576427 0.080481513841034538 0.065245909089481621 0.023023937060603843 0.00073559253571948546 -0.040009297347015887 -0.091023932621613263 0.16432458645527256 -0.022580584924022332 0.093779007200268258 -0.059605026314891021 -0.049676730191444529 0.0060478291435307752 -0.020345027112125279 0.0094295865688528574 -0.081106368976470389 0.10224537554407696 0.049069158210948892 0.10429235488382804 -0.059087571986327317 0.051551677902062235 0.016379949491658996 -0.12281508802290537 0.13956075804432874 0.078368593125578853 0.067745170620282139 0.069033636995719252 0.0814582630917286 -0.25118467242655962 -0.12364555851629805 -0.047570685379946076 0.019513945738309123 -0.023305533708514608 0.024918963562176804 0.025084249688957283 -0.057802181011454713 0.069077427271534805 0.026569576998133171 0.06335859207217627 -0.010991965241018807 0.014403374365518801 -0.074478632937124867 0.00067585022487427347
leaf_weight=20479.86086053797 4178.7148825828917 6138.1957657178864 10909.870031051338 3684.2299632008653 6788.8345334571786 3062.1119724730961 6987.4765172174666 27783.00320072216 974.21350829186849 9905.1133701684885 2999.8987303134054 6141.0632357094437 375.20826465683058 2759.6959778177552 2650.4003736295272 3858.6238291803747 11261.641379374545 2498.9194666245021 2090.2092763800174 122.97457704087719 3084.9061495366041 2467.8825979451649 18354.807140463032 12094.351074739126 6222.1340535217896 2983.0400613173842 431.85475789662451 901.66747351572849 777.16058288724162 7173.5274868274573 5596.2233180841431 3587.4501739800908 7093.7540485842619 16232.701374775032 5602.9646463922691 555.97384648467414 4774.6430922662839 3606.4507029554807 1579.6070093191229 674.93807942885906 25601.911387668457 262.02689801785164 410.2873946162872 2201.913852062542 555.86101459339261 4226.6547941407189 96.853890302591026 281.94167411420494 526.95282741519623 4652.1972417789511 2800.4864976648241 5541.9285437911749 13591.155157404952 3527.4791258331388 1775.9634906998836 772.19094665395096 573.7321063647978 1512.7155640500132 4997.7820328222588 2129.0561284015421 1781.2333229032811 8553.256644212408
leaf_count=9039574 437121 55764 1036604 84926 142320 52619 517437 554512 116194 2714030 100140 1512886 6853 79212 153926 38774 233820 71671 47323 2081 127108 91668 228330 110460 177518 1071007 17942 90233 11635 126541 109233 47148 125591 154367 113036 5389 52760 41772 22954 7919 242079 1776 13875 76058 6592 216417 1788 1888 4362 170685 60412 44530 125200 39560 25879 8815 32525 13070 40456 65116 26729 79528
internal_value=-0.00113684 0.00611372 0.0516381 0.00188415 -0.0115728 0.0103719 0.0498745 -0.00148844 -0.0527817 -0.0661258 0.0168045 -0.0116778 -0.0233394 0.00905312 -0.0247545 0.0050018 -0.000828928 -0.00225878 -0.0502779 -0.0569554 0.00364441 0.0236975 0.000865759 0.0116682 -0.0653382 -0.0891572 -0.0511805 0.0379478 -0.00286544 -0.0222742 0.000650045 0.013946 -0.00712736 -0.00572334 -0.0270273 -0.064555 0.0490515 0.0669008 -0.0279329 -0.050046 0.00841198 0.0401271 0.00225333 0.0269963 0.0167352 0.0516358 -0.0270399 -0.166132 -0.0150963 -0.012061 -0.0139906 0.000581744 0.00500824 -0.0213858 0.015359 0.0195328 -0.0508517 -0.00648039 0.0062834 0.0346253 -0.00042169 -0.0122776
internal_weight=325820 301023 25589.9 275434 106532 168902 20213.3 85587.5 20944.5 16857.2 14680 57804.5 36994.3 20810.2 6952.09 148688 18050.5 24631.1 3237.61 4301.69 145004 17647.1 127357 14562.2 12363.2 24796.4 4316.56 1333.52 109002 16715.7 92286.4 34059.5 58226.9 21828.9 25531.2 6158.94 12230.6 8643.12 15938.6 7848.47 32695.7 5036.67 4087.29 13225.8 11023.9 5161.31 934.657 378.796 19372.3 18845.3 5862.6 11680.1 21393.5 6026.4 15367.1 1147.4 1547.95 8090.1 6510.5 2539.34 14193.1 10334.5
internal_count=21027738 10808982 1237038 9571944 6560437 3011507 933211 3025569 3534868 3307158 200434 2471057 2015705 455352 593128 2078296 376140 325301 62991 439202 1993370 329236 1664134 202128 1690404 10218756 1179182 108175 1435804 222575 1213229 407056 806173 263600 438503 118425 143456 96308 210940 134460 367670 54536 227710 415774 339716 226685 10268 3676 320078 315716 113031 100294 262310 111231 151079 15668 148719 76480 53526 78991 145031 106257
is_linear=0
shrinkage=0.1


Tree=45
num_leaves=63
num_cat=0
split_feature=9 8 0 0 1 11 18 26 18 20 11 20 25 22 4 3 13 1 1 25 0 2 2 27 0 11 20 25 24 3 26 16 9 20 0 24 25 4 0 27 16 9 0 3 11 29 8 9 25 28 9 19 2 3 0 3 27 24 25 29 21 25
split_gain=9131.37 9094.76 7054.79 3319.89 3189.73 3548.47 1622.53 1556.92 1474.62 1418.31 1316.97 3460.31 1066.5 2023.1 1887.94 1867.47 1061.79 915.932 885.239 993.431 858.274 858.961 856.017 831.372 820.903 784.966 862.865 780.528 1180.42 681.117 675.131 655.993 631.126 1043.62 623.422 622.422 2582.13 937.03 902.081 616.025 820.04 613.447 577.746 749.546 545.201 528.824 526.061 523.097 712.577 500.475 497.274 667.433 559.776 493.259 492.291 1254.7 670.751 1090.72 676.095 490.305 489.367 675.617
threshold=0.23611111193895343 44.783893585205085 99.494949340820327 57.804552078247077 90.070423126220717 1.0000000180025095e-35 6.5000000000000009 1.5000000000000002 5.5000000000000009 0.15351448953151706 1.0000000180025095e-35 0.388034537434578 1.5000000000000002 1.0000000180025095e-35 0.60005030035972606 52.277431488037116 1.0000000180025095e-35 79.337715148925795 7.4537036418914804 3.5000000000000004 30.053763389587406 16.064516067504886 30.471628189086918 33.500000000000007 86.222713470458999 1.5000000000000002 0.97752270102500927 3.5000000000000004 3.5000000000000004 31.698564529418949 1.5000000000000002 8.5000000000000018 0.47222222387790685 0.91590845584869396 18.808961868286136 2.5000000000000004 2.5000000000000004 0.81340068578720104 65.345367431640639 1.5000000000000002 3.5000000000000004 0.64583334326744091 25.13157939910889 52.73088455200196 1.0000000180025095e-35 17.500000000000004 99.81818008422853 0.23611111193895343 1.5000000000000002 7.5000000000000009 0.92582416534423839 0.22558424621820453 95.488464355468764 96.225070953369155 10.212951183319094 12.632978916168215 31.500000000000004 2.5000000000000004 4.5000000000000009 16.500000000000004 1.0000000180025095e-35 2.5000000000000004
decision_type=8 8 2 2 2 2 8 2 8 2 2 2 2 2 2 2 2 2 2 2 2 2 2 2 2 2 2 2 2 2 2 8 10 2 2 2 2 2 2 2 10 10 2 2 2 2 10 10 2 2 8 2 2 2 2 2 2 2 2 2 2 2
left_child=1 9 4 8 6 16 12 32 30 -1 11 23 14 15 20 46 -6 -11 19 -15 21 29 -22 39 35 26 27 28 -12 -2 42 47 -7 -34 -33 50 -37 38 -38 40 49 -9 -3 -44 -32 -23 -14 -8 53 -5 -17 52 -52 -49 55 56 57 -20 -58 -42 -48 -62
right_child=2 3 -4 10 5 7 31 41 -10 17 25 -13 13 18 -16 24 -18 -19 54 -21 22 45 -24 -25 -26 -27 -28 -29 -30 -31 44 34 33 -35 -36 36 37 -39 -40 -41 59 -43 43 -45 -46 -47 60 48 -50 -51 51 -53 -54 -55 -56 -57 58 -59 -60 -61 61 -63
leaf_value=-0.088720691187783945 0.0044181449261679016 0.012083278019796397 0.093553684424444228 0.068708426344168932 0.042824466089197544 0.10829873696502049 -0.079080599164967361 -0.0079114373037141531 -0.069321766397834925 -0.066594153904576833 0.00064646493772043583 0.094611101394423788 -0.079325654335170082 0.0071769144875750441 0.055985466484094894 -0.045546323587551084 0.089072619746489293 0.011860416200805845 -0.10077766989119215 -0.11073511166742556 -0.064852642478608474 0.075757569482161766 0.013260500436125458 -0.051091660893679516 0.04080044305601651 -0.041391710641738098 -0.062386006857683043 -0.02927635088135935 0.1330991926784458 -0.087707554949152444 0.011736995351810622 -0.011725869841743085 0.070567890919279772 -0.030618859665539119 -0.058016909118433116 0.082195739284342817 -0.014749387277528095 -0.0074142319915170597 -0.184974923295359 0.00013167988957233428 0.061336266422847896 0.029949953527444867 -0.06907839552169931 0.0074691429901842287 -0.087782425985588108 0.019080209057793146 -0.068532546408567555 0.16425887101522874 -0.010636226686100026 -0.19358850256048915 -0.022907663134048541 0.057289106406410342 -0.4183453532286221 0.030420134597313488 0.040427092493320646 -0.11062590711363199 0.04031335935681013 0.02587092678263575 -0.034768456762092274 -0.028831883815762745 0.19988936810149013 -0.10598678841900988
leaf_weight=18296.8892169795 2440.1094804820605 6070.9227453313069 10719.124895861605 3887.8757661739364 11912.67760144826 1627.9258376820944 644.50176208722405 22523.588888595346 10587.612508599181 3470.7970783027122 45545.263401346747 4708.0320291426033 5777.114735428011 2072.951221924508 9800.392236652784 7328.2222573379986 8510.7664422725793 2604.9272078562062 1132.7492055895273 1090.3766459291801 3190.4284993228503 2079.6550825990271 2504.0114135281183 2609.2206754162908 2955.2062894117553 6725.3764239128213 2532.1762893768027 9210.1662341589108 682.93315373198129 1195.8222334664315 735.40487893298268 4616.8495978636201 2954.78877388197 1556.0546356076375 7866.0966902750079 2737.9470245754346 526.27858156035654 2130.7251102817245 762.15031379368156 24434.15639952966 820.881441824371 5283.1992922155187 2750.0523833613843 2391.6922076751944 2189.1194526692852 7899.071136113489 351.61698633246124 459.77006753464229 2582.9206839632243 74.130783301312476 3362.6541667580605 1293.2888272297569 36.183121837675571 686.5664670385886 9511.2124799832236 800.57753336802125 8899.6921190056019 1701.3623492785264 1386.1246632374823 2272.6766243104357 223.37309743929654 106.70879875402898
leaf_count=8270029 29272 206023 831973 70813 614914 21491 20973 197374 2062247 956419 747858 152210 1422950 23664 266777 111421 645146 62368 23136 19243 85934 22865 40929 83821 63113 290421 37199 157044 11335 17071 62709 107278 57984 17689 1149012 65260 14926 37154 4436 188110 11653 55413 697297 67171 288669 94802 28403 13190 74684 726 59213 46675 307 34208 102772 8659 93680 14835 14391 41975 1651 8450
internal_value=-0.00118584 -0.0188236 0.0151027 -0.00818028 0.00966057 0.0291607 -0.000925294 0.00934463 -0.0411019 -0.0748197 -0.000315958 0.0142486 0.00480054 -0.00349301 0.0202388 -0.0224634 0.0620968 -0.0329573 0.0161881 -0.0334665 0.00209541 0.0157304 -0.030504 0.00315292 -0.00808072 -0.00905229 -0.00530047 -0.00269306 0.0026032 -0.0258811 -0.0199674 -0.029219 0.0549248 0.0356626 -0.040896 -0.0160276 0.0098275 -0.0481226 -0.115444 0.0076476 0.033676 -0.000717896 -0.00880688 -0.0334722 -0.0627571 0.0308923 -0.0695221 0.00410783 0.0184847 0.0638007 -0.0292712 -0.00385246 -0.0271174 0.0840999 0.0228916 0.0109104 0.0183266 -0.0247485 0.0301953 -0.0049056 0.0135587 0.101006
internal_weight=317841 152600 165241 128228 154522 54369 100153 33945.6 24724.8 24372.6 103503 38807 83296 54186.5 29109.5 27591.5 20423.4 6075.72 26595 3163.33 19309.1 13614.7 5694.44 34098.9 21132.7 64695.9 57970.5 55438.4 46228.2 3635.93 14137.2 16856.7 6138.77 4510.84 12482.9 18177.4 6157.1 3419.15 1288.43 31489.7 7055.56 27806.8 11212.7 5141.74 2924.52 9978.73 6458.81 4373.76 3729.26 3962.01 12020.3 4692.13 3398.84 1146.34 23431.7 13920.5 13119.9 2834.11 10285.8 3093.56 681.699 330.082
internal_count=21029415 14466097 6563318 5177281 5731345 1610011 4121334 349951 3384116 9288816 1793165 549308 2721989 2164339 557650 1863959 1260060 1018787 300380 42907 290873 164010 126863 397098 402505 1243857 953436 916237 759193 46343 1321869 1399345 97164 75673 1256290 339392 121776 56516 19362 313277 125167 252787 970491 764468 351378 117667 1461454 143055 122082 71539 217616 106195 59520 47398 257473 154701 146042 37971 108071 53628 38504 10101
is_linear=0
shrinkage=0.1


Tree=46
num_leaves=63
num_cat=0
split_feature=9 8 0 0 3 0 12 6 20 18 26 9 11 24 20 0 25 20 32 18 11 0 2 11 29 33 20 9 0 3 32 18 8 30 29 11 33 27 26 20 33 11 26 35 28 27 30 27 13 28 28 20 8 21 32 18 3 28 28 19 31 18
split_gain=7607.03 8235.15 6337.29 2777.89 2100.29 3392.69 2705.99 3099.24 1369.25 1339.74 1139.13 1570.78 1091.6 1076.42 888.372 783.014 972.721 778.498 774.502 1781.52 1135.96 749.178 679.688 678.202 671.224 647.354 1145.12 666.135 616.551 773.975 612.779 1175.02 810.798 591.899 1116.3 588.71 1966.72 778.972 674.021 588.132 674.955 573.7 624.458 536.186 734.31 646.568 557.525 493.014 812.354 708.499 490.642 853.104 484.178 499.637 474.295 1837.93 460.19 462.588 435.664 638.442 700.32 428.629
threshold=0.23611111193895343 44.489427566528327 99.494949340820327 55.40315246582032 53.950103759765632 28.743545532226566 1.0000000180025095e-35 1.0000000180025095e-35 0.10049356147646905 5.5000000000000009 1.5000000000000002 0.34848485887050634 1.5000000000000002 1.5000000000000002 0.97752270102500927 7.1858863830566415 2.5000000000000004 0.97752270102500927 3.5000000000000004 2.5000000000000004 1.0000000180025095e-35 63.373983383178718 98.526546478271499 1.5000000000000002 16.500000000000004 0.59879845380783092 0.9061717987060548 0.47222222387790685 25.13157939910889 53.950103759765632 2.5000000000000004 1.5000000000000002 80.60858535766603 11.500000000000002 20.500000000000004 1.0000000180025095e-35 0.51703533530235302 23.500000000000004 1.0000000180025095e-35 0.74647447466850292 0.25335302948951727 1.0000000180025095e-35 1.5000000000000002 3.5000000000000004 3.5000000000000004 1.5000000000000002 2.5000000000000004 1.5000000000000002 1.0000000180025095e-35 7.5000000000000009 304.50000000000006 0.50608721375465404 98.051864624023452 1.0000000180025095e-35 2.5000000000000004 1.5000000000000002 11.269841194152834 41.500000000000007 42.500000000000007 0.22558424621820453 0.864941567182541 6.5000000000000009
decision_type=8 8 2 2 2 2 2 2 2 8 2 8 2 2 2 2 2 2 2 10 2 2 2 2 2 2 2 10 2 2 2 8 10 2 2 2 2 2 2 2 2 2 2 2 2 2 2 2 2 2 2 2 10 2 2 8 2 2 2 2 2 8
left_child=1 8 4 9 5 15 10 22 -1 28 11 -6 14 -7 18 16 56 30 19 20 -5 -10 58 -19 -22 26 -13 -28 41 -30 31 -12 -32 -17 61 36 -20 47 -37 40 -40 -3 -43 44 -42 -46 -45 48 -38 -50 -9 -52 -15 -54 55 -26 57 -2 59 60 -8 -35
right_child=2 3 -4 12 6 13 7 50 21 -11 17 25 -14 52 -16 33 -18 23 35 -21 24 -23 -24 -25 54 -27 27 -29 29 -31 32 -33 -34 34 -36 38 37 -39 39 -41 43 42 -44 46 45 -47 -48 -49 49 -51 51 -53 53 -55 -56 -57 -58 -59 -60 -61 -62 -63
leaf_value=-0.088028879411815072 -0.087677902243695149 0.051596784419189148 0.091391615084634906 0.096319539767018736 0.10438080326567256 0.051577943006755736 -0.04075118508555238 0.086529267448341385 -0.065331270701859553 -0.068581322987585777 0.009229918906536792 0.062491076354692747 -0.039469482930552059 -0.065460560084931729 -0.0550045348878083 -0.0082206507852619331 -0.091217217436944109 -0.038537338198043052 0.090845057767420356 0.11693299493966172 0.06186364720019856 0.0059385758620270589 0.11178564655448303 0.058042901176562148 -0.0072631695911707832 -0.03166729887080004 0.060542785661381243 -0.030981382195758647 -0.07362833415608 0.0038427769582876008 0.012165367901935373 0.09727283318494169 -0.020151701716600093 0.038797792669948025 -0.0065803727552779696 0.050868358023946229 0.0038563465545654848 -0.049457221602966728 0.032069842929004909 -0.040376670720567748 -0.02478581906434129 0.00055895938371513653 -0.080825852937570233 -0.04628176939774227 0.07743368044400846 0.0073033903556367109 -0.0066013210000780108 -0.00017787137275212394 0.086700070282936942 -0.13324601503512043 -0.13426830960794575 0.073178278467560143 -0.042685711236840479 0.095301212120260978 -0.031329753682166964 0.15597960587442683 -0.088573014563351357 0.064626994667746782 0.045779009664545227 0.037303104237819788 0.013395262349819298 -0.0075117013809072979
leaf_weight=16516.834515707218 239.6692714439705 1644.3110625746194 9911.7528662444092 1437.0014273088891 2450.6953743386548 952.31134788342752 4157.3112306820694 11571.022412337828 3152.8984606696758 9250.2938027128112 7260.0855725666042 4662.8605765454704 6769.3368763393955 10944.962245666888 2654.0815519064199 11795.835935932002 1750.0658928477205 7348.9387341695838 2698.4201830202946 1808.6947514902567 1681.2761386972852 2771.4163880447159 708.75107616186142 806.91427539149299 6496.0884384679375 2270.6969769756543 1048.4205065448768 3292.8432145568077 3441.4761168637779 2062.3884945053142 18048.918494839221 1915.8687270237133 13622.946546663996 16478.388122416916 11324.996660408797 1814.0813832321437 4499.1768665000563 2692.4201021631015 4029.7445165422978 5973.3719081879826 6270.5002300451742 4950.5281802457757 1164.5783611421939 6778.4117826401489 1600.4979289369658 7360.1731050356757 7413.5330591867678 24427.40169320011 2484.244865099201 155.6308533049887 281.45951319951564 670.46531360968947 824.92568172467873 384.82034453633241 4469.3458013895433 771.62561392330099 352.2933493074961 1187.4362700905185 3092.5862706680782 4118.0861758894753 5614.7489116960205 2274.5552012682892
leaf_count=8208840 6041 75601 832420 53902 39784 87719 61902 1059026 920733 2017004 84949 92749 323740 1883631 42980 390903 34614 89418 86393 31269 14513 106794 47040 7239 64133 57937 47104 32400 943928 68127 350911 32362 143566 302719 282470 25051 75593 89558 45481 81301 68204 144801 75224 228475 15343 139263 213857 189694 60257 1362 11433 55270 32392 9712 46983 7061 5469 11303 76251 140894 114167 139969
internal_value=-0.00112452 -0.0173975 0.0139256 -0.00751515 0.0088559 -0.00598612 0.0181993 0.0427849 -0.0732352 -0.039371 0.00635731 0.0318198 -0.000637957 -0.0508036 0.00205765 0.0069518 -0.0382815 -0.000774528 0.00365416 0.0232278 0.0118189 -0.031991 0.0158391 -0.028982 0.0027695 0.016048 0.028081 -0.00887818 -0.0189987 -0.0445986 0.0048575 0.0276126 -0.0017351 0.0107644 0.0182099 -0.000517025 0.00864866 0.00217441 -0.0087308 -0.0114731 -0.00631203 -0.000840235 -0.0149402 -0.0115688 0.00146195 0.0198296 -0.0255537 0.00657826 0.0296955 0.0737334 0.0808519 0.0118417 -0.0588251 0.00120794 -0.00569545 0.0100686 0.0137817 0.0390488 0.0118349 0.00427735 -0.00964017 0.0331809
internal_weight=310605 149240 161366 126799 151454 58510.3 92943.6 30214.4 22441.1 22513.6 62729.2 13725.5 104285 13107 97515.7 45403.2 3529.46 49003.7 94861.6 16664 14855.3 5924.31 17691.5 8155.85 13418.3 11274.8 9004.12 4341.26 13263.3 5503.86 40847.8 9175.95 31671.9 41873.8 30077.9 78197.6 36957.3 34258.9 41240.3 39426.2 33452.9 7759.42 6115.11 29423.1 15231.2 8960.67 14191.9 31566.5 7139.05 2639.88 12522.9 951.925 12154.7 1209.75 11737.1 7267.71 1779.4 1427.11 16982.7 13890.1 9772.06 18752.9
internal_count=21029229 14465465 6563764 5229098 5731344 3186942 2544402 1565983 9236367 3324685 978419 269974 1904413 2013454 1580673 1173488 57427 708445 1537693 217861 186592 1027527 440254 96657 132690 230190 172253 79504 1307681 1012055 611788 117311 494477 1116061 725158 1319832 502857 416464 816975 791924 710623 295626 220025 665142 222810 154606 442332 326906 137212 61619 1125729 66703 1925735 42104 118177 71194 22813 17344 393214 316963 176069 442688
is_linear=0
shrinkage=0.1


Tree=47
num_leaves=63
num_cat=0
split_feature=7 34 9 7 0 1 9 13 4 0 7 8 25 3 10 9 20 9 1 27 1 1 25 3 2 26 25 2 2 26 4 0 30 1 0 3 2 1 31 35 28 34 0 19 27 24 13 25 28 24 28 2 2 20 28 4 29 30 0 24 20 24
split_gain=15449.1 4051.41 3411.75 2026.91 3256.79 3461.08 2111.54 1410.53 1202.42 1082.19 1002.64 982.314 971.936 962.255 727.593 880 1177.42 711.327 1215.78 822.59 706.039 623.85 1167.4 979.157 741.331 609.339 581.592 581.291 566.394 556.834 573.275 547.682 529.759 529.674 629.598 517.899 662.228 623.459 968.979 540.579 800.568 581.952 540.176 511.718 717.86 512.549 490.094 475.261 492.007 463.671 528.876 489.168 461.678 439.456 430.974 463.849 414.742 988.627 399.939 391.789 391.702 358.082
threshold=49.87309646606446 1.897347688674927 0.92582416534423839 98.742088317871108 49.332859039306648 26.158231735229496 0.64583334326744091 1.0000000180025095e-35 0.99782609939575206 90.366767883300795 77.563388824462905 35.464487075805671 1.5000000000000002 51.66851997375489 1.5000000000000002 0.47222222387790685 0.89695259928703319 0.19090909510850909 84.660633087158217 3.5000000000000004 5.0641026496887216 78.629974365234389 1.5000000000000002 99.523811340332045 33.549783706665046 2.5000000000000004 1.5000000000000002 26.36544227600098 67.136150360107436 3.5000000000000004 0.8952506184577943 30.860805511474613 11.500000000000002 68.703357696533217 61.633426666259773 91.715686798095717 74.601570129394545 98.61084365844728 0.4420143067836762 3.5000000000000004 2.5000000000000004 1.0951594114303591 83.239700317382827 0.21093664318323138 13.500000000000002 2.5000000000000004 1.0000000180025095e-35 2.5000000000000004 104.50000000000001 2.5000000000000004 15.500000000000002 93.788581848144545 88.416816711425795 0.9610288441181184 16.500000000000004 0.96474209427833568 20.500000000000004 12.500000000000002 88.998897552490249 1.5000000000000002 1.0000000180025095e-35 2.5000000000000004
decision_type=8 2 8 10 2 2 10 2 2 2 10 8 2 2 2 10 2 10 2 2 2 2 2 2 2 2 2 2 2 2 2 2 2 2 2 2 2 2 2 2 2 2 2 2 2 2 2 2 2 2 2 2 2 2 2 2 2 2 2 2 2 2
left_child=17 3 9 4 5 20 11 12 32 53 -7 54 -8 26 15 21 -17 -1 -19 -20 -2 22 23 24 -13 -16 27 -12 33 30 -14 -29 46 -25 -35 36 -23 38 47 40 60 -41 -38 44 45 52 -5 48 -37 50 51 -32 -44 -3 55 -6 57 61 -49 -26 -39 -22
right_child=1 2 -4 8 6 10 7 -9 -10 -11 13 14 29 -15 25 16 -18 18 19 -21 56 35 -24 28 59 -27 -28 31 -30 -31 49 -33 -34 34 -36 37 42 39 -40 41 -42 -43 43 -45 -46 -47 -48 58 -50 -51 -52 -53 -54 -55 -56 -57 -58 -59 -60 -61 -62 -63
leaf_value=-0.096310171893451965 -0.084939507935588049 0.021309691281999686 0.097578770410576374 -0.00044770460386332045 0.016771676357885068 -0.088175154318183402 0.067226711861385721 0.086185440620017303 0.09328737883308702 0.066514466564153732 -0.074770416123140837 -0.078466542006635831 -0.010603478174737386 -0.00095118119206491578 0.079060563374347526 0.056311825968191544 -0.031236663925732697 -0.09146992122741987 0.13283931356020304 -0.027798246396996608 -0.018484470427619398 -0.028393961121914807 -0.055852294726940213 -0.033318193801755616 -0.03653446093995999 -0.040032444069051348 -0.08624398129043509 0.038527105271596224 -0.066333774434813239 -0.047308900411219761 0.0071545873141972312 -0.045434529748037827 0.027425680089613894 0.1403116790681202 -0.019720323973537453 -0.0072741573697823582 0.012474119501764476 0.061649923438807146 0.00956161483157833 0.0026388431334876377 0.017986979175564976 -0.026810179571639878 0.017613174102668223 0.088157798149566577 0.13474961869332033 0.075794949661357955 0.10206469719504541 -0.022368862503922934 -0.071830860995963655 0.064853489086895297 0.055468664474297595 -0.098132744907359029 -0.11429515965775586 -0.022933679107972921 0.0065095317427234095 0.12682811379202849 -0.019951429849238433 0.033567451178301129 -0.071025794678701251 0.11020562142449397 -0.022551974148096066 0.011435107349021027
leaf_weight=15709.733509057318 1056.4617743185954 4070.2907274458557 8229.818283569999 13881.386313826311 573.297060839599 6509.2248115985421 3701.4261151563842 4150.7646181569435 2254.1008691005409 2962.5113108856604 2309.7534240931273 302.16418329428416 4840.0686211334541 4246.7228936119936 460.04170115618035 5849.1096991606755 2083.2842859047232 2491.4939256526995 466.89485453418456 1004.8620537249371 12017.521132691414 2414.8151266452624 5605.2975865527987 1179.3640400683507 208.00868154421914 6497.1950295963325 4164.86292195227 1379.4372972329147 1612.4592862052377 1527.9723996529356 2585.6033571665175 1778.6372817293741 23236.959267986473 528.94363871729001 459.3155562436441 9495.4451246177778 7235.4712601882638 594.66406496521086 10943.172017776174 22270.779668432777 33413.712311786832 9604.1566385235637 509.84559965878725 2385.5738157251617 419.61177746765316 455.00957778398879 482.57864443026483 3086.9822066002525 1348.1797182094306 2907.9438965418376 1960.9434891282581 532.07847160100937 553.26771454932168 5006.2882507843897 952.88525732443668 1153.4142414879752 9434.8980993245495 8083.6779614255065 3731.0227886146167 1452.4607740449719 7786.9847950856201 5995.8762062815949
leaf_count=9006577 44004 34804 1019676 389259 26114 2062422 148267 289292 144701 88449 107417 29795 90621 147537 5061 158022 23346 1083047 23362 109876 469716 64888 554969 35258 1870 90767 1353187 32545 54439 24707 56637 61027 494042 9190 6488 184526 70026 11337 136682 305059 353497 122640 3140 20140 3199 3528 28006 74427 39842 153337 76492 8233 2918 39980 35277 19124 307938 263187 63569 25337 88629 249018
internal_value=-0.0010563 0.00487056 0.0479567 0.00156513 -0.00212655 -0.0227768 0.0049032 0.0336207 0.0223462 0.0140354 -0.0557935 0.000510131 0.021537 -0.040607 -0.000617952 0.0010011 0.033319 -0.0867593 -0.0489013 0.0231618 -0.00437845 -0.00100803 -0.0233877 0.00829998 0.0656058 -0.0321575 -0.0580898 -0.0366447 -0.0214534 0.00975558 0.0165534 -0.00876034 0.0180934 0.0119323 0.0659332 0.00117664 0.0192342 -0.00129052 -0.0138204 0.00357459 0.0110553 -0.00623437 0.0291845 0.0571509 0.0189779 -0.0130216 0.00299635 -0.0283079 -0.0153004 0.0330111 0.0147787 -0.0108143 -0.0510348 -0.00309323 0.0604954 0.0902875 -0.00198315 0.00451294 -0.0489954 0.0918233 -0.016578 -0.00852554
internal_weight=304147 284474 20268.9 264205 224350 56977.1 167373 22206.8 39855 12039.1 20388.6 145166 18056 13879.4 142486 135529 7932.39 19673 3963.25 1471.76 36588.4 127597 11348 5742.72 1962.63 6957.24 9632.69 5467.83 3780.08 14354.6 12826.6 3158.07 37600.9 2167.62 988.259 116249 13973.6 102275 28604.8 73670.3 41795.4 31874.9 11558.8 4323.31 1937.73 1518.12 14364 17661.6 10843.6 7986.57 5078.63 3117.68 1063.11 9076.58 2679.6 1726.71 35532 26097.1 6818 1660.47 8381.65 18013.4
internal_count=21030467 10807605 1182909 9624696 8568688 5097998 3470690 847586 1056008 163233 3764135 2623104 558294 1701713 2542589 2446761 181368 10222862 1216285 133238 1333863 2265393 717346 162377 57002 95828 1554176 200989 105375 410027 385320 93572 911307 50936 15678 1548047 167839 1380208 499046 881162 453463 427699 102951 32925 12785 9586 417265 362364 224368 294699 141362 64870 6058 74784 80515 45238 1289859 981921 137996 27207 99966 718734
is_linear=0
shrinkage=0.1


Tree=48
num_leaves=63
num_cat=0
split_feature=9 0 11 1 1 11 18 18 34 26 11 20 20 34 25 22 1 27 13 0 2 0 27 29 30 22 25 11 24 25 24 20 21 27 13 28 24 3 9 3 4 1 27 24 25 4 2 9 20 4 20 26 2 29 29 13 0 24 2 9 26 26
split_gain=5521.84 5217.33 4526.68 2279.41 2145.77 2702.56 1920.08 1296.55 1036.38 998.492 995.929 3219.78 2480.6 962.952 916.553 1340.86 2754.55 853.469 825.817 796.033 806.095 776.748 770.138 766.195 745.054 742.666 2025.06 718.13 685.205 606.024 965.963 622.196 599.545 527.628 761.699 738.47 533.679 516.752 498.289 493.937 887.115 611.266 596.855 520.536 513.34 489.435 486.283 477.76 733.162 462.781 461.282 520.343 448.359 445.948 443.947 441.023 428.951 415.827 531.371 413.668 430.742 409.263
threshold=0.23611111193895343 99.494949340820327 1.5000000000000002 78.629974365234389 91.024166107177749 1.0000000180025095e-35 6.5000000000000009 2.5000000000000004 1.2322814464569094 1.5000000000000002 1.0000000180025095e-35 0.37021569907665258 0.17637168616056445 1.4992163777351382 1.5000000000000002 1.0000000180025095e-35 70.064933776855483 2.5000000000000004 1.0000000180025095e-35 53.907203674316413 99.494949340820327 78.705963134765639 12.500000000000002 16.500000000000004 11.500000000000002 1.0000000180025095e-35 1.5000000000000002 1.0000000180025095e-35 2.5000000000000004 3.5000000000000004 3.5000000000000004 0.97752270102500927 1.0000000180025095e-35 1.5000000000000002 1.0000000180025095e-35 7.5000000000000009 1.5000000000000002 59.359359741210945 0.087121214717626586 45.53429031372071 1.0000000180025095e-35 10.596491336822512 31.500000000000004 2.5000000000000004 4.5000000000000009 0.98768940567970287 6.7231638431549081 0.47222222387790685 0.91590845584869396 0.80508935451507579 0.97752270102500927 1.0000000180025095e-35 6.7231638431549081 17.500000000000004 20.500000000000004 1.0000000180025095e-35 87.20676422119142 2.5000000000000004 74.133811950683608 0.64583334326744091 4.5000000000000009 1.5000000000000002
decision_type=8 2 2 2 2 2 8 8 2 2 2 2 2 2 2 2 2 2 2 2 2 2 2 2 2 2 2 2 2 2 2 2 2 2 2 2 2 2 10 2 2 2 2 2 2 2 2 10 2 2 2 2 2 2 2 2 2 2 2 10 2 2
left_child=2 4 3 6 7 13 25 24 -4 47 11 22 17 28 19 16 -16 18 -12 23 45 -8 33 -9 53 26 -1 -27 49 30 31 38 -20 34 -5 -36 -35 -28 -14 40 41 42 43 -17 -44 -21 -45 -7 -49 -6 51 -29 -43 -2 -26 -51 -18 58 -31 -11 -61 -34
right_child=1 -3 8 10 5 9 21 14 -10 59 12 -13 29 -15 15 39 56 -19 32 20 -22 -23 -24 -25 54 27 37 50 -30 57 -32 -33 61 36 35 -37 -38 -39 -40 -41 -42 52 44 46 -46 -47 -48 48 -50 55 -52 -53 -54 -55 -56 -57 -58 -59 -60 60 -62 -63
leaf_value=0.015843697490348457 0.018607338386517087 0.087941572564008003 -0.078996591316948528 0.0044888813703852773 0.0911166831290703 0.09779313315808405 -0.069380158756675123 0.066508520020722453 -0.019444606090050921 -0.0062653967363417761 -0.077178911374746653 0.096972425623230676 0.0031969154639962245 0.090282421789337486 -0.088870814426373249 -0.09716463680218404 -0.01705907850514202 -0.083824089563763818 -0.034375948493720478 0.045481832710701914 -0.039922101359689155 0.10784067930030386 -0.038845491543750887 -0.017649471846468281 0.031360010687173819 0.092009872006535487 -0.097154844393576037 0.06511235524160873 0.070257487806454008 -0.0068846650795579833 0.12638609964252059 -0.052326745673613617 0.044048844694513839 0.065244283186217097 0.089480778351074083 -0.12693401807860213 -0.0035938230030454566 -0.032056748805207536 0.18104177114459283 0.10519032444760545 -0.1403334490600987 0.012722603946896054 0.012002518269215782 0.052448062779377136 -0.064339932606669079 0.13410992884118375 -0.059570688773240066 0.062843248177008648 -0.025284382232965769 -0.0051651197007230691 -0.066785119250995936 -0.013099747449839064 0.088307039584336403 -0.012724974820233792 0.0058385540521160607 0.060266617761576304 0.038157523362543376 -0.029207556024399579 0.29902952127407112 0.038292604188965518 -0.047201815893672602 0.1977267393807435
leaf_weight=5309.3351428653114 6462.780788513599 8597.8003626142163 12317.285274256603 3882.3069686974632 796.09409155719914 1376.1098112433683 11185.836020745803 1239.1985834047664 3831.2928316544276 21425.149050013628 1118.7546842296142 3918.7576688065892 42023.083374414477 5802.6873163096607 7045.6582675115205 1282.9353930259822 9261.0578975924291 5444.0188233951339 623.44970986247063 2644.4954794695368 898.97680454724468 252.90678778500296 4200.3500691342633 8517.2338649296435 17078.720751632703 1054.8004965666914 3174.5961399128428 1344.1790162399411 4472.0369031396694 159.12835442565847 625.47787639347371 2067.1965466549154 494.77385002933443 1186.6397990335245 2359.4957995696459 168.96459608885925 22117.571532516507 1979.9018343519419 158.13561401376501 432.56380736839492 457.43974726565648 2455.6264310941333 7455.120804580627 679.49951702402905 998.79342647443991 815.15869028866291 901.90802400559187 2496.1441067436244 1518.153583958745 4493.7781812052708 834.11549638304859 2316.7003105166368 1153.4350544094341 15288.509719247348 11342.441846070229 1336.4731613306794 1658.9365399514791 8669.6463564436417 88.280921065132134 4142.8640587921254 687.03576603531837 266.70464475138579
leaf_count=273239 164377 832126 4194124 73667 53771 20642 3647412 42369 50974 188322 443956 142930 442369 681169 2089175 59661 196331 2630409 96365 65635 29312 19898 272790 349318 316295 18958 1358529 16979 278949 4196 5315 23917 65087 21421 61218 2018 285892 62991 1544 4374 8336 28659 64034 7870 13419 37897 13168 56015 17005 161552 13940 80151 10031 391171 251914 44488 30753 125159 814 47757 5615 31663
internal_value=-0.000834127 0.0122311 -0.0149981 -0.00865825 0.00779131 0.0249858 -0.0341704 -0.000720259 -0.0648677 0.00774294 -0.00162451 0.0111511 -0.00945352 0.0572713 -0.0124881 -0.0214297 -0.0401231 -0.0616011 -0.0132793 0.00891253 0.0444425 -0.0654619 0.00123483 -0.00696027 0.0105142 -0.0118185 -0.0275021 0.017752 0.0400117 -0.00174863 0.00298292 0.00123855 0.0383393 0.00690037 0.0323065 0.0750188 -8.86181e-05 -0.0721499 0.00386365 -0.000197319 -0.00316044 0.00104316 -0.0103838 -0.0498351 0.00298299 0.0663643 -0.0114384 0.0469453 0.0295146 0.0195992 0.000326579 0.0156177 0.0368789 -0.00341546 0.0211748 0.00983385 -0.00867072 -0.0255596 0.102272 -0.000305668 0.0261313 0.0978739
internal_weight=298389 155215 143174 127025 146617 48546.5 27452.4 98070.5 16148.6 31645.5 99572.7 37834.1 61738.7 16901.1 47898 33783 17965.7 7947.7 2503.68 14115.1 4358.63 11438.7 33915.3 9756.43 50172.5 16013.6 10463.8 5549.8 11098.4 53790.9 44873.9 44248.4 1384.93 29715 6410.77 2528.46 23304.2 5154.5 42181.2 15817.3 15384.8 14927.3 11318.3 2864.34 8453.91 3459.65 1581.41 5390.41 4014.3 6626.35 4494.99 3660.88 3609.06 21751.3 28421.2 5830.25 10920 8917.06 247.409 26255 4829.9 761.478
internal_count=21029435 6561510 14467925 10222827 5729384 1555285 5492097 4174099 4245098 335356 4730730 859936 3870794 1219929 3050342 2525811 2316259 3267480 637071 524531 132844 3667310 717006 391687 1123757 1824787 1694759 130028 538760 603314 473145 467830 193115 444216 136903 63236 307313 1421520 443913 209552 205178 196842 158152 80699 77453 103532 21038 93662 73020 259811 111070 97130 38690 555548 568209 206040 227084 130169 5010 241694 53372 96750
is_linear=0
shrinkage=0.1


Tree=49
num_leaves=63
num_cat=0
split_feature=7 34 9 7 0 1 12 6 4 3 0 18 8 25 9 1 8 1 1 0 8 21 8 20 20 18 2 29 7 8 21 33 25 22 0 0 7 9 27 25 27 27 3 1 1 1 3 25 0 4 9 13 24 4 0 3 33 25 19 0 8 32
split_gain=12794.9 3090.01 3073.16 1508.06 2316.22 2868.92 1635.23 1056.94 975.387 941.454 903.435 900.323 897.762 693.136 676.976 928.78 678.629 675.205 687.739 1285.56 686.048 693.067 1022.19 624.621 567.562 565.864 530.403 527.694 691.879 458.693 594.834 513.642 441.773 548.945 431.15 425.811 421.723 419.802 418.458 416.403 416.298 395.754 389.424 388.595 388.314 383.424 428.627 427.959 559.358 380.245 378.385 364.809 363.041 381.737 443.073 382.899 350.276 347.831 345.528 337.741 381.37 334.524
threshold=49.87309646606446 1.897347688674927 0.92582416534423839 99.81412506103517 49.332859039306648 26.766168594360355 1.0000000180025095e-35 1.0000000180025095e-35 0.99782609939575206 52.277431488037116 92.768566131591811 2.5000000000000004 36.253654479980476 1.5000000000000002 0.19090909510850909 84.660633087158217 27.792633056640629 49.089704513549812 73.746868133544936 77.003208160400405 91.813587188720717 1.0000000180025095e-35 97.375312805175795 0.97752270102500927 0.81156626343727123 6.5000000000000009 27.072835922241214 24.500000000000004 76.961540222167983 76.376262664794936 1.0000000180025095e-35 0.72076648473739635 1.5000000000000002 1.0000000180025095e-35 30.860805511474613 99.494949340820327 56.675579071044929 0.4083333313465119 227.50000000000003 1.5000000000000002 13.500000000000002 2.5000000000000004 12.632978916168215 98.61084365844728 84.660633087158217 8.054054260253908 8.4219856262207049 2.5000000000000004 5.7556936740875253 1.0000000180025095e-35 0.11805555596947671 1.0000000180025095e-35 1.5000000000000002 0.90770369768142711 70.064933776855483 84.680576324462905 0.67310291528701793 2.5000000000000004 0.63319054245948803 25.13157939910889 38.767599105834968 11.500000000000002
decision_type=8 2 8 10 2 2 2 2 2 2 2 8 8 2 8 2 10 2 2 2 10 2 10 2 2 8 2 2 8 8 2 2 2 2 2 2 10 10 2 2 2 2 2 2 2 2 2 2 2 2 8 2 2 2 2 2 2 2 2 2 8 2
left_child=14 3 10 4 5 11 12 43 51 13 44 23 36 26 -1 -16 -17 -14 19 32 27 22 -22 39 -24 -11 -7 29 40 30 31 -20 58 -34 -28 57 50 -23 -9 -2 56 -18 -15 52 -3 46 -13 48 -48 -41 -6 -5 -8 54 -54 -56 -29 -32 -19 60 -47 -38
right_child=1 2 -4 8 6 9 7 38 -10 25 -12 45 17 42 15 16 41 18 20 -21 21 37 24 -25 -26 -27 34 28 -30 -31 35 -33 33 -35 -36 -37 61 -39 -40 49 -42 -43 -44 -45 -46 59 47 -49 -50 -51 -52 -53 53 -55 55 -57 -58 -59 -60 -61 -62 -63
leaf_value=-0.095883852300285011 0.082175219092446683 -0.064193902249775822 0.096655719855425273 0.015409525502850263 0.041985660846168033 -0.07615592152294709 0.10190534959928146 0.079938119049259515 0.09467386213750148 0.0050467338672542114 0.083044653413468963 -0.00064077497715059209 0.085317953840025787 0.062274353971041321 -0.089500161585388371 0.17920080245663939 0.081317002604891109 -0.0031168826715145198 0.0067098789923666609 0.10938048052162852 -0.040594109676321599 0.04135791440799317 0.04888866972611338 -0.0045284054982954553 -0.03724013593602598 -0.060254591876707758 0.02748325350641774 0.044345625950204408 -0.0035665953830787654 0.0017908729981579907 0.033281770110511484 -0.051103181628074291 -0.070625007892155922 0.077219019186201457 -0.046159243647455925 0.070735048491736216 0.060557536741012566 -0.040799021494885776 -0.029372035573592515 0.029639578357116982 -0.097903272832761984 -0.045599805988689145 -0.093672660822812337 0.10743839225110186 0.007444164517245621 0.071640880970600229 -0.10844693431359956 -0.10336943661102915 0.068830894262012596 -0.076100058187783107 0.25126819387614985 0.1022951480039537 0.013105227143065537 0.030383420984033752 -0.010542719954214463 -0.10162660394199863 -0.061193251022214179 0.0074522777894975804 -0.08334665326729096 -0.053194024483620123 -0.0095573075656436648 -0.0245986518956786
leaf_weight=13214.139133369783 1501.3953253055224 823.05010807607323 6882.9660879336298 34550.025233028689 155.35909124556929 2605.6519331700401 423.95398894313257 4872.0487477704883 1677.8557195169851 3682.9425333887339 1574.7128352792934 1266.9948506909423 922.58596846519504 164.24555858410895 2183.1086220059078 209.61556526040658 325.6746555812424 3610.5017729736865 11509.466484081 639.59345161821693 11433.470487476559 2770.7828646935523 2375.0333467083983 8380.7768790270202 1128.6963253556751 2074.4183815643191 1355.4058204774046 525.73264751047827 14636.560078958515 65185.988552275579 11402.310450889054 1773.580683117616 3858.5713610339444 268.62706271163188 1922.8454846197274 1914.4417469719192 2072.6936019019922 801.96634593023919 377.33506938163191 5837.299298348953 1352.5175581674557 1000.3750015820842 6388.223882235121 443.77581412903965 9379.0035418542102 600.77902037010062 320.12101807282306 1526.2364459374221 400.85519956063945 361.12427805387415 194.60588391218334 490.1030929046683 2809.5654294042615 3863.6184610202909 1077.2100294344127 807.50808248575777 782.59523765230551 9605.6779865283752 630.54696850606706 1716.3740290770074 15552.391019263654 593.37715999374632
leaf_count=8975170 26548 5863 1019216 859620 31002 219504 9099 481738 139200 150009 74050 45393 74867 7113 1099424 13320 18389 98301 155227 15232 132031 30974 21597 103587 11082 230930 57164 7533 163189 774301 196078 75482 469804 5101 122637 72444 47492 7290 19633 64940 61882 113696 2878667 34602 83071 39703 13077 78520 10074 61282 4152 33110 58632 135249 16676 10794 68994 156030 28407 369991 628619 12225
internal_value=-0.000900958 0.00427829 0.0435716 0.00142754 -0.00169734 -0.0193353 0.00425881 0.0361192 0.0201913 -0.0519147 0.0125464 -0.00351382 0.00114482 -0.0673923 -0.0852766 -0.0475854 0.0120008 3.77011e-05 -0.00050043 -0.027267 0.00125694 -0.0166493 -0.0261128 0.0143626 0.021143 -0.0184818 -0.0424789 0.00404948 -0.012094 0.00680356 0.0158286 -0.00100944 -0.0377111 -0.0610023 -0.0157115 0.0255859 0.0551526 0.0229163 0.0720807 0.0349243 -0.0590006 -0.0144293 -0.0897637 0.0160913 0.00166477 -0.0169569 -0.0471523 -0.0733758 -0.00988232 0.0234791 0.158362 0.0166248 0.011578 0.00710325 -0.0120574 -0.0495676 -0.018784 0.0214715 -0.0150452 -0.0110187 -0.00653733 0.0416046
internal_weight=292789 275856 18659.7 257196 220478 55658.1 164820 14675 36718 18193.7 11776.8 37464.3 150145 12436.4 16932.9 3718.77 1535.67 147129 146207 9007.84 137199 18509.9 14937.2 16080.6 3503.73 5757.36 5883.9 118689 17297.4 101391 36205.5 13283 8368.25 4127.2 3278.25 22922.4 3016.04 3572.75 5249.38 7699.82 2660.85 1326.05 6552.47 9425.63 10202.1 21383.8 3514.21 2247.21 720.976 6198.42 349.965 35040.1 8981.86 8557.9 4694.28 1884.72 1308.33 21008 4241.05 17869.5 16153.2 2666.07
internal_count=21029027 10809028 1182200 9626828 8594898 5107758 3487140 766423 1031930 3666024 162984 1441734 2720717 3285085 10219999 1244829 145405 2625846 2550979 616845 1934134 202974 164710 256357 32679 380939 399305 1731160 301598 1429562 655261 230709 601613 474905 179801 424552 94871 38264 501371 152770 138409 132085 2885780 265052 88934 1185377 147064 101671 23151 126222 35154 892730 230450 221351 86102 27470 76527 352108 126708 1038313 668322 59717
is_linear=0
shrinkage=0.1


Tree=50
num_leaves=63
num_cat=0
split_feature=34 11 34 20 27 11 8 9 11 20 11 32 18 34 35 9 10 4 1 35 28 8 1 27 31 19 18 9 24 6 30 27 9 10 9 27 28 20 34 8 25 28 28 9 16 30 10 9 25 12 27 9 22 31 3 1 28 2 1 16 30 30
split_gain=4084.08 2973.02 7457.8 3257.3 2569.8 1464.27 1096.38 810.202 781.467 780.011 2343.88 1796.02 2648.9 872.203 860.174 835.576 746.444 961.408 762.808 713.079 1328.84 641.443 567.335 1217.21 1329.3 1053.35 953.331 1066.24 711.705 527.782 585.617 513.371 485.599 680.484 1281.3 481.231 479.73 684.13 474.698 463.99 451.079 446.9 439.911 435.11 433.073 432.181 415.135 597.221 401.514 454.375 400.034 377.082 371.952 312.57 306.029 305.639 304.471 299.157 394.983 295.153 533.626 321.936
threshold=0.66211867332458507 1.0000000180025095e-35 1.4547576308250429 0.17637168616056445 1.5000000000000002 1.0000000180025095e-35 64.161029815673842 0.23611111193895343 2.5000000000000004 0.9610288441181184 1.5000000000000002 2.5000000000000004 1.5000000000000002 0.9235055446624757 2.5000000000000004 0.29285715520381933 1.5000000000000002 0.81340068578720104 19.399641990661625 2.5000000000000004 2.5000000000000004 65.586883544921889 90.521114349365249 1.5000000000000002 0.34208889305591589 0.18783515691757205 6.5000000000000009 0.47222222387790685 2.5000000000000004 1.0000000180025095e-35 11.500000000000002 73.500000000000014 0.64583334326744091 1.5000000000000002 0.47222222387790685 1.5000000000000002 9.5000000000000018 0.65908628702163707 1.0000137090682986 82.227863311767592 1.5000000000000002 1.5000000000000002 8.5000000000000018 inf 2.5000000000000004 12.500000000000002 3.5000000000000004 0.78888890147209179 2.5000000000000004 1.0000000180025095e-35 4.5000000000000009 0.64583334326744091 1.0000000180025095e-35 0.82880055904388439 58.397436141967781 91.024166107177749 3.5000000000000004 44.300144195556648 26.158231735229496 5.5000000000000009 6.5000000000000009 3.5000000000000004
decision_type=2 2 2 2 2 2 10 10 2 2 2 2 8 2 2 10 2 2 2 2 2 10 2 2 2 2 8 10 2 2 2 2 10 2 10 2 2 2 2 10 2 2 2 8 10 2 2 10 2 2 2 10 2 2 2 2 2 2 2 8 2 2
left_child=5 2 22 4 6 16 55 21 9 11 51 12 14 -14 41 -12 17 18 43 20 -13 -7 26 25 31 28 27 57 53 30 -29 40 33 34 44 56 37 -28 -36 -20 -25 -5 -27 -1 45 -21 -34 -48 -31 -50 -6 -11 -38 -24 -23 -3 -22 58 -2 61 -61 -19
right_child=1 3 -4 8 50 7 -8 -9 -10 10 15 19 13 -15 -16 -17 -18 59 39 32 35 54 23 24 -26 42 36 29 -30 48 -32 -33 46 -35 38 -37 52 -39 -40 -41 -42 -43 -44 -45 -46 -47 47 -49 49 -51 -52 -53 -54 -55 -56 -57 -58 -59 -60 60 -62 -63
leaf_value=0.015911502931622419 0.04981132380632769 0.010161315428559727 0.087935149380685265 -0.041535240380877615 -0.039880139067245531 -0.081334806559574618 -0.034450489890240014 -0.012877573772195967 -0.068572173058438615 -0.043149699814321436 -0.015805697301021434 -0.023549669427203407 0.033151964016861435 0.12847007028348825 0.037337613807335295 0.091480579399204232 0.059996400154990574 -0.0049721918432717709 -0.073812702083222631 -0.024200205524507672 0.029487531178534993 -0.061771092759506499 -0.15213404216428414 0.056696789801257787 0.059192550461651686 0.07702790449002006 0.038023549547850463 -0.017635069672822166 0.064459117479564704 0.067184589072835837 0.0069734294724561139 -0.065750595587856175 0.043853611399932269 -0.049661363793122797 0.079193792926722045 0.014459305228889892 -0.06256659649941812 -0.040891077940152377 0.0095506106871543015 0.10907837732918631 -0.0014877661820179959 0.005024312746490206 -0.14493393879160635 -0.071899258490803225 0.0036867101174861625 0.0022291986072031848 -0.1106876151871657 0.0401588870598861 -0.23548611041188125 0.025097870091456823 -0.087926150883609056 -0.0098865384579700094 -0.0055282191880412414 -0.032044591350193337 0.0019506961912536217 0.15715963672932171 0.078555691330777305 0.079750131773868194 -0.010015060987044317 -0.063277790418036398 0.011602517635391588 0.054621142099445567
leaf_weight=2351.7283931680722 3530.1017468869686 173.88580585992895 12750.237861372065 2755.7460847218754 2257.3176336686593 9136.828222561744 721.62902936106548 3395.9451943729073 1709.5069585198071 12118.146502505639 1060.3237812492298 8438.3992118156748 1419.1531328887213 2967.0764689684147 7457.7253393121064 2301.8898486520629 1270.9638669422129 1744.5150543928612 4784.4403688145103 29230.410618050606 3020.8562329225242 1430.4523013726575 320.14618616551161 1414.8450282634003 4249.884960114141 5561.8377635475481 2133.3104066867381 15110.129389752634 639.81624113535509 1816.1233310247771 26861.663965111715 1175.9682486563688 2882.7105575621827 4446.9977673470275 2056.1921379031846 14195.837415865157 4087.9719292164082 2264.8628258726094 1867.7513109575957 142.85695218655746 22867.280166400713 8183.6454698051093 90.747887795441784 742.43698206171393 11391.741418007296 7848.4150113249198 487.23998992028646 568.91981483704876 96.803886426147074 216.71686783479527 7459.7851950441254 4741.5782483386574 1587.1599602216156 671.01859299652278 1593.0024342034012 758.13124478876125 2175.1264771670103 1677.410032380023 1605.4289846027968 1406.9150118598482 2941.4198869966203 1887.1400857835542
leaf_count=119845 101019 32215 1622679 38684 866293 4689442 5363 455096 152437 246486 64054 93011 99269 38975 126359 41829 46551 43316 1797350 976423 29770 366839 3649 26782 223698 290199 40578 480763 32538 133184 693427 66838 41013 97859 68193 153434 347724 290322 39713 10112 418338 93951 1413 12330 175655 508415 6213 6239 1143 13722 4005015 46914 10806 11197 29293 27724 23185 46475 300046 76466 73652 46695
internal_value=-0.000606835 0.00366047 0.0159933 -0.00577731 -0.0571535 -0.0338089 0.0580862 -0.0560629 -0.00139565 -0.000523123 -0.0185913 0.0027569 0.0277983 0.0976301 0.011149 0.0576463 -0.013766 -0.0196248 -0.0440731 -0.00368169 0.00957544 -0.068123 0.00663137 0.016402 0.00742013 0.053037 0.000705082 0.00626626 -0.0177597 0.000578403 -0.0018858 -0.00122258 -0.00975189 -0.0121048 -0.0089172 0.0239899 -0.0274033 -0.00261396 0.0460445 -0.0685101 0.00190247 -0.00670452 0.0734645 -0.00515846 -0.0133666 -0.0186059 0.0242031 -0.0294314 0.0491437 -0.0553611 -0.0767649 -0.0337949 -0.0466147 -0.0708335 -0.0281973 0.129734 0.0500283 0.0430848 0.0311089 0.00495052 -0.0126252 0.0259947
internal_weight=288254 255426 110729 144696 11370.7 32828.6 1653.65 15556.2 133325 131616 20221.9 111394 22783.3 4386.23 18397.1 3362.21 17272.4 16001.5 8021.46 88610.6 27830.2 12160.3 97979.2 36991.5 29708 7283.57 60987.7 50914.4 1630.98 44101.4 41971.8 25458.1 60780.4 56841.5 52394.5 19391.8 10073.3 4398.17 3923.94 4927.3 24282.1 10939.4 5652.59 3094.17 48470.6 37078.8 3938.87 1056.16 2129.64 313.521 9717.1 16859.7 5675.13 991.165 3023.45 932.017 5195.98 6812.94 5135.53 7979.99 4348.33 3631.66
internal_count=21028218 13261231 5156540 8104691 4936610 7766987 65302 5540670 3168081 3015644 399283 2616361 397238 138244 258994 105883 2226317 2179766 1939637 2219123 299400 5085574 3533861 1074652 735656 338996 2459209 1769779 47384 1322239 1174190 511958 1919723 1866258 1768399 206389 689430 330900 107906 1807462 445120 132635 291612 132175 1660493 1484838 53465 12452 148049 14865 4871308 293400 358530 14846 396132 59939 52955 447540 401065 240129 150118 90011
is_linear=0
shrinkage=0.1


Tree=51
num_leaves=63
num_cat=0
split_feature=7 34 9 11 0 7 3 0 22 9 19 25 24 34 13 1 4 7 0 27 25 3 9 16 1 4 25 4 0 0 25 4 31 19 1 3 24 25 31 28 33 33 13 25 4 27 24 25 0 7 25 0 34 7 1 1 0 3 3 1 33 31
split_gain=10319.7 2337.92 2773.63 1412.58 1030.92 1084.92 1123.72 3302.23 918.233 914.492 1016.28 821.483 2777.66 1551.37 909.765 938.376 1169.23 799.411 798.241 726.592 737.154 709.545 705.394 936.492 594.007 568.981 555.551 813.969 549.447 541.449 727.063 1745.59 723.175 979.973 584.762 753.079 535.917 1361.06 1010.78 559.509 529.531 524.337 491.411 474.35 2353.16 720.582 1718.47 952.923 914.888 584.117 501.921 610.685 485.148 470.321 468.395 956.747 775.906 464.699 459.861 885.202 502.422 454.391
threshold=49.87309646606446 1.897347688674927 0.92582416534423839 2.5000000000000004 91.54584121704103 98.742088317871108 53.950103759765632 27.622890472412113 1.0000000180025095e-35 0.34848485887050634 0.2285517826676369 2.5000000000000004 2.5000000000000004 0.39199796319007879 1.0000000180025095e-35 99.494949340820327 0.96474209427833568 73.024791717529311 92.768566131591811 14.500000000000002 2.5000000000000004 99.523811340332045 0.19090909510850909 7.5000000000000009 5.0641026496887216 0.99782609939575206 1.5000000000000002 1.0000000180025095e-35 40.936473846435554 49.332859039306648 1.5000000000000002 0.90770369768142711 0.35575318336486822 0.41827322542667394 81.892700195312514 88.067794799804702 3.5000000000000004 3.5000000000000004 0.56588178873062145 56.500000000000007 0.59098702669143688 0.555497705936432 1.0000000180025095e-35 1.5000000000000002 1.0000000180025095e-35 33.500000000000007 2.5000000000000004 4.5000000000000009 9.7167587280273455 69.928676605224624 2.5000000000000004 7.1858863830566415 0.99603545665740978 93.84250640869142 99.494949340820327 94.312667846679702 87.841831207275405 94.201679229736342 96.225070953369155 78.629974365234389 0.555497705936432 0.65489274263381969
decision_type=8 2 8 2 2 10 2 2 2 10 2 2 2 2 2 2 2 8 2 2 2 2 10 8 2 2 2 2 2 2 2 2 2 2 2 2 2 2 2 2 2 2 2 2 2 2 2 2 2 10 2 2 2 10 2 2 2 2 2 2 2 2
left_child=22 3 18 4 5 6 7 24 11 -6 19 12 29 -14 36 57 17 -17 -3 20 21 -11 -1 -24 -2 -7 -9 -28 -15 -8 32 42 -31 40 -33 -36 38 41 39 -13 -34 -38 61 52 45 46 -45 49 -48 -47 -51 -52 -26 -54 55 56 -40 -16 -30 -60 -61 -32
right_child=1 2 -4 -5 9 25 8 26 -10 10 -12 14 13 28 15 16 -18 -19 -20 -21 -22 -23 23 -25 43 -27 27 -29 58 30 31 34 33 -35 35 -37 37 -39 54 -41 -42 -43 -44 44 -46 47 48 -49 -50 50 51 -53 53 -55 -56 -57 -58 -59 59 60 -62 -63
leaf_value=-0.094673839482218691 -0.081211496172598596 0.0010224865608093629 0.096113235641769185 -0.075358166178156799 0.0087714138764766018 0.012570215796438099 -0.041052748232222228 -0.03883511744074139 0.10454369126863619 -0.048010226007736814 0.07157840630741584 -0.075864913343575799 -0.0540657267918217 -0.012444343210814704 -0.11165960497231858 0.21676585168855814 -0.0016364429686695663 0.047697841144987291 0.080759047758601654 0.10061562217186251 0.062149098445175549 -0.51744840006061554 0.040392317906353947 -0.076328131720006395 0.043789411659337377 0.085235962941242874 0.060674250178969047 -0.089445426993955607 0.10193934699310542 -0.0057061861762334951 -0.1033296031330605 -0.046075229769926375 0.036997914812839941 0.11208606163621315 0.06833299226856121 0.0026111744786142688 0.11100447389720214 -0.033865347088195268 -0.020635622557030643 0.0015314465347578002 -0.032420591231125735 0.0075322196693280736 0.045444938614632474 -0.083532498047645926 -0.092195713491752429 0.18444418141185298 -0.037184644581969593 -0.049803690137149963 0.061537168265581157 0.087174930715863089 -0.073781035101273637 0.020887640726608189 0.050244682409627962 -0.029817847454189875 -0.041067414072259015 0.1553511842475373 0.061472500366365194 -0.021312097777148674 -0.051863390020042269 0.096282155969977343 0.017364838360646544 -0.043060128189873731
leaf_weight=11250.397571321344 915.97454599058256 10060.153205143288 5735.6253344030119 2384.7421385574853 36699.749839314842 34341.198158390005 3240.673652502941 5891.1887504303595 846.6631081859814 1814.6889616092667 5374.8047231081873 5407.2967401649803 1160.0674044194166 763.73230740299914 683.5946177165024 298.06142279820051 10153.141002965043 4532.7437089751475 1434.5360138919204 586.77367238141596 733.52801694953814 32.779187398031354 970.86552428000141 2354.3516439355444 4439.4310992475366 1112.4595276955515 382.99993415072095 6342.0514577205759 3782.2091594215017 6191.3749626815552 1714.3259244228248 2302.4868391870987 5606.2639747498324 1516.6718088563066 1834.1807023490546 35264.526227102149 1228.9381373627111 3336.9897906546248 7957.5618891989579 1129.073812873452 1366.7446487906855 814.19752683339175 481.42578877892811 2791.6009082959499 2831.9070931915194 222.06720039609354 1632.9241804167395 2009.5029010934522 2208.1447832603008 1067.3143279107753 718.21766078425571 13293.717497824342 1045.0433994784253 2463.0418405709788 4666.833897886565 369.34084952878766 1345.4957543701166 3404.9007350099273 664.95521507947706 2735.8092301250435 1144.0829220501473 4627.8811422250001
leaf_count=9006257 40251 89030 1019022 360920 477023 837934 145040 402516 9710 26778 389779 139617 72788 37691 6835 7167 104998 65822 73951 24088 30706 939 133498 1083137 228708 78251 20487 3030419 99894 126306 47636 49661 88868 55878 27075 515588 27881 81797 251081 28386 49265 18579 7691 168549 720332 20136 39171 40753 28207 11613 10542 135363 13275 16221 99754 6674 20816 78282 11425 70200 10823 108167
internal_value=-0.000760452 0.00367787 0.0393149 0.00124032 0.00197239 -0.00105253 -0.00439212 -0.0172883 0.000769139 0.0156307 0.045099 3.52763e-05 0.00650091 0.0548365 -0.0105768 0.00604543 0.017632 0.0581294 0.0109736 0.000170952 -0.0226645 -0.0563394 -0.0827139 -0.0422492 -0.00172377 0.0148503 -0.0612555 -0.0808959 0.0687335 -0.0012233 0.000895938 -0.00526146 0.0202831 0.0392367 0.00282553 0.0058605 -0.0226514 0.00549096 -0.0299043 -0.0624957 0.0233915 0.0697704 -0.0519576 0.000373081 -0.00599472 0.00420068 -0.0238254 0.0149389 0.0195683 0.0234415 0.0210705 0.0160352 0.0218264 -0.00596757 -0.0150479 -0.00249377 -0.00876037 -0.0364182 0.0761788 0.054741 0.0730114 -0.0593512
internal_weight=283714 269138 17230.3 251908 249523 204281 168827 48255.1 120572 45242.3 8542.57 119726 74397.4 10250.9 45328.2 19072.4 14983.9 4830.81 11494.7 3167.77 2581 1847.47 14575.6 3325.22 35638.9 35453.7 12616.2 6725.05 9090.79 64146.6 60905.9 46224.8 14681.1 8489.68 39401.2 37098.7 26255.7 5380.13 20875.6 6536.37 6973.01 2043.14 6823.63 34722.9 26775.4 23943.5 6632.67 17310.8 3841.07 15301.3 15079.2 14011.9 7947.52 3508.09 14339.2 9672.4 9303.06 4088.5 8327.06 4544.85 3879.89 6342.21
internal_count=21029251 10806359 1182003 9624356 9263436 8314123 7397938 4926543 2471395 949313 472290 2461685 1523996 302821 937689 263104 177987 72989 162981 82511 58423 27717 10222892 1216635 1473121 916185 3453422 3050906 230033 1221175 1076135 755818 320317 194011 592324 542663 674585 128257 546328 168003 138133 46460 163494 1432870 1174666 454334 235927 218407 67378 177654 157518 145905 258204 29496 378325 278571 271897 85117 192342 92448 81023 155803
is_linear=0
shrinkage=0.1


Tree=52
num_leaves=63
num_cat=0
split_feature=7 0 9 7 3 1 9 4 13 27 18 25 3 8 30 1 29 13 4 25 7 4 24 25 33 9 0 8 33 24 27 7 24 26 11 32 11 7 11 7 34 34 30 13 7 24 1 0 25 1 18 32 29 27 31 35 25 25 3 6 1 1
split_gain=9236.81 2086.17 2541.55 1386.44 1454.67 3012.3 1393.83 949.525 794.527 756.26 735.332 584.767 732.429 582.622 570.79 573.887 716.199 627.853 909.706 731.204 641.587 634.289 728.862 1123.03 858.698 525.755 669.618 580.81 519.901 989.857 511.419 488.374 482.137 469.686 466.62 460.287 522.69 459.94 458.121 415.489 570.157 399.106 398.293 376.834 375.79 444.034 474.057 425.257 373.258 364.283 358.065 938.824 344.885 332.248 788.957 324.206 380.077 324.185 472.353 606.554 564.071 362.367
threshold=47.76948547363282 99.494949340820327 0.29285715520381933 98.742088317871108 53.950103759765632 27.622890472412113 0.73214286565780651 0.99782609939575206 1.0000000180025095e-35 1.5000000000000002 2.5000000000000004 1.5000000000000002 15.587044239044191 35.464487075805671 11.500000000000002 98.61084365844728 17.500000000000004 1.0000000180025095e-35 0.97280043363571178 2.5000000000000004 78.592071533203139 0.98768940567970287 3.5000000000000004 4.5000000000000009 0.62440553307533275 0.19090909510850909 59.299959182739265 28.992753982543949 0.64163577556610119 2.5000000000000004 75.500000000000014 47.76948547363282 1.5000000000000002 2.5000000000000004 1.5000000000000002 3.5000000000000004 1.0000000180025095e-35 87.10666656494142 1.5000000000000002 63.84260559082032 1.0000001788139345 1.0000137090682986 11.500000000000002 1.0000000180025095e-35 50.123151779174812 2.5000000000000004 96.824596405029311 83.239700317382827 3.5000000000000004 94.804317474365249 3.5000000000000004 4.5000000000000009 20.500000000000004 15.500000000000002 0.78970804810523998 14.500000000000002 4.5000000000000009 1.5000000000000002 99.523811340332045 1.0000000180025095e-35 68.703357696533217 80.982517242431655
decision_type=8 2 10 10 2 2 10 2 2 2 8 2 2 8 2 2 2 2 2 2 8 2 2 2 2 10 2 10 2 2 2 10 2 2 2 2 2 10 2 8 2 2 2 2 10 2 2 2 2 2 10 2 2 2 2 2 2 2 2 2 2 2
left_child=25 3 9 4 5 10 13 42 -8 39 37 32 -13 -6 15 16 35 19 20 28 -19 22 31 24 -24 -1 -27 -28 29 -17 57 -21 -7 44 -11 -15 -37 -2 55 40 -3 -14 43 -5 -16 46 47 -46 49 -47 -38 -52 -44 54 -49 -12 -57 58 59 -18 -60 -59
right_child=1 2 -4 7 6 11 8 -9 -10 34 38 12 41 14 33 17 30 18 -20 21 -22 -23 23 -25 -26 26 27 -29 -30 -31 -32 -33 -34 -35 -36 36 50 -39 -40 -41 -42 -43 52 -45 45 48 -48 53 -50 -51 51 -53 -54 -55 -56 56 -58 61 60 -61 -62 -63
leaf_value=-0.095010160234421603 0.051059629364194753 0.57557816460886646 0.090574992912099403 -0.0038349255047632558 0.048406254693285286 0.05693443197815426 0.01830578585308763 0.061371778244330738 0.072926986370681721 0.0075139779520521314 -0.021968583603560781 0.061604829468626901 -0.092388101591347027 0.029010232466167192 -0.050180241395282058 0.0029604150325106735 -0.024879589410650986 0.17731407934550295 0.0030695976783591855 0.053477619416417745 0.040341370976376828 0.019385454864653335 0.20775114594138433 -0.07311195238799148 -0.0052339773152173148 -0.094762795246544851 0.1290203021363138 -0.029929411013105318 -0.032753176670694294 0.11352373225189422 -0.072090792217048769 -0.078142346896063808 -0.045818489499053594 -0.02990158055872498 -0.089407949098733008 0.027068849547490944 -0.041181583385877199 0.0054505021322482396 -0.061563669619771444 0.058930640232164169 0.10959838517636765 0.06058072652982726 0.030402580211094779 0.099590360726521013 0.0064695443612378103 0.044332078234605471 -0.027122252998045084 0.10772031545058812 0.0064015546574171705 0.11486734547127427 0.18471891686164976 -0.012101805680346689 0.0048997440638335081 0.097903205131619361 -0.024635824193528975 0.011995504103681671 -0.064895127839382852 -0.053471080341782121 -0.064008463320597717 0.13269417496392599 0.013206352396318739 -0.018776424252071273
leaf_weight=9822.990504791087 2672.9233748732368 37.193521684384905 5697.6310203014873 13446.303860194981 2308.8738522240892 499.53415969631169 14923.259109877981 4410.8479279093444 3241.5540882283822 12667.779945036396 10691.04656319099 344.46050108864438 6139.1537361739902 4980.069668764947 746.12978099228349 7681.2125121889403 426.61198108713143 380.18807163310703 45521.619281165069 300.26025274954736 3401.8474972569384 1589.3301473327447 359.5942667205818 820.66086445515975 399.70995126769412 1446.9602842850145 286.04783854424022 1170.8998338577803 3173.3488878097851 905.17099695210345 1924.6531297200127 4612.5429020478623 5319.1160370014841 2194.8021049791714 517.00160603970289 3167.6528007708257 4195.5205076124985 12795.412893604138 1959.0775352901546 1748.0266539114527 89.306662336923182 175.43633862899151 13634.437434917665 361.76547303749248 5780.7071445352631 2559.2242015528027 2506.3379422622966 747.04709754674695 1598.1014488821384 1025.6240077505354 259.04543071053922 3760.2462586055044 8677.602866508998 1061.4102229011478 1134.0232247884851 7001.0978231485933 707.87276178714819 3526.8963845201069 1373.4920843198197 571.59653856023215 3040.3389844661579 20556.231000431697
leaf_count=8695793 114779 597 787086 389100 83712 27627 557784 376949 370430 164998 706375 13461 3347547 63286 13772 66769 13199 6066 421135 1782 25336 31647 3599 17095 3421 930474 25527 149610 124218 11857 78284 120212 407580 49897 25606 80531 140578 155051 250820 93968 990 3753 287449 28015 164063 52828 39692 8345 27762 11713 3470 66720 206060 12040 8488 344481 30099 244560 75611 13288 63346 389136
internal_value=-0.000732239 0.00324459 0.0336867 0.00067168 -0.00266871 -0.0178412 0.00200679 0.0175719 0.0280531 0.0121632 -0.00310408 -0.0601561 -0.0803923 -0.00140706 -0.00225099 -0.00488393 -0.0133115 0.00093987 0.0069849 -0.014081 0.0541105 -0.0372371 -0.0510974 0.00798368 0.0956324 -0.0839592 -0.0465774 0.00127776 0.00183344 0.0146159 -0.0221465 -0.070098 -0.0369971 0.0136564 0.00371348 0.00365373 -0.00744027 0.0133317 -0.0155916 0.0715957 0.246606 -0.0881382 0.0122232 -0.00112523 0.0192281 0.0223834 0.0112089 0.0222222 0.0465945 0.0645122 -0.0207471 0.000583392 0.020484 0.0531694 0.027928 -0.0106969 0.00493506 -0.0188875 0.00322804 0.0653507 -0.0108213 -0.0238573
internal_weight=279075 266348 20756.9 245591 205060 48305.1 156755 40531 18164.8 15059.3 35827.4 12477.7 6659.05 138590 136281 116928 47782.4 69145.5 49303.7 19841.8 3782.04 8082.1 6492.77 1579.97 759.304 12726.9 2903.91 1456.95 11759.7 8586.38 31419.8 4912.8 5818.65 19353.4 13184.8 16362.5 11382.5 15468.3 20359.1 1874.53 126.5 6314.59 36120.1 13808.1 17158.6 16412.5 11229.5 8723.19 5182.95 3584.85 8214.81 4019.29 22312 2942.48 1881.07 18400 7708.97 29495.2 5412.04 998.209 4413.83 24083.1
internal_count=21029467 11228063 1073245 10154818 8867245 5401573 3465672 1287573 928214 286159 1601605 3799968 3364761 2537458 2453746 2065146 1232009 833137 452537 380600 31402 177756 146109 24115 7020 9801404 1105611 175137 202844 78626 877424 121994 435207 388600 190604 354585 291299 269830 1331775 95555 1587 3351300 910624 417115 338703 324931 232628 192936 92303 64541 210768 70190 493509 28873 16833 1080955 374580 799140 165444 26487 138957 633696
is_linear=0
shrinkage=0.1


Tree=53
num_leaves=63
num_cat=0
split_feature=7 0 9 11 7 0 1 12 7 13 4 27 1 3 8 1 0 8 1 31 1 25 0 34 28 7 35 9 0 6 9 7 25 8 8 20 34 35 31 11 13 30 7 27 34 7 26 11 9 8 34 20 25 4 7 9 1 27 24 25 25 28
split_gain=8233.17 1799.21 2419.72 1092.37 998.405 1178.81 2034.86 1122.83 949.102 945.267 865.388 613.219 601.597 583.527 577.481 508.578 985.161 515.985 494.55 455.731 565.185 540.575 605.758 562.54 498.917 457.656 446.676 413.854 477.409 407.87 402.117 453.573 396.067 390.966 389.576 519.91 386.739 418.642 383.446 373.742 348.645 370.187 348.511 340.61 339.87 333.675 384.405 607.065 558.677 478.656 336.423 344.653 465.466 1210.81 430.022 573.073 364.136 381.607 704.743 381.779 354.634 332.174
threshold=46.983909606933601 99.494949340820327 0.29285715520381933 2.5000000000000004 98.742088317871108 49.332859039306648 26.158231735229496 1.0000000180025095e-35 76.961540222167983 1.0000000180025095e-35 0.99782609939575206 1.5000000000000002 49.089704513549812 45.222154617309577 91.813587188720717 71.535182952880874 75.582656860351577 41.686414718627937 5.0641026496887216 0.51859316229820263 99.494949340820327 2.5000000000000004 90.366767883300795 1.7768551111221316 1.5000000000000002 96.30991363525392 2.5000000000000004 0.19090909510850909 54.653680801391609 1.0000000180025095e-35 0.087121214717626586 56.152366638183601 1.5000000000000002 30.238229751586918 97.375312805175795 0.80375766754150402 0.32831221818923956 2.5000000000000004 0.37490260601043707 1.5000000000000002 1.0000000180025095e-35 11.500000000000002 72.360687255859389 227.50000000000003 0.99603545665740978 62.534915924072273 2.5000000000000004 1.0000000180025095e-35 0.73214286565780651 49.659801483154304 0.49958314001560217 0.97752270102500927 1.5000000000000002 1.0000000180025095e-35 98.19000625610353 1.0000000180025095e-35 11.189358234405519 31.500000000000004 2.5000000000000004 2.5000000000000004 4.5000000000000009 170.50000000000003
decision_type=8 2 10 2 10 2 2 2 10 2 2 2 2 2 10 2 2 8 2 2 2 2 2 2 2 10 2 10 2 2 10 10 2 10 10 2 2 2 2 2 2 2 8 2 2 10 2 2 10 10 2 2 2 2 10 8 2 2 2 2 2 2
left_child=27 3 11 4 5 6 18 12 -8 29 40 -3 -7 32 15 16 -14 30 -2 20 21 22 38 -24 -22 36 -26 -1 -29 61 -17 44 -10 -30 -16 -36 -21 -38 42 -13 41 -6 -19 -31 -32 -20 50 49 -49 -48 -47 52 54 56 -52 -56 57 58 -54 -59 -60 -9
right_child=1 2 -4 -5 10 7 8 9 13 -11 -12 39 14 -15 34 17 -18 19 45 25 24 -23 23 -25 26 -27 -28 28 33 43 31 -33 -34 -35 35 -37 37 -39 -40 -41 -42 -43 -44 -45 -46 46 47 48 -50 -51 51 -53 53 -55 55 -57 -58 59 60 -61 -62 -63
leaf_value=-0.094391009844050508 -0.075515359780733843 0.06603232603145627 0.089636928749353695 -0.070766798049927152 -0.0035935326469119788 0.083646513642504208 -0.082406383600835534 0.0031179098211181529 -0.030614361336309837 0.091303798942520997 0.058457283189468981 0.0070017556260373653 -0.036662084259447357 -0.0054990289376228539 -0.022858120754418704 0.0039020390618523661 0.11349612871788906 -0.076646953064047119 -0.064290125076667579 -0.031423053429700643 -0.034080188511991731 -0.036125277827999944 0.012189695791306243 0.11520502755528375 0.017033449602968376 -0.025316950114469092 -0.0023055279517384879 -0.096632234239928505 0.07763361748481569 0.064164638459390397 0.53841577118337258 0.0497707964348049 -0.083185487663489432 -0.04121475347132289 0.044402666817293129 -0.036962518591381457 -0.015842931228762683 0.023379556354685804 0.060282108982096176 -0.07985176674574096 0.10148744578414609 0.017451114351450706 -0.013017595022960153 -0.044076819240228493 0.15304803502505704 -0.042826079800915781 0.10799732527889837 -0.064455014488055518 0.026010183403473726 -0.0016163474879162792 0.046465199842755614 -0.0053976004805995782 -0.090494165751992428 -0.08805535324028621 0.81370129189868268 0.13723741366985248 0.062092443345942085 0.10871197310708924 -0.026567613591938773 0.017406962299855045 0.079412652489101343 0.087345205763904282
leaf_weight=8747.1824503652169 870.35969956871122 1786.6919974127086 5297.7973269959912 2128.6157458170201 13446.865702556563 855.24964786216151 4601.6006471000728 8126.1868154534604 3861.6864226944745 2132.6715764245018 4213.1989447739907 12726.918373126653 5837.1667597568594 5605.0854404331185 16149.993831223575 2038.13096887758 472.2785056096036 947.70857807371067 768.84802284336183 1612.6135029337602 3269.3035947819008 8013.7503962886985 2157.3266568948748 702.77338317455724 21485.031109792704 2929.4317057564622 26892.773238423339 1174.3942167266505 371.24979388259817 2514.1468614432961 25.580576646607369 2245.1353998275008 2278.7512574368156 1087.8690385310911 2135.8460110173328 1241.9966915124096 3065.5763876178535 24229.577915488859 650.86939022073057 515.51593402924482 416.75074367644265 22090.002661476494 9386.4139974684222 328.72879640362225 217.22683201543987 1228.9506851494079 457.80715737689752 3084.1278652132023 876.70171643304639 3068.7934100453276 3500.2080847700126 8510.9811235441593 922.45268276822753 1135.572148686857 16.450022197328508 52.464127301238477 1759.9996104857419 492.37028170656413 655.89225067035295 6551.9480416418519 608.82120258570649 496.86041990062222
leaf_count=8535208 41210 95347 788873 398877 389046 75591 2221166 218222 156990 359139 376773 172422 559140 412231 186317 140217 14181 79030 325923 40959 39904 163450 34274 9070 198927 38155 349336 846816 38715 274440 1749 26863 1100654 157306 16147 12276 47414 371574 9195 29137 33490 487489 143543 22760 7197 70623 8086 102917 6310 39253 122170 124209 65726 288593 286 343 28601 4384 17370 78350 8056 17395
internal_value=-0.000650845 0.00294329 0.0315249 0.000556039 0.00118537 -0.00168998 -0.0148399 0.00276834 -0.0439102 0.0301712 0.015579 0.0110403 3.96014e-05 -0.0288284 -0.000487306 0.00218713 -0.0254223 0.00377266 -0.00109056 0.00235217 -0.00197653 -0.0154551 -0.00349088 0.0375022 0.00372806 0.0123463 0.00628309 -0.0839276 -0.0491735 0.0188005 0.0368342 0.0638123 -0.0501238 -0.0109757 -0.0163986 0.0144856 0.016163 0.0189744 -0.014164 0.00362063 0.0105544 0.00948799 -0.0188528 0.0516484 0.193648 0.000832025 0.00235279 -0.0175631 -0.0444312 0.0126132 0.00821528 0.0108066 0.019593 0.0102508 0.0513357 0.298711 0.0204071 0.0124598 -0.0240283 0.0237888 0.0244503 0.00797109
internal_weight=275073 263693 20326.9 243366 241237 201070 50909.9 150160 16347.1 13598.6 40166.8 15029.1 136562 11745.5 135707 116179 6309.45 109869 34562.7 105343 73506 21858.8 13845.1 2860.1 51647.1 31837.2 48377.8 11380.7 2633.51 11465.9 4526.07 2487.94 6140.44 1459.12 19527.8 3377.84 28907.8 27295.2 10985 13242.4 35953.6 35536.9 10334.1 2842.88 242.807 33692.4 32923.5 7487.43 3960.83 3526.6 25436.1 24207.2 15696.2 12127.1 3569.12 68.9141 10991.5 9231.48 2187.17 7044.32 1264.71 8623.05
internal_count=21029415 11451370 1085779 10365591 9966714 8679916 5223451 3456465 3891041 891956 1286798 296906 2564509 1669875 2488918 2274178 573321 1700857 1332410 1524831 1026729 438562 275112 43344 588167 498102 548263 9578045 1042837 532817 176026 35809 1257644 196021 214740 28423 459947 418988 231768 201559 910025 876535 222573 297200 8946 1291200 965277 156566 109227 47339 808711 738088 613879 491080 122799 629 202487 173886 91152 82734 25426 235617
is_linear=0
shrinkage=0.1


Tree=54
num_leaves=63
num_cat=0
split_feature=11 34 20 13 27 8 29 30 34 3 0 4 22 25 1 29 20 11 33 9 0 3 0 30 8 24 13 25 34 0 24 25 26 35 28 30 35 25 24 25 1 2 28 27 27 24 4 29 30 20 29 25 27 33 24 29 8 13 8 26 11 18
split_gain=2171.1 5863.15 3676.52 1081.74 1674.68 938.759 855.176 877.619 849.551 1021.07 1015.86 846.881 874.227 1058.1 1313.55 841.904 782.903 1780.09 838.256 812.855 568.809 696.02 545.884 628.964 533.721 621.289 527.997 507.406 487.842 875.672 535.873 468.773 461.811 461.912 844.828 453.48 687.789 470.377 590.047 972.819 578.243 462.836 457.804 569.535 447.822 692.276 445.87 437.517 698.997 589.512 470.096 435.151 432.987 424.003 400.735 372.296 368.96 362.569 358.025 343.651 342.035 338.669
threshold=1.0000000180025095e-35 1.4763050675392153 0.15351448953151706 1.0000000180025095e-35 1.5000000000000002 71.195312500000014 21.500000000000004 13.500000000000002 0.80666908621788036 60.158729553222663 25.13157939910889 0.80508935451507579 1.0000000180025095e-35 1.5000000000000002 94.932373046875014 19.500000000000004 0.9610288441181184 1.5000000000000002 0.14002192020416263 0.29285715520381933 10.212951183319094 12.632978916168215 82.287582397460952 15.500000000000002 92.335666656494155 2.5000000000000004 1.0000000180025095e-35 1.5000000000000002 0.85480138659477245 68.457099914550795 2.5000000000000004 2.5000000000000004 1.0000000180025095e-35 2.5000000000000004 2.5000000000000004 2.5000000000000004 4.5000000000000009 1.5000000000000002 2.5000000000000004 3.5000000000000004 95.101959228515639 95.040985107421889 4.5000000000000009 1.5000000000000002 31.500000000000004 2.5000000000000004 1.0000000180025095e-35 17.500000000000004 12.500000000000002 0.85503196716308605 21.500000000000004 4.5000000000000009 2.5000000000000004 0.025158613920211795 2.5000000000000004 16.500000000000004 1.0000000180025095e-35 1.0000000180025095e-35 98.051864624023452 2.5000000000000004 1.5000000000000002 2.5000000000000004
decision_type=2 2 2 2 2 10 2 2 2 2 2 2 2 2 2 2 2 2 2 10 2 2 2 2 8 2 2 2 2 2 2 2 2 2 2 2 2 2 2 2 2 2 2 2 2 2 2 2 2 2 2 2 2 2 2 2 10 2 10 2 2 8
left_child=1 6 3 -2 5 -5 7 11 9 10 60 12 13 15 28 46 18 -18 47 -19 21 44 23 -8 25 26 27 -13 -15 -30 31 -31 -20 34 -34 36 42 -37 57 40 41 -40 -35 -44 45 -14 -1 49 -49 -10 -50 -47 -26 -51 -22 -48 -16 -39 -12 -21 -4 -46
right_child=2 -3 8 4 -6 -7 22 -9 16 -11 58 24 20 14 56 -17 17 19 32 59 54 -23 -24 -25 52 -27 -28 -29 29 30 -32 -33 33 35 -36 37 -38 38 39 -41 -42 -43 43 -45 61 51 55 48 50 53 -52 -53 -54 -55 -56 -57 -58 -59 -60 -61 -62 -63
leaf_value=-0.082237160843231044 -0.085674882327596111 0.084991109760305328 -0.008209076043749557 0.1186668113035237 -0.058493026963137885 -0.043350225586776536 -0.047820109603755261 0.038732297736939862 0.080582689269024094 0.0032586894785145287 -0.081523409005528735 0.05247766403232184 -0.096399630150751425 -0.083266412190733205 -0.076842857089513633 -0.037670357361218432 -0.032222237011740672 -0.021499098413180217 0.055654081595468169 0.10169515563517227 0.022235204284813979 -0.11912202424317296 0.0038708216878159301 -0.0055802134011776515 0.017341381365347061 0.059520601053233008 0.073736657795952801 -0.012407328681465093 -0.01237778188864767 -0.097499019795819639 -0.17365918675740813 0.103839626237566 -0.022818472498945839 -0.03238038766675555 0.018363725786406063 0.046430922963267784 -0.055480011956711588 -0.032732544645835422 0.03066010671451291 -0.025036030246758358 0.091742683339045797 -0.098884685367168088 0.054926381308956621 -0.0089615219174996371 0.047697388612587904 -0.026882452538745983 0.053617193751699349 -0.0005842529288847707 0.060465570700036067 0.073515356031393309 0.0058689474493968446 0.089040403222695935 -0.0086102909319095179 0.0079784229924067286 0.08336092010623436 0.0078528245163112624 0.10372218043722015 0.073800779800725483 0.49184791457062521 -0.01029720846959915 -0.06428537284408152 -0.0021048196951699355
leaf_weight=473.89986558124656 7059.2092655170709 9445.5582876731642 5720.3979260800406 1007.1779276777525 4667.2609669697122 554.53288202080876 6948.9441704201745 8189.5432911874959 2150.0328757906682 8579.2850108753773 4385.5124315028661 1579.6425065228832 950.7680307358969 3561.2579310138826 134.34051151853055 4591.6058029948035 16340.429690810153 1083.1554156890488 1287.2109143979033 1817.6690440576058 3371.9807196733309 471.74741842085496 10323.336983250803 7154.7403743377654 15541.548523903359 4883.9888206753531 1252.5619068488595 5084.7319956122665 3940.1579135342035 400.31308385310695 628.74436553218402 162.61521335667931 7089.5769482985488 6730.3531886332203 16751.664938580361 1985.2688101176172 4589.3235341682448 6390.9498788146302 2675.3459945642389 3805.8382398875547 1605.1987292893464 307.49439272866584 1650.9165956843644 9013.7526494548656 2612.9038195817266 921.76140587800182 2207.6431604487589 18860.663822763483 3749.8668593768962 1213.2506281557726 2721.789667082252 499.18432916922029 10964.74478407437 5297.9328068077448 1572.7863814926823 9125.3211346949101 717.93368652119534 336.27188602206297 10.917435207637025 322.62641342903953 1343.0907914450509 2860.0860174651025
leaf_count=13746 5650456 1586498 452904 53213 2713021 3658 334642 463418 26586 203970 2370318 149721 32943 1941367 1686 115260 293566 81544 14991 36497 49372 7406 245108 503869 312110 323779 89245 253758 301648 3987 3496 2018 81363 72979 184058 40915 97719 214294 62179 81967 11823 2460 17488 121604 41603 10481 64776 304236 71111 17161 59596 5430 161257 91469 17175 255650 64244 2129 1481 5792 203466 26749
internal_value=-0.000653873 0.00935356 -0.00863937 -0.0588733 -0.0284995 0.0611377 0.00292464 0.00758088 -0.00379582 -0.02283 -0.0423609 0.00433151 -0.00606788 -0.0167441 -0.0432139 -0.00133625 -0.000557229 -0.0188248 0.00308165 0.04909 0.0148187 -0.00115098 -0.0136023 -0.026392 0.0147039 0.0314716 0.0141681 0.00297222 -0.0548292 -0.0350951 -0.110208 -0.0393376 -0.00363991 -0.00485271 0.00611754 -0.0115434 -0.0210443 0.000666711 -0.00534173 0.0123426 0.0433486 0.0173056 -0.0119591 0.00092848 0.0059433 -0.0303516 0.0127938 0.0157798 0.00914612 0.0351818 0.0375038 0.0138417 0.00660606 0.0201901 0.0416775 0.0167676 0.0752604 -0.0274073 -0.0800996 0.0848135 -0.0188717 0.0216717
internal_weight=271678 120574 151104 13288.2 6228.97 1561.71 111129 86701.8 137816 20039.2 11459.9 78512.3 39205.1 25943.8 9545.36 16398.5 117777 19563.9 98212.7 3223.45 13261.2 8316.45 24427 14103.7 39307.2 12800.9 7916.94 6664.37 8693.09 5131.83 1191.67 562.928 64219.2 62932 23841.2 39090.7 21984.3 17106.4 15121.1 8393.88 4588.04 2982.84 17395 10664.7 7844.7 2371.71 11806.9 33993.5 25332.3 8661.22 6471.66 1420.95 26506.3 6511.18 4944.77 11333 852.274 6727.22 4396.43 2140.3 7063.49 5472.99
internal_count=21028456 7382442 13646014 8420348 2769892 56871 5795944 4712325 5225666 3232139 3028169 4248907 2959037 2767878 2318446 449432 1993527 417399 1576128 123833 191159 124612 1083619 838511 1289870 816503 492724 403479 2252516 311149 9501 6005 1005969 990978 265421 725557 309790 415767 374852 158429 76462 64639 212071 139092 117206 48854 334172 570159 434943 135216 130707 15911 473367 108630 66547 320426 65930 216423 2371799 42289 656370 68352
is_linear=0
shrinkage=0.1


Tree=55
num_leaves=63
num_cat=0
split_feature=7 34 9 11 8 7 21 3 33 25 2 1 1 22 1 12 1 3 2 18 3 0 3 1 3 27 24 25 28 8 11 34 0 1 25 1 1 2 3 3 29 25 24 0 1 19 7 3 0 2 9 1 3 28 24 25 1 19 19 24 3 3
split_gain=6694.91 1363.4 2231.53 974.764 954.738 681.153 1411.76 1636 701.872 682.619 1350.15 765.222 722.301 1489.31 1896.94 1033.3 1017.2 984.674 1268.91 963.499 906.414 840.83 802.768 844.279 1311.67 800.49 1342.33 768.286 641.07 640.014 616.797 615.984 614.404 594.745 675.619 755.582 584.759 551.689 531.299 495.275 492.935 464.191 1241.79 463.769 535.274 452.621 451.156 449.632 447.867 466.653 436.071 447.547 427.868 419.305 417.278 541.123 415.062 405.11 451.003 394.171 391.599 377.105
threshold=46.983909606933601 1.897347688674927 0.92582416534423839 2.5000000000000004 33.775009155273445 69.255905151367202 1.0000000180025095e-35 60.990337371826179 0.46731784939765936 1.5000000000000002 20.169491767883304 21.483516693115238 89.512962341308608 1.0000000180025095e-35 70.064933776855483 1.0000000180025095e-35 98.61084365844728 84.29276275634767 72.377109527587905 3.5000000000000004 44.610280990600593 62.563131332397468 22.539682388305668 10.596491336822512 12.632978916168215 31.500000000000004 2.5000000000000004 4.5000000000000009 20.500000000000004 80.086208343505874 1.0000000180025095e-35 0.38280360400676733 92.768566131591811 5.0641026496887216 2.5000000000000004 7.4537036418914804 8.8562092781066912 3.9607843160629277 8.081632614135744 11.882352828979494 18.500000000000004 2.5000000000000004 2.5000000000000004 49.332859039306648 30.877573013305668 1.0000000180025095e-35 59.032005310058601 7.5498573780059823 87.20676422119142 90.070423126220717 0.15476191043853763 86.240703582763686 71.039428710937514 18.500000000000004 1.5000000000000002 3.5000000000000004 81.892700195312514 0.1933449059724808 0.17088134586811068 1.5000000000000002 99.523811340332045 48.714567184448249
decision_type=8 2 8 2 8 8 2 2 2 2 2 2 2 2 2 2 2 2 2 8 2 2 2 2 2 2 2 2 2 8 2 2 2 2 2 2 2 2 2 2 2 2 2 2 2 2 10 2 2 2 8 2 2 2 2 2 2 2 2 2 2 2
left_child=50 3 32 4 46 6 -6 -8 -9 10 11 61 13 14 19 29 53 18 21 -11 22 -16 23 24 25 26 -15 33 -10 30 -14 -12 -3 47 -35 38 -28 -37 -36 -25 -33 42 56 44 -42 -24 52 -27 -43 -50 -1 -52 -2 57 55 -23 -19 58 60 -13 -17 -7
right_child=1 2 -4 -5 5 9 7 8 28 12 31 59 15 20 17 16 -18 41 -20 -21 -22 54 45 39 -26 27 36 -29 -30 -31 -32 40 -34 34 35 37 -38 -39 -40 -41 43 48 -44 -45 -46 -47 -48 -49 49 -51 51 -53 -54 -55 -56 -57 -58 -59 -60 -61 -62 -63
leaf_value=-0.093731773594295451 -0.048681310413408029 -0.00027017420516638944 0.094204480125730516 -0.067666759622299719 -0.069158047627841779 0.011261286051583106 -0.075786580225983058 0.082424795310626783 0.038675057490361153 -0.028187932881496992 -0.050468492575287766 0.031201524429731738 0.057550279314890741 -0.092593885692748901 0.046097474919429927 0.0014210052209444408 0.08687911863169144 -0.06261132808619406 0.053339403542261146 -0.087376088478051242 0.0944317800892302 0.15913892908869023 -0.14325920907257039 0.003853625080182175 -0.084819491570499797 0.053069777172348911 -0.04437379298655815 -0.042794354185251494 -0.038951747121354477 -0.0037625293880242938 0.0090887660325919845 0.040961716334995818 0.075115249242327653 0.094304082294663624 0.0163278826742125 0.054275782205349524 0.049469789634624381 0.010528345046802978 -0.11476550033904789 0.053597237121814467 0.019077212782923528 -0.046564130211899778 0.054441022826486787 0.029743222896851926 -0.027356335154352297 0.11292490325710858 0.039186734402445328 -0.12368100951960791 0.07068228197294564 -0.061711385266928376 -0.085710051684960542 -0.001098837952792782 0.18012119177384731 0.079600114624556392 -0.052902465734607856 1.7939022651540943 -0.012760087637126664 0.033245190042681227 -0.10925445800942622 -0.070894937414257661 -0.45487899630270845 -0.057094625648033304
leaf_weight=7357.7992437718203 99.393793706898578 9788.173529047519 4137.4433889356442 2069.6264209692599 4228.0990890722023 5275.9568562910426 2025.2622375789215 1704.0379503049189 2592.9900199053227 5703.6281371964142 1127.9482050917577 432.74957515834831 2898.6373813925311 2120.5753264090745 1355.395095055108 1549.241365134716 2879.0853917968925 2185.6864040389191 4964.3683903617784 5311.5663933352334 1142.8198632230051 55.452966264099814 529.61947417224292 3352.3417651494965 1826.2198858998017 205.56051133247092 1087.3087032844778 2182.4530424629338 1803.9985648146248 67037.868554310407 27955.696114986436 11933.507187278476 1215.3755851187743 1272.2173903910443 560.29607602278702 4373.318654541159 1705.5462632398121 8456.925536215771 689.72944097686559 4967.518854463473 6146.6088586738333 7667.0360384020023 2537.1135458727367 11153.297148218378 4164.8161655603908 79.290152901317924 2267.9730018890696 479.99657480185851 706.30249489005655 427.29464245960116 1313.3553073962685 1193.0162959087756 459.93584739277139 752.31471674982458 3119.1551458220929 2.1015568234724915 7081.2094531725161 1779.0158208748326 551.49834872223437 2997.1215769583359 19.039033579174429 952.82225259649567
leaf_count=8474023 69421 88811 1019103 407978 1114783 66741 1254821 47374 223078 734404 45162 12804 146185 112392 41692 39630 471142 39005 77632 2009290 14003 3143 12972 45206 30609 1964 22507 35878 200725 803047 307923 305970 74032 12778 6044 46797 19562 91053 9632 59668 105439 139999 43627 249168 118211 834 91286 7767 13244 5646 960923 142850 34985 45940 84870 87 119428 122496 7790 121353 1325 13329
internal_value=-0.000606736 0.00248279 0.0315973 0.000668754 0.00125575 0.000569806 -0.0222937 0.00208981 0.0279412 0.001821 0.012968 -0.020082 -0.000891587 -0.00831278 -0.0212216 0.00446884 0.0401647 -0.00822816 0.0184132 -0.0567287 0.00683815 -0.0198442 0.00388427 0.00596613 -0.00322959 0.00321121 -0.0326101 0.012871 0.0068263 0.001723 0.0136415 0.0222136 0.00805638 0.0204459 0.0245152 0.0182095 0.0129348 0.0254401 -0.0560058 0.0335539 0.0246683 -0.0205069 -0.0075468 0.0156098 0.00032256 -0.1099 0.0590245 -0.0706833 -0.0378899 0.0207782 -0.0814603 -0.0454357 0.139463 0.0112479 -0.0479793 0.218831 -0.024518 -0.00194135 -0.0314715 -0.0580133 -0.00411851 0.000804817
internal_weight=268012 258148 15141 243007 240937 238110 12354.4 8126.29 6101.03 225755 44184.8 9658.65 181570 76148 41116.3 105422 7530.19 30101.1 9496.47 11015.2 35031.7 4532.1 33888.9 33280 24960.1 23133.9 4913.43 18220.5 4396.99 97892.2 30854.3 34526.2 11003.5 16038 15352.5 14080.3 2792.85 12830.2 1250.03 8319.86 33398.2 20604.6 11804 21464.7 10311.4 608.91 2827.3 685.557 8800.63 1133.6 9864.17 2506.37 559.33 4651.11 3176.71 57.5545 9266.9 3898.79 2119.78 3429.87 1568.28 6228.78
internal_count=21029581 11451785 1181946 10269839 9861861 9666169 2840781 1725998 471177 6825388 1038177 214227 5787211 3841733 3312067 1945478 688323 568373 207424 2743694 529666 129792 515663 501857 396983 366374 154461 211913 423803 1257155 454108 823950 162843 176035 166304 153526 42069 137850 15676 104874 778788 360949 202060 472818 223650 13806 195692 9731 158889 18890 9577796 1103773 104406 217181 88100 3230 158433 171241 48745 134157 40955 80070
is_linear=0
shrinkage=0.1


Tree=56
num_leaves=63
num_cat=0
split_feature=7 1 9 7 1 9 22 25 2 22 1 2 2 18 25 2 1 1 27 19 4 2 19 4 2 1 8 25 2 1 28 32 18 20 29 1 9 16 4 28 30 25 2 25 28 18 32 11 2 1 7 18 32 18 32 7 11 9 32 18 20 1
split_gain=5955.45 1157.79 3128.98 1251.96 1248.78 980.814 835.591 818.097 1056.08 1004.35 1667.3 887.66 926.549 810.477 806.602 906.252 785.891 766.601 794.092 716.855 602.308 615.243 600.827 701.065 1008.23 611.953 566.21 555.375 909.794 862.852 478.226 469.709 1025.79 871.111 462.089 459.644 443.7 537.192 441.01 413.195 408.424 402.859 410.486 1518.45 398.254 393.624 2892.21 393.383 391.228 449.435 371.187 367.987 2466.5 417.736 1603.71 367.732 365.481 696.445 407.652 881.196 797.578 345.315
threshold=46.983909606933601 91.024166107177749 0.89898991584777843 74.099975585937514 98.61084365844728 0.19090909510850909 1.0000000180025095e-35 1.5000000000000002 21.132376670837406 1.0000000180025095e-35 76.63120269775392 90.990257263183608 75.905715942382827 3.5000000000000004 2.5000000000000004 83.75235748291017 21.483516693115238 8.4806714057922381 31.500000000000004 0.76023730635643016 0.66026812791824352 99.494949340820327 1.0000000180025095e-35 1.0000000180025095e-35 32.495286941528327 12.276295185089113 40.922382354736335 2.5000000000000004 5.1615052223205575 7.4537036418914804 1.5000000000000002 3.5000000000000004 2.5000000000000004 0.97752270102500927 17.500000000000004 84.028984069824233 0.29285715520381933 8.5000000000000018 1.0000000180025095e-35 133.50000000000003 12.500000000000002 4.5000000000000009 3.7386442422866826 3.5000000000000004 106.50000000000001 3.5000000000000004 4.5000000000000009 1.0000000180025095e-35 87.007671356201186 87.026645660400405 62.534915924072273 4.5000000000000009 5.5000000000000009 5.5000000000000009 6.5000000000000009 55.705244064331062 1.0000000180025095e-35 0.58571431040763866 2.5000000000000004 1.5000000000000002 0.97752270102500927 5.0641026496887216
decision_type=8 2 10 8 2 10 2 2 2 2 2 2 2 8 2 2 2 2 2 2 2 2 2 2 2 2 8 2 2 2 2 2 10 2 2 2 10 8 2 2 2 2 2 2 2 8 2 2 2 2 10 8 2 8 2 10 2 10 2 10 2 2
left_child=36 3 26 5 -4 -2 20 8 16 10 13 12 -12 -9 48 -16 38 18 -11 -13 -7 55 23 25 -25 -19 44 61 29 -29 -28 32 56 -34 -10 -17 -1 -38 -5 41 -36 42 -31 -44 50 47 -47 -33 -14 -50 -3 -48 -53 -54 -55 -22 57 -32 59 -58 -61 -20
right_child=1 2 4 7 -6 6 -8 9 34 17 11 19 14 -15 15 35 -18 22 27 -21 21 -23 -24 24 -26 -27 30 28 -30 39 31 45 33 -35 40 -37 37 -39 -40 -41 -42 -43 43 -45 -46 46 51 -49 49 -51 -52 52 53 54 -56 -57 58 -59 -60 60 -62 -63
leaf_value=-0.091538734747354994 -0.067363458117884967 0.11234020770528752 0.017712846466201474 -0.067243861131927221 0.087201995239709215 -0.061737575784201859 0.11178686212304907 -0.024716495117497229 0.043389430348753172 -0.08241423087082056 -0.017159572070760746 -0.074300539875584978 0.062921854863658352 -0.073494251888060053 -0.033729631318285803 -0.067088182111682035 -0.053938436521226867 0.0091447664148691377 -0.040179259946346225 -0.013835072734772866 0.24216882902540335 -0.052392041893661395 0.097579532342665282 -0.13551979557242591 0.075196794113285725 0.058882899262087833 -0.02082168196652177 -0.064335942197581805 -0.14666656108509016 0.098375428538489781 0.074498908633586991 0.081339167657547035 0.10836478276462694 0.0042258957527442189 0.002344738851226086 0.057093720065188924 0.03920429823287655 -0.073938770489019437 0.013058968570308735 -0.12848953230920485 0.030652714776239449 -0.026903569957706652 0.099368158639438237 -0.168190914015175 -0.055801418466000688 0.15520360955638793 -0.028832505169711142 -0.031821892110481545 -0.093258460799169191 0.039176828524574513 0.034570011830058069 0.17901377352978093 -0.037265288095943025 0.1787756469137094 0.00023949875522791421 0.04300916980847444 0.0034032416674440362 -0.14502014983028075 -0.017890703136401571 0.12556560067332675 0.003406969542579795 0.071490640925314458
leaf_weight=7176.3877625663881 5388.4701559077366 830.3728697016486 4221.4233739643823 774.46081755403429 6675.979365424253 1860.5816246577306 545.68970841681585 7859.2219711547368 6705.5494196803775 1661.7285021666903 8958.7877402703743 2501.6017620172352 4999.798817446921 6012.3264212501235 3550.3554032118991 338.71260501630604 3686.5363083207048 21439.4632062288 357.07764976611361 9068.4988345969468 100.30014251102693 813.55902887810953 836.13783623836935 715.5325386072509 332.63112349354196 2796.2891001410317 7861.073213458294 1692.6312775879633 519.39796574111097 1110.6073984187096 1515.1240809118608 326.86134996730834 2067.6982888885541 1313.5045854565687 13148.862362682121 2483.470614163205 619.70553104631836 1299.8130556001561 5847.9759293345269 165.96138456976041 8322.8595134667121 789.32232217886485 626.37082054605708 320.71456896234304 362.21611551498063 1225.6041954038665 4094.4235357299913 5107.1652525507379 364.077987593133 865.19045689888299 2352.1375909289345 778.46161773172207 2881.6863633926259 507.15722638380248 63260.685962085205 1225.1951717633638 12192.109065897355 159.76452544284984 5625.6456353486283 1230.2597506255843 945.0288910465315 1233.4588428889401
leaf_count=8691899 2205369 76321 244510 12130 1414134 950256 30513 738741 183755 84051 166197 27812 85328 1908987 63466 4914 139502 287582 4222 189439 12499 19583 10485 16502 3943 32458 120721 26034 6734 11919 131780 22432 52428 26856 320673 47706 62139 823677 69710 2215 186171 13014 6426 3694 25403 23458 57808 56093 3640 17692 38434 14423 39202 9122 922915 23301 148117 8036 60503 18065 12572 12673
internal_value=-0.000602824 0.00222729 0.00907737 -0.00438651 0.0602834 -0.0385042 -0.00429159 -0.0015642 0.0104542 -0.00723268 -0.016751 -0.00456405 0.00742679 -0.0458582 0.0249058 -0.000107526 -0.0169324 0.00569845 -0.0204305 -0.0269085 -0.0201287 0.0160633 0.0141786 0.0114206 -0.0686496 0.0148835 0.00420973 -0.005318 -0.0210677 -0.00720426 0.00295435 0.00476489 0.0166819 0.0679097 0.0204739 0.0421897 -0.0801161 -0.0374112 0.00366795 0.0248912 0.0133175 0.0338323 0.0571303 0.00876377 0.0435536 0.000946757 0.00288602 -0.0250152 0.0504953 -4.71293e-05 0.0548616 0.000275916 0.00204346 -2.35359e-05 0.00165943 0.0580796 0.00868795 0.0535594 0.00492891 0.0138641 0.0724952 0.0464206
internal_weight=264650 255554 125534 130019 10897.4 9933.8 4545.33 120086 38486.2 81599.4 47002 33130.5 21560.4 13871.5 12601.6 6372.54 10309 34597.3 8477.27 11570.1 3999.64 2139.05 26120.1 25283.9 1048.16 24235.8 114637 6815.54 5225.01 4705.61 111092 103231 25049.1 3381.2 28177.3 2822.18 9095.91 1919.52 6622.44 3012.98 21471.7 2847.02 2057.69 947.085 3544.73 78182 72748 5434.03 6229.07 1229.27 3182.51 71522.4 67428 66649.5 63767.8 1325.5 21667.9 1674.89 19993 14367.4 2175.29 1590.54
internal_count=21030384 11452669 3523333 7929336 1658644 3241521 1036152 4687815 911941 3775874 3253922 606194 388943 2647728 222746 116086 221342 521952 170982 217251 1005639 55383 350970 340485 20445 320040 1864689 86931 70036 63302 1724531 1603810 458357 79284 690599 52620 9577715 885816 81840 37268 506844 35053 22039 10120 140158 1145453 1066928 78525 106660 21332 114755 1043470 985662 971239 932037 35800 379073 139816 239257 178754 30637 16895
is_linear=0
shrinkage=0.1


Tree=57
num_leaves=63
num_cat=0
split_feature=7 0 9 11 7 0 1 1 7 4 27 9 13 2 18 7 9 0 7 9 27 29 30 8 7 33 0 13 7 29 32 18 11 32 18 32 33 35 11 25 4 32 18 30 29 18 30 13 30 3 25 0 29 7 11 9 19 30 27 34 9 27
split_gain=5270.2 1062.52 1949.31 729.918 643.619 721.053 1546.79 713.545 632.459 587.797 566.967 552.662 558.516 494.655 469.146 441.179 438.842 450.67 407.085 377.679 375.06 365.519 460.567 462.254 353.255 407.097 346.414 337.457 316.854 308.883 967.374 813.294 664.577 384.344 488.562 382.86 413.09 299.9 356.69 295.833 298.56 284.547 354.458 283.368 515.062 291.071 282.311 280.88 303.678 280.354 468.491 312.188 275.88 273.899 273.856 269.272 264.004 257.385 255.369 253.524 247.474 246.189
threshold=46.983909606933601 99.494949340820327 0.34848485887050634 2.5000000000000004 98.742088317871108 47.673160552978523 27.812939643859867 49.089704513549812 76.961540222167983 0.99782609939575206 1.5000000000000002 0.73214286565780651 1.0000000180025095e-35 28.370221138000492 2.5000000000000004 93.84250640869142 0.15476191043853763 58.499063491821296 96.01587295532228 0.34848485887050634 2.5000000000000004 25.500000000000004 12.500000000000002 43.556371688842781 97.642425537109389 0.22250062227249148 53.907203674316413 1.0000000180025095e-35 71.747425079345717 16.500000000000004 5.5000000000000009 4.5000000000000009 1.0000000180025095e-35 4.5000000000000009 3.5000000000000004 11.500000000000002 0.62440553307533275 4.5000000000000009 1.0000000180025095e-35 1.5000000000000002 1.0000000180025095e-35 9.5000000000000018 8.5000000000000018 12.500000000000002 20.500000000000004 6.5000000000000009 13.500000000000002 1.0000000180025095e-35 11.500000000000002 48.714567184448249 1.5000000000000002 32.305501937866218 20.500000000000004 69.928676605224624 1.0000000180025095e-35 0.92582416534423839 1.0000000180025095e-35 13.500000000000002 51.500000000000007 1.0000137090682986 0.47222222387790685 1.5000000000000002
decision_type=8 2 10 2 10 2 2 2 10 2 2 10 2 2 8 10 8 2 10 10 2 2 2 8 10 2 2 2 8 2 2 10 2 2 10 2 2 2 2 2 2 2 8 2 2 8 2 2 2 2 2 2 2 8 2 10 2 2 2 2 10 2
left_child=16 3 10 4 5 6 14 26 -8 47 53 18 -13 56 15 39 -1 -18 21 24 60 22 23 27 -20 -26 -7 -9 -23 30 31 33 61 34 -25 -31 -37 -12 -39 -2 -41 42 -34 -16 45 46 -45 48 -6 50 51 -15 57 -3 -11 -14 -10 -50 -38 -29 -19 -32
right_child=1 2 -4 -5 9 7 8 11 13 54 37 12 55 49 43 -17 17 20 19 -21 -22 28 -24 29 25 -27 -28 59 -30 35 32 -33 41 -35 -36 36 58 38 -40 40 -42 -43 -44 44 -46 -47 -48 -49 52 -51 -52 -53 -54 -55 -56 -57 -58 -59 -60 -61 -62 -63
leaf_value=-0.092464229451233379 0.060259667924210815 0.15906999737473573 0.092828866894254222 -0.062953398350797746 -0.004454029525348859 0.016472611818288557 -0.081029846377192849 0.005761538416876863 -0.070231699952468418 0.082856272905559039 0.014049529604991666 0.010674235140579885 0.018534628016224512 0.035812333288010416 -0.024441446453191469 -0.0058648946067665041 -0.093793090444267702 0.0054019006778150656 -0.018806291889790938 -0.042750050436695053 -0.036597089692026824 -0.05913169887067047 0.028571742220773785 0.032916730006583267 -0.0064690038796433218 0.054383736388461223 0.11346334402799794 0.10050003875319101 -0.0091509530587910431 -0.0066701144765347695 0.055500157805042055 0.16009496144502552 -0.013147502995617745 -0.016834831885968293 0.14172381789620278 0.036478885469759637 0.0047803572124207883 -0.0065948214839330393 -0.086333866357061084 0.022260405679537947 -0.071994228939137303 -0.051031804100409112 0.19130198550319305 0.011673118973555833 -0.024428785321355038 -0.018743024130812642 0.065624978032282358 0.099554161350636064 0.017116330255091902 0.0067487663496288309 -0.086435848353001707 -0.047627280085860091 0.00078113684975791853 0.046307481005887913 0.027279631452371736 0.087333835422494566 0.069792443022249948 0.052567487954361371 -0.054674144699562777 0.033282828507509396 0.16888287305027339 -0.0062382666703023563
leaf_weight=6119.8589521830436 2096.6974286455661 248.46863132540602 3446.526584404055 1817.4860121738166 12960.525907368399 660.34566457237815 3215.4379060801584 2560.6818701668526 2769.028108224913 1536.8216555733234 8483.8695741785923 12496.282368776854 886.62195383198559 935.14877760666423 9386.5587768152473 7475.0300810269546 945.63662099605426 198.33903185516829 9359.8887620458845 3845.4857320502633 957.17761648568558 1430.8214186149999 6699.6974567336147 4954.2387101440108 3209.2982868319377 1672.1551480894559 832.47718318901025 884.1606222653063 11173.249700081651 57781.381989947171 1607.567942887661 516.10648090997711 2785.6300747494679 1398.6240750038414 450.17028327897424 4544.6024722338771 9234.3008635881124 4442.4732254085247 642.05833173607243 5320.2594778673374 358.72759222961031 2979.115726383985 87.461845099984203 2269.1859926838079 4692.0182612178614 1369.6250848440686 1693.8393580093398 335.55375088867731 10409.020969725214 3257.9513965562801 1127.3694726979011 861.49622108275071 8348.1037005076651 1618.8631172650494 2095.6304331147112 1587.4341595168225 141.53173822147073 2549.5956820446299 783.75009084958583 1535.8050434981706 173.68234241305618 1079.6808474800782
leaf_count=8475191 33125 3838 755187 398858 389765 117558 1990944 185457 466835 340454 156044 529687 10608 24455 770851 86325 892893 36566 123179 43285 164825 164477 216529 62121 34055 11977 45261 38057 156576 962889 34182 8473 44304 19923 5672 59370 205997 27516 36189 72062 82726 58627 2635 86623 290596 138664 57685 33380 230704 177107 786591 34215 202454 107002 36352 360127 2142 54836 52635 18865 9673 8335
internal_value=-0.000573526 0.00201353 0.0248324 0.000172662 0.000666675 -0.00167037 -0.0124568 0.00177528 -0.0429105 0.0125249 0.00965002 0.00106977 0.0192686 -0.0294302 -0.00164315 0.0114821 -0.0785244 -0.0410231 -0.00101674 -0.0149414 -0.00348069 0.00122221 0.00324716 0.00142637 -0.00743243 0.0143763 0.0705598 0.0310658 -0.0148248 -0.000247312 0.012392 0.0390698 -0.0104734 0.0298884 0.04198 -0.003018 0.0114728 0.00254014 -0.016664 0.0281584 0.0163066 -0.0293773 -0.00692371 -0.0119552 -0.000263807 0.0209981 0.0347327 0.0085077 0.00761615 -0.013426 -0.0359047 -0.00419719 0.0149582 0.0613118 0.0507931 0.0626784 -0.0634227 0.0240913 0.000129006 0.0578414 0.0817248 0.0306949
internal_weight=261337 252942 18882.3 234060 232242 194007 46969.9 147037 12308 38235.3 15435.7 145544 14970.3 9092.53 34661.9 15250.7 8394.69 2274.84 130574 18086.8 1329.2 112487 99883 93183.3 14241.3 4881.45 1492.82 4980.65 12604.1 88202.6 15858.6 7319.14 8539.46 6803.03 5404.41 72344 14562.7 13568.4 5084.53 7775.68 5678.99 5852.21 2873.09 19411.2 10024.7 5332.65 3963.03 34602.8 34267.2 6181.97 2924.01 1796.64 21306.7 1867.33 3632.45 2474.06 2910.56 12958.6 10018.1 2419.97 372.021 2687.25
internal_count=21033534 11454386 1085776 10368610 9969752 8681807 5100946 3580861 3482289 1287945 330589 3418042 900422 1491345 1618657 274238 9579148 1103957 2517620 212496 211064 2305124 1984071 1767542 169211 46032 162819 242379 321053 1525163 244272 96189 148083 87716 67793 1280891 318002 219749 63705 187913 154788 105566 46939 1344419 573568 282972 144308 911139 877759 1022368 845261 58670 487994 110840 376806 370735 468977 285540 258632 56922 46239 42517
is_linear=0
shrinkage=0.1


Tree=58
num_leaves=63
num_cat=0
split_feature=7 0 34 2 18 30 29 29 32 1 9 29 2 0 2 13 24 25 20 1 32 32 30 25 8 30 9 30 0 8 9 19 27 25 4 3 25 18 32 2 19 27 26 7 8 18 7 1 26 2 25 0 18 25 19 3 35 19 7 29 9 32
split_gain=4643.97 1059.52 1448.43 754.179 593.25 739.516 1553.68 742.928 803.679 696.819 868.645 591.432 585.357 730.646 584.725 893.589 681.328 1220.69 1100.8 565.977 527.538 720.514 508.091 489.228 488.125 471.478 439.432 429.206 418.811 410.115 402.479 585.396 487.423 609.298 431.305 392.455 851.091 391.851 395.714 390.51 374.053 574.315 363.554 335.286 317.008 315.546 313.444 305.077 467.307 470.529 485.331 382.338 300.027 373.821 654.118 509.061 346.066 292.736 384.268 282.684 279.753 279.344
threshold=46.983909606933601 90.366767883300795 1.897347688674927 82.097072601318374 6.5000000000000009 12.500000000000002 21.500000000000004 16.500000000000004 4.5000000000000009 93.908470153808608 0.92582416534423839 20.500000000000004 46.709957122802741 23.132664680480961 90.645832061767592 1.0000000180025095e-35 2.5000000000000004 3.5000000000000004 0.30129551887512213 99.494949340820327 7.5000000000000009 4.5000000000000009 14.500000000000002 3.5000000000000004 37.05510330200196 11.500000000000002 0.19090909510850909 14.500000000000002 52.851875305175788 43.556371688842781 0.34848485887050634 0.2200475409626961 14.500000000000002 2.5000000000000004 0.94292119145393383 92.031745910644545 2.5000000000000004 3.5000000000000004 2.5000000000000004 72.065574645996108 0.21428121626377108 12.500000000000002 2.5000000000000004 97.642425537109389 27.792633056640629 2.5000000000000004 78.085052490234389 98.61084365844728 2.5000000000000004 96.34091949462892 2.5000000000000004 94.932373046875014 1.5000000000000002 1.5000000000000002 0.41295713186264044 96.824596405029311 4.5000000000000009 0.57887157797813427 70.431396484375014 19.500000000000004 0.58571431040763866 6.5000000000000009
decision_type=8 2 2 2 10 2 2 2 2 2 10 2 2 2 2 2 2 2 2 2 2 2 2 2 8 2 10 2 2 10 10 2 2 2 2 2 2 10 2 2 2 2 2 10 10 8 8 2 2 2 2 2 10 2 2 2 2 2 8 2 10 2
left_child=26 4 3 -3 5 7 22 8 37 11 14 25 13 -6 15 16 19 18 -18 -11 21 -14 -7 -21 -5 52 -1 -8 -28 -10 35 32 33 34 -32 36 40 -2 -39 -23 41 -26 -33 47 -30 -27 -13 48 49 -37 51 -51 53 54 56 -56 59 58 -16 -9 -44 -31
right_child=1 2 -4 24 12 6 27 9 29 10 -12 46 20 -15 57 -17 17 -19 -20 23 -22 39 -24 -25 30 45 28 -29 44 61 31 42 -34 -35 -36 43 -38 38 -40 -41 -42 -43 60 -45 -46 -47 -48 -49 -50 50 -52 -53 -54 -55 55 -57 -58 -59 -60 -61 -62 -63
leaf_value=-0.091244757219984055 0.023833199599838553 0.075437434219292429 0.070597052780146857 0.079355680308622598 -0.012868782760944102 0.02150928515081478 -0.043532986489938086 0.032225092648626573 0.028080492254483835 0.14472290615238276 0.064433108862250871 -0.078429813887145872 -0.021587887332741452 -0.068376433366275927 0.21461329461414455 0.061061299545188713 -0.021320115017530946 -0.065437295466984943 0.12115644359797342 -0.087728163669995196 -0.011984747475571864 0.020652211708338523 0.059577917977013166 0.060792710080620239 -0.095932466178597742 0.015031452847807309 -0.095993821968151996 -0.003416543373756525 0.097964418057351302 -0.0015980632061317569 -0.1448513552415337 0.067855600595492102 0.089425615799100161 0.061296447417376679 -0.027866364440687099 0.020248483072755757 0.12322499692238582 0.029136894320929613 0.12693307924026817 0.16547007198527744 0.078388463998194755 0.13916790261746692 -0.041686395545338865 0.052539485542973045 -0.027089649070094854 -0.011989407630395193 -0.028650465788237378 0.0026546697552567136 0.089013665541173959 0.011511968162341523 -0.06617820458798479 -0.10050879356033748 -0.025477287227372209 -0.016154574493036082 0.13404058191495058 0.016475767701743169 -0.031017920732589067 0.0030428471369022816 0.029999947710934224 -0.029579374233870803 0.055245350248338224 -0.042531541640153069
leaf_weight=5654.871038717276 10084.774254823045 1673.8727130150655 4188.3600741433911 919.67563501844415 5881.158715693804 19667.639813080779 3306.4739200726617 2754.2514140646672 2282.6537403190159 119.50344096444314 2185.6743490539957 1580.8602018101374 680.07134679146111 3973.6062862276449 118.55969911132706 1092.4538443302154 1204.8921046673786 1986.6553883281886 986.06517279311083 3027.3332187251654 5337.6031153089716 279.84159863681998 4266.5075911630993 239.32006160489982 581.29106500605121 10688.374861362856 776.69062508374918 13789.737714400748 249.81694551656255 3515.2773933642893 401.48152821417898 3219.8094946839847 442.5175604512915 621.40534950606525 1465.6984743056819 1702.6732464337838 816.25579563330393 857.8527077002218 799.22040907095652 556.47561406641034 306.15714277507504 126.52298919507302 641.3941167271696 1171.5468021787237 1075.0001140024397 7255.5575288962573 6329.0935341033619 30586.720755734073 374.47479306213791 1980.2265212152852 3069.9076598862885 360.08953171456233 17121.142399970209 19182.848142973147 669.78671028255485 818.27475171047263 2755.0901005833293 33994.109958301007 2299.9344414137304 1011.9563888020348 555.71370420116 3171.1380303849
leaf_count=8534267 341594 41663 745373 38412 383296 827850 126465 40153 85495 1158 418133 196312 23794 1994433 4116 10390 20338 49547 16180 77367 105591 16552 176453 4171 3575 258270 835347 643441 25343 173293 5757 359546 21740 29983 21525 12883 7856 35955 32447 9394 3271 1461 6051 45880 181948 627938 171160 407343 7767 33186 59810 3209 1126441 739859 41458 24101 124332 474011 20566 14383 32023 128102
internal_value=-0.00052528 0.00182901 0.0140651 0.00942407 -0.00161971 6.09569e-05 0.0118491 -0.00344054 0.0140217 -0.00652054 0.00286655 -0.0128423 -0.019641 -0.0352504 -0.000119202 -0.0234806 -0.0356912 -0.00867042 0.0428031 -0.0690277 0.0028025 0.0548528 0.0282954 -0.0768473 0.00718471 -0.00956985 -0.0767347 -0.0111752 -0.0376899 -0.00851738 0.00581402 0.0273691 -0.00727934 -0.0244753 -0.0530205 0.00195805 0.0472212 0.0312383 0.0763048 0.117012 -0.0139625 -0.0539079 0.0503621 -0.000152802 -0.00350856 0.00410568 -0.0385992 -0.00177415 -0.0198664 -0.0255986 -0.0400273 -0.00572395 -0.0151075 -0.00857836 0.00956707 0.0693925 -0.00408419 0.00543442 0.0390501 0.0156186 0.00331064 -0.0210114
internal_weight=258834 251078 55205.8 51017.4 195872 179163 41030.4 138133 20710.9 117422 47254.5 70167.2 16708.8 9854.77 45068.8 8656.22 7563.77 4177.61 2190.96 3386.16 6853.99 1516.39 23934.1 3266.65 49343.6 62257.3 7756.38 17096.2 2101.51 8969.07 48423.9 7348.02 2931.1 2488.59 1867.18 41075.9 1830.23 11741.8 1657.07 836.317 1013.97 707.814 4416.92 39245.6 1324.82 17943.9 7909.95 38074.1 7487.37 7112.9 5410.22 2340.32 44313.3 27192.2 8009.36 1488.06 6521.3 36412.6 2418.49 3766.21 1197.11 6686.42
internal_count=21029758 11452853 1888314 1142941 9564539 7031479 1774209 5257270 796886 4460384 1095977 3364407 2533060 2377729 677844 179151 168761 86065 36518 82696 155331 49740 1004303 81538 1101278 2996935 9576905 769906 1042638 386890 1062866 476625 79005 57265 27282 586241 16163 409996 68402 25946 8307 5036 397620 570078 207291 886208 367472 524198 116855 109088 96205 36395 2110727 984286 244427 65559 178868 498693 24682 54536 38074 301395
is_linear=0
shrinkage=0.1


Tree=59
num_leaves=63
num_cat=0
split_feature=7 0 9 11 8 8 7 21 3 3 4 26 8 9 9 4 20 21 9 27 11 9 32 11 18 20 4 11 9 20 32 18 32 11 26 20 7 3 18 32 1 18 35 34 18 32 0 18 32 7 1 35 28 30 18 8 27 16 2 8 18 27
split_gain=4096.25 855.275 1688.41 631.621 540.982 551.635 648.056 825.737 942.571 695.421 797.176 522.482 902.368 1170.37 758.018 1399.91 826.177 527.62 511.033 506.6 482.496 428.121 385.101 488.925 615.044 917.914 869.409 528.186 1022.06 962.128 495.38 1954.77 485.066 378.533 965.891 842.911 511.768 501.74 477.706 3039.91 380.098 374.992 366.69 360.571 356.154 3170.77 345.72 345.102 1977.74 327.439 327.412 319.692 531.755 376.689 318.908 318.61 335.856 333.363 313.22 303.606 302.155 300.951
threshold=45.954339981079109 99.494949340820327 0.47222222387790685 2.5000000000000004 98.496154785156264 32.795558929443366 69.255905151367202 1.0000000180025095e-35 61.651582717895515 98.448318481445327 0.92000734806060802 2.5000000000000004 56.316259384155281 0.73214286565780651 0.47222222387790685 0.99782609939575206 0.95146238803863536 1.0000000180025095e-35 0.61250001192092907 1.5000000000000002 1.5000000000000002 0.19090909510850909 3.5000000000000004 1.0000000180025095e-35 2.5000000000000004 0.99999985098838817 0.72802454233169567 1.5000000000000002 0.29285715520381933 0.97752270102500927 2.5000000000000004 1.5000000000000002 11.500000000000002 1.0000000180025095e-35 1.0000000180025095e-35 0.61433055996894848 96.833747863769545 57.384986877441413 3.5000000000000004 4.5000000000000009 72.065574645996108 1.0000000180025095e-35 2.5000000000000004 0.91036856174469005 4.5000000000000009 5.5000000000000009 55.036231994628913 5.5000000000000009 6.5000000000000009 51.524446487426765 99.494949340820327 2.5000000000000004 2.5000000000000004 2.5000000000000004 1.5000000000000002 68.010150909423842 1.5000000000000002 6.5000000000000009 75.716625213623061 99.81818008422853 2.5000000000000004 9.5000000000000018
decision_type=8 2 10 2 10 8 8 2 2 2 2 2 10 10 10 2 2 2 10 2 2 10 2 2 10 2 2 2 10 2 2 10 2 2 2 2 10 2 8 2 2 10 2 2 8 2 2 8 2 10 2 2 2 2 8 10 2 10 2 10 8 2
left_child=21 3 19 4 5 -2 7 -7 -9 10 58 14 -13 18 22 16 17 -16 -14 -3 50 -1 23 60 27 26 43 29 -29 30 31 42 33 35 36 40 -35 -36 -39 -40 -24 -11 -25 -26 -41 -46 -23 -47 -49 -12 -6 52 -50 -53 -18 56 57 -34 -10 -52 -8 -48
right_child=1 2 -4 -5 20 6 11 8 9 41 49 12 13 -15 15 -17 54 -19 -20 -21 -22 46 32 24 25 -27 -28 28 -30 -31 -32 -33 55 34 37 -37 -38 38 39 44 -42 -43 -44 -45 45 47 61 48 51 -51 59 53 -54 -55 -56 -57 -58 -59 -60 -61 -62 -63
leaf_value=-0.091651045641535533 0.04997368184649438 0.05924084411692318 0.091366968451169206 -0.060404994820959935 0.012164603512645028 -0.066088786434860089 0.052058605966018467 -0.069378561330418906 -0.036983824436195314 -0.013086145389306589 0.6663016762654318 0.020257223606640794 -0.033117990734213711 0.0033066839086273482 0.0067695738554053022 0.055618061136358733 0.0038836583103043949 0.038973892564576618 -0.087317398599961377 0.0024779298310241412 0.22467946502780359 -0.093742297808076511 -0.053160944059069209 -0.016463167275310879 -0.027786405962059696 -0.024281846461816414 0.1128652712926296 -0.0080172101883590023 0.10310250055865103 -0.053104050568892593 -0.020405888982664253 0.12292106232557032 0.036909761049241339 0.066691648028401329 -0.048331867749869917 0.049412397490286961 -0.042960106992557853 -0.0407709739260321 0.16418426907891115 -0.041107451379972973 -0.0017043077930441724 0.085154270118105807 0.021915118661268738 0.13143378350077797 0.20693868180196959 -0.046243838379512216 0.046840232995813746 0.1985202286164203 -0.033926316039188179 0.17676277103667012 0.010963400774761302 -0.037387374481702561 0.013387411135152126 -0.0064303186007154747 -0.01785131651791488 0.030224466282215402 -0.012743643788058876 -0.03991389767766873 0.11885949623934987 0.095843233351467549 -0.0061394350619045288 -0.051958069907154292
leaf_weight=5022.8629010671284 2120.6727089029155 1778.0482709612115 2973.6525751687586 1720.5515291072661 11134.210671906068 3402.3771102195024 3378.6181897901697 1737.0978241169942 395.41532014281256 3631.5045353617752 14.124210730486082 6609.0856048020069 10624.286779959744 10349.815724486485 11423.976960409665 6431.9445024135057 15890.061204828555 9171.7640422627446 2080.2699847865151 13587.81511375081 114.4366243671393 671.65077279123943 1621.9786527641118 6689.5840379537549 875.86362429551082 1598.2892284034169 1787.5269258107292 2308.9257801225758 1290.3068456193432 4136.43069261458 7378.7030478712404 1414.8899500314146 3243.8097875901731 2107.3582921263878 4775.9761266063433 3174.5226734174648 533.36844366363948 5818.1030185461277 976.09312708862126 4464.223994228174 12488.208903459716 435.09811014280422 3965.3191915397765 169.80551033047959 654.12614169775043 3274.9711888914462 592.13109369529411 439.52627351647243 3523.7784256821033 418.71353214781266 743.28949484205805 9272.3669771756977 7288.914090747945 6822.9733233826119 11736.932766439393 5042.9422562794643 7287.3917698286823 683.93649488507072 191.38644688186469 973.11131927999668 1212.1633256940986 643.25157069659326
leaf_count=8329997 160776 111372 754992 420250 241014 1178566 162673 1344293 98898 364305 3861 225354 342619 246657 399426 651727 406832 298349 44844 234670 693 779303 159477 62467 134921 89943 13365 58562 19461 78567 124038 26952 61128 72642 1290037 244346 4773 67499 9690 57006 156862 7896 78652 7416 7964 43912 74705 6164 37983 6536 10981 98146 58833 122917 335178 59378 99714 30865 12707 197016 86744 112066
internal_value=-0.000499323 0.00160797 0.0223941 -4.1912e-05 0.000410962 -0.000777961 -0.00128032 -0.0258466 -0.00578034 0.0159403 0.0897847 -4.90223e-05 -0.012318 -0.0216564 0.00203832 0.0117962 0.00595127 0.0211109 -0.0419927 0.0090462 0.0202521 -0.0763358 -0.00241708 0.00619632 0.00176819 0.0363132 0.0704966 -0.00386324 0.0318186 -0.00930856 6.14341e-06 0.0124848 -0.00615218 -0.00990021 -0.0143139 0.00285519 0.0445444 -0.0175992 -0.0141484 -0.00992987 -0.00761929 -0.00257511 -0.00218034 -0.00193075 -0.014685 -0.0109136 -0.0359976 -0.0155671 -0.0118935 0.192737 0.0184317 -0.0153305 -0.00203179 -0.0242644 -0.00535013 0.00934809 -3.90768e-05 0.0235325 0.0138448 0.0590859 0.0366918 -0.00460307
internal_weight=256321 249391 18339.5 231051 229331 216366 214245 10225.7 6823.34 5086.24 1019.64 204019 29663.5 23054.4 174356 54654.7 48222.7 20595.7 12704.6 15365.9 12965 6929.9 119701 36206.4 31615.6 4431.49 2833.2 27184.2 3599.23 23584.9 19448.5 12069.8 83494.6 67236.5 49951.8 17284.7 2640.73 47311.1 42535.1 36717 14110.2 4066.6 10654.9 1045.67 35740.9 31276.7 1907.03 30622.5 27347.6 432.838 12850.6 26908 10812.7 16095.3 27627 16258.1 11215.1 3927.75 586.802 1716.4 4590.78 1235.38
internal_count=21028980 11732909 1101034 10631875 10211625 9761921 9601145 3017062 1838496 494203 122002 6584083 859474 634120 5724609 2091512 1439785 697775 387463 346042 449704 9296071 3633097 943761 694344 245645 155702 448699 78023 370676 292109 168071 2689336 2438251 1877566 560685 77415 1800151 510114 442615 316339 372201 141119 142337 432925 375919 966074 367955 324043 10397 449011 317879 96816 221063 742010 251085 191707 91993 111605 207997 249417 186771
is_linear=0
shrinkage=0.1


Tree=60
num_leaves=63
num_cat=0
split_feature=34 11 34 33 27 4 29 21 26 9 26 9 20 19 20 4 10 28 30 30 19 27 14 19 18 20 28 11 2 1 28 35 27 31 2 1 24 16 28 9 29 1 26 8 9 26 20 27 8 20 9 2 4 1 26 19 10 10 9 26 27 34
split_gain=1280.05 996.927 3484.47 1103.53 1066.34 612.156 593.946 579.979 576.657 943.339 678.334 1048.41 848.877 672.232 660.498 564.32 535.587 486.972 473.437 472.246 662.366 845.949 905.804 518.171 493.596 460.143 444.751 435.079 413.572 735.987 411.372 531.771 698.296 695.549 370.964 359.331 358.052 352.562 348.739 341.433 334.534 322.464 381.817 413.155 393.532 316.56 315.002 310.223 303.357 285.273 285.176 276.423 274.997 392.202 273.902 270.193 345.284 269.08 262.588 261.682 256.299 240.057
threshold=0.36593556404113775 1.0000000180025095e-35 1.4992163777351382 0.79623183608055126 3.5000000000000004 0.99782609939575206 21.500000000000004 1.0000000180025095e-35 4.5000000000000009 0.64583334326744091 2.5000000000000004 0.38750000298023229 0.92072755098342907 0.12354665622115137 0.94430461525917064 0.8900049924850465 1.5000000000000002 50.500000000000007 14.500000000000002 13.500000000000002 0.19785324484109881 1.5000000000000002 inf 0.17088134586811068 1.5000000000000002 0.23848909884691241 12.500000000000002 1.5000000000000002 45.222154617309577 26.766168594360355 3.5000000000000004 3.5000000000000004 1.5000000000000002 0.31555478274822241 84.561214447021499 77.032970428466811 4.5000000000000009 1.5000000000000002 7.5000000000000009 0.80909091234207164 24.500000000000004 74.64676666259767 1.0000000180025095e-35 98.051864624023452 0.29285715520381933 1.5000000000000002 0.9610288441181184 25.500000000000004 65.126945495605483 0.64015182852745067 1.0000000180025095e-35 82.426471710205092 0.99782609939575206 66.312053680419936 2.5000000000000004 0.18311185389757159 1.5000000000000002 2.5000000000000004 0.43650794029235845 3.5000000000000004 1.5000000000000002 1.0000137090682986
decision_type=2 2 2 2 2 2 2 2 2 10 2 10 2 2 2 2 2 2 2 2 2 2 8 2 8 2 2 2 2 2 2 2 2 2 2 2 2 10 2 10 2 2 2 10 10 2 2 2 10 2 8 2 2 2 2 2 2 2 8 2 2 2
left_child=15 2 6 8 5 -5 19 -7 9 10 11 30 -13 -12 -11 -1 27 -8 40 20 23 22 38 24 26 47 -2 -15 29 58 37 32 49 -33 -34 -20 52 -3 -22 57 -19 42 46 44 -44 -46 -35 -23 60 -32 -30 -25 53 -24 -55 -14 -57 -10 -26 -4 -9 -27
right_child=1 3 59 4 -6 7 17 48 39 14 13 12 55 16 -16 -17 -18 18 35 -21 21 25 36 51 28 61 -28 -29 50 -31 31 33 34 41 -36 -37 -38 -39 -40 -41 -42 -43 43 -45 45 -47 -48 -49 -50 -51 -52 -53 -54 54 -56 56 -58 -59 -60 -61 -62 -63
leaf_value=-0.079974836261428442 0.0022678240786192989 -0.019799196057561873 0.084101515946363947 -0.057114560458604052 -0.073111697851071189 -0.035115793970734568 -0.00084468912943678857 0.12329468016572134 0.014149506132902468 0.049979068050419073 -0.059342312710814499 0.052152665580532546 0.024554545825862455 0.063035905595511685 -0.00079673575446374389 -0.014881041309619106 -0.023138852824992784 -0.043157052182913477 -0.018863169831299528 0.031198162971842965 0.090614824222372131 0.0017546058014420508 -0.052628609533627073 -0.01649228244186306 0.03157068724777589 0.1126566152298244 0.040235163031564734 -0.063152380080660375 0.090583985058680039 -0.046587443378992566 0.073169448958438812 -0.033457397080736799 -0.029474214279706354 0.052115184571564603 0.0068996969620815059 0.075577550204366059 -0.083457160648679765 0.0040299157161153279 -0.075918322540403038 0.010483627671477902 -0.12068336822479103 0.011574325193837311 -0.037786502871731728 0.081810781358693185 0.10677161556526149 -0.0039008167695041619 -0.05209785008177658 -0.039386233981652044 -0.017217701168252563 0.024844658744653851 0.0094993946408201135 -0.092197371104720705 0.12376893752677175 0.034818212986777251 -0.02173168061295553 -0.037158827419445449 0.075601087060193028 -0.090904411199165647 -0.0090541029061258754 -0.019166447379804732 0.03341256582873 0.028338816310460004
leaf_weight=2782.6194288694533 11109.540769473009 25248.610757760354 6065.1755756142084 1349.702920981159 4513.554944104224 989.66813476121752 15743.614154411713 735.44408215244766 291.7104050340713 5713.4177914101747 4126.1649645627476 6168.9430010910146 1893.4433859745041 1428.3657012501499 4644.4119947881554 2554.4306417296757 6562.6283943002927 2863.5319656536449 3251.785273611953 7616.2931398270885 2945.3703564413008 14575.566134438035 661.89838311495259 970.22573585464852 1842.8855170435854 389.32060836354503 4271.5777414722252 337.86026624997612 509.20841613097582 5615.7942327153869 1903.1315028732643 8653.6588067596313 3213.4026168215205 1388.060054823989 21998.154696381767 459.85442427411908 318.90207793674199 8233.7530843989807 131.35543006390799 662.00956149154808 690.89114138885634 11532.761568836868 6434.1384353233152 377.88954040338285 295.42490905395243 2064.9950477998937 366.66499765153276 2096.4853317204979 378.93626233469695 3411.0619805337628 2926.859487869835 959.06620102119632 270.02532902552048 6704.5237703967723 981.95475490612444 2433.0631462731399 305.6780842859298 1484.9054403657792 11644.857940281741 255.72789281536825 557.92040957178688 2544.447920370847
leaf_count=2263918 298165 1382967 1497900 1022901 4054544 286698 687282 27588 48725 100239 503595 288264 26948 36448 50532 445487 68734 144918 183297 461103 148802 181966 75783 17590 212340 9802 101142 25776 29296 1722989 18974 234590 94162 85586 455512 23111 9799 225594 2405 7136 36872 177539 1406454 4638 28096 204458 4587 199009 3140 32222 100799 17650 32037 282464 34514 30208 4611 30643 350178 51600 268943 163380
internal_value=-0.000364246 0.00067804 0.00787342 -0.00490608 -0.0397691 -0.00225522 0.00341269 0.0255602 -0.00264028 -0.00172772 -0.00425984 -0.00166408 0.02786 -0.0263353 0.0272114 -0.0488195 -0.00998337 -0.0107278 -0.0321419 0.00752678 0.00500421 0.0158116 0.0367065 -0.00357117 -0.000999096 0.00300767 0.0128119 0.0388974 -0.0104238 -0.0161686 -0.00501656 -0.000169744 0.0092075 -0.00936982 0.00226357 -0.00716242 0.0205958 -0.0139393 0.083505 -0.0508141 -0.0582262 -8.90405e-05 -0.0123988 -0.0205747 -0.0249741 0.0099507 0.030339 -0.00341879 0.0614683 0.0421508 0.0215157 -0.0541259 0.0244461 0.0212335 0.0275939 -0.00449195 -0.0245734 -0.0736551 -0.00350337 0.0799236 0.0845221 0.0395281
internal_weight=253453 248116 108417 139700 8525.23 4011.67 102096 2661.97 131174 128736 118378 105923 10801.1 12455 10357.8 5337.05 8328.85 23009.7 7266.06 79086.2 71469.9 31619.9 12014 39850 37920.7 19605.8 15381.1 1766.23 22539.6 19103.5 95121.7 61639.3 30525.8 31113.6 25211.6 3711.64 8937.3 33482.4 3076.73 2438.63 3554.42 22459.9 10927.2 9172.45 8794.56 2360.42 1754.73 16672.1 1672.3 5314.19 3436.07 1929.29 8618.4 8348.38 7686.48 4632.18 2738.74 1776.62 13487.7 6320.9 1293.36 2933.77
internal_count=21026650 18317245 7076193 11241052 5663814 1609270 5526693 586369 5577238 5490734 5339963 4705410 350031 634553 150771 2709405 130958 1075480 388198 4451213 3990110 1139961 585804 2850149 2814909 554157 399307 62224 2415602 2285507 4355379 2746818 600870 2145948 549674 206408 434597 1608561 151207 86504 181790 1911358 1733819 1643646 1639008 232554 90173 380975 299671 51196 130095 35240 424798 392761 316978 61767 34819 79368 562518 1549500 296531 173182
is_linear=0
shrinkage=0.1


Tree=61
num_leaves=63
num_cat=0
split_feature=7 0 12 19 2 3 19 27 24 25 2 1 22 1 18 12 3 2 1 25 0 24 3 4 0 4 32 4 24 29 0 1 2 24 1 19 27 3 1 1 20 3 0 2 19 3 3 4 31 10 7 25 2 13 1 24 2 25 19 27 24 25
split_gain=3403.86 740.692 770.963 739.277 547.431 568.204 790.532 665.645 821.363 539.617 937.457 857.109 1869.83 1937.38 993.129 906.043 737.202 1054.16 734.483 823.934 704.462 675.352 640.959 1205.37 609.224 605.978 578.94 509.271 478.71 469.203 500.825 497.886 462.852 455.285 1025.48 620.613 596.792 542.782 456.861 441.792 637.708 438.846 435.808 610.177 425.5 410.954 404.664 451.708 398.485 396.792 386.118 416.638 516.21 505.349 670.025 660.03 404.551 401.144 384.497 382.863 1340.28 767.835
threshold=45.954339981079109 88.047618865966811 1.0000000180025095e-35 0.23497409373521808 79.118217468261733 92.031745910644545 0.21428121626377108 12.500000000000002 2.5000000000000004 1.5000000000000002 14.415584564208986 92.718276977539077 1.0000000180025095e-35 68.208553314208999 3.5000000000000004 1.0000000180025095e-35 82.426471710205092 68.614070892333999 7.4537036418914804 3.5000000000000004 60.49571609497071 1.5000000000000002 45.222154617309577 1.0000000180025095e-35 11.852501869201662 0.80508935451507579 13.500000000000002 0.62613233923912059 1.5000000000000002 18.500000000000004 48.435972213745124 32.305501937866218 7.4772884845733651 2.5000000000000004 94.360820770263686 0.21734297275543216 8.5000000000000018 96.922348022460952 98.61084365844728 95.040985107421889 0.8394562602043153 89.725547790527358 82.287582397460952 79.337715148925795 1.0000000180025095e-35 93.127067565917983 31.698564529418949 0.58337977528572094 0.37490260601043707 1.0000000180025095e-35 45.954339981079109 2.5000000000000004 90.645832061767592 1.0000000180025095e-35 99.494949340820327 3.5000000000000004 91.476997375488295 4.5000000000000009 0.40502874553203588 31.500000000000004 2.5000000000000004 4.5000000000000009
decision_type=8 2 2 2 2 2 2 2 2 2 2 2 2 2 8 2 2 2 2 2 2 2 2 2 2 2 2 2 2 2 2 2 2 2 2 2 2 2 2 2 2 2 2 2 2 2 2 2 2 2 10 2 2 2 2 2 2 2 2 2 2 2
left_child=49 9 4 -4 -3 6 7 8 -6 10 46 12 13 14 41 21 17 20 19 32 -15 -13 23 24 59 27 29 -18 -22 -12 31 -31 -14 35 -35 36 -7 -36 -39 40 -37 -11 50 -44 -25 -29 -2 -48 -32 -1 -23 56 53 54 -53 58 -52 -57 -56 60 -20 -61
right_child=1 2 3 -5 5 33 -8 -9 -10 11 26 15 18 16 -16 -17 25 -19 22 -21 28 42 -24 44 -26 -27 -28 45 -30 30 48 -33 -34 34 37 39 -38 38 -40 -41 -42 -43 43 -45 -46 -47 47 -49 -50 -51 51 52 -54 -55 55 57 -58 -59 -60 61 -62 -63
leaf_value=-0.090440708372622802 -0.013965310385056938 0.063881146185589308 0.0056742953621957345 0.072837128172254531 -0.079930100222654246 -0.094738085145673639 0.092767804622996775 0.12230900311151788 0.094710098141548446 -0.037502086948108859 0.028474948159311016 -0.074379802626382302 0.011671584204343034 0.0409797079883749 -0.088575249784060103 0.062045871445882875 0.098572665502227541 0.041306180151740229 -0.074145480676158143 -0.094492856268492062 0.19689406632696035 -0.011790793241536719 0.084483809170025986 -0.14972379800974048 0.050398850797144491 -0.016853250473574926 -0.071750567568672555 -0.1154327825490859 -0.062635553795606688 0.0050993869913756561 0.0015746044351792679 -0.037217873702829203 -0.15098106714233894 -0.057403539279780702 0.076672769290007992 0.022777276118226497 0.045296808425495119 -0.055100008420170481 0.0017493449144269709 0.0096429769686327306 0.10974977586174273 0.068235772588690291 -0.076282362133226145 -0.0026527864648165297 0.094353683236184982 0.0002502931292121288 -0.09827457254715917 0.06756832340197709 0.039618103804042855 -0.034870329127198285 0.084391805593352423 0.11047013548958376 0.028571036460979846 0.057908576986789917 -0.027837915573178003 0.13752026991153271 0.025217726756839733 -0.045387556297236058 -0.093055515573244499 0.021321792435990795 0.02011137775634958 -0.041398367176138748
leaf_weight=4300.3762419115519 2821.1176271177828 1643.8481594262412 2962.4195257392712 3668.2682798590977 1019.4296872438863 995.92434910801239 1720.954293743358 340.24376017687609 365.99159220041474 4916.4587029153481 14535.482521998842 1124.1877630670206 2419.4537519964506 1052.1645290044544 5899.9695751820691 2674.1692187883891 155.90202517199214 5187.6330193677277 2377.7094349474064 1432.2540244041011 73.061904234520625 5165.0167226847261 1167.3016179847764 613.20269851956982 3624.3064053526032 26306.149993777362 799.18895639711991 1390.9086697696766 2609.610610978154 9704.514527766325 5220.3535904019373 3896.7165285494411 188.58932581183035 3399.0935050932458 915.65426236100029 3502.3175171883195 438.25564900395693 1506.1917580403388 23000.744181939983 21766.363599005272 1110.3323125520255 426.56540179211879 1199.1703744112165 18324.4593696683 80.840090919518843 394.08752107352484 1337.3487119956408 187.22685746202478 5825.9917731374153 1832.4374390953744 1319.6994549868396 316.63847686315421 4606.1491452577175 767.07350286078872 2178.3450507223897 310.33157505997224 9276.7446366389631 195.40378097700886 1545.2520478525548 16374.101626864693 4127.1438160326215 2216.0469498189632
leaf_count=8266582 98825 22303 100256 1028854 8166 7445 22364 4981 5232 1056688 551226 15468 54364 67926 3864401 518627 4441 96590 140513 73861 7065 52996 15800 25130 51533 655410 68319 29943 135992 269857 162762 221578 8233 73498 14077 71985 5704 27645 382782 458484 17581 6958 26718 269635 959 9447 63717 3384 180618 1032545 29594 4828 60969 10454 47673 5024 153878 5398 46620 200570 64151 40814
internal_value=-0.000253119 0.00159092 0.0104278 0.0428305 0.00694706 0.00538933 0.0448103 -0.00301631 -0.0337948 -0.00183413 0.0077124 -0.00503915 -0.0112286 -0.0239187 -0.0602919 0.00544875 -0.0129166 0.0121412 0.00651668 -0.033555 -0.0283685 0.00218186 0.0118109 0.00892683 0.0120738 -0.0208317 0.0125068 -0.0747541 -0.0555673 0.0142253 0.00582184 -0.0070244 -8.9937e-05 0.00299029 -0.00581747 0.0121174 -0.0519463 0.00107978 -0.00174461 0.0156005 0.0437128 -0.0290604 0.00408587 -0.00717522 -0.121294 -0.0898925 -0.036398 -0.0779081 0.0216393 -0.0738367 0.0126471 0.0187996 0.00407038 -0.0171705 -0.0298391 -0.0403437 0.0325874 0.0668492 -0.0549025 0.00653878 -0.0143422 0.0138452
internal_weight=250853 244720 68356 6630.69 61725.3 60081.5 3446.62 1725.67 1385.42 176364 44327.9 132036 83033.5 48412.5 11243 49002.6 37169.5 8922.47 34620.9 4040.3 3734.84 46328.5 30580.7 29413.4 28719.3 28247 39982.2 1940.9 2682.67 39183.1 24647.6 13601.2 2608.04 56634.9 28821.7 27813.2 1434.18 25422.6 24506.9 26379 4612.65 5343.02 45204.3 19523.6 694.043 1785 4345.69 1524.58 11046.3 6132.81 25680.7 20515.6 9919.19 5313.04 4545.97 4229.33 10596.4 505.735 3723.6 25095 6504.85 18590.1
internal_count=21029441 11730314 2251357 1129110 1122247 1099944 40743 18379 13398 9478957 1620286 7858671 6610789 5934861 4928047 1247882 1006814 307573 675928 136458 210983 729255 539470 523670 497581 699241 1454360 43831 143057 1386041 834815 491435 62597 1059201 498002 561199 13149 424504 410427 548050 89566 1063646 713787 296353 26089 39390 165926 67101 343380 9299127 417434 364438 180966 119997 109543 104715 183472 10422 94293 446048 204664 241384
is_linear=0
shrinkage=0.1


Tree=62
num_leaves=63
num_cat=0
split_feature=7 11 0 34 1 2 30 29 18 25 13 29 1 24 20 0 4 2 3 1 0 3 29 25 1 24 4 1 3 7 3 0 30 3 9 2 25 34 32 0 1 27 2 9 28 7 27 20 20 29 4 24 11 0 1 3 0 6 25 30 25 2
split_gain=2975.54 622.335 619.62 1115.42 449.209 439.208 438.614 1057.13 508.916 482.024 626.666 608.783 588.044 875.875 846.992 695.909 569.212 872.442 703.672 735.763 571.357 708.147 560.763 550.596 505.416 487.713 478.658 735.885 477.961 430.973 426.23 560.018 415.423 406.76 396.757 376.407 359.85 350.668 335.641 310.721 309.978 283.252 278.265 276.968 274.733 303.642 299.778 660.79 318.809 296.335 274.246 268.365 257.457 254.046 265.265 258.85 243.339 234.1 233.951 230.787 310.293 251.715
threshold=45.954339981079109 2.5000000000000004 91.922958374023452 1.922174394130707 5.0641026496887216 84.660633087158217 12.500000000000002 21.500000000000004 6.5000000000000009 2.5000000000000004 1.0000000180025095e-35 16.500000000000004 77.032970428466811 2.5000000000000004 0.23848909884691241 78.142959594726577 1.0000000180025095e-35 83.047893524169936 89.725547790527358 99.494949340820327 10.212951183319094 11.882352828979494 19.500000000000004 1.5000000000000002 83.414241790771499 2.5000000000000004 0.9524725377559663 99.494949340820327 14.55026435852051 71.747425079345717 47.165775299072273 73.375530242919936 14.500000000000002 7.5498573780059823 0.29285715520381933 51.316701889038093 5.5000000000000009 1.3572376966476443 5.5000000000000009 84.660633087158217 86.391696929931655 2.5000000000000004 4.1241495609283456 0.19090909510850909 112.50000000000001 76.961540222167983 42.500000000000007 0.17637168616056445 0.77007627487182628 21.500000000000004 1.0000000180025095e-35 2.5000000000000004 1.0000000180025095e-35 88.998897552490249 91.922958374023452 98.448318481445327 89.386734008789077 1.0000000180025095e-35 1.5000000000000002 15.500000000000002 1.5000000000000002 74.322341918945327
decision_type=8 2 2 2 2 2 2 2 8 2 2 2 2 2 2 2 2 2 2 2 2 2 2 2 2 2 2 2 2 8 2 2 2 2 10 2 2 2 2 2 2 2 2 10 2 10 2 2 2 2 2 2 2 2 2 2 2 2 2 2 2 2
left_child=34 2 4 5 33 57 9 8 32 11 16 38 15 44 40 22 20 30 19 24 21 -11 23 50 -19 -22 27 51 58 -29 -18 -32 -8 42 -1 -36 -27 53 -6 -20 -15 -37 -2 -3 46 -46 48 -48 -14 52 -13 -12 -47 -33 55 -55 -49 -4 -24 -9 -61 -62
right_child=1 43 3 -5 6 -7 7 59 -10 10 26 12 13 14 -16 -17 17 18 39 -21 25 -23 28 -25 -26 36 -28 29 -30 -31 31 37 -34 -35 35 41 -38 -39 -40 -41 -42 -43 -44 -45 45 49 47 56 -50 -51 -52 -53 -54 54 -56 -57 -58 -59 -60 60 61 -63
leaf_value=-0.087215737332899237 -0.051382543003537985 -0.082016634308529443 0.020009544182944945 0.079788955721872196 0.032060323809122333 0.0067243980769110664 0.02030670248003066 -0.026263623445783812 -0.013165615629275174 -0.0060286337595746231 0.057220556934409673 -0.081974378139363743 0.0067294122086113796 0.068099469031012633 0.078448379469856944 0.096267252743763507 -0.086771794275384881 -0.076299011733720112 0.0096506732669073402 -0.081166215760532068 0.00055421512274700152 -0.088752383414559474 -0.10514303571742488 -0.039340826415864422 0.08732994972936825 0.074505774422130008 -0.0035091524582391413 0.19560688526777067 -0.046567822465571611 0.044272476659320464 -0.010853420995096147 -0.04715819089185664 0.055376526163007693 -0.11189987206332019 -0.094274242214323178 0.10305261543119681 -0.090956144945911865 -0.10021517047544817 -9.5839110805001986e-06 -0.034975900194274587 -0.036322625840962262 -0.02191246327522418 0.13078898574383035 0.010883895511134865 -0.05776556894121633 0.072154873547226189 -0.042749172536275845 0.040007837646936245 -0.012804374369687167 0.019041121116560811 0.0062413220004804279 -0.095071404169508184 -0.036694542887937526 -0.0035379263771568637 -0.093358576985568847 0.19673851960102751 0.13936970436985507 0.10356925076059041 0.062510411657637252 0.019146485102762952 -0.025747866225121548 0.010464103690358016
leaf_weight=4265.3279293179221 211.60165823373245 1286.7754591368721 625.51894063071813 2336.9787147981115 9133.1645128322416 38332.547842006257 18907.156866417208 5911.6826978249301 3747.5800046557561 8342.8061796152324 148.58239783119643 362.93947223990108 24964.351112179138 369.74004272883758 2900.6794149558409 553.72584621392889 1772.4224288518308 211.33186181689962 2495.0766427837079 385.38739493090543 3223.1786431458022 1181.3462526339572 96.392457871988881 3902.6050725092646 1768.0031805511389 1897.698068759084 15540.847547869373 199.47174824186368 7241.0674860463769 3324.3571977049578 5787.9315804658982 6713.1140032576222 4112.3814630274428 677.39254073440679 519.56858715252019 250.01113850274123 141.22055750887375 1248.4552834997885 5077.9196109526674 4164.0612967617926 1229.9301156643487 660.76818526454736 138.88231699925382 427.545848240552 1522.9552798680379 235.83548915758729 1051.2932331144693 3356.5842671428691 12558.27600563399 2393.4815353348386 12147.088486863038 523.00998011749471 2764.22462579282 133.40038265264593 107.85774957959075 125.00788535049651 266.00789799541235 722.59365459956462 609.71927301824326 4404.7757052801026 5678.1037962495757 2899.9447774069558
leaf_count=8478915 7647 386741 13967 652753 327328 973244 804931 288950 631823 178736 2584 16956 443616 10182 89775 40186 1212909 4207 71274 6574 59688 28294 4477 960914 37664 22409 332282 5493 642301 76005 445224 173175 175025 34964 714919 22450 1293 41183 311441 103539 23543 78595 1739 45073 103464 36853 79381 77034 351084 44857 437422 6375 23620 1828 1847 2268 8400 23149 8313 135048 636346 66403
internal_value=-0.000486997 0.0011904 0.00161769 0.0126514 -0.000713638 0.00869739 -0.000371053 0.00822468 0.0210083 -0.00295033 -0.00998066 0.00155532 -0.00189141 0.00400757 0.0462316 -0.0145859 -0.0172208 -0.026446 -0.00161437 0.0452462 -0.00167805 -0.0162894 -0.0171057 -0.00654798 0.0698594 0.0247679 0.00458238 0.0345553 -0.0389096 0.052839 -0.0405493 -0.0347455 0.0265718 -0.0666505 -0.0719318 -0.0263549 0.0630455 -0.0513507 0.0206011 -0.018255 -0.012187 0.0123908 0.0208045 -0.0588476 0.00013847 -0.0183352 0.00316651 0.0270484 0.000191739 -0.00720134 0.00368202 -0.0613785 -0.0281379 -0.0427334 0.0383668 0.093348 0.047304 0.0647979 0.0396238 -0.00988541 -0.00242765 -0.0135058
internal_weight=248290 242594 240880 42017.6 198862 39680.7 197834 45661.6 26767.1 152173 59434.6 92738 78526.9 53613.4 4500.35 24913.5 39698.3 24912 9023.86 2364.72 14786.2 9524.15 24359.8 16412.6 1979.34 5262.1 19736.3 4195.42 7947.18 3523.83 15888.2 14115.8 23019.5 1027.88 5695.68 1430.35 2038.92 8327.84 14211.1 6659.14 1599.67 910.779 350.484 1714.32 49113 6916.5 42196.5 4673.89 37522.6 5393.54 12510 671.592 3000.06 7079.38 366.266 258.408 3622.59 1348.11 706.112 18894.5 12982.8 8578.05
internal_count=21028680 11733801 11301987 1663113 9638874 1010360 9594524 2738526 1611779 6855998 2814851 4041147 3402378 1291809 123500 2110569 2392112 2101692 223258 48445 290420 207030 2070383 1415292 41871 83390 422739 90457 655091 81498 1878434 665525 979956 44350 9294879 815964 23702 220301 638769 174813 33725 101045 9386 431814 1168309 208794 959515 164815 794700 105330 454378 8959 60473 179118 5943 4096 85434 37116 12790 1126747 837797 702749
is_linear=0
shrinkage=0.1


Tree=63
num_leaves=63
num_cat=0
split_feature=7 8 11 8 7 1 7 12 13 18 8 21 28 20 1 4 2 11 3 3 1 2 25 22 6 4 29 30 3 4 9 8 19 25 2 7 30 30 4 1 9 9 3 3 22 11 2 18 11 9 32 18 20 7 28 7 28 9 8 32 25 11
split_gain=2619.42 574.896 518.101 483.363 437.402 434.647 992.2 733.594 1084.2 577.179 503.402 657.715 449.736 692.28 412.394 406.639 385.349 376.99 372.267 1028.55 798.683 654.934 751.384 486.314 471.339 483.741 401.319 587.908 393.129 376.485 345.967 321.118 319.381 332.389 313.746 308.467 302.464 301.784 291.534 319.504 282.019 250.843 247.906 499.561 310.525 247.439 242.387 242.085 764.049 963.406 416.118 509.743 1190.33 473.115 376.707 471.021 357.1 332.801 320.663 320.854 295.228 282.182
threshold=44.783893585205085 32.616405487060554 2.5000000000000004 98.496154785156264 54.071052551269538 77.032970428466811 63.84260559082032 1.0000000180025095e-35 1.0000000180025095e-35 7.5000000000000009 92.335666656494155 1.0000000180025095e-35 44.500000000000007 0.4427007138729096 99.494949340820327 0.69909369945526134 96.60919570922853 1.5000000000000002 87.026645660400405 98.07621002197267 28.743545532226566 29.300813674926761 1.5000000000000002 1.0000000180025095e-35 1.0000000180025095e-35 0.82438319921493541 20.500000000000004 13.500000000000002 48.714567184448249 0.69909369945526134 0.15476191043853763 25.324894905090336 0.20220256596803668 2.5000000000000004 84.561214447021499 95.811168670654311 11.500000000000002 13.500000000000002 0.90910807251930248 61.633426666259773 0.4083333313465119 0.19090909510850909 85.270011901855483 98.07621002197267 1.0000000180025095e-35 1.0000000180025095e-35 77.015758514404311 1.0000000180025095e-35 1.0000000180025095e-35 0.64583334326744091 2.5000000000000004 1.5000000000000002 0.97752270102500927 81.270160675048842 23.500000000000004 76.961540222167983 324.50000000000006 0.15476191043853763 46.182983398437507 11.500000000000002 1.5000000000000002 1.5000000000000002
decision_type=8 8 2 10 10 2 8 2 2 8 10 2 2 2 2 2 2 2 2 2 2 2 2 2 2 2 2 2 2 2 10 10 2 2 2 10 2 2 2 2 10 10 2 2 2 2 2 10 2 10 2 10 2 10 2 10 2 8 8 2 2 2
left_child=30 4 3 5 15 6 42 10 12 18 47 35 16 -14 17 -2 32 -5 20 24 26 23 -23 -22 25 -20 27 36 -24 -30 -1 -32 -9 -34 -35 -12 -8 -28 39 -21 -13 -4 44 -44 -3 -42 -31 54 49 57 51 -50 -53 -52 58 56 60 -49 -7 -60 -56 -54
right_child=1 2 41 14 -6 7 9 8 -10 -11 11 40 13 -15 -16 -17 -18 -19 19 38 21 22 28 -25 -26 -27 37 -29 29 46 31 -33 33 34 -36 -37 -38 -39 -40 -41 45 -43 43 -45 -46 -47 -48 48 50 -51 53 52 61 -55 55 -57 -58 -59 59 -61 -62 -63
leaf_value=-0.089367125590746901 -0.069378941656189783 -0.093672396078011436 -0.079009858794921409 0.010971613492032389 0.035142791587723279 0.033467519402804839 -0.0077069229826303258 -0.015105411485014536 0.087758893607564961 -0.028614392519366167 -0.046889662223036033 0.043044987041719954 -0.079361395406712706 0.074675763783720137 0.063835916774308679 0.23636345386154278 -0.12472346871600921 0.23397485360151538 0.11195868596808795 -0.04317741296816989 -0.068691333237019619 0.017676903205815633 -0.081465814812351878 0.026467936794693711 0.1203817598050153 -0.0058769134231441908 -0.037826436737822676 0.047094908459693753 0.011492556026690144 -0.034426122051399645 0.097168989801095743 -0.048535747164026616 0.06065931182392223 -0.037005705350582091 0.053626557060437063 -0.014705712730477896 0.013956304582352058 -0.001622249554070401 -0.060866146944162862 0.029145926837909078 -0.27852332271031077 0.0099979538232449587 0.16385664879496134 -0.063217841039291303 0.05119080597093504 -0.011111193049949062 -0.12932063088028325 0.099448028743661071 0.0060030613611385848 -0.099640356156658214 0.038016887522673716 0.10778787035144036 -0.014588202332579486 -0.0053298503920238818 0.030926724150594283 0.0067533464422222704 -0.073765871746439546 0.0380687994683932 -0.003728391021271905 0.012823264679266845 -0.026310574917144822 0.074701730117171433
leaf_weight=3483.2163677583449 55.037391685124021 1920.1292270387348 1202.7995843059907 10863.43348077283 2037.3692140436033 3369.0742256346857 11314.086551280459 3903.4552919858252 2341.4633001463953 8526.4131023862865 4223.2204311823007 2418.9525649005082 344.68218690808862 1900.3757620126707 1828.3444311730564 207.53018852311652 240.0682328324765 76.339406248065643 529.41104742395692 931.27892188820988 3794.338203589723 5293.8783081012079 1349.7096133178566 625.59714528801851 1084.5628414936364 1018.8554689460434 3282.6797267540242 3722.4752726560691 2084.2544916751795 2329.1148615793209 170.02238819818012 1370.5225877889607 1555.126576009905 1043.0385301028728 602.63719973131083 10100.404066828429 14976.375392427901 7709.9345168366563 921.35402464400977 1775.1675425465219 35.961360275978222 429.75324271415593 130.76516412108322 373.92647760236287 160.32755481582717 915.59889022819698 304.34316666657105 1689.3711725958856 8575.9865726130083 382.82079860044178 2769.8143687743286 1881.6786791617633 1963.4482402381254 27695.458534906269 1021.1244413333188 6879.6733397132484 1414.4797821508837 1851.5234352151747 35993.03569981645 17360.946754020522 7670.1808203362161 431.76761246711249
leaf_count=8022146 63333 2048426 410459 240982 91673 219045 373711 96441 871614 1181025 54175 30938 11966 292216 324582 39317 14070 476 6096 13271 699039 118022 955340 9334 89653 15189 63802 87468 216967 42223 49398 843786 122838 55332 59599 144630 397577 214378 15138 37715 536 46249 13595 142880 63317 10140 4301 95499 105339 14472 35749 27548 24074 337485 32107 95787 98590 139179 481712 228094 382892 7237
internal_value=-0.00044624 0.00104088 0.000562321 0.000948231 0.0507983 -0.000127074 -0.00639363 0.00295923 0.0267532 -0.00419535 0.000911676 -0.0148425 0.0118573 0.0510265 0.0198749 0.172276 -0.000116219 0.0125278 -0.000892961 0.0222494 -0.00344436 -0.0225611 -0.00985474 -0.0552225 0.0698283 0.0344155 0.00391284 0.00989999 -0.0338763 -0.0202613 -0.0719149 -0.032455 0.00409453 0.0275093 -0.00381668 -0.0241949 0.00463355 -0.0124338 -0.0122803 0.00425971 0.0249025 -0.0555794 -0.0672564 -0.00438304 -0.0825087 -0.0212172 -0.0453929 0.00321639 0.00880464 0.0510602 0.00497717 0.0200667 0.048267 -0.00138889 -0.000365275 -0.0134295 -0.0271693 0.067353 0.00354675 0.00165738 -0.0195859 0.00150742
internal_weight=246459 241435 239135 237502 2299.94 224734 74159 150575 11930.8 71573.8 138645 17694.1 9589.38 2245.06 12768.1 262.568 7344.33 10939.8 63047.4 6260.63 56786.8 15781.2 11361.3 4419.94 2632.83 1548.27 41005.6 30012.9 6067.42 4717.71 5023.76 1540.54 7104.26 3200.8 1645.68 14323.6 26290.5 10992.6 3627.8 2706.45 3370.51 1632.55 2585.15 504.692 2080.46 951.56 2633.46 120950 47241.9 3923.72 43318.2 12852.9 4276.89 30465.3 73708.5 16985.5 10105.8 3540.89 56723.1 53354 8691.31 2395.22
internal_count=21030172 12114842 11920519 11463811 194323 10897771 6808467 4089304 1524076 4540249 2565228 240419 652462 304182 566040 102650 348280 241458 3359224 177062 3182162 2045226 1336853 708373 110938 21285 1136936 858756 1218831 263491 8915330 893184 334210 237769 114931 198805 771288 278180 66124 50986 41614 456708 2268218 156475 2111743 10676 46524 2324809 786582 249150 537432 164198 58859 373234 1538227 609376 513589 234678 928851 709806 414999 31311
is_linear=0
shrinkage=0.1


Tree=64
num_leaves=63
num_cat=0
split_feature=7 0 9 0 25 4 24 3 1 22 1 18 25 0 1 9 3 2 4 0 27 3 4 29 34 0 0 3 0 24 0 1 18 2 9 3 1 3 2 19 25 25 3 1 24 2 1 19 24 0 2 13 8 7 3 25 19 27 9 34 3 25
split_gain=2333.37 519.881 828.858 828.471 484.411 727.641 586.251 672.882 1178.27 948.793 2444.48 907.56 794.196 761.249 551.753 697.803 620.623 1111.59 521.99 516.018 474.257 455.865 1045.49 412.742 430.195 416.165 409.302 405.826 399.912 397.358 395.497 385.366 380.736 379.014 369.454 364.241 363.993 377.626 362.661 343.699 407.423 337.509 336.667 334.243 332.555 539.645 517.084 330.517 329.99 329.567 561.963 416.023 345.646 324.236 339.196 626.346 354.686 515.561 318.645 318.251 298.617 290.249
threshold=44.163812637329109 89.386734008789077 0.34848485887050634 99.494949340820327 1.5000000000000002 1.0000000180025095e-35 1.5000000000000002 8.081632614135744 8.4806714057922381 1.0000000180025095e-35 70.659969329833999 3.5000000000000004 3.5000000000000004 8.9220566749572772 93.063350677490249 0.89898991584777843 84.29276275634767 66.260162353515639 0.80508935451507579 60.922586441040046 31.500000000000004 42.997200012207038 1.0000000180025095e-35 18.500000000000004 0.38882876932621008 58.499063491821296 74.115688323974624 89.725547790527358 11.852501869201662 1.5000000000000002 96.824596405029311 55.625879287719734 1.0000000180025095e-35 81.892700195312514 0.89898991584777843 9.1966171264648455 5.0641026496887216 11.269841194152834 93.40579986572267 0.34028825163841253 2.5000000000000004 2.5000000000000004 15.587044239044191 99.494949340820327 2.5000000000000004 5.1615052223205575 7.4537036418914804 1.0000000180025095e-35 2.5000000000000004 82.287582397460952 81.120250701904311 1.0000000180025095e-35 92.335666656494155 97.642425537109389 93.127067565917983 2.5000000000000004 0.22305984795093539 11.500000000000002 0.15476191043853763 0.99603545665740978 88.303691864013686 3.5000000000000004
decision_type=8 2 10 2 2 2 2 2 2 2 2 8 2 2 2 10 2 2 2 2 2 2 2 2 2 2 2 2 2 2 2 2 8 2 8 2 2 2 2 2 2 2 2 2 2 2 2 2 2 2 2 2 8 10 2 2 2 2 8 2 2 2
left_child=58 4 33 30 5 29 39 13 12 10 11 27 36 20 16 49 17 19 26 -12 -8 22 28 24 -7 32 -18 34 42 -2 -4 -27 -25 -3 -10 -14 -9 41 -19 -6 -41 -38 61 -17 45 46 -43 -24 -28 52 51 -51 -16 54 55 56 57 -35 -1 -34 -13 -11
right_child=1 2 3 -5 6 23 7 8 9 21 14 60 35 -15 15 43 18 38 -20 -21 -22 -23 47 25 -26 31 48 -29 -30 -31 -32 -33 59 53 -36 -37 37 -39 -40 40 -42 44 -44 -45 -46 -47 -48 -49 -50 50 -52 -53 -54 -55 -56 -57 -58 -59 -60 -61 -62 -63
leaf_value=-0.089300861507051132 0.016714104927527257 0.065914182199447377 0.026754587299219208 0.087492527948135945 -0.023862037963682269 -0.049496635285840106 -0.088882524248433875 -0.1170868909483104 -0.065088508724263236 0.046150588621989938 0.027667925192192029 -0.089151985143531301 -0.044131561005104986 -0.06221124798040753 0.019359288846106933 -0.020011983224380123 -0.015490278689305326 0.037261699996490774 -0.014984212225133417 -0.067170551991137223 0.067719646330920355 0.077476075155466617 -0.14687789376200527 0.021197024295159739 0.026591583523971247 0.098847353486873693 -0.025756634774623827 0.064640554459707247 0.048448773963698871 -0.099122554573274888 -0.047936161539853445 0.014462764043534216 0.0017449200150186446 -0.073577808301378292 -0.0079672434716245907 -0.12354521793333945 0.068980184086337409 -0.079567178083955137 -0.074012373082114821 -0.10144197795449608 0.15420505452186933 -0.10146272539869046 -0.078346227021768494 0.07521106596870146 0.13127718946647335 -0.13191846481244829 0.08447565174764593 0.10146614947167798 -0.16046641595744393 -0.079214216367594278 -0.0014470737359598264 0.097910762579011712 -0.0054433300938629041 0.043665822046143853 -0.0011853087183987564 0.097879655335546698 0.08070332391425851 0.13171613263103832 -0.032462930210315412 -0.028531059464016951 0.0064626756320761251 0.0076305107994129448
leaf_weight=3092.8152456082753 427.47846662197844 959.88110156089533 7780.9020706615411 2304.9243069462245 4168.9161450976098 781.88215828599641 206.60920408982201 305.76614274951862 1961.6588029171107 2244.9179330025217 789.03365966948331 4774.1937483113143 944.37104275822639 633.38245105190435 16448.92485145689 452.46862065931782 653.88002321060048 6703.5799141601601 25824.283569860272 2102.3624148560048 3020.8775188509899 1145.6162183260894 510.72192810266279 3891.4429627536156 14969.663500150695 577.7828347813047 259.2535239685385 478.15294658252969 3280.6456213702331 963.8188970531337 780.01002052985132 8544.386700490053 6599.2336888478603 765.22279451461509 2678.2468586989853 1486.9650669378752 787.15469331492204 492.68173454902717 306.2774000147183 1052.0724788664375 66.266081566398498 230.57949492280022 416.88739328275551 1989.1555859176442 135.71529806329636 369.70476024216623 425.66532430244843 59.872790174878901 609.03424617947894 1443.1235155296454 22940.437134267326 146.02178830449702 8533.7027720916085 1833.9257751856931 43210.57767052445 994.58873399769072 326.62501171379699 145.60499146627262 1448.2072502644733 7326.5682805383403 350.62540571953286 15205.751787203277
leaf_count=7843968 14688 11569 511079 756112 388069 102511 20994 13890 744339 33091 49067 3876687 33743 12408 351441 29945 20918 131908 711602 107165 38759 16110 23445 42248 548362 31210 4425 7376 46952 51409 30399 289836 507935 4224 290463 69669 11728 14763 7732 23240 3147 7706 7311 522425 4013 11452 6207 765 12689 36000 357983 1661 96864 74983 741841 8549 3297 1515 859709 163452 19217 262670
internal_value=-0.000160606 0.00118405 0.00932561 0.034277 -0.00147858 0.00763641 -0.00441932 -0.00310512 -0.00435068 -0.0023725 -0.00659575 -0.0528635 -0.0510717 0.0380239 -0.00128289 0.00537639 -0.0105714 0.0108807 -0.0183385 -0.0412901 0.0576947 0.0159957 0.0127528 0.00995578 0.0228147 0.00243714 -0.0752452 -0.0230774 0.0163566 -0.0635315 0.0199493 0.0198075 -0.00645625 0.00370501 -0.032117 -0.0926996 -0.0142308 -0.00134944 0.0323999 -0.0370674 -0.0862939 0.0184248 0.0104642 0.0575648 -0.015832 -0.0352919 0.019144 -0.120819 -0.120245 0.00280279 -0.0054308 -0.0629387 0.0108871 0.00244195 0.000778277 0.0387918 -0.00869946 -0.0407595 -0.0711743 -0.0141837 -0.0826103 0.0125859
internal_weight=244361 239820 59102.3 10865.8 180718 44082.3 136636 131348 127487 122309 99444.4 10242.9 5178.6 3860.87 89201.5 51953.8 37247.7 9901.25 27346.5 2891.4 3227.49 22864.4 21718.8 42691 15751.5 26939.4 1522.17 5118.06 21148.2 1391.3 8560.91 9122.17 17817.2 48236.4 4639.91 2431.34 2747.27 2441.5 7009.86 5287.25 1118.34 1948.82 17867.6 2441.62 1161.66 1025.95 656.245 570.595 868.288 49512.2 24529.6 1589.15 24982.6 47276.5 45442.6 2232.04 1237.45 910.828 4541.02 13925.8 5124.82 17450.7
internal_count=21028935 12325258 2143568 1297590 10181690 1751651 8430039 8015583 7943422 7770251 7379907 4938082 173171 72161 2441825 1396319 1045506 295872 749634 156232 59753 390344 374234 1685554 650873 1034681 38032 1042178 350024 66097 541478 321046 713635 845978 1034802 103412 69759 55869 139640 414456 26387 41106 303072 552370 29378 25365 13913 24210 17114 843949 395644 37661 448305 834409 759426 17585 9036 5739 8703677 671387 3895904 295761
is_linear=0
shrinkage=0.1


Tree=65
num_leaves=63
num_cat=0
split_feature=7 8 11 34 25 9 26 9 34 20 26 7 0 7 9 26 20 21 7 20 7 9 29 34 20 8 9 20 11 32 18 32 8 8 25 28 2 18 33 29 34 8 7 21 27 16 30 16 29 28 30 34 16 7 8 2 26 10 16 7 25 30
split_gain=1992.21 488.132 440.917 2469.48 554.698 473.722 1532.08 889.749 857.899 581.773 670.448 1108.86 890.975 624.41 523.823 846.173 532.27 460.647 758.824 422.613 394.09 374.855 364.643 357.626 350.074 338.554 336.625 333.794 403.57 330.935 700.026 330.914 380.087 319.158 307.402 419.539 901.479 609.615 495.411 483.638 331.574 306.601 291.45 504.996 290.496 806.184 334.303 366.419 356.405 287.679 283.905 273.973 270.332 258.61 247.643 242.003 241.476 234.37 231.637 231.474 224.255 221.564
threshold=44.163812637329109 32.795558929443366 1.0000000180025095e-35 1.5219720005989077 5.5000000000000009 0.19090909510850909 1.5000000000000002 0.47222222387790685 0.96016615629196178 0.97752270102500927 1.0000000180025095e-35 97.81815338134767 59.67530822753907 96.833747863769545 0.64583334326744091 4.5000000000000009 0.94430461525917064 1.0000000180025095e-35 93.84250640869142 0.88041031360626232 54.585502624511726 0.80909091234207164 20.500000000000004 0.77337533235549938 0.93142712116241466 26.512680053710941 0.29285715520381933 0.97752270102500927 1.5000000000000002 2.5000000000000004 1.5000000000000002 11.500000000000002 70.109020233154311 49.659801483154304 4.5000000000000009 15.500000000000002 7.4772884845733651 3.5000000000000004 0.10196805000305177 19.500000000000004 0.32106678187847143 30.385951995849613 75.182640075683608 1.0000000180025095e-35 1.5000000000000002 2.5000000000000004 3.5000000000000004 4.5000000000000009 17.500000000000004 5.5000000000000009 5.5000000000000009 0.93841841816902172 6.5000000000000009 78.085052490234389 88.944442749023452 53.427228927612312 3.5000000000000004 1.5000000000000002 5.5000000000000009 76.325832366943374 2.5000000000000004 13.500000000000002
decision_type=8 8 2 2 2 10 2 10 2 2 2 10 2 10 10 2 2 2 10 2 10 10 2 2 2 10 10 2 2 2 10 2 10 10 2 2 2 8 2 2 2 10 8 2 2 8 2 8 2 2 2 2 8 10 10 2 2 2 8 10 2 2
left_child=26 20 3 22 5 9 7 -7 -9 10 13 12 24 -4 27 16 -16 31 54 -10 25 -17 34 55 53 -2 -1 29 -29 30 -8 -14 58 -31 35 36 -3 -37 39 -38 -40 -28 43 -24 45 -42 48 -48 -47 -36 -49 -32 -52 -12 -19 60 -5 -35 -33 -46 -13 -39
right_child=1 2 4 56 -6 6 14 8 19 -11 11 23 17 -15 15 21 -18 18 -20 -21 -22 -23 42 -25 -26 -27 41 28 -30 33 51 32 -34 57 49 37 38 61 40 -41 44 -43 -44 -45 59 46 47 50 -50 -51 52 -53 -54 -55 -56 -57 -58 -59 -60 -61 -62 -63
leaf_value=-0.085190436698602406 0.30972158190261884 -0.068295637804458201 0.044303164680962293 0.080764080393635113 -0.077867397192829868 0.09373383266043181 -0.00074017907497333601 0.066613051836861989 0.036851620640462053 -0.046961824343506209 -0.078080364567122515 0.41218975289054716 -0.022351925838331038 -0.031249521258866261 0.046564251140762437 -0.088026575032857046 -0.00016087266608162275 -0.0062443422980557085 0.07463066922681226 -0.016737124493325841 0.029161348101396086 0.0099468267369806473 -0.09900238746704132 0.036471271023654522 0.080647379960635021 0.085330544653131266 0.062443366112951995 -0.048684645080984891 0.026667747939542866 0.018775819039745883 0.024289924290924837 0.016760975251851572 0.038952113455688775 -0.0098538601320197206 0.055587253339329651 0.040519318094510599 -0.0015300768581797311 -0.014404022572224926 -0.040443382533047328 -0.040378679595577317 0.070521687723577406 -0.053664375573818417 -0.0044973995863999963 -0.0025847128928589286 -0.00027649425884387267 0.038808035849373687 0.067600581807704938 -0.047430318678878772 -0.070796846443422629 -0.0062137559171978078 0.079403757504878103 0.13060824890555195 0.0097355138357713891 -0.035950567469477453 0.022416167000586979 0.089666885475019553 -0.028286527494457637 -0.033868444635598557 -0.064403187899151657 0.036099330918812865 0.091282431866465605 0.030856058903305568
leaf_weight=3112.515801286936 91.36460025436827 1839.3221278186247 4488.2473224866844 4520.1940732451621 993.24452497169841 2186.6116225640289 5151.5587003605615 3054.4616914247454 2279.2548023647978 3695.3430731314293 1860.4071058678092 56.09215251414571 20137.195060371538 1446.3983739807154 5400.6075532899995 1047.6710012748372 4444.2317553300527 21149.314100449585 1357.7140032363241 4153.1083892682509 2039.4294864497497 622.59908887918573 917.82302247395273 3121.226332839753 227.31001914554508 254.62589904421475 314.01329308751156 3883.9745300033828 869.96449932060204 3032.9856751993066 393.55781462765299 631.47461304953322 2028.8681159544503 16252.269848025229 2281.791540201375 7001.5116085383052 18732.709953204292 4393.1239198763797 1177.6421879720292 3865.9009673035762 2969.7398053955985 824.8439005294349 27577.309158589516 1330.9483332529198 13368.854779205169 439.64918677939568 1283.5261369921791 778.84113167587202 912.29907407274004 1124.3580239120638 617.57161643719883 630.96085504977964 5675.412935343018 6719.8472363529436 3515.990683636046 189.27927444310626 212.60803725104779 5419.0555868685187 793.43068476810004 2012.7228832488763 35.595086994871963 1434.8754875448649
leaf_count=8039203 14289 45929 181534 1461747 55261 76451 70843 131856 78387 177335 1399392 1658 439843 12527 98844 13649 50188 787074 15798 66402 92227 7056 186353 33064 7794 114838 102305 77228 23786 151794 27472 36360 24663 487168 99323 203747 722601 184499 71163 209869 125087 566093 669984 252475 387348 21592 36958 37018 28379 36629 19237 6266 1009708 1170245 38952 1491 49994 142151 114864 144127 1342 93323
internal_value=-0.000317643 0.000893755 0.000438312 0.0052862 -0.00341979 -0.00285219 0.00379392 0.0362284 0.022974 -0.00832348 -0.00621626 -0.00929817 -0.01253 0.0258894 -0.00423632 0.0143056 0.0254712 -0.00732683 0.00184754 0.00225161 0.0459028 -0.0515066 0.00193699 0.0461987 -0.0418404 0.144585 -0.0681693 -0.0102281 -0.0348953 -0.00643064 0.0142736 -0.017447 0.0111511 -0.0116067 0.00588644 0.00438574 0.000502581 0.0206315 0.00294384 -0.00817583 0.011539 -0.0216504 -0.0073202 -0.041937 0.0137207 0.0249287 0.0109805 0.0184453 -0.0351537 0.035187 0.00952369 0.0897672 0.0165725 -0.0450853 -0.00215884 0.15426 0.0758653 -0.0158589 -0.0284337 0.00448339 0.287606 -0.00326082
internal_weight=242375 238124 235739 104469 131270 130277 58822.9 11673.4 9486.82 71453.7 67758.4 61823.7 58421.6 5934.65 47149.4 11515.1 9844.84 49614 26023 6432.36 2385.42 1670.27 99735.9 3402.19 8807.56 345.99 4251.37 35634.3 4753.94 30880.4 6176.08 23591 3453.77 24704.3 69909.9 66503.7 53674.2 12829.5 51834.9 22598.6 29236.3 1138.86 29826.1 2248.77 28058.6 12677 9707.3 8355.35 1351.95 3406.15 7071.83 1024.52 6292.98 8580.25 24665.3 280.967 4732.8 21671.3 1424.91 15381.6 91.6872 5828
internal_count=21034783 12327182 12105828 6097090 6008738 5953477 1509541 353096 276645 4443936 4266601 4072540 4034985 194061 1156445 169737 149032 1457554 841824 144789 221354 20705 4585349 37555 2577431 129127 8707601 986708 101014 885694 104581 615730 175887 781113 3476537 3340585 2859016 481569 2813087 932470 1880617 668398 1108812 438828 1809454 1277979 1152892 1102921 49971 135952 1065963 33738 1028945 2569637 826026 4491 1511741 629319 151224 531475 3000 277822
is_linear=0
shrinkage=0.1


Tree=66
num_leaves=63
num_cat=0
split_feature=7 11 0 9 30 29 19 12 24 2 25 3 25 0 25 2 2 27 18 27 4 18 0 28 24 4 0 9 7 19 30 32 8 25 34 28 2 0 13 3 4 0 19 24 24 2 8 9 28 35 25 24 4 24 25 8 8 0 0 0 27 34
split_gain=1733.9 453.028 438.047 1063.38 429.095 715.506 527.039 929.465 688.923 1024.79 437.497 661.817 877.974 538.049 469.601 436.511 418.282 398.076 377.413 364.725 356.242 347.536 328.171 327.621 358.809 349.13 415.301 322.144 320.836 303.426 301.854 282.99 325.378 324.441 501.785 484.273 408.64 801.41 667.2 513.692 492.672 464.369 425.351 364.125 356.762 473.002 398.511 336.456 285.653 300.225 266.135 319.741 326.083 260.526 260.264 258.199 258.181 257.284 251.495 293.59 253.607 281.072
threshold=44.163812637329109 2.5000000000000004 99.494949340820327 0.43650794029235845 12.500000000000002 21.500000000000004 0.19785324484109881 1.0000000180025095e-35 2.5000000000000004 92.422504425048842 4.5000000000000009 60.158729553222663 2.5000000000000004 30.341388702392582 5.5000000000000009 26.158231735229496 56.070175170898445 19.500000000000004 6.5000000000000009 1.5000000000000002 0.82438319921493541 2.5000000000000004 87.007671356201186 295.50000000000006 3.5000000000000004 0.88335323333740245 85.201290130615249 0.13392857462167743 69.928676605224624 0.17088134586811068 14.500000000000002 14.500000000000002 69.584369659423842 2.5000000000000004 0.3235775232315064 108.50000000000001 81.120250701904311 89.512962341308608 1.0000000180025095e-35 96.49015045166017 0.93338736891746532 90.815368652343764 0.4445976465940476 3.5000000000000004 2.5000000000000004 57.93287658691407 46.182983398437507 0.11805555596947671 1.5000000000000002 1.5000000000000002 3.5000000000000004 2.5000000000000004 0.91112279891967785 3.5000000000000004 3.5000000000000004 64.624767303466811 32.315462112426765 68.457099914550795 91.922958374023452 96.449581146240249 40.500000000000007 1.2608777284622195
decision_type=8 2 2 10 2 2 2 2 2 2 2 2 2 2 2 2 2 2 8 2 2 8 2 2 2 2 2 8 8 2 2 2 8 2 2 2 2 2 2 2 2 2 2 2 2 2 8 10 2 2 2 2 2 2 2 10 10 2 2 2 2 2
left_child=27 2 4 19 6 18 8 31 9 21 11 13 15 -10 53 -13 -15 -11 30 28 -14 29 -7 24 -9 26 -26 -1 -4 -2 -6 33 -33 34 -8 44 37 38 42 41 -41 -38 50 -44 46 -46 47 -36 -42 -50 57 52 -52 -12 -45 -25 -29 -35 -48 60 -60 -62
right_child=1 -3 3 -5 5 22 7 23 10 17 14 12 20 16 -16 -17 -18 -19 -20 -21 -22 -23 -24 55 25 -27 -28 56 -30 -31 -32 32 -34 36 35 -37 39 -39 -40 40 48 -43 43 54 45 -47 58 -49 49 -51 51 -53 -54 -55 -56 -57 -58 -59 59 -61 61 -63
leaf_value=-0.086677047356400305 -0.0017667140146654593 -0.053451079005194649 0.16309185956236982 0.084683788370363194 0.018109969442070641 -0.010575424488672255 -0.075378722960739747 0.049955180181322556 -0.0039423628542789172 -0.096526707454306304 0.073059590417679759 -0.042457848323909531 -0.075723667302151021 -0.065933250476930577 -0.049583229177203446 0.085207588407695878 0.15041751071067899 0.081472521968268041 -0.010709101255123475 0.0020004081148528963 0.0072639706325712192 -0.027264501499704465 0.033657602534299079 -0.13666734442286663 -0.051474094544707596 0.042578525941573055 -0.38370371957245702 0.028712749483008844 0.034412154267172333 -0.054461558034928893 0.047502361237918095 -0.086973018133020052 -0.0025620930980573301 0.0057778475213473577 0.0064876781649803889 -0.019518618906035956 0.010743986343951023 0.098960912621643471 0.066172990704038273 0.082674572972008822 -0.038838753777634551 0.080005170349533805 -0.098098910589277583 0.058972154847419481 -0.059653750803934896 0.045166773307824606 0.0010472403844153846 0.063739475157436679 0.014021925430378904 -0.011430358574926832 0.035398026655644572 -0.021057021402076399 0.23920953745778528 -0.042891348548183529 -0.073691252945285932 0.053240386345430969 -0.060651365749159483 -0.053894908522290966 0.025419414677589205 -0.069918729588765272 -0.0066205748896205332 0.17463763808412494
leaf_weight=2592.5547520061082 15529.763469453377 1532.6898056721548 226.91662489270675 2020.3623184614116 19555.67272963727 17561.274838472862 783.4793849029229 5846.4944209125824 7180.0405106800317 2068.680414946808 1961.1639007493504 305.12595567665994 647.39931686298223 2398.9818567711627 460.19316487931064 2190.7166537423618 92.819327220204286 133.76451300736517 3765.4833416423644 13295.751065723569 2573.4650216644222 13027.964197717345 1854.4011377280985 189.61574086127803 376.91110519139329 444.96654924959876 41.798419103724882 520.64400608863798 1326.0363624370657 1175.4505019122153 4254.1236287721258 817.31642113690032 1034.8699034663732 961.39358292325051 2009.8726924585644 7089.8351227002859 5332.470996183838 483.89101920463145 622.39721965356148 594.3120641237183 2950.9830171008653 1182.7205410038296 1835.5835116020462 293.44876803038642 479.14385726393084 4240.2035438729217 44183.995473433024 2097.9273643507622 5851.9687443918374 22274.064082530356 350.36441450653365 955.25953006543568 101.16680295622791 215.02287696389249 298.11102210418903 115.02103148051538 852.90584239480086 2908.2121354143019 3598.2835031648283 294.26828648490482 131.15839670973946 246.02377037703991
leaf_count=7831412 426664 483878 4099 754679 857653 1145593 155464 956196 551880 18630 54882 6787 12868 1047412 21140 65495 1646 3220 666343 255200 58002 1755673 50150 9947 12777 93452 951 212983 107481 16097 187266 108494 25047 112193 270258 184304 69550 5888 6894 8269 45660 17184 73099 5697 59532 72967 674663 48693 75389 402398 14744 57307 1129 14051 12967 31698 662354 84651 44904 3316 4972 4391
internal_value=-0.000360857 0.000739382 0.00109306 0.0166179 -0.00010844 0.00835491 -0.00243448 0.00113283 -0.0110754 -0.0198975 0.00455507 -0.00189339 0.025081 -0.0178371 0.0421947 0.0696 -0.0578742 -0.085716 0.0187091 0.00735667 -0.00941669 -0.0150221 -0.00635071 0.0364627 0.0410674 -0.0190967 -0.0846395 -0.0659326 0.0532148 -0.00547455 0.0233615 -0.00104108 -0.0398102 -0.000400804 0.00416722 0.0051354 -0.00673376 -0.0261475 -0.0334186 -0.0022549 -0.0075154 0.0233172 -0.041465 -0.0761107 0.00818691 0.0345246 0.00582212 0.0357272 -0.00924018 -0.0061347 -0.025528 0.0117198 0.0810626 0.0616028 -0.00788233 -0.0649643 -0.0267779 -0.0390694 0.00328683 0.0264626 0.0335968 0.111608
internal_weight=240337 236371 234838 16869.1 217969 46991 170978 121018 49960.6 31935.6 18024.9 15388.5 5716.71 9671.84 2636.38 2495.84 2491.8 2202.44 27575.3 14848.7 3220.86 29733.2 19415.7 7014.81 6710.17 863.676 418.71 3966.1 1552.95 16705.2 23809.8 114003 1852.19 112151 65154.2 64370.7 46996.3 8809.83 8325.94 38186.5 31671.3 6515.19 7703.54 2427.14 57280.9 4719.35 52561.5 4107.8 31077 28126 5276.4 1406.79 451.531 2176.19 591.56 304.637 1373.55 3869.61 48453.7 4269.73 3975.47 377.182
internal_count=21028583 12321834 11837956 1121459 10716497 2907005 7809492 3755045 4054447 2220284 1834163 1744090 143152 1600938 90073 72282 1049058 21850 1711262 366780 70870 2198434 1195743 1105021 1063376 107180 13728 8706749 111580 442761 1044919 2650024 133541 2516483 1523464 1368000 993019 374569 368681 618450 531716 86734 361787 91763 1183696 132499 1051197 318951 523447 477787 270024 73180 15873 68933 18664 41645 875337 196844 732246 57583 54267 9363
is_linear=0
shrinkage=0.1


Tree=67
num_leaves=63
num_cat=0
split_feature=7 32 8 8 9 0 25 8 34 21 7 8 7 22 3 16 9 7 0 34 11 0 26 9 9 9 7 3 7 7 11 20 11 25 11 7 1 16 18 7 7 34 1 9 26 33 0 1 20 7 20 8 9 11 8 1 8 7 22 26 32 19
split_gain=1502.57 458.868 429.737 424.852 414.072 395.936 607.346 396.057 336.338 369.365 1045.74 516.893 397.453 325.305 322.705 313.535 313.158 302.412 701.811 413.916 524.851 459.109 440.172 745.837 393.791 389.249 405.692 567.626 392.127 386.353 633.061 586.415 327.42 307.225 287.705 286.975 283.85 271.198 256.293 250.951 295.035 311.42 246.592 292.077 245.114 234.72 223.417 355.525 222.742 298.664 252.344 215.471 214.962 250.908 271.517 244.874 240.821 230.449 214.016 213.22 236.653 211.783
threshold=43.341543197631843 14.500000000000002 69.584369659423842 35.205635070800788 0.087121214717626586 7.1858863830566415 3.5000000000000004 98.496154785156264 0.33884736895561224 1.0000000180025095e-35 69.928676605224624 91.813587188720717 95.67297744750978 1.0000000180025095e-35 10.128205299377443 1.0000000180025095e-35 0.13392857462167743 96.92779922485353 99.494949340820327 0.99999985098838817 1.0000000180025095e-35 44.315244674682624 1.5000000000000002 0.23611111193895343 0.64583334326744091 0.4083333313465119 81.729778289794936 62.622549057006843 61.925832748413093 93.84250640869142 1.5000000000000002 0.84567934274673473 1.0000000180025095e-35 1.5000000000000002 1.5000000000000002 57.207792282104499 6.5753917694091806 5.5000000000000009 1.0000000180025095e-35 98.19000625610353 94.349296569824233 0.84783700108528148 98.61084365844728 0.92582416534423839 1.0000000180025095e-35 0.555497705936432 65.166835784912124 51.744421005249031 0.95146238803863536 97.642425537109389 0.74851745367050182 96.67456436157228 0.64583334326744091 1.0000000180025095e-35 72.234458923339858 91.024166107177749 89.294017791748061 81.729778289794936 1.0000000180025095e-35 1.0000000180025095e-35 11.500000000000002 0.21734297275543216
decision_type=8 2 8 8 10 2 2 10 2 2 8 10 10 2 2 10 10 8 2 2 2 2 2 10 10 8 10 2 10 10 2 2 2 2 2 10 2 8 8 8 10 2 2 8 2 2 2 2 2 10 2 10 10 2 10 2 10 10 2 2 2 2
left_child=16 3 -3 4 -2 6 14 8 -7 10 13 15 -13 37 -5 39 -1 18 19 20 25 38 23 44 -24 26 27 58 -29 52 31 -31 -20 -27 42 -6 -16 -10 -21 40 41 -12 -9 -44 -22 -43 -18 -48 49 -14 -51 -50 53 55 -55 57 59 -23 -11 -56 -61 -35
right_child=1 2 -4 5 35 7 -8 34 9 17 11 12 48 -15 36 -17 46 -19 32 21 22 29 24 -25 -26 33 -28 28 -30 30 -32 -33 -34 61 -36 -37 -38 -39 -40 -41 -42 45 43 -45 -46 -47 47 -49 51 50 -52 -53 -54 54 56 -57 -58 -59 -60 60 -62 -63
leaf_value=-0.086427672551257662 -0.0043581020513343751 -0.091336994854864198 -0.0054156953960859365 0.016306187376542974 0.13945883147602997 -0.036959479576263457 -0.10043131843743276 0.011727435995866582 -0.015722796293567827 -0.075824815275397597 -0.017614171432351625 -0.038942439831249162 -0.014045186612759233 0.080669469399506255 -0.116657511898398 0.011335446302753242 -0.080246788664385116 -0.005384124751229632 0.096063692998809513 0.0044270690277324939 0.056761624484697709 -0.077539899292569769 -0.023439442851100119 0.080873302445287731 0.039607285983286521 0.04947139987690205 0.099792782012499054 0.27934855815053083 0.0533604646444647 0.064969898899118528 0.10029925769952833 0.0022759545995138211 0.029763864489284704 -0.0023717519647316917 0.18340852233206301 0.046149528073190796 0.0092124388430342204 -0.082140822178424638 -0.033263841057534924 0.0065234863676202548 -0.02380308904391017 0.010781994235333272 0.0070853932558715658 0.093541921565952993 0.00059096119789031263 -0.031237618494603797 1.8872792390175754 0.0057665839921968304 -0.0096703713948093125 0.057178717061136808 0.0052420993491736094 -0.051621984903894615 0.021323774080532425 0.0067933119677312491 0.036940906102798383 0.058006992852936604 0.010794136621175917 0.031695136810034656 0.093143289305770746 -0.02343769493476687 0.020303028347502576 0.072284494697966814
leaf_weight=2322.3530516011815 1457.3222374481265 1037.8035472494958 1325.676165013283 1758.8859393133607 418.22774044185644 2415.9617354042421 962.86641750001581 10321.584687462891 824.71948017232353 470.35700141088455 8275.9479109504027 5446.8919784332684 5987.6159183866694 160.3800103472895 418.11900654080091 24274.364472197136 449.7676944626146 24096.18913519918 1131.9302838775038 2666.0885366424918 873.28717590228189 324.41774066630751 6071.7469896604598 1640.9883409369213 1183.8624929197249 2558.6346538254584 1573.0007547913701 97.166448071278865 365.98254123592051 1824.3132387193618 921.81143567402614 8189.1147591436165 2178.3183006154723 3684.1939541847096 105.26022847893182 1555.4679682742862 313.49098582894658 2414.9522592962021 5580.1311843562289 19270.651127021411 8564.1770573427493 13354.192354251281 717.05660086451098 858.68562253727578 7036.5603446748282 1476.3325449749827 1.0055725412967138 782.29239227980725 3533.6470261554932 1297.582020349917 3352.5851560364245 1873.3884547277703 4108.4975641117489 12130.272444794828 693.85732525383355 1276.6297914139286 3737.7791711660684 477.23585969494889 89.172808188595809 14461.367445311509 1352.6081745922565 423.67414075453416
leaf_count=7619923 310575 147800 29820 41826 84953 354111 60818 237845 114460 491965 1055803 173299 122959 38297 15493 582223 626763 540183 354307 54840 80248 12323 834062 94574 22164 107017 108876 11128 5466 43043 11679 390380 155462 577065 802 55444 8151 1271206 247592 573446 234784 341666 8165 316259 940839 21187 232 141215 129671 32411 95697 36001 245838 488749 6487 71212 37267 17135 5768 167688 13075 15315
internal_value=-0.000279692 0.000696527 -0.0431437 0.00114194 0.0360705 0.000619069 -0.0329852 0.00113313 0.000140565 0.000564706 -0.00384194 -0.00192551 -0.0156025 -0.0583507 -0.00690946 0.00198247 -0.0648022 0.00453109 0.0072734 0.00548971 0.0159489 0.000767926 0.00541524 0.0195208 -0.0131524 0.0350623 0.0679158 0.0188851 0.100772 0.0044074 0.0209982 0.013698 0.0524349 0.0222705 0.0188089 0.0659218 -0.0627229 -0.0652329 -0.021078 -0.00247438 -0.00794932 -0.00207328 0.0173526 0.054199 0.00679249 0.00659907 -0.0240729 0.00818201 -0.007679 0.000721154 0.0197345 -0.0242054 -0.000297274 -0.00287548 -0.00503759 0.0308063 -0.0121261 -0.0125107 -0.0488962 -0.0173159 -0.0196964 0.00532809
internal_weight=238548 234993 2363.48 232630 3431.02 229199 3453.36 225745 213743 211327 100107 96707.4 21491.7 3400.05 2490.5 75215.7 3555.42 111219 87123 83812.8 26068.6 57744.1 16806.4 9550.84 7255.61 9262.18 2595.68 1022.68 463.149 49497.9 10935.2 10013.4 3310.25 6666.5 12002.6 1973.7 731.61 3239.67 8246.22 50941.3 31670.6 23106.5 11897.3 1575.74 7909.85 14830.5 1233.07 783.298 16044.8 10637.8 4650.17 5407.04 38562.7 34454.2 32375.9 2078.28 20245.6 801.654 559.53 16507.8 15814 4107.87
internal_count=21035052 12646919 177620 12469299 450972 12018327 126288 11892039 11328968 10974857 4823110 3399147 590038 1423963 65470 2809109 8388133 6151747 5611564 5101795 3294487 1807308 1971887 1115661 856226 1322600 623203 514327 16594 1504876 445102 433423 509769 699397 563071 140397 23644 1385666 302432 2226886 1653440 1418656 562269 324424 1021087 362853 768210 141447 416739 251067 128108 165672 1059774 813936 713266 100670 224517 29458 497733 187250 180763 592380
is_linear=0
shrinkage=0.1


Tree=68
num_leaves=63
num_cat=0
split_feature=7 8 0 34 25 2 1 24 3 1 22 1 18 0 25 3 4 19 25 24 2 33 2 13 2 4 1 3 31 24 25 19 27 0 25 24 0 27 2 32 4 3 34 1 34 19 26 3 3 7 8 3 4 3 1 3 19 3 10 24 24 0
split_gain=1341.67 365.883 360.444 701.615 410.4 672.672 480.216 435.881 593.675 936.027 662.149 1983.97 846.643 658.781 644.168 411.498 720.82 454.067 390.897 1617.77 928.832 734.131 635.87 651.418 562.781 800.637 705.258 556.416 477.946 698.172 637.559 404.662 670.119 402.453 391.047 602.358 476.155 383.075 374.832 370.709 355.1 353.226 346.836 335.82 332.22 507.037 346.655 332.131 387.033 328.727 326.984 325.646 600.468 327.17 324.832 661.954 321.843 316.756 310.29 304.31 300.876 300.087
threshold=45.954339981079109 25.324894905090336 91.922958374023452 1.922174394130707 1.5000000000000002 20.169491767883304 20.144927978515629 1.5000000000000002 8.081632614135744 8.4806714057922381 1.0000000180025095e-35 75.162338256835952 4.5000000000000009 8.9220566749572772 3.5000000000000004 47.165775299072273 1.0000000180025095e-35 1.0000000180025095e-35 2.5000000000000004 2.5000000000000004 69.282051086425795 0.65685600042343151 84.561214447021499 1.0000000180025095e-35 88.185440063476577 0.916710525751114 83.414241790771499 89.512962341308608 0.5562293827533723 3.5000000000000004 3.5000000000000004 0.21428121626377108 14.500000000000002 87.007671356201186 3.5000000000000004 2.5000000000000004 68.020618438720717 31.500000000000004 68.237251281738295 13.500000000000002 0.9238238036632539 9.1966171264648455 0.38280360400676733 86.391696929931655 0.99999985098838817 0.43495622277259832 1.5000000000000002 88.416816711425795 98.147510528564467 36.316532135009773 37.850957870483406 38.799283981323249 0.55837541818618786 48.714567184448249 11.189358234405519 14.55026435852051 1.0000000180025095e-35 12.632978916168215 1.0000000180025095e-35 1.5000000000000002 3.5000000000000004 5.7556936740875253
decision_type=8 10 2 2 2 2 2 2 2 2 2 2 8 2 2 2 2 2 2 2 2 2 2 2 2 2 2 2 2 2 2 2 2 2 2 2 2 2 2 2 2 2 2 2 2 2 2 2 2 10 8 2 2 2 2 2 2 2 2 2 2 2
left_child=1 49 4 50 5 6 51 -6 13 14 11 12 47 37 61 16 54 -18 19 20 40 -21 23 28 25 56 -26 33 29 -20 -31 32 -28 58 36 38 -30 -9 -36 42 -13 -16 -7 -23 45 46 -44 -11 -49 -1 -4 -2 53 -53 55 -12 -22 -56 -24 -8 -38 -10
right_child=2 -3 3 -5 7 39 59 8 9 10 15 18 -14 -15 41 -17 17 -19 22 21 24 43 27 -25 26 -27 31 -29 34 30 -32 -33 -34 -35 35 -37 60 -39 -40 -41 -42 -43 44 -45 -46 -47 -48 48 -50 -51 -52 52 -54 -55 57 -57 -58 -59 -60 -61 -62 -63
leaf_value=0.0011911703901231929 0.016246003130971798 -0.067648054557225848 0.067839689077541135 0.070922537956113474 -0.031752762378989628 -0.042460589590208847 0.030092538667347651 -0.084125608475397462 -0.076923521430966146 -0.03209898291993267 0.010700706307680453 -0.082224284855458379 -0.078793641341721482 -0.058072115897010938 -0.037656975379241286 0.074567328824676912 -0.13569208211178502 0.10067894821819934 -0.08089292394152732 0.075778808398969444 -0.07165713160327318 0.073412880818796489 0.0011452739568180268 0.041874914475580553 -0.057106546229144933 0.07942548053760369 -0.07815989502023217 -0.005433421995704896 0.023057966671833779 0.077606711173162271 -0.065978844273925322 0.0032486351485753353 0.08140122587772225 0.095519955499946366 0.016488447722449066 -0.014879087082455481 -0.04493334171703469 0.064155657492149257 0.14619602215432706 -0.056563464831220239 0.076325951853888158 -0.11869547656819626 0.042445786661705211 -0.023157124971653079 0.0097180071206224346 0.13094565663525692 0.0071923042629255685 0.066011025287281866 -0.06499246281383779 0.28405592570683996 0.0051838140912012914 -0.022669482367427593 0.070864390941389785 -0.12915135481502668 0.0066756036692023867 -0.10124173024124759 0.015922297831640342 0.057788779984279837 0.053762271705267019 -0.056077822283654793 0.063318322665741653 0.0049535813068478114
leaf_weight=275.99025763294776 4167.2634644923091 3567.3662082806841 851.65199476422276 1771.2677061023423 5269.4103226434963 1003.6747274323134 471.22560712476843 185.17856869433308 573.22369987578713 6342.6489349128096 15218.834536846465 1752.8242321801954 4372.7985805935459 611.78621893457603 900.19001850267523 1059.4305760694842 502.05534881685162 96.966661923885113 3208.3255407182151 4332.1577309090935 560.51318883238127 482.14648259690148 3320.4147021378158 1434.8988453978382 2182.9426347067056 2150.6408129061456 1345.9647900565178 21895.938415707118 1428.6792692556046 633.55525548552396 604.11330348750926 39643.77974579201 327.19042815366993 794.28922460123431 442.36832402012078 2324.8706293155265 6378.5910455295525 2945.4565645077673 448.86006095760968 730.33865866562701 153.64134363253834 1336.2855379803805 6126.7030715381552 1422.5690478121105 21109.533425700327 483.82284108642489 5120.4844825564069 770.56476192001719 318.8291983823292 48.270103988732444 37868.967304721329 604.15604884564527 383.52282579260645 552.36644206475466 2103.0321735523175 547.24368856934598 1669.1096258764155 2863.0166915124573 1691.8202525456436 3145.3249401060457 267.5235201412579 2043.0852423577744
leaf_count=510169 79367 8753400 44819 652805 404078 122561 21398 20634 21345 1526881 261046 52573 3272592 12168 33124 14631 24044 1197 113527 141658 6928 13603 38005 32384 67971 44300 16770 518795 42078 13918 20475 996860 8163 22909 21908 72527 159760 38579 13775 69589 2497 68504 345480 21277 532406 15095 222910 11084 5586 32300 984440 12219 5393 13064 34701 10787 26490 39455 70320 217823 7223 47336
internal_value=-0.00017115 -0.0584037 0.000800013 0.00937729 -0.00100086 0.00749669 -0.0163406 -0.00350513 -0.00246921 -0.00352035 -0.00197031 -0.00509083 -0.04388 0.0368376 -0.0466708 0.0137368 0.0107156 -0.0974295 -0.000552568 0.00501806 -0.000996449 0.0530296 -0.00750724 -0.0226267 0.00172907 0.0358944 -0.00171124 0.0018648 -0.028508 -0.0562802 0.00752176 0.00121552 -0.0469572 0.0293858 -0.0175722 0.0119162 -0.0293171 0.0553847 0.0818146 0.013925 -0.0694468 -0.0860772 0.0154461 0.00128794 0.0172159 0.030708 0.026396 -0.0233379 0.0276707 0.043299 0.00656192 0.00172493 -0.0375682 -0.0735263 0.0138402 0.00681516 -0.00609462 0.0361433 0.0189055 -0.0448501 -0.0405759 -0.0129854
internal_weight=237240 3891.63 233348 40491.9 192856 43898.4 9323.86 148958 143688 139946 135093 112703 11804.8 3742.42 4852.78 22390.6 21331.1 599.022 100898 56023.5 49786.6 6236.87 44874.2 17171.8 47880.1 4380.26 43499.9 27702.5 15736.9 4445.99 1237.67 41316.9 1673.16 5806.52 11290.9 3216.1 8074.79 3130.64 891.228 34574.6 1906.47 2236.48 33844.2 1904.72 32840.5 11731 11247.2 7432.04 1089.39 324.26 38720.6 5707.31 1540.05 1156.52 20732.1 15766.1 2229.62 4966.05 5012.23 3616.55 6646.11 2616.31
internal_count=21029704 9295869 11733835 1682064 10051771 1657305 349264 8394466 7990388 7919007 7748698 7362837 4816143 71381 170309 385861 371230 25241 2546694 1399090 1222552 176538 1147604 497575 1167482 77718 1089764 650029 465191 147920 34393 1021793 24933 131234 317271 108210 209061 59213 35683 1308041 55070 101628 1238452 34880 1115891 583485 568390 1543551 16670 542469 1029259 110043 30676 25283 345989 271833 33418 74156 108325 239221 166983 68681
is_linear=0
shrinkage=0.1


Tree=69
num_leaves=63
num_cat=0
split_feature=7 11 8 29 32 11 18 30 1 9 2 13 29 24 7 29 2 32 9 9 30 21 19 19 18 2 30 4 1 2 1 7 7 24 1 7 2 7 34 1 28 30 15 24 28 32 4 3 32 28 2 1 16 9 26 2 27 8 1 7 2 31
split_gain=1177.04 365.089 334.378 343.494 764.972 355.517 354.415 326.694 562.141 1006.86 567.112 619.232 541.083 448.66 409.061 398.13 344.441 329.138 316.337 315.468 289.35 280.324 278.365 672.79 374.842 349.935 344.174 426.294 560.794 303.955 306.933 273.206 270.463 253.567 527.351 252.417 249.277 246.674 245.497 242.052 230.157 226.868 224.004 223.257 304.952 247.971 244.137 218.2 209.254 200.441 198.736 193.929 222.694 190.896 284.123 186.287 185.927 197.452 184.034 183.23 181.862 180.474
threshold=44.163812637329109 2.5000000000000004 36.012422561645515 15.500000000000002 5.5000000000000009 1.0000000180025095e-35 4.5000000000000009 12.500000000000002 98.61084365844728 0.92582416534423839 98.07621002197267 1.0000000180025095e-35 21.500000000000004 2.5000000000000004 69.255905151367202 20.500000000000004 81.418708801269545 4.5000000000000009 0.087121214717626586 0.13392857462167743 13.500000000000002 1.0000000180025095e-35 0.1933449059724808 0.17088134586811068 1.5000000000000002 84.29276275634767 3.5000000000000004 0.99782609939575206 66.312053680419936 97.01425933837892 92.63776016235353 75.766986846923842 58.476053237915046 2.5000000000000004 91.922958374023452 64.549732208251967 93.788581848144545 98.19000625610353 1.873701333999634 91.024166107177749 1415.0000000000002 14.500000000000002 1.0000000180025095e-35 2.5000000000000004 8.5000000000000018 1.5000000000000002 1.0000000180025095e-35 94.201679229736342 3.5000000000000004 1.5000000000000002 72.065574645996108 90.366767883300795 3.5000000000000004 0.23611111193895343 2.5000000000000004 40.22472000122071 12.500000000000002 27.792633056640629 97.01425933837892 77.563388824462905 86.616912841796889 0.88416638970375072
decision_type=8 2 8 2 2 2 10 2 2 10 2 2 2 2 10 2 2 2 10 8 2 2 2 2 8 2 2 2 2 2 2 8 10 2 2 10 2 10 2 2 2 2 2 2 2 2 2 2 2 2 2 2 10 10 2 2 2 10 2 8 2 2
left_child=19 2 18 4 6 -6 -4 8 15 10 11 13 17 60 21 22 42 20 -2 -1 -9 -11 23 24 36 -25 33 28 55 30 -30 -17 -20 34 -24 -26 -5 49 -39 -21 -34 50 -15 44 46 -45 -37 -18 -8 -12 -14 52 -35 -3 -55 -28 57 -41 -31 -32 -10 -46
right_child=1 53 3 7 5 -7 48 12 9 14 37 -13 41 16 -16 31 47 -19 32 39 -22 -23 26 25 35 -27 27 -29 29 58 59 -33 40 51 -36 43 -38 38 -40 56 -42 -43 -44 45 61 -47 -48 -49 -50 -51 -52 -53 -54 54 -56 -57 -58 -59 -60 -61 -62 -63
leaf_value=-0.083533861273142843 -0.0027361573003227436 -0.065378184209955198 0.029171947676270474 0.0062288194653775239 0.025158966112195397 -0.029442098493324978 0.04128329357789378 0.012587910638270009 -0.065518126178250841 -0.14603230299576392 -0.024645386895489965 0.043957827754670269 -0.039938913988323055 0.08340248060962481 0.080428115028739464 -0.07078378108057265 -0.10644717689215755 -0.00085983441638065334 0.12025968592780614 -0.065495796456960659 0.037680560451966209 0.032288074780534262 -0.010808848651939802 -0.020559054969141562 -0.072453764577571564 -0.097342318012488632 0.015612700844347863 0.10016502002588085 0.0091036377785030376 -0.11036620945212612 0.14838407137551612 -0.02083129721421767 0.039761523996512282 0.0078892886367794013 0.044833318974613255 -0.073248382003454696 -0.059932471749492781 0.066726713808785768 0.0065376032776820643 0.21126964688202535 -0.34351495060996368 -0.00064523461527342136 0.0019633994023556881 -0.024371993952009494 0.080408001268851559 0.011559775887454654 -0.026954598286798366 -0.023832141459285416 0.14353660326381931 0.0044528615368193856 0.019664931838104718 -0.03815348904072563 -0.074416019467403796 0.12082855719284889 -0.10310474605646731 -0.066432846764680503 -0.031944594956332652 0.031145897991981447 0.016038564692361104 0.03939331734901285 0.040427840394988479 -0.0092142886850343497
leaf_weight=2054.5577121096285 1654.4990756404004 1215.2351154476637 6830.1009088574501 15174.16405881937 1741.2822562422371 3783.8025501020602 354.69193989204359 10686.780089193722 3146.7521137380973 136.80920542520471 2459.6871230086836 1243.8384893100301 2917.016439833882 433.20576364453882 2258.3861334545072 1267.3926248386124 368.41695724637248 7990.1234036432579 494.83052789189969 609.35001225504675 8062.4413098948135 247.89742448600009 8729.1924828116171 1079.8117120132665 770.04019909410272 1318.0425728484988 353.44337124591402 509.20114471958368 13776.040693468909 315.65600601545884 164.30156064761104 8045.0363835809112 1667.1697434112721 2327.0884995395754 2116.2368794077483 1381.1197191185202 591.68047060351819 1247.6102098925039 1483.3740004153224 80.095865196868544 15.816129799582994 15352.572749679763 1532.7304321115371 2982.0044925323455 232.678548683587 5396.1507007422624 6502.6665826136013 2417.4017931421986 459.27818858672981 63021.673035579908 692.13979587637004 4136.5441909799702 382.81935808008711 143.91767823605915 93.449063991836738 1275.1946516973549 324.16318126529222 253.38137307958095 181.35122089201468 2520.5661783579271 170.81645498544094 6544.2918447531702
leaf_count=7829117 313289 461963 350319 384444 135369 179971 24897 376589 98773 3602 27832 13489 154680 11071 1148630 251119 5987 994824 85749 768684 261521 12282 283203 16687 1011977 13369 63129 49686 396690 4007 4642 231051 60287 86881 62399 100269 9735 77731 68486 2963 348 982560 40239 119501 4310 708573 779104 55072 26823 1020849 17521 106475 41681 8191 13822 183400 73759 30557 5414 71974 2253 299368
internal_value=-0.000225073 0.00061973 0.000934073 0.000439789 0.0161149 -0.0122341 0.0366053 -0.000525085 -0.00256175 0.00349689 0.00142762 -0.0217194 0.00697257 -0.0318431 0.0641912 -0.00807665 -0.0121406 0.0161354 0.0302265 -0.0593328 0.0233781 -0.0311261 -0.00576475 -0.0113305 -0.00821403 -0.062765 0.000585432 0.00989559 0.00742255 0.0128056 0.0151319 -0.0276297 0.0552683 -0.00946349 4.84446e-05 -0.0161336 0.00374584 0.00458793 0.0340341 -0.0200882 0.0361596 -0.0059487 0.019909 -0.0142512 -0.0216928 -0.00122928 -0.0350646 -0.0347578 0.0989792 0.00335984 -0.0285085 -0.0245313 -0.0037377 -0.0493566 0.0326681 -0.0486275 0.0219852 0.0744087 -0.0642428 0.0460631 -0.0600631 -0.00613722
internal_weight=235718 232396 230944 227112 13169.2 5525.08 7644.07 213942 168241 80168.6 77525.5 9313.16 45701.1 8069.32 2643.09 88072.7 4751.75 26739.3 3832.32 3321.55 18749.2 384.707 78760.3 41972.7 39574.8 2397.85 36787.6 19095.8 18586.6 16957.9 16460.9 9312.43 2177.82 17691.9 10845.4 23809 15765.8 68212.3 2730.98 1266.99 1682.99 18961.7 1965.94 23038.9 14660.8 8378.16 7883.79 2785.82 813.97 65481.4 3609.16 6846.45 2709.91 1452.6 237.367 1628.64 657.64 333.477 497.007 2684.87 3317.57 6776.97
internal_count=21029187 12324107 11840131 11380458 717379 315340 402039 10663079 7875384 2586296 1421782 226884 2787695 213395 1164514 5289088 112369 1632934 459673 8705080 638110 15884 4806918 3447337 3417281 30056 1359581 778942 729256 482727 473306 482170 146384 580639 345602 3023102 394179 1194898 146217 875963 60635 1154761 51310 2011125 1183051 828074 879373 61059 51720 1048681 172201 235037 128562 483976 22013 246529 107279 33520 9421 76616 101026 303678
is_linear=0
shrinkage=0.1


Tree=70
num_leaves=63
num_cat=0
split_feature=7 1 25 2 32 8 11 4 27 8 21 7 34 7 7 8 33 20 7 9 11 7 9 25 2 34 9 6 18 11 31 18 22 16 9 20 7 1 8 7 8 1 22 25 2 11 7 9 26 8 20 26 25 28 11 7 27 34 4 2 4 1
split_gain=1024.29 335.718 472.516 422.104 330.97 389.91 317.326 336.803 394.005 300.708 296.667 757.336 399.699 395.392 400.382 355.189 350.084 339.441 767.547 776.41 577.579 399.935 365.77 324.778 304.474 284.51 283.654 827.854 317.074 281.973 278.794 265.564 258.997 240.292 238.008 237.739 218.146 211.914 247.708 211.827 210.534 581.001 369.626 617.942 336.497 296.558 316.641 254.831 193.712 283.07 307.988 193.381 193.312 255.638 197.275 205.344 199.123 193.102 191.66 201.224 372.692 190.38
threshold=44.163812637329109 6.5753917694091806 3.5000000000000004 6.7231638431549081 14.500000000000002 70.615219116210952 1.0000000180025095e-35 0.87146088480949413 1.5000000000000002 98.496154785156264 1.0000000180025095e-35 65.724277496337905 0.35586874186992651 99.81412506103517 92.876655578613295 96.982700347900405 0.494359701871872 0.9610288441181184 92.60501861572267 0.64583334326744091 1.5000000000000002 97.189678192138686 0.29285715520381933 1.5000000000000002 74.322341918945327 1.5447758436203005 0.92582416534423839 1.0000000180025095e-35 1.0000000180025095e-35 1.5000000000000002 0.9999997913837434 3.5000000000000004 1.0000000180025095e-35 4.5000000000000009 inf 0.78362339735031139 54.071052551269538 98.61084365844728 99.81818008422853 93.84250640869142 76.376262664794936 80.982517242431655 1.0000000180025095e-35 1.5000000000000002 84.660633087158217 1.0000000180025095e-35 54.071052551269538 0.17424242943525317 2.5000000000000004 97.375312805175795 0.81961917877197277 1.5000000000000002 2.5000000000000004 125.50000000000001 1.5000000000000002 62.534915924072273 44.500000000000007 1.0393390059471133 0.62325635552406322 99.494949340820327 0.96255341172218334 68.208553314208999
decision_type=8 2 2 2 2 8 2 2 2 10 2 8 2 8 10 10 2 2 10 10 2 10 10 2 2 2 8 2 8 2 2 8 2 8 8 2 10 2 10 10 8 2 2 2 2 2 10 8 2 10 2 2 2 2 2 10 2 2 2 2 2 2
left_child=6 2 3 -2 9 -6 7 -1 -9 10 11 32 -12 14 16 25 24 18 19 40 26 35 -22 -21 31 -15 -19 28 -28 37 36 -13 33 -3 -18 39 -25 -11 -39 -20 41 42 43 58 -42 46 57 -46 49 -16 -51 -37 53 54 55 -47 -57 -43 -14 60 -60 -45
right_child=1 4 -4 -5 5 -7 -8 8 -10 29 12 13 17 15 48 -17 34 20 21 23 22 -23 -24 30 -26 -27 27 -29 -30 -31 -32 -33 -34 -35 -36 51 -38 38 -40 -41 44 45 -44 61 47 52 -48 -49 -50 50 -52 -53 -54 -55 -56 56 -58 -59 59 -61 -62 -63
leaf_value=-0.088781351454759364 0.010538978252963615 -0.0022101288360801639 -0.1215210364342191 -0.11193320567673977 -0.084931338132728962 -0.0011853032529714688 -0.077183357732003022 0.21915473118007045 0.0010100219990536406 0.010268564737931325 -0.04022615786283687 0.010509489172920215 -0.025445007805930966 0.0064550172487749637 -0.013982634539746616 -0.04415308507463081 -0.016524050562845349 -0.026173253386817537 0.026256510222006132 0.072080548829773772 -0.018912902786098286 -0.029026873290441846 0.089958116698935553 0.1544859353750781 0.018080896644376464 0.04837579103512446 0.0091158159665179744 0.063117394233753288 -0.020594591742473783 0.18000125482205687 -0.0058801719844310358 -0.019702858420595042 0.091448632397946095 -0.082154526954018148 -0.14187624419027831 0.0401372343664613 0.036163408996335356 0.0098897504774766581 0.093411116397805194 0.070141187543294153 0.013759792440590991 0.29578301393330619 0.01836450715092363 -0.090867745674020756 -0.0048412256826144097 0.080530020681229247 0.038152102792390265 -0.028660534659775385 -0.031759868737393372 0.044015519093424174 -0.030906543255027754 0.007207453417602404 -0.00053292258335216434 -0.018386908853216258 -0.0075788540805660429 0.021241246715734637 0.074996247938498989 0.093971257416878118 0.013518500284557642 -0.05334191044720215 0.14724804681603634 -0.033432328777441407
leaf_weight=314.80293993570376 1451.7929011120723 472.06503352320578 518.70942104216374 349.07807257038075 975.36331709768274 1292.8867579404905 2243.9949073945172 101.16275800608855 456.05008870379243 10257.206180764653 2023.3642780370719 5860.6933326060243 1583.9268066824879 30286.595095325174 26916.074424148333 1324.3411821681075 5957.6226295453089 6976.9967083035735 1797.5257233950833 1846.0517031859781 448.19988751292112 1047.0740831036237 990.69867768429685 165.90788616394275 12288.85887650575 1710.40312412614 5691.1555449554289 1740.4365461706184 9738.9210853317345 104.85731522412971 1987.8235566053481 5777.4313807235449 109.57592778372054 1847.1533046871773 155.4218521740404 3642.7527983732289 2561.6336745501321 713.0715305856429 707.33321369427722 2834.0838031011226 8180.592243953346 75.407511132245418 2215.195856076316 1453.6304891498876 25410.772884962033 810.95528611139162 2104.7622199393809 5455.8870014830027 5277.9910710392869 1769.5956325409061 795.24407155945664 3493.7453713260475 7622.1404969388968 1466.5502917943231 1424.4103279761621 6091.6985627145041 776.99936062865891 127.71061395981815 1041.0377692451875 278.67385285312776 260.55877534562023 957.0963130054879
leaf_count=761219 36775 96812 44084 13645 137899 29243 7508422 55600 382700 238243 305168 274138 310238 678684 710742 22620 197842 194491 51803 94990 60801 28624 22501 12073 279861 358117 124359 650332 274046 838 367701 925596 35174 1212903 5049 100953 203688 18200 306420 84724 479735 15887 125139 1689003 333660 117694 79885 64400 112324 36182 12444 77883 206239 84042 126867 53847 8368 3325 53094 35722 7708 93347
internal_value=-0.000338634 0.000428788 -0.0374236 -0.0132008 0.000812329 -0.0371967 -0.0572902 -0.00609818 0.0406145 0.0011927 0.000339767 -0.00362232 0.00382445 -0.00225688 -0.00680898 0.00659544 0.00164646 0.00461812 0.00760453 0.00368667 -0.00550307 0.030197 0.0560461 0.0365231 0.00710305 0.0086959 -0.00917065 -0.00226189 -0.00963635 0.0167474 0.0226025 -0.00448861 -0.0587842 -0.0658823 -0.0197111 0.0354665 0.0433606 0.0152815 0.0514817 0.0531096 0.000487088 0.00705616 -0.0161914 -0.0299222 -0.00427238 0.0158901 0.0496588 -0.00905145 -0.0141165 -0.0109578 0.0207855 0.0240161 0.0116063 0.0203595 0.0266011 0.0329408 0.0273221 0.168894 -0.000862141 0.0237776 0.040289 -0.068065
internal_weight=234360 231244 2319.58 1800.87 228924 2268.25 3116.01 872.016 557.213 226656 214873 100549 114324 98120.3 64798.9 33321.3 30040 112301 86714.6 73899.4 25586.4 12815.2 1438.9 6561.42 23927 31997 24147.5 17170.5 15430.1 11782.5 4715.37 11638.1 2428.79 2319.22 6113.04 11768.1 2727.54 11677.6 1420.4 4631.61 67338 28290.8 7790.12 5574.92 39047.3 20500.6 2307.88 30866.7 34758.9 29480.9 2564.84 7136.5 18192.8 10570.6 9104.06 7679.65 6868.7 203.118 3164.2 1580.27 1301.6 2410.73
internal_count=21034113 12326172 94504 50420 12231668 167142 8707941 1199519 438300 12064526 11500825 4958488 6542337 3613599 2554178 1059421 1682486 6237169 4910639 4566652 1326530 343987 83302 678452 1479595 1036801 1243228 1048737 398405 563701 583462 1199734 1344889 1309715 202891 315363 215761 562863 324620 136527 3888200 3010405 2314251 2189112 877795 696154 99097 398060 871692 759368 48626 178836 597057 390818 306776 179909 62215 19212 406762 96524 60802 1782350
is_linear=0
shrinkage=0.1


Tree=71
num_leaves=63
num_cat=0
split_feature=7 9 8 7 29 32 18 32 18 30 1 9 29 2 13 0 25 24 25 20 32 35 27 20 24 8 7 20 30 19 2 25 9 31 0 1 1 19 32 0 1 34 27 29 27 24 33 32 30 25 2 24 32 32 20 29 7 34 35 18 19 19
split_gain=900.925 282.082 278.52 399.276 279.347 851.896 356.682 361.635 311.577 296.182 715.868 646.65 464.264 460.769 555.421 396.285 374.665 414.776 450.846 536.069 330.414 431.034 326.572 316.556 537.668 301.566 290.18 287.718 282.379 273.42 342.409 281.435 347.153 296.891 635.283 279.448 268.678 267.889 320.897 251.761 423.393 299.31 250.612 246.249 244.565 241.337 228.385 225.665 220.044 232.947 221.702 289.896 212.366 211.281 309.026 265.485 209.146 247.906 208.674 290.76 205.892 221
threshold=43.341543197631843 0.13392857462167743 29.860438346862797 54.071052551269538 16.500000000000004 5.5000000000000009 4.5000000000000009 4.5000000000000009 3.5000000000000004 11.500000000000002 98.61084365844728 0.92582416534423839 20.500000000000004 98.07621002197267 1.0000000180025095e-35 87.841831207275405 2.5000000000000004 3.5000000000000004 4.5000000000000009 0.28153488039970404 3.5000000000000004 13.500000000000002 74.500000000000014 0.26127095520496374 1.5000000000000002 99.81818008422853 99.81412506103517 0.45132373273372656 13.500000000000002 0.1933449059724808 93.40579986572267 2.5000000000000004 0.92582416534423839 0.53150266408920299 89.825496673583999 95.293468475341811 96.824596405029311 0.1933449059724808 2.5000000000000004 89.825496673583999 95.040985107421889 1.8497467041015627 1.5000000000000002 22.500000000000004 3.5000000000000004 1.5000000000000002 0.86463138461112987 2.5000000000000004 16.500000000000004 1.5000000000000002 79.337715148925795 1.5000000000000002 8.5000000000000018 3.5000000000000004 0.94430461525917064 13.500000000000002 97.81815338134767 1.8267858028411867 3.5000000000000004 7.5000000000000009 0.21428121626377108 0.17088134586811068
decision_type=8 10 8 10 2 2 10 2 10 2 2 10 2 2 2 2 2 2 2 2 2 2 2 2 2 8 8 2 2 2 2 2 10 2 2 2 2 2 2 2 2 2 2 2 2 2 2 2 2 2 2 2 2 2 2 2 10 2 2 8 2 2
left_child=1 -1 3 46 5 6 7 8 53 10 22 13 20 14 16 28 23 25 19 -19 21 60 29 -12 -25 -18 52 44 -14 30 -6 32 39 -33 35 -35 -17 -8 -39 -31 41 45 -28 -30 -13 -41 -2 -10 -45 50 -50 -52 58 54 55 -4 -15 -58 59 -7 61 -11
right_child=2 -3 4 -5 9 26 37 -9 47 12 11 27 15 56 -16 36 17 18 -20 -21 -22 -23 -24 24 -26 -27 42 -29 43 31 -32 33 -34 34 -36 -37 -38 38 -40 40 -42 -43 -44 48 -46 -47 -48 -49 49 -51 51 -53 -54 -55 -56 -57 57 -59 -60 -61 -62 -63
leaf_value=-0.081873832390770979 0.10712796661919698 -0.016475558168791156 -0.0073411530845082715 0.023728681226203013 -0.016766352657862828 0.021281423771219055 0.02057537357116938 -0.018733867525347756 0.029015638065957357 0.013842262390114785 -0.033855426153839498 0.11470255118433233 -0.026762070265970779 0.0024767910986018011 0.045077168103953048 0.056785551685860206 -0.075827200887811891 -0.017530099036963901 -0.064685663768329016 0.18350708966257315 -0.00076378999150046231 0.064772504231278477 -0.052498460664365115 -0.11956815606284837 0.089657010934716716 0.041537127161847917 0.044700874593883624 0.078034644544312817 0.011716553256376076 -0.0070048341316078302 -0.073927298665076926 -0.03097839568157882 0.045259514022800776 -0.02145281573444234 0.06393398190046648 0.13798374339840602 -0.025140855239803434 0.011637018269242808 0.1480295649864061 0.17083103313543666 -0.081277690101421995 0.11163577160954199 -0.012437227948637749 -0.034494586491341926 -0.059419549839700464 0.015675947737410437 0.34577384916676329 0.11430828537292965 0.021522444939916188 -0.015776720721774832 -0.20496516489102998 0.092544495368974286 -0.035960225716088166 -0.0077584368970695294 0.011779596525882377 0.060058297068885484 0.065887040595278057 0.005752561377229945 -0.016392945462858396 0.22854538000783953 0.039555358002243662 -0.024829947811552639
leaf_weight=1720.0556342496566 131.5645083750278 1069.7166779844119 709.67502419973607 1216.7398591525853 20556.117967613929 815.32578763680067 597.61369047590415 2126.9439910302754 596.57421664570575 19194.638201461217 991.74497657359461 108.48366152914241 6657.4721649671119 61179.313068328076 1026.3508379597915 1580.4207887570228 3081.3258025963441 312.40265614034433 487.15146417348296 230.50356167554855 15040.425708392941 1823.690536136317 1948.7485250675672 151.11598890880123 656.06624361959985 235.67799015482888 1473.4269587136805 1588.171140686376 7260.0629292418162 17033.696828520362 1104.2582347036077 7018.7027362671943 1674.1611691632716 4434.8671622675465 1213.6139788734436 112.72640718660841 536.07997024677752 243.47558461898006 591.72584752601688 104.63245047186501 346.7590364607604 439.7597194830887 1602.4970174363698 3107.7106540635723 314.57024812966119 2394.5990345318569 57.683530657159281 646.20449270508834 3425.5776085043908 6105.2883280474925 96.708174994098954 49.524592804955319 4456.5033324540273 2133.0553255684208 5566.0058660576469 3311.3047545135196 1156.354224848561 1683.8011493410449 3138.2640732912841 73.811747811472742 2843.3045013096998 1600.979042519175
leaf_count=7618804 36810 768129 23732 50748 1980398 15147 81005 79837 36807 659837 48209 23353 341767 1152080 11634 49444 100677 4083 12921 3283 2004221 43868 145720 2564 13245 1811 48766 936614 468665 841592 14007 270684 180253 244109 35205 2713 12846 21497 18653 1623 4958 8585 11770 186795 16466 57696 19211 28687 113559 627571 1158 3071 317121 60554 411720 107030 51260 79273 377031 2052 104032 32689
internal_value=-0.000310644 -0.0567974 0.000373331 0.0447453 0.000100889 0.00944299 0.0240114 0.019484 0.0257547 -0.00120493 -0.00399177 0.00259526 0.00408501 0.00101552 -0.0230199 -0.0056168 -0.0343918 -0.0502749 0.0051559 0.067825 0.0109881 0.0179297 -0.0122509 0.00398923 0.0504871 -0.0674883 -0.0113798 0.0585136 -0.00891821 -0.0108611 -0.0196805 -0.00536754 0.00149019 -0.0171694 -0.000346247 -0.0175007 0.0360347 0.0716927 0.108269 -0.00211605 0.0232279 0.0355581 0.014933 -0.00299176 -0.0147694 0.0221716 0.179868 0.073365 -0.0113441 -0.00390956 0.016375 -0.104208 -0.0209198 0.0207062 0.0270394 0.0481628 0.0037083 0.030236 -0.00427689 0.0384874 0.0143159 0.010865
internal_weight=233186 2789.77 230396 1405.99 228990 28082.4 16522.6 15089.8 12962.8 200908 131586 73203 69321.9 71191.8 7172.34 28818.8 6145.99 4347.06 1030.06 542.906 40503 25462.6 58382.6 1798.93 807.182 3317 11559.8 2011.23 26702.3 56433.9 21660.4 34773.5 21993.6 12779.9 5761.21 4547.59 2116.5 1432.82 835.201 20319.4 3285.75 2938.99 3075.92 20044.9 423.054 2499.23 189.248 1242.78 12784.8 9677.1 3571.81 146.233 8483.9 11720 9586.99 4020.98 64019.5 2840.16 4027.4 889.138 23638.9 20795.6
internal_count=21029650 8386933 12642717 106769 12535948 1641409 869522 748367 668530 10894539 6245016 2457473 4649523 1481040 198427 1804876 186793 122775 20287 7366 2844647 840426 3787543 64018 15809 102488 771887 976433 1742586 3641823 1994405 1647418 1094707 552711 282027 246822 62290 121155 40150 914454 72862 67904 60536 1400819 39819 59319 56021 65494 932154 745359 117788 4229 711351 603036 542482 130762 1282613 130533 394230 17199 796558 692526
is_linear=0
shrinkage=0.1


Tree=72
num_leaves=63
num_cat=0
split_feature=7 11 4 3 35 1 11 3 30 29 35 28 11 13 27 28 25 8 4 25 1 3 6 1 27 8 30 1 19 27 16 30 7 2 24 2 18 32 29 35 32 18 7 21 32 33 28 3 2 1 28 9 4 1 13 29 24 2 19 7 1 4
split_gain=779.859 315.465 402.581 395.72 475.112 303.076 277.067 270.088 248.811 405.811 386.317 626.239 520.011 595.352 507.956 506.585 328.006 266.767 260.568 428.311 350.492 343.297 574.325 521.496 332.629 287.509 420.029 348.406 328.16 303.107 364.843 541.632 385.044 282.01 263.899 394.654 254.271 240.722 234.237 501.851 266.463 234.177 272.963 232.853 229.001 224.406 258.74 221.49 226.718 220.538 248.743 217.674 336.464 221.887 216.017 216.644 215.432 241.845 211.431 201.587 196.398 196.079
threshold=45.954339981079109 1.0000000180025095e-35 0.87003108859062206 97.182540893554702 9.5000000000000018 5.0641026496887216 2.5000000000000004 7.5498573780059823 12.500000000000002 20.500000000000004 3.5000000000000004 3.5000000000000004 1.0000000180025095e-35 1.0000000180025095e-35 1.5000000000000002 129.50000000000003 4.5000000000000009 68.010150909423842 0.58164313435554515 1.5000000000000002 31.34892559051514 99.523811340332045 1.0000000180025095e-35 62.115564346313484 4.5000000000000009 74.365413665771499 3.5000000000000004 73.746868133544936 0.1933449059724808 1.5000000000000002 6.5000000000000009 7.5000000000000009 61.925832748413093 51.316701889038093 2.5000000000000004 55.646631240844734 7.5000000000000009 11.500000000000002 17.500000000000004 2.5000000000000004 2.5000000000000004 3.5000000000000004 45.954339981079109 1.0000000180025095e-35 11.500000000000002 0.90926125645637523 9.5000000000000018 48.074073791503913 25.176055908203129 59.870130538940437 101.50000000000001 0.92582416534423839 0.96255341172218334 98.61084365844728 1.0000000180025095e-35 17.500000000000004 2.5000000000000004 45.512083053588874 0.17726895213127139 75.182640075683608 70.659969329833999 0.95562458038330089
decision_type=8 2 2 2 2 2 2 2 2 2 2 2 2 2 2 2 2 10 2 2 2 2 2 2 2 10 2 2 2 2 10 2 8 2 2 2 8 2 2 2 2 8 10 2 2 2 2 2 2 2 2 10 2 2 2 2 2 2 2 8 2 2
left_child=1 2 -1 4 -4 7 8 -2 10 36 11 12 13 16 41 18 -7 -17 20 21 47 22 56 -23 25 27 44 -21 58 30 32 -32 -29 -22 35 -25 -10 38 39 -14 -41 -13 -43 -5 -27 -34 54 -12 -49 -11 -51 52 -16 -53 55 -47 -20 -58 -28 -26 -37 -6
right_child=5 -3 3 43 61 6 -8 -9 9 49 15 14 37 -15 51 17 -18 -19 19 24 33 23 -24 34 59 26 28 29 -30 -31 31 -33 45 -35 -36 60 -38 -39 -40 40 -42 42 -44 -45 -46 46 -48 48 -50 50 -52 53 -54 -55 -56 -57 57 -59 -60 -61 -62 -63
leaf_value=-0.086518555267461716 0.013372442332796011 -0.070926443407317519 1.3206900113752917 -0.085256078222175513 0.0062516217188453328 -0.0045363807731474961 -0.045036905480591437 -0.10297692142836912 0.021721541375758813 -0.0082891018584616907 -0.0046996951359462502 0.015916518167574469 0.020288856375970044 0.062286547245017421 -0.02054851834258575 -0.065356231323448422 0.064945004372422357 -0.012410232583368423 -0.0032818224498415054 -0.048722379217631971 -0.049804031430698718 -0.066679946278124111 0.11894406456872414 0.078277773471717729 -0.059608200048851381 -0.045955533496594578 -0.011972278641521823 0.11124023614978823 0.01104660364543055 -0.0015345640581306162 -0.097141855698290591 0.040456038678387124 0.010660709527702048 0.036629982135775889 -0.10749011722808657 -0.049717641863552486 -0.019945517535700435 0.022326610140516918 -0.021711321261097656 0.025141431555859486 -0.046707784162906885 -0.1221881720926191 0.054916738824079749 0.065488003601049144 0.0050535602342794035 0.060252264300772219 -0.22341101256849105 -0.090167740686191586 0.0070883241524420954 0.0016743346941664749 0.037614715283791102 0.015636458386301198 0.0077426431208593733 0.067197342443466576 0.072503883883217005 -0.0040120515827770089 0.02677776568502992 0.13988631219486211 -0.067505711167407348 -0.015362695882869495 0.015814417428599951 0.84041973945016546
leaf_weight=358.49245498109667 319.96472659532446 2171.0669123663974 5.0475860906444749 131.84060031193076 11.872473730356431 7790.5253881899407 1319.879746055638 530.00269798061345 18077.074504650082 15448.236232943775 17323.300126110073 3540.0084116717335 4552.833415379544 1988.0679791354341 4764.2035813546972 2067.7924724876793 744.34684640719206 1762.9671777596814 1432.9842354826978 1091.4207400653831 3468.6161593432626 862.92066098100622 803.36336754105287 976.96712048869813 1168.0665828948404 3896.3281427306356 4075.8437584198837 510.69561709236586 8693.8605048751924 12919.08985323587 611.79567974536621 537.3309645591944 6271.0567029400845 423.57729127681523 165.03168760720291 520.78287994215498 1593.6921178428165 1793.679558867967 18274.000443762707 652.07210790496902 2476.6391522392514 88.962841222353745 3994.7262356304855 459.99943511253514 1136.935064776917 919.5938380905427 36.478392269695178 623.90898449707311 389.22048117776285 7764.2647821423889 2560.82300000143 3968.6284021153115 35734.825800784572 1056.8952591665438 1561.7205331864534 1221.1946570691653 677.76992528745905 262.15453510617954 824.22362841351423 8694.6585583133274 3753.4203518970171 3.6948570720851412
leaf_count=936891 9977 7903780 989 108432 16523 375118 427210 38361 920668 1236793 1210719 268029 58586 478473 104388 191767 28642 48495 37263 467890 1513608 73830 54879 34103 172305 75668 150836 36270 241049 179398 22165 16645 130210 40433 20256 28701 336417 20558 338610 11113 33332 1930 120694 326616 18979 8069 263 32117 33771 223160 79637 178619 665906 594928 43944 14366 26012 4632 9849 145253 95047 3390
internal_value=-0.00025502 -0.0497363 -0.00235468 0.0469095 0.477603 0.000424726 0.000647048 -0.059178 0.000913203 0.00752898 -0.000746867 0.00382764 -0.00592566 0.0130031 0.010851 -0.00540989 0.00152326 -0.0409898 -0.00382234 -0.000566079 -0.0131428 0.0190722 0.045863 0.00552021 -0.00399394 -0.000296856 -0.00975518 0.00656371 -0.000617872 0.00901767 0.0206995 -0.0328012 0.0265431 -0.0403976 0.0170233 0.0209365 0.0183457 -0.0131037 -0.0155522 -0.000899886 -0.0317333 0.0347406 0.0510585 0.0319077 -0.0344334 0.022222 0.0416127 -0.00735758 -0.0528043 -0.000726619 0.0105882 0.00685038 0.00441454 0.02648 0.0442238 0.0235932 0.021121 0.0583249 -0.0213134 -0.0206028 0.00782978 0.204239
internal_weight=231861 3142.01 970.947 612.455 20.6149 228719 227869 849.967 226550 45444.1 181105 91420.4 38272.2 10522.9 53148.3 89685.1 8534.87 3830.76 85854.3 63625.7 22228.6 9455.39 3176.27 6279.12 54170.3 44307.6 18627.2 25680.4 13593.9 24589 11669.9 1149.13 10520.7 3892.19 5416.2 5251.17 19670.8 27749.2 25955.5 7681.54 3128.71 7623.7 4083.69 591.84 5033.26 10010 3738.99 18336.4 1013.13 25773.3 10325.1 45524.6 40499 5025.52 3702.51 2140.79 2372.91 939.924 4900.07 9862.73 4274.2 15.5673
internal_count=21026562 9296621 1392841 455950 20902 11729941 11681603 48338 11254393 2796675 8457718 3278926 1344432 882233 1934494 5178792 403760 240262 4938530 2107882 2830648 374723 122786 251937 1733159 1415601 496381 919220 401734 451330 271932 38810 233122 1554041 178107 157851 1257085 462199 441641 103031 44445 390653 122624 435048 94647 196852 66642 1276607 65888 1539590 302797 1543841 770294 773547 66379 22435 67907 30644 160685 317558 123748 19913
is_linear=0
shrinkage=0.1


Tree=73
num_leaves=63
num_cat=0
split_feature=7 9 26 10 9 9 0 11 26 8 28 26 9 11 9 10 33 34 7 26 25 9 28 19 9 19 25 13 24 4 0 3 20 19 1 8 35 29 11 7 20 1 1 27 16 30 28 26 7 7 32 35 3 29 26 32 18 29 27 20 33 35
split_gain=699.177 268.074 260.476 340.849 485.968 272.342 729.419 533.71 539.57 409.224 392.794 369.105 593.619 539.816 810.677 355.748 258.077 253.179 339.291 265.439 305.576 288.982 218.487 320.466 384.857 310.242 299.953 252.347 264.221 274.635 333.745 285.94 231.786 219.283 218.194 218.081 211.765 499.665 200.831 1038.12 570.381 562.753 417.273 400.935 486.941 442.745 341.834 329.959 617.44 499.435 394.351 399.361 302.873 300.553 299.657 286.029 1097.37 333.334 280.996 268.484 400.229 296.793
threshold=42.650545120239265 0.13392857462167743 4.5000000000000009 2.5000000000000004 0.80909091234207164 0.19090909510850909 99.494949340820327 1.5000000000000002 1.5000000000000002 47.734603881835945 129.50000000000003 2.5000000000000004 0.73214286565780651 1.5000000000000002 0.29285715520381933 1.5000000000000002 0.33236482739448553 0.99603545665740978 69.255905151367202 1.5000000000000002 1.5000000000000002 0.92582416534423839 13.500000000000002 0.20220256596803668 0.64583334326744091 0.13891017436981204 2.5000000000000004 1.0000000180025095e-35 2.5000000000000004 0.87620460987091076 78.142959594726577 96.49015045166017 0.95146238803863536 0.4535095095634461 66.312053680419936 97.375312805175795 4.5000000000000009 17.500000000000004 1.0000000180025095e-35 81.729778289794936 0.97752270102500927 66.312053680419936 70.659969329833999 1.5000000000000002 2.5000000000000004 3.5000000000000004 6.5000000000000009 1.0000000180025095e-35 97.81815338134767 96.56854629516603 11.500000000000002 5.5000000000000009 57.384986877441413 17.500000000000004 1.5000000000000002 2.5000000000000004 1.5000000000000002 17.500000000000004 47.500000000000007 0.72200244665145885 0.27688828110694891 1.5000000000000002
decision_type=8 10 2 2 10 10 2 2 2 10 2 2 10 2 10 2 2 2 10 2 2 10 2 2 10 2 2 2 2 2 2 2 2 2 2 10 2 2 2 10 2 2 2 2 10 2 2 2 10 10 2 2 2 2 2 2 8 2 2 2 2 2
left_child=1 -1 5 -4 -5 7 9 38 35 10 -7 13 15 17 -15 -13 -8 19 -19 20 -11 -22 23 25 32 36 -26 28 33 30 -30 -32 -25 -28 -23 -9 -20 -38 39 42 47 -41 -2 44 46 53 -44 49 50 -40 52 -52 -49 -46 55 56 57 -54 -45 60 61 -57
right_child=2 -3 3 4 -6 6 16 8 -10 11 -12 12 -14 14 -16 -17 -18 18 22 -21 21 34 -24 24 26 -27 27 -29 29 -31 31 -33 -34 -35 -36 -37 37 -39 40 41 -42 -43 43 58 45 -47 -48 48 -50 -51 51 -53 54 -55 -56 59 -58 -59 -60 -61 -62 -63
leaf_value=-0.081036552100420711 -0.044425611085831235 -0.012954070739476898 0.027296254015216098 -0.078284284632588019 0.00068781242578349732 0.032913628692432605 0.090825214170928106 -0.014331861057755857 -0.072697181180925108 0.052998486057590326 -0.04351197532562303 0.014824128061363621 0.0082484794908534755 -0.0047240778969739015 0.078001113946142731 -0.033023214831861651 0.024727734732081286 -0.061701061704959738 0.0022553851679001104 0.0026209025269549983 0.039682490436461645 -0.026445578805346703 0.0086688814885908985 0.00095440131060460325 0.045727481535210293 -0.044492123907779429 0.058293579616634388 0.061479086100943027 -0.033252900781579713 0.0064162214734706687 -0.2134212024201344 0.089687699568664153 -0.033087941089365247 -0.08565980700969511 0.030925422277205572 0.16286612138313106 0.0074976633434623886 -0.052169014128843096 0.038902013763383293 0.017234183483943125 -0.046996600108073321 0.071575206060710841 0.064869207874479251 -0.0025911594635327417 0.032206051857841762 0.022632033623512487 -0.1202038019506998 -0.03636400143387427 0.038381012379870599 -0.030316989993189665 0.032044493498719039 -0.025065157870139732 0.044504081532117552 -0.083999266984228216 0.017319912687000765 -0.012813381593564524 0.11627974518959278 -0.021081662200503962 -0.041013331891306889 -0.029839028057909375 -0.014818468394788384 0.046691742766990257
leaf_weight=1444.3634669101302 2287.5412996613013 964.56707783148158 965.69727074258844 1636.3854822962603 1487.5848386923317 6903.2014491313021 1237.601046671829 5265.1497338964691 2018.1769019142521 2789.046617605607 745.0744718277856 1847.3369708623213 9522.503565736668 2330.5288934881683 2409.1843331486161 9783.0697100932884 1130.1464549865632 904.31903070447152 7754.2596295713447 11635.201163588717 2191.4909391946567 2058.1852180832502 19094.066781582602 10075.508324478345 3231.7425570484484 2908.7741869239835 662.26565601304173 573.43559124320745 575.89901414746419 806.36229859106243 219.72096329275519 36.25856016157195 2495.4543735343032 125.94155949330889 977.87427299559931 70.382849151268601 2724.5359720328124 2894.64949857787 4057.2104042017163 5562.3229426046018 3000.2496191933024 2898.9563570150349 2369.5923085121467 25150.588633682855 305.2919898484688 2578.2364744072693 104.1877573132806 4149.5293741177011 3134.8586578106624 1402.7948871010449 4463.3003685153381 1687.386262387954 961.99137269088533 821.42891167475318 4191.109766468333 1422.3201131659443 824.53859459084924 3985.1153991359461 2059.2786611459742 8542.4285629094084 18297.946377933607 2040.9697197351634
leaf_count=7399423 1098425 696826 85257 38029 42058 815993 688180 723570 751707 88035 110840 145989 253759 92200 56981 216892 103061 28350 191392 650701 77663 408487 623384 159585 419267 48818 36526 207075 20350 79326 1778 8526 36944 4989 35292 660 57818 84916 139168 305767 116117 213799 66514 228775 6796 42676 1388 1619477 36490 12482 210253 352068 8578 16442 181030 15145 8751 45996 91021 118155 575726 27795
internal_value=-0.000183071 -0.0537754 0.0003822 -0.024628 -0.040679 0.000838218 0.00436983 -0.00259988 -0.0286539 0.00316915 0.0254685 0.00147427 -0.0102651 0.00459882 0.0373249 -0.0254233 0.0592763 0.00252332 -0.000953193 0.0122678 0.0262693 0.0120085 6.07718e-05 -0.00462399 0.00426965 -0.0148943 0.0245897 0.00181818 -0.0122813 -0.0351705 -0.0754815 -0.170487 -0.00580332 0.0352924 -0.00796714 -0.0119944 -0.00845665 -0.0232388 -0.000797485 0.00436084 -0.00446011 0.0358522 -0.00310793 -0.000277151 0.0227188 -0.000220365 0.0570745 -0.00230296 -0.00468426 0.0211181 -0.00735408 0.016377 -0.0106403 -0.0525127 -0.00798946 -0.0109298 0.00947335 -0.00832816 -0.005499 -0.0148158 -0.00891842 0.0222539
internal_weight=230795 2408.93 228386 4089.67 3123.97 224297 110644 113653 7353.71 108276 7648.28 100628 21152.9 79474.7 4739.71 11630.4 2367.75 74735 55083.2 19651.8 8016.6 5227.55 54178.9 35084.8 18802.6 16282.2 6231.63 2999.88 2426.45 1638.24 831.879 255.98 12571 788.207 3036.06 5335.53 13373.4 5619.19 106299 44137.4 62161.7 8461.28 35676.1 33388.6 6178.74 3704.96 2473.78 59161.5 53701.5 5460.01 50566.6 6150.69 44415.9 1126.72 40266.4 36075.3 5771.65 4947.11 27209.9 30303.7 21761.2 3463.29
internal_count=21029481 8096249 12933232 165344 80087 12767888 5753117 7014771 1475937 4961876 926833 4035043 616640 3418403 149181 362881 791241 3269222 2009044 1260178 609477 521442 1980694 1357310 974366 382944 777837 358570 151495 109980 30654 10304 196529 41515 443779 724230 334126 142734 5538834 2071603 3467231 519566 1552037 453612 133816 65914 67902 3351114 3199464 151650 3162974 562321 2600653 23238 981176 800146 63325 54574 319796 736821 618666 42940
is_linear=0
shrinkage=0.1


Tree=74
num_leaves=63
num_cat=0
split_feature=7 8 25 34 0 25 3 22 4 31 25 1 18 27 25 25 24 7 25 3 1 28 3 0 1 3 6 4 1 4 4 0 30 0 4 1 24 33 0 3 1 1 35 28 9 18 34 25 25 28 7 11 7 21 9 7 4 9 3 34 24 1
split_gain=574.499 271.813 255.895 258.547 244.46 496.477 280.69 265.57 533.747 531.55 459.791 1774.75 777.346 443.037 1522.3 648.743 482.039 446.782 441.655 407.323 465.92 404.841 295.954 287.26 836.846 434.987 979.746 646.414 484.541 366.684 347.794 345.003 380.406 311.779 616.327 497.118 353.975 307.142 303.464 390.382 269.225 256.674 253.746 909.14 389.014 287.462 285.92 244.717 240.398 232.208 229.807 664.051 325.86 331.05 317.762 285.532 246.639 224.764 278.444 354.466 222.205 219.208
threshold=42.650545120239265 24.7520866394043 5.5000000000000009 0.32590354979038244 7.1858863830566415 3.5000000000000004 32.690166473388679 1.0000000180025095e-35 1.0000000180025095e-35 0.88416638970375072 1.5000000000000002 76.63120269775392 3.5000000000000004 31.500000000000004 4.5000000000000009 4.5000000000000009 2.5000000000000004 69.928676605224624 3.5000000000000004 84.29276275634767 86.70682525634767 7.5000000000000009 56.873315811157234 45.035211563110359 32.466217041015632 99.523811340332045 1.0000000180025095e-35 0.81340068578720104 66.312053680419936 0.47988185286521917 0.87778618931770336 65.345367431640639 21.500000000000004 72.255687713623061 0.90002825856208812 85.053192138671889 2.5000000000000004 0.88991183042526256 32.305501937866218 72.065574645996108 60.107526779174812 8.8562092781066912 1.5000000000000002 1.5000000000000002 0.92582416534423839 1.0000000180025095e-35 1.2180281877517702 2.5000000000000004 2.5000000000000004 4.5000000000000009 93.84250640869142 1.0000000180025095e-35 98.006622314453139 1.0000000180025095e-35 0.47222222387790685 79.087123870849624 0.72802454233169567 0.92582416534423839 52.73088455200196 1.0000137090682986 2.5000000000000004 9.581182003021242
decision_type=8 10 2 2 2 2 2 2 2 2 2 2 8 2 2 2 2 10 2 2 2 2 2 2 2 2 2 2 2 2 2 2 2 2 2 2 2 2 2 2 2 2 2 2 8 8 2 2 2 2 8 2 10 2 10 10 2 8 2 2 2 2
left_child=1 -1 3 -2 5 6 -5 8 -6 -9 23 12 57 14 16 17 -11 -15 47 -13 -21 41 -14 24 38 26 27 29 30 -25 60 -29 -33 34 36 -35 -30 -37 39 50 -26 -16 43 -22 45 -45 -47 -18 -19 61 55 56 -53 54 -54 -10 -52 58 -12 -60 -27 -20
right_child=2 -3 -4 4 7 -7 -8 9 10 13 11 19 22 15 21 -17 18 48 49 20 42 -23 -24 25 40 28 -28 31 33 -31 -32 32 -34 35 -36 37 -38 -39 -40 -41 -42 -43 -44 44 -46 46 -48 -49 -50 -51 51 52 53 -55 -56 -57 -58 -59 59 -61 -62 -63
leaf_value=0.053624357005350377 -0.035803637982666725 -0.06155310634262199 -0.042538284274694506 0.0029238681623971145 -0.065228500204890974 -0.096068842037412838 -0.16427476757661141 0.057596836870794477 -0.011479467244220581 -0.095408453863006767 -0.079844874123822379 0.019025944291959702 -0.089350308503963957 0.15273315256810671 -0.049407304145972733 -0.038729182224877895 -0.15585161259370073 0.063983349126056258 -0.080377253623158784 -0.019432559501088159 -0.03581255879971515 -0.098961684866675836 -0.043069212969501419 -0.048004138861997996 -0.0419865505620583 0.035506206424691954 0.10824482160444227 -0.12867688057765997 0.076410693419558473 0.054391962199796466 -0.077793652546688477 0.024813857550685089 -0.17951136682980876 -0.061013671333833723 0.0052409939768221503 -0.00028487059325769249 -0.11477874849346022 0.055231867362837965 -0.030555274654617222 -0.14654103221771586 0.034380433295877741 0.071893859884548716 -0.0010140168917844639 -0.011002289358615677 0.070836403290066643 -0.022480073125595246 0.026819191375973907 0.090855363507933148 0.014410823977422233 -0.14733947715854387 -0.0012535215071810702 0.041007144077812148 0.33348011436118574 -0.054898335252184086 0.12727008331987855 0.047041183647547953 0.10302798646283662 0.00021064735032102729 0.032431079608562445 -0.047009356374446282 -0.15851975082340966 0.0094568917893947599
leaf_weight=227.49344118838781 1946.2038911310083 2062.8035656459979 1390.8607632899075 2320.5191656208626 1251.8758265165379 779.07709976611659 104.9475564739987 2181.9529917714826 1050.2397909049178 1790.9129948954942 988.34263403290242 11470.160359665082 2771.8681498700462 246.36119596376375 193.11631204139849 2175.3618734905176 44.803963468439179 1036.0348750313278 506.69117043458391 11958.5653293465 3481.166772566794 173.79730118231964 2755.0180658981117 408.20507988041209 4533.453740114026 581.87424865200592 1591.3568399847863 377.62745142348285 2492.8833241516259 2441.0872515448282 1024.8785250845394 552.50651820588973 109.11232298030518 1094.2833171172533 3653.7392266102834 4250.7515218826156 100.75158170783834 1301.6975826218404 1536.4801137066534 146.53941741514427 513.97823155426886 1803.9724427934998 89566.513400783413 3242.2725715483539 1388.0018920250586 1300.3119242916437 12347.728804317827 391.86351631778234 17538.069082292845 208.69435123300354 9697.7352889545728 674.67370000481606 109.72567105852067 63.845993249677122 234.28836579108611 4044.7600512483041 232.23348623514175 3818.359763109067 908.15214808125165 1472.2630077030044 65.687982414281578 585.50593320267217
leaf_count=467770 370837 7626657 109364 64293 101270 59256 3604 41202 237331 133789 741664 270379 3848743 25886 11257 42062 1778 12859 14588 360484 107088 8784 371389 28372 320870 28122 157996 5579 84358 61654 88391 13442 1624 38929 167137 166821 8748 38791 89037 2601 53005 32629 2460215 60445 954413 47429 206691 6386 208981 5707 70697 21031 1045 542 1455 122746 3573 329531 56836 30932 10668 8921
internal_value=-0.000279372 -0.0501126 0.000223363 0.000486957 0.000802707 -0.0266186 -0.00431065 0.00120125 -0.000146084 0.0101411 0.000281937 -0.00236839 -0.0380833 0.00626225 -0.0184639 0.0129742 -0.0590019 0.0189504 -0.0214774 0.00100128 -0.0006757 0.0474248 -0.0662803 0.00939576 0.00172783 0.0181315 0.0421481 0.0150985 0.00909648 0.0397221 -0.0415451 -0.052412 -0.00888289 0.015665 0.0317042 0.000589467 0.0689838 0.0127303 0.011924 0.0159395 -0.0342101 0.0601642 0.00133915 0.0110253 0.0199457 0.0157636 0.0221222 0.0655422 0.0171759 -0.050687 0.0174177 0.00929315 0.0836654 0.15423 0.193042 0.0349782 0.00118532 -0.0163998 -0.0352272 -0.016702 0.0158244 -0.0322189
internal_weight=229314 2290.3 227024 225633 223687 3204.54 2425.47 220482 191605 28877.1 190353 147469 12714 26695.2 5699.36 20995.8 3528.47 18820.5 1737.56 134755 123285 2170.89 5526.89 42884.4 22838 20046.4 5479.9 3888.54 14566.5 2849.29 1672.44 1039.25 661.619 12894.1 6247.37 6646.73 2593.63 5552.45 17790.5 16254 5047.43 1997.09 111326 21759.5 18278.3 16890.3 13648 436.667 18574.1 1300.89 16107.5 11012.5 1082.53 407.86 344.014 5095 9929.97 7187.12 3368.76 2380.42 647.562 1092.2
internal_count=21028684 8094427 12934257 12824893 12454056 127153 67897 12326903 11772074 554829 11670804 9846239 5379095 513627 223839 289788 171169 247726 37380 4467144 4196765 52670 4220132 1824565 923933 900632 268667 110671 631965 90026 127181 20645 15066 504784 260243 244541 93106 205612 550058 461021 373875 43886 3836281 1376066 1268978 314565 254120 8164 221840 29216 458420 98343 24073 3042 2500 360077 74270 1158963 829432 87768 38790 23509
is_linear=0
shrinkage=0.1


Tree=75
num_leaves=63
num_cat=0
split_feature=7 1 27 34 9 8 33 16 16 34 8 26 35 11 26 19 34 33 33 18 21 35 28 26 33 9 7 32 8 8 9 26 11 9 9 9 16 28 21 1 10 26 10 11 10 7 9 33 1 27 7 28 25 24 19 25 22 25 25 2 11 16
split_gain=520.528 439.291 705.703 467.168 872.115 1102.34 1310.56 1987.88 905.301 756.349 1109.86 703.578 1100.14 675.271 710.111 1157.18 515.371 396.647 773.639 363.438 305.892 362.462 407.924 293.58 280.816 278.251 256.762 246.035 309.018 237.054 362.998 292.463 321.35 392.684 558.747 304.43 234.948 502.72 227.272 210.933 218.09 407.692 524.473 357.698 350.842 462.015 317.709 242.53 391.387 268.702 358.739 239.884 303.566 269.41 626.081 679.43 362.438 493.689 350.977 319.079 301.138 291.632
threshold=48.107236862182624 86.70682525634767 1.5000000000000002 0.40550699830055242 0.11805555596947671 18.537610054016117 0.93092843890190136 1.5000000000000002 2.5000000000000004 1.1493052244186404 28.992753982543949 1.5000000000000002 2.5000000000000004 1.0000000180025095e-35 1.5000000000000002 0.99999985098838817 0.99603545665740978 0.94943508505821239 0.88991183042526256 1.0000000180025095e-35 1.0000000180025095e-35 4.5000000000000009 3.5000000000000004 2.5000000000000004 0.99999997019767772 0.095454547554254546 30.147857666015629 14.500000000000002 69.584369659423842 41.872640609741218 0.087121214717626586 3.5000000000000004 1.5000000000000002 0.47222222387790685 0.78888890147209179 0.64583334326744091 1.0000000180025095e-35 3.5000000000000004 1.0000000180025095e-35 5.0641026496887216 2.5000000000000004 2.5000000000000004 1.5000000000000002 1.5000000000000002 1.5000000000000002 79.55173492431642 0.73214286565780651 0.42687463760375982 68.703357696533217 7.5000000000000009 73.024791717529311 4.5000000000000009 4.5000000000000009 2.5000000000000004 0.18783515691757205 1.5000000000000002 1.0000000180025095e-35 3.5000000000000004 3.5000000000000004 95.488464355468764 1.0000000180025095e-35 1.5000000000000002
decision_type=8 2 2 2 8 10 2 8 8 2 8 2 2 2 2 2 2 2 2 10 2 2 2 2 2 8 10 2 8 8 10 2 2 10 10 10 10 2 2 2 2 2 2 2 2 10 10 2 2 2 8 2 2 2 2 2 2 2 2 2 2 10
left_child=1 -1 3 -3 5 6 -5 -8 9 10 11 -7 -13 14 -12 -16 -6 18 -14 25 -15 22 23 26 -25 -4 -22 29 -29 30 -2 39 33 -33 35 -35 37 -19 -27 -31 41 44 43 -43 47 -46 -42 51 -49 -50 -51 53 -53 54 55 -41 57 61 60 -57 -56 -55
right_child=27 2 19 4 16 8 7 -9 -10 -11 13 12 17 20 15 -17 -18 36 -20 -21 21 -23 -24 24 -26 38 -28 28 -30 31 -32 32 -34 34 -36 -37 -38 -39 -40 40 46 42 -44 -45 45 -47 -48 48 49 50 -52 52 -54 56 58 59 -58 -59 -60 -61 -62 -63
leaf_value=-0.081849784527737848 -0.0065718204892705294 -0.059687498728553237 -0.077725014616144894 1.7177678080203336 0.63694659866927006 2.4706719945363016 32.404382030807739 3.6025219203449077 0.093648527755044869 0.47591227402030767 2.4694556129225376 18.582439831367779 4.6417453782218203 0.0031525633422739329 -0.10006539378058053 16.870542889466318 0.070399209355349268 14.851794354638244 23.31601219688412 0.5525175329858838 10.405030579567025 0.6161085440297791 1.0793374011373595 13.377586127655711 3.4913791168061303 -0.0952465228157931 2.8703470471293437 -0.080103676807341984 -0.0023308608109503053 -0.053941172707967167 0.038024427975159279 0.029720406755680467 -0.074848103391004159 -0.027386416045862019 0.0028672357325317185 -0.089088483958639997 2.069409457425365 2.3645342382490901 0.039589894823224073 -0.0007935562016758434 0.13122170238249645 0.017368602956524076 -0.033889962625944618 -0.072627803452014417 0.094773501467143612 0.012022723042648427 0.01474675878860855 -0.040021485879389189 0.00082967893081834507 -0.057521595716694941 -0.0087634416431670459 0.0082362137876407279 -0.031197213890131442 0.0030383791310843399 0.03935519446725122 -0.048499707830800438 0.041975657915335876 -0.023711407571071062 0.1074334722502419 -0.14496070898792601 -0.004972251581683431 0.034967663059996566
leaf_weight=1406.5679161454609 3249.910456072379 86.107453386299312 828.07887533846952 0.16384057342657143 17.922472696955083 0.66119025526859754 0.043070960309705697 0.054016770372982137 15.240763845315085 7.9903420875780276 0.46669746631232634 0.074935441094567068 0.063267247154726647 1.9379305089532861 0.0670897970412625 0.10017304714710917 154.20989318334614 0.053504483250435442 0.034164253855124116 10.474888901429948 0.047596102769603243 2.233933826777502 1.1022155990212921 0.059357250211178325 0.055686813429929316 163.22595803665172 0.90873194557207171 847.63647082349053 1285.9884488188836 693.42678017244907 4163.4100186068099 1914.2846871145739 853.0873555517901 2046.1595746670209 4324.1532020321465 1312.5764482954692 0.23046066107053775 0.081119034221046604 533.86583120124124 4141.7602356515563 242.84757750717108 4409.9961077445041 7340.0695725574333 490.78681588672043 702.98411645193119 16770.655109813029 6567.28273636839 3037.8149166497606 38676.284585027141 1821.7231011827826 8789.8028441980423 63249.643441918044 2014.3724517389783 15114.945928310102 1758.3832106032351 4538.0628134642175 2365.8131014445098 6090.8117287571513 315.30457906544325 370.9530622838065 11934.050114421058 3528.3553597952414
leaf_count=5332924 551473 308025 3997496 62 1810 1888 81 228 60034 136 743 154 227 6899 170 188 1674 126 76 441 160 7442 2515 118 106 33828 1910 96560 29899 38285 273213 95815 106580 41184 126596 21523 688 144 109745 132299 3280 223199 166918 157134 51722 707496 217143 910900 615636 156695 172373 3290746 119040 1159471 281021 702917 38929 345732 12057 2546 171783 139956
internal_value=-4.2016e-06 -0.0398498 -0.00748933 0.135607 0.218119 0.700388 7.17333 16.3799 0.646614 1.16785 1.84392 4.655 7.34223 1.36114 4.47307 10.0636 0.129388 5.52113 11.1899 -0.034504 1.05023 1.51062 2.42997 3.81949 8.59219 -0.0385357 3.24535 0.000568273 -0.0332281 0.000891878 0.018474 0.00028681 -0.0160314 -0.0108033 -0.0209002 -0.0514993 4.00829 7.32744 0.00801758 0.0011188 0.00130571 0.000698904 -0.0169763 0.00835595 0.00186701 0.0153519 0.0189002 0.000462349 -0.00518496 -0.00303784 -0.0171339 0.0030225 0.0070191 -0.0021777 -0.0101229 -0.0306222 0.0045826 0.00100596 0.00312232 -0.0557888 0.000720282 0.00908119
internal_weight=228195 3232.12 1825.56 289.91 203.802 31.6701 0.260928 0.0970877 31.4092 16.1684 8.17805 1.19864 0.537451 6.97941 0.63396 0.167263 172.132 0.462516 0.0974315 1535.65 6.34545 4.40752 2.17359 1.07137 0.115044 1525.17 0.956328 224963 2133.62 222830 7413.32 215416 10450.3 9597.17 7682.89 3358.74 0.365084 0.134624 697.092 204966 204273 197463 12240.9 4900.78 185222 17473.6 6810.13 167748 52325.6 49287.8 10611.5 115422 65264 50158.4 23058.5 9050.78 27099.9 24734.1 14007.7 4909.02 13692.4 18643.3
internal_count=21030159 9870038 4537114 395604 87579 84095 371 309 83724 23690 23554 3303 1415 20251 1101 358 3484 1261 303 4141510 19150 12251 4809 2294 224 4141069 2070 11160121 126459 11033662 824686 10208976 391698 285118 189303 62707 958 270 143573 9817278 9778993 9558570 547251 380333 9011319 759218 220423 8252101 1855604 944704 329068 6396497 3409786 2986711 1302623 837762 1684088 1645159 464861 705463 452804 1299427
is_linear=0
shrinkage=0.1


Tree=76
num_leaves=63
num_cat=0
split_feature=7 9 27 19 8 28 11 34 8 35 7 8 28 1 0 33 32 8 0 0 28 28 33 21 28 7 0 28 11 21 7 7 34 7 33 8 20 34 8 8 34 2 7 4 7 7 9 25 19 4 1 7 1 8 7 0 27 20 33 7 4 3
split_gain=1641.3 913.879 873.936 7728.64 5149.25 4590.89 1947.66 6604.69 2235.99 17184.8 3941.87 2182.95 2138.8 1554.01 2607.05 1538.17 1124.56 1131.76 775.681 750.443 1208.87 707.108 907.428 538.311 447.671 358.248 345.863 280.53 245.659 215.541 771.977 346.61 306.851 279.466 309.451 248.767 239.633 234.75 280.419 238.492 215.956 399.432 446.227 383.134 235.027 317.533 257.07 274.541 253.764 249.359 278.972 257.467 218.661 273.735 294.663 222.127 323.227 215.508 221.066 297.83 208.978 283.368
threshold=39.905212402343757 0.13392857462167743 1.5000000000000002 0.99999985098838817 18.537610054016117 5.5000000000000009 1.0000000180025095e-35 1.0000001788139345 28.992753982543949 2.5000000000000004 26.518318176269535 28.992753982543949 2.5000000000000004 86.70682525634767 72.255687713623061 0.92495808005332958 11.500000000000002 26.512680053710941 87.20676422119142 82.637680053710952 5.5000000000000009 3.5000000000000004 0.88991183042526256 1.0000000180025095e-35 3.5000000000000004 29.434564590454105 88.273490905761733 3.5000000000000004 2.5000000000000004 1.0000000180025095e-35 65.724277496337905 98.525791168212905 0.38280360400676733 93.629318237304702 0.54427462816238414 97.375312805175795 0.77262696623802196 0.8885801136493684 91.813587188720717 48.49774360656739 0.99603545665740978 23.629112243652347 99.81412506103517 0.99782609939575206 97.189678192138686 93.360881805419936 0.64583334326744091 1.5000000000000002 0.21734297275543216 0.68319505453109752 78.629974365234389 52.784828186035163 82.637680053710952 73.85489654541017 92.876655578613295 99.494949340820327 9.5000000000000018 0.10049356147646905 0.99999997019767772 30.147857666015629 0.7207789719104768 38.799283981323249
decision_type=8 8 2 2 10 2 2 2 10 2 10 10 2 2 2 2 2 10 2 2 2 2 2 2 2 10 2 2 2 2 8 8 2 10 2 10 2 2 10 10 2 2 10 2 10 10 10 2 2 2 2 10 2 8 10 2 2 2 2 8 2 2
left_child=1 2 3 -1 5 -5 7 11 9 10 -8 27 15 -13 -15 -11 17 -12 -19 20 -16 22 -14 -21 57 -17 -24 -6 29 30 -2 33 -31 34 37 -35 -37 39 -39 -32 43 60 52 44 45 46 -34 -48 -49 50 -50 -51 -43 55 -55 -54 -57 58 -10 -60 61 -42
right_child=28 -3 -4 4 6 -7 8 -9 24 12 16 13 21 14 19 25 -18 18 -20 23 -22 -23 26 -25 -26 -27 -28 -29 -30 32 31 -33 40 35 -36 36 -38 38 -40 -41 41 42 -44 -45 -46 -47 47 48 49 51 -52 -53 53 54 -56 56 -58 -59 59 -61 -62 -63
leaf_value=-0.12226824599419978 -0.057935465108336207 -0.0081421481495124685 -0.088772129290782001 -21.50268434523063 -5.1099009636184904 -2.8631173070022609 -35.930981599269295 0.23522310448406253 -1.3564134352648305 -0.85678798680299628 -18.839261314317419 -0.10002968287157783 0.053585511053216829 -20.180805392774648 -17.689008894054094 -13.848743170429305 -22.544818812628883 -13.704937177766311 -2.9934367175478607 -9.7706575161820997 -6.2705584407603512 -0.30848680326670397 -6.5829021982062175 -4.7052787533167564 -0.0041147651760386414 -7.8224277090480392 -2.3484701150827028 -0.81786533900430836 -0.04346578820612871 -0.02987404997298437 0.034396619392296372 0.0053921370567565569 0.0024169225660983272 -0.016634618478671818 -0.022695925025747483 0.038840532831230623 -0.018005318093408145 0.013934496475057496 -0.03178546062042957 -0.014783073696128038 -0.011563028648250755 -0.010332780961837571 0.040845040820298974 0.13678524624148333 -0.048605786906809889 0.037479553981179629 0.061721967965022363 0.0011091337078829881 0.99736590900215494 0.47005423567262439 0.21489313709932203 0.047046672159801871 0.010875990169193595 -0.004113339071927481 0.016419437338040514 0.080071809766505256 0.0037731949061600902 0.99664472318718866 -1.1575451393472613 0.0056139810114578994 0.089678021270418198 -0.057513175811820631
leaf_weight=327.73094672086796 2475.3046897572308 668.97872596717207 647.18805106512445 0.24297361361935643 0.23940865435559944 0.28966882373026492 0.10325834453760574 2.4517276875267271 9.982422850080189 0.26534150981424875 0.16008681184666784 0.1679768821049944 0.63845796327223048 0.22404661242762824 0.19326332122727741 0.18874345712012541 0.13811060346051818 0.132299693143068 0.13825382080176496 0.36184037563361926 0.17821939077839488 5.7956167822401312 0.5081420110348347 0.49931210270005977 6.2526025384868289 0.20665252418700675 0.31091590318676765 0.41845392247617497 1279.4942638705543 2696.0132605200197 1119.9974955755897 43639.908244819584 19011.964041001978 25768.004094359785 5100.8041152063524 1680.5505830286129 1327.2159082447179 17557.7059982715 1452.4971645085607 8245.2795870266855 7997.0206324772444 11093.778148730751 3181.9576558659901 242.98149870087218 653.34886904255836 4180.6268558070005 1629.1796079039341 2740.4915785439662 5.8972340589098193 15.183181404601781 20.039890308515169 275.0263308135327 17168.148385997029 32311.575464468398 8918.3725961245364 1188.2778490361343 1042.2132009632915 0.53859073220519249 5.2981169932754684 3.7662066688062632 179.33142582396977 1612.7244529126328
leaf_count=2099795 1874717 436223 4118960 132 60 110 149 35 2066 29 131 588 42 164 86 113 131 161 68 202 137 3352 300 183 16693 106 101 267 699474 661307 126826 1560205 2894999 659562 133782 36235 21228 433693 28587 1027650 149962 600867 181178 9392 14488 108370 82906 494307 305 283 266 10752 998716 597252 573865 165243 166432 17 195 1936 3278 31607
internal_value=-0.000506052 -0.0988761 -0.158701 -0.281876 -1.59978 -11.3659 -1.46694 -3.36867 -1.20539 -2.60351 -17.9563 -7.23973 -1.29982 -9.20762 -10.2579 -6.74659 -14.6929 -12.1747 -8.23132 -8.45424 -12.211 -0.803637 -2.77253 -6.83366 -0.740806 -10.6991 -4.9755 -2.37982 0.00022737 0.000476355 -0.00273149 -0.00144106 0.00346889 -0.00623126 -1.92499e-05 -0.013458 0.0137566 0.00405713 0.0104412 -0.00890165 0.00426113 0.00171824 0.00420089 0.0117457 0.0106808 0.0120702 0.00758764 0.028567 0.0108955 0.0957281 0.392801 0.0691776 0.00257517 0.00493706 0.000328067 0.014733 0.0444207 -0.975994 -1.03178 -0.674255 -0.0172785 -0.0192745
internal_weight=227495 1683.59 1014.61 367.422 39.6907 0.532642 39.1581 4.73425 34.4238 8.58588 0.672009 2.28252 7.91387 1.62466 1.45668 0.660737 0.568751 0.43064 0.270554 1.23264 0.371483 7.25313 1.45752 0.861152 25.8379 0.395396 0.819058 0.657863 225811 224531 108367 105892 116164 62252.1 33476.3 28775.8 3007.77 28375.5 19010.2 9365.28 113468 84693.4 74904.3 28774.7 28531.8 27878.4 23697.8 4685.82 3056.64 316.147 25.9371 290.21 71722.4 60628.6 41229.9 19398.6 2230.49 19.5853 19.0467 9.06432 9789.08 9609.75
internal_count=21030266 6682532 6246309 2127349 27554 242 27312 1722 25590 4683 640 1687 4043 1360 772 248 491 360 229 608 223 3795 443 385 20907 219 401 327 14347734 13648260 5902485 4027768 7745775 2467563 1750538 717025 57463 1616756 462280 1154476 7084468 3468400 3283553 3616068 3606676 3592188 3483818 588819 505913 11606 571 11035 3102375 2501508 1171117 1330391 331675 4214 4197 2131 184847 181569
is_linear=0
shrinkage=0.1


Tree=77
num_leaves=63
num_cat=0
split_feature=7 9 29 32 30 29 35 0 9 34 29 0 31 32 6 3 27 25 24 25 4 28 11 13 1 2 2 1 4 25 18 11 30 3 1 0 25 0 22 1 27 7 33 29 27 18 34 27 30 26 33 35 8 0 8 8 35 26 30 11 35 33
split_gain=936.094 608.39 228.233 508.072 238.981 493.407 290.15 437.906 478.404 402.069 351.138 288.618 287.056 309.166 292.607 366.235 289.825 398.288 469.455 299.106 326.554 250.328 280.188 256.806 234.87 256.547 234.267 279.008 286.683 233.412 227.687 220.428 212.251 212.18 378.519 315.401 256.345 235.759 227.582 525.031 284.473 430.365 304.504 208.654 205.97 405.129 204.964 215.402 860.142 684.866 726.63 802.13 489.72 267.292 407.042 238.72 1218.92 238.058 196.905 196.157 190.863 332.57
threshold=42.317867279052741 0.13392857462167743 15.500000000000002 6.5000000000000009 13.500000000000002 22.500000000000004 3.5000000000000004 99.494949340820327 0.47222222387790685 1.3757115006446841 19.500000000000004 96.449581146240249 0.80445563793182384 3.5000000000000004 1.0000000180025095e-35 99.523811340332045 12.500000000000002 1.5000000000000002 2.5000000000000004 4.5000000000000009 0.81340068578720104 3.5000000000000004 1.0000000180025095e-35 1.0000000180025095e-35 10.063291072845461 94.494949340820327 67.136150360107436 64.565757751464858 0.84171244502067577 4.5000000000000009 5.5000000000000009 1.0000000180025095e-35 15.500000000000002 9.1966171264648455 8.8562092781066912 9.3386626243591326 2.5000000000000004 5.7556936740875253 1.0000000180025095e-35 70.064933776855483 7.5000000000000009 79.55173492431642 0.62440553307533275 18.500000000000004 1.5000000000000002 8.5000000000000018 1.1750952601432803 1.5000000000000002 1.5000000000000002 2.5000000000000004 0.99999997019767772 2.5000000000000004 18.537610054016117 78.142959594726577 29.649979591369632 28.992753982543949 4.5000000000000009 1.5000000000000002 16.500000000000004 1.0000000180025095e-35 5.5000000000000009 0.88991183042526256
decision_type=8 8 2 2 2 2 2 2 10 2 2 2 2 2 2 2 2 2 2 2 2 2 2 2 2 2 2 2 2 2 10 2 2 2 2 2 2 2 2 2 2 8 2 2 2 8 2 2 2 2 2 2 10 2 10 10 2 2 2 2 2 2
left_child=1 46 3 30 6 32 7 11 -9 10 12 21 13 -8 16 -16 17 26 24 20 -20 22 23 29 -19 -26 27 43 -29 -4 -2 -5 -6 35 36 -12 37 -35 39 -36 -41 42 -42 -14 45 -23 47 48 49 52 51 53 -1 54 -51 60 -57 -54 -7 -32 -53 -62
right_child=2 -3 4 31 5 58 9 8 -10 -11 33 -13 14 -15 15 -17 -18 18 19 -21 -22 44 -24 -25 25 -27 -28 28 -30 -31 59 -33 -34 34 38 -37 -38 -39 -40 40 41 -43 -44 -45 -46 -47 -48 -49 -50 50 -52 55 57 -55 -56 56 -58 -59 -60 -61 61 -63
leaf_value=-1.8432075853897736 0.023351383409745186 -0.0064408132868919027 -0.0026073424922630193 0.015973467461094092 0.014644544278873723 -0.027487452936335678 0.033066358046354244 0.015174333353957934 0.088486037179041716 -0.029414766953654338 0.024108378873136063 -0.059473122229253272 0.010624751226140003 0.0035821510838784983 0.13710136240298809 0.0089828590263939297 0.033729329010871084 -0.098697678436595618 -0.038773266394244263 0.044940279960043912 0.024514511135487416 0.00056822955251453918 -0.011236499377168738 0.051749831517493995 -0.029600898104821846 -0.10004325632402791 0.097569047248454097 -0.059603007243118067 -0.35753592433414039 0.057114412369886194 0.011915140372009622 -0.030928556134187341 0.045427687357230309 -0.14098400337998615 -0.046663906258501954 -0.040103448472863318 -0.091471505706640782 0.03584104627214562 0.0053981253658429108 0.0019322403532597348 0.01739850234443786 -0.0091437849524496264 -0.081020274337195497 -0.023655999983160918 0.0030070157452750448 0.055764809517539198 0.25308180870693625 -0.08811906035185553 -0.1050849725505467 0.55017698365826495 -0.38825444848648211 -0.57328149842147125 -0.13551216229163576 -7.5780500875298262 -5.9179766171771329 -4.9834454051431738 -0.32278640634355943 -0.49693355981324283 0.0006563618412397473 0.14025126578964195 -0.10132133615525085 -5.642013516042752
leaf_weight=2.1274256295277629 7926.3262410288189 883.51982958079316 7530.9128282903657 1546.1843990111456 12829.994138086971 3244.278738494133 4162.8064415534609 6108.2798098587664 1041.95627696882 6719.4382106529083 3247.6172922482838 806.27499247851665 7141.4496233045993 24414.681293529116 299.08586643475064 878.42883335055376 1441.8941870777344 693.93925869649684 2234.6832256163325 1058.7452763786423 1283.6020732565812 3179.7420086260972 25441.878534332718 1219.3623347405337 4941.4295918506123 577.42400808622551 248.70809179270873 225.76387414165947 37.688920180313289 716.70155347547552 190.04220753414847 2847.2577509241119 2713.6228410748154 95.489156128009199 4681.0197438936957 1000.6435473300517 1036.4338632755826 358.43272802775027 5770.7161229409248 10161.491643971614 386.7819076305168 5562.3672887539433 1679.0951385783555 2363.0256310817349 41772.098050493732 2285.5475301981132 14.73248866489166 689.27173518328345 327.90338408667714 0.15295915163335788 5.9491273141939587 2.4280479438765359 39.067182912610377 0.27406250823582162 0.26733572960438323 0.96967495814112181 1.3319444556277198 34.159646504703048 10635.273242456518 319.03629605648166 0.21824867905525025 0.21509990976446891
leaf_count=927 423688 684214 371029 114948 845751 197126 144300 220737 636904 162226 55889 20636 291589 1227706 16433 27239 71693 96963 1068309 57109 27072 115765 428520 237862 1180876 4580 4455 9901 394 28593 36124 180350 212470 3696 1260879 21306 31737 5564 85268 308138 23374 125015 433135 110184 1298423 33904 6646 4781386 2367182 73 6776 280 69716 113 222 616 5104 31086 795456 20427 550 956
internal_value=-0.000405171 -0.0684727 0.000200501 0.0131529 -0.000582448 0.00778185 -0.00192871 0.00211234 0.0258576 -0.00585642 -0.00401538 6.55806e-05 0.00115031 0.00787704 -0.0070557 0.0415246 -0.00962686 -0.0126315 -0.0259622 -0.0016602 -0.0156835 0.00064996 -0.00577153 0.00891521 -0.0438657 -0.0369711 0.00172825 -0.00071202 -0.102225 0.00258236 0.027515 -0.0144223 0.0200187 -0.011921 -0.014908 0.0089838 -0.064025 -0.00135671 -0.012316 -0.0168651 -0.00902419 -0.0236191 -0.0625939 0.00210179 0.0053955 0.0236511 -0.117448 -0.122391 -0.179304 -0.45852 -1.16669 -1.95731 -0.347564 -5.14835 -3.564 -1.52816 -2.28633 -0.304112 -0.00592212 0.0923426 -0.918316 -2.85154
internal_weight=227060 2002.59 225058 12828.8 212229 29423.2 182806 90102.8 7150.24 92702.9 85983.4 82952.5 52003.4 28577.5 23425.9 1177.51 22248.4 20806.5 10789.8 4577.03 3518.29 82146.2 34908.9 9466.98 6212.79 5518.85 10016.6 9767.93 263.453 8247.61 8435.4 4393.44 15543.6 33980.1 29731.8 4248.26 1490.36 453.922 28241.5 22470.8 17789.7 7628.24 2065.88 9504.48 47237.4 5465.29 1119.07 1104.34 415.064 87.1608 11.8065 5.85737 75.3543 0.694357 0.420295 5.16302 2.30162 73.2268 13879.6 509.079 2.8614 0.433349
internal_count=21029590 7955847 13073743 775537 12298206 2050803 10247403 3392373 857641 6855030 6692804 2534732 4338803 1372006 2966797 43672 2923125 2851432 2434909 1152490 1095381 2514096 1066004 637484 1282419 1185456 416523 412068 10295 399622 480239 295298 1058221 2354001 2276806 77195 40997 9260 2235809 2150541 889662 581524 456509 401773 1448092 149669 7271633 7264987 2483601 116419 14690 7914 101729 408 295 7506 5720 100802 992582 56551 1786 1506
is_linear=0
shrinkage=0.1


Tree=78
num_leaves=63
num_cat=0
split_feature=7 9 0 9 0 3 25 1 2 26 28 19 4 26 1 3 2 26 24 24 25 2 9 1 22 4 28 2 25 25 25 31 0 2 1 2 3 19 0 25 2 27 1 25 13 27 31 25 22 2 2 22 2 25 0 3 3 1 25 25 11 22
split_gain=735.395 529.724 204.388 357.917 366.85 325.647 332.327 306.792 288.909 263.548 234.815 292.702 269.877 249.191 308.239 248.075 367.882 234.472 209.391 198.909 424.561 1590.42 545.396 476.579 908.063 943.824 648.933 419.13 367.944 459.246 375.86 367.832 329.774 329.299 396.675 624.64 317.197 563.748 382.446 296.146 306 571.41 398.315 326.325 403.293 973.057 667.396 744.938 715.332 675.805 627.632 493.165 556.323 489.622 724.653 911.902 559.157 311.014 304.883 290.141 283.204 281.257
threshold=43.341543197631843 0.13392857462167743 88.047618865966811 0.34848485887050634 99.494949340820327 92.031745910644545 2.5000000000000004 92.718276977539077 78.319625854492202 2.5000000000000004 53.500000000000007 0.1933449059724808 0.93800133466720592 2.5000000000000004 97.726097106933608 99.523811340332045 78.08689117431642 4.5000000000000009 2.5000000000000004 2.5000000000000004 2.5000000000000004 55.245780944824226 0.19090909510850909 94.932373046875014 1.0000000180025095e-35 0.81340068578720104 3.5000000000000004 85.89511871337892 3.5000000000000004 4.5000000000000009 5.5000000000000009 0.57675823569297802 66.996700286865249 11.215932846069338 26.766168594360355 26.766168594360355 48.714567184448249 0.12354665622115137 32.466217041015632 4.5000000000000009 3.9607843160629277 31.500000000000004 6.5753917694091806 1.5000000000000002 1.0000000180025095e-35 31.500000000000004 0.62058112025260936 3.5000000000000004 1.0000000180025095e-35 95.488464355468764 68.614070892333999 1.0000000180025095e-35 74.322341918945327 2.5000000000000004 8.9220566749572772 9.6399536132812518 8.081632614135744 83.414241790771499 3.5000000000000004 3.5000000000000004 1.0000000180025095e-35 1.0000000180025095e-35
decision_type=8 8 2 10 2 2 2 2 2 2 2 2 2 2 2 2 2 2 2 2 2 2 10 2 2 2 2 2 2 2 2 2 2 2 2 2 2 2 2 2 2 2 2 2 2 2 2 2 2 2 2 2 2 2 2 2 2 2 2 2 2 2
left_child=1 -1 17 5 10 6 7 -4 -7 -10 11 12 -5 -13 18 -14 -17 19 -15 39 21 33 -23 24 25 27 28 32 -26 -30 -31 -25 -22 -21 -35 -36 38 -38 -37 40 41 -2 -43 -42 45 46 47 -45 49 -48 -49 52 -47 -53 55 58 -56 -46 -55 -54 -32 -44
right_child=2 -3 3 4 -6 8 -8 -9 9 -11 -12 13 15 14 -16 16 -18 -19 -20 20 23 22 -24 31 26 -27 -28 -29 29 30 60 -33 -34 34 35 36 37 -39 -40 -41 43 42 61 44 57 51 48 50 -50 -51 -52 53 59 54 56 -57 -58 -59 -60 -61 -62 -63
leaf_value=-0.10715432330399739 -0.062437681016858274 -0.0055943770533937844 0.044170201867257258 -0.068058171398151387 0.070762824854251269 0.067571776705671355 0.076243449492198356 -0.048582576658178209 -0.0027549775745693661 0.029995585718972845 0.052786764329601665 0.041880875072713881 0.0072630565642683486 0.066413497485594539 -0.041457188244078944 -1.1047034649824963 -0.12293461332999794 -0.027695183804396718 -0.036095767166453387 -0.071448880603637729 -0.062231230612907723 0.029024497712282715 0.08498745098694338 0.0017173658676379643 0.10911437216499138 -0.013275075373994817 -0.069617024620620846 0.048575576443954695 -0.01973123748127862 0.071163089742889457 0.11619189394351939 0.041384368793215574 -0.13446560054222823 0.016412842093594639 -0.082784287836869752 0.0074401112263693323 0.054807459994372802 -0.058655647975580573 -0.083286669767393767 -0.032771324468984696 0.0049116131281960905 -0.083338696933026632 -0.098514236590441159 -0.075548414478294301 -0.048252891376124436 -0.048101899362663181 -0.0088365870867858007 -0.063958621249185194 -0.088379472245526558 -0.17303222711849031 0.17503062093356839 0.054876427477435867 -0.0039621898030840581 0.023912996232039022 -0.14966219512196685 -0.117367522680605 0.017639013231496838 0.0056222096230261771 -0.093670977769685748 0.16875264187045613 -0.090987503192315966 0.043189650118012748
leaf_weight=1100.9943691607684 735.39378453943937 962.5920983020917 830.23178252194339 758.91397728817356 1334.7942914387113 621.61236212753283 1150.7237292417849 625.10784668612177 46683.526972898864 2593.6019619660874 1379.1423358663451 2900.527879045927 2169.7773746553576 689.04838070797268 1048.5820473801577 4.0199058633297673 75.510033077560365 3396.6777191335568 280.33484225429129 737.85319923706265 1625.4479900990846 4010.6958997779293 3077.8555956213531 9678.7497232431633 595.97548168440699 8928.3551169547645 670.26838711948949 236.59035396203399 1432.8580212273664 1847.8057913842204 87.139504866849165 3082.1369835704681 1034.1035671011923 5511.5683336362126 1278.6578546271339 1049.6117960689153 1576.5366530010942 606.30996602594678 833.64092144423921 3349.8321969793033 29827.877313280202 282.71201758465031 144.48572157578019 4319.8034480508504 1124.9247135249607 3788.2182524291275 12392.896534103973 210.21621582255466 1364.0397437514475 255.84231257873762 230.2445931492839 2145.909604133878 8298.0744577777514 1298.1604589908529 203.48690281657036 1026.4510426203778 10944.409758054695 22575.176147529739 265.63748648315959 98.416965867450926 271.70426203472016 4581.5269578597945
leaf_count=7596532 65478 789211 9796 15509 756588 9106 12924 5817 897757 62921 105752 406994 48573 22707 25125 52 2912 140290 6661 36876 1237620 113692 160191 261740 10099 282121 17108 4564 30626 27348 914 103550 30451 298958 259196 241740 137898 129905 367286 209447 1241086 6167 10802 290336 57211 959059 2132646 23286 131537 2560 5514 31460 355844 18663 2732 19738 144428 585657 5896 2371 3731 58836
internal_value=-0.000356442 -0.0597801 0.000190556 0.00501245 0.0217363 0.00162319 0.036084 0.00433037 -0.000176598 -0.00103122 0.0147041 0.00807824 -0.016493 0.0231064 -0.00387918 0.000904996 -0.172559 -0.00170023 0.036769 -0.0011401 0.00421449 0.0160093 0.0533237 -0.00325754 -0.0143598 -0.0293659 0.0218099 -0.0789714 0.0362783 0.0243513 0.0529757 0.0112981 -0.0903179 -0.00680432 -0.00241074 -0.0218218 -0.00265106 0.0232918 -0.032721 -0.0034966 -0.00257245 0.0198749 0.0319602 -0.0038571 -0.00756486 -0.0129432 -0.0305668 -0.0629166 -0.0195773 -0.0121577 0.0609696 -0.00115603 -0.0162902 0.0104534 0.0035145 -0.0441315 0.0145852 0.00306503 0.00393937 -0.00193776 -0.0406773 0.0388574
internal_weight=226243 2063.59 224180 63145.5 10640.7 52504.8 2606.06 1455.34 49898.7 49277.1 9305.86 7926.71 3008.22 4918.49 2017.97 2249.31 79.5299 161034 969.383 157638 48173.9 18682.7 7088.55 29491.1 16730.2 11824.5 4905.75 2896.14 4235.48 3639.51 2206.65 12760.9 2659.55 11594.2 10856.3 5344.76 4066.1 2182.85 1883.25 109464 106114 5744.12 5008.72 100370 70541.9 46841.8 18773 4760.26 14012.8 12648.7 440.461 28068.8 12184.7 15884.1 13738.1 2590.25 11147.9 23700.1 1563.8 8396.49 358.844 4726.01
internal_count=21031595 8385743 12645852 2389194 1390873 998321 28537 15613 969784 960678 634285 528533 67046 461487 54493 51537 2964 10256658 29368 10116368 3755614 1745742 273883 2009872 1644582 1554756 89826 1272635 72718 62619 31993 365290 1268071 1471859 1434983 1136025 876829 267803 609026 6360754 6151307 141283 75805 6010024 4768938 4126070 2585879 319136 2266743 2135206 28800 1540191 1317274 222917 191457 44297 147160 642868 24559 358215 4645 69638
is_linear=0
shrinkage=0.1


Tree=79
num_leaves=63
num_cat=0
split_feature=7 9 21 7 34 7 7 33 2 9 8 34 0 34 20 22 20 8 20 7 9 7 7 0 20 4 4 18 10 22 0 7 7 27 20 34 2 26 27 2 26 0 0 29 20 9 8 26 29 8 18 34 16 27 8 33 33 33 1 35 1 28
split_gain=651.928 497.937 208.108 602.92 282.792 278.619 247.138 275.07 244.47 234.308 221.336 187.638 230.9 194.558 183.252 180.106 179.874 177.399 176.174 479.179 481.003 377.856 321.807 896.614 270.622 262.48 254.428 249.746 210.418 211.694 274.472 337.217 291.209 445.869 313.679 245.642 236.494 202.641 167.41 335.366 166.365 165.761 165.694 163.68 161.818 218.84 234.168 187.579 161.623 187.459 161.325 160.499 190.098 369.653 276.133 463.445 1875.79 6664.98 23183.8 2628.25 8354.71 286.412
threshold=42.482460021972663 0.13392857462167743 1.0000000180025095e-35 65.724277496337905 0.38280360400676733 98.742088317871108 92.876655578613295 0.49029523134231573 74.601570129394545 inf 98.051864624023452 1.5447758436203005 91.922958374023452 1.0000137090682986 0.74851745367050182 1.0000000180025095e-35 0.37903860211372381 39.482063293457038 0.9610288441181184 93.360881805419936 0.64583334326744091 97.189678192138686 99.81412506103517 21.11455059051514 0.72375130653381359 0.72802454233169567 0.91112279891967785 1.5000000000000002 1.5000000000000002 1.0000000180025095e-35 47.673160552978523 75.182640075683608 63.84260559082032 3.5000000000000004 0.28153488039970404 1.0000137090682986 80.901721954345717 1.5000000000000002 1.5000000000000002 74.601570129394545 1.5000000000000002 99.494949340820327 57.294832229614265 19.500000000000004 0.94430461525917064 0.26785714924335485 88.078147888183608 3.5000000000000004 24.500000000000004 74.834320068359389 3.5000000000000004 1.0951594114303591 2.5000000000000004 1.5000000000000002 29.181873321533207 0.94943508505821239 0.88991183042526256 0.90926125645637523 90.80338287353517 4.5000000000000009 89.039035797119155 1.0000000180025095e-35
decision_type=8 8 2 8 2 8 10 2 2 8 10 2 2 2 2 2 2 10 2 10 10 10 10 2 2 2 2 8 2 2 2 10 8 2 2 2 2 2 2 2 2 2 2 2 2 10 10 2 2 10 8 2 8 2 10 2 2 2 2 2 2 2
left_child=1 51 3 15 -4 6 7 8 17 48 16 13 -13 43 42 38 -8 -5 19 20 28 24 26 25 -21 -24 27 -20 29 30 31 -6 33 35 -35 36 -32 -26 39 -2 -33 -28 -12 -7 45 -10 47 -47 -9 -50 -19 52 53 54 55 56 -1 58 -58 -59 -61 -57
right_child=2 -3 4 5 18 11 10 9 44 -11 14 12 -14 -15 -16 -17 -18 50 22 21 -22 -23 23 -25 37 -27 41 -29 -30 -31 32 40 -34 34 -36 -37 -38 -39 -40 -41 -42 -43 -44 -45 -46 46 -48 -49 49 -51 -52 -53 -54 -55 -56 61 57 59 -60 60 -62 -63
leaf_value=-0.27501707406408016 -0.081879474483146336 -0.0055753042707736697 -0.029373705575111694 0.074194818462453654 -0.07235322216914894 0.013931292837651089 0.028379658913014721 -0.0079673468219414994 0.0086155672089836943 -0.13836799972617739 0.14214895504982078 0.014617649760966628 0.086888981855361078 -0.012668099550242319 -0.0085065313557582383 0.063364468245855773 -0.015573754346348735 0.004915037562470235 -0.0055074952317926817 0.062261756233165537 0.028462964977141167 -0.029917986127056054 -0.03767605359909873 0.051647061284880183 0.03965918089897888 0.10038903819600496 0.0048865838100713779 -0.031775404263892033 -0.024713906960026052 0.028231314006496189 0.038603353503084109 0.012908752511801331 0.00076169054605999874 -0.035137025239730342 0.053445375560744059 0.023624425522985392 0.14081616806535208 0.004915733962757695 -0.078169582384357214 0.0638531703336776 -0.035611970666657632 0.095062188291917801 0.030719819055763917 -0.00037761304095616636 -0.016680565039928468 0.055430994457862905 -0.018101077572635405 -0.033755226034193307 -0.082477977907748148 0.014616370420134184 -0.019105288188063087 0.1654946616149581 -0.088803764175967109 -0.076371553631790171 -0.21508466113566929 -1.7982384921800829 -1.9610702244527254 -0.93943088172216704 -96.436015020972292 -0.10001568136101616 -45.243029048341178 -0.30683790600159566
leaf_weight=5.1916297110132907 356.37179631045723 885.03338687564246 2615.5408867101069 276.95921070626355 1077.7843879770662 14407.471572483075 960.65451588758151 5202.9041389612394 6646.4830356019083 157.55139944984694 153.14392180932919 1974.8560803372529 569.56694225198589 6753.6852310087415 1378.4234572224377 124.52843214854511 30236.89829427228 5722.0631172141584 9357.0587786583055 2360.5041585303261 6937.9437910691049 1061.5940884180309 2205.2411180117633 3319.7110738915508 3481.1929613247048 146.86878362332936 6475.6234236327582 5902.8118613488768 3080.4722345779301 2944.7912312417029 370.2750083538167 1729.4648830960796 54637.453238578222 1148.5306056161207 613.16751378578192 717.70633652721881 582.42694485185439 3242.244691506552 1538.1860748341787 283.54890076775933 1194.8815607699653 210.47244078060612 1037.5840399637818 17959.742923189391 1379.1023548512603 3110.1574727828847 622.39550900727045 255.17253799265018 655.17471040532109 285.49459551711334 5467.8629768000683 20.729991359493965 686.96127591454979 131.12857390228601 78.065557243791289 1.3482578568121031 0.10748016801484525 1.6164672442254089 0.034252589941325101 0.14246473092409506 0.057561119267290906 28.650792568075964
leaf_count=10416 639748 699948 495002 24399 1358961 328459 14415 193620 83391 5545 2753 259501 348976 263318 20715 46194 819615 274455 227868 69737 749482 29412 18879 178364 105627 3501 458441 307101 93094 155097 124969 468677 1006805 602004 51350 10891 68787 76302 898586 28965 348899 242579 27443 332461 64133 109108 18949 3964 20847 4566 919120 17352 5981900 1087849 192454 7619 755 159 113 1324 148 24946
internal_value=-0.00030492 -0.0595998 0.000184235 -0.00298134 0.00313319 -0.00187352 -0.00604035 0.000599997 0.0055786 -0.017952 -0.011897 0.00448175 0.0307955 0.0027703 0.0163159 -0.0536006 -0.0142203 -0.00486549 0.00388695 0.00613727 0.00337933 0.0265346 -0.00305361 0.0181798 0.0331319 -0.0290551 -0.00854128 -0.0156684 0.000823723 0.00203369 0.000790831 -0.0245389 0.00253655 0.0307914 -0.00430549 0.0678064 0.10109 0.0229048 -0.0602879 -0.0173053 -0.00691671 0.00772523 0.0450511 0.00599165 0.0155476 0.0197272 0.0382473 0.0486685 -0.014864 -0.0530097 -0.00682229 -0.109717 -0.11583 -0.191195 -0.321879 -0.5463 -1.26979 -3.90711 -24.7929 -2.27749 -13.0907 -0.373866
internal_weight=224769 1839.07 222930 107516 115414 105213 63548 29781.3 23480.2 6301.12 33766.7 41665.3 2544.42 39120.9 2569.15 2302.64 31197.6 11466.9 112798 85180.4 75034.9 10145.5 27617.8 5671.82 9083.94 2352.11 21946 15259.9 68097 65016.5 62071.7 4002.13 58069.6 3432.11 1761.7 1670.41 952.702 6723.44 2178.11 639.921 2924.35 6686.1 1190.73 32367.2 12013.3 10634.2 3987.73 3365.33 6143.57 940.669 11189.9 954.034 933.304 246.343 115.214 37.1489 7.14986 1.95823 0.141733 1.81649 0.200026 29.9991
internal_count=21030058 8024983 13005075 5753246 7251829 4139753 2607038 1722097 1497519 224578 884941 1532715 608477 924238 50911 1613493 834030 1217974 6756827 5320094 5039016 281078 1436733 200744 251666 22380 1235989 534969 4289534 4196440 4041343 2176537 1864806 858001 653354 204647 193756 181929 1567299 668713 817576 701020 30196 660920 279545 215412 132021 113072 219033 25413 1193575 7325035 7307683 1325783 237934 45480 12915 2499 868 1631 1472 32565
is_linear=0
shrinkage=0.1


Tree=80
num_leaves=63
num_cat=0
split_feature=7 9 4 21 27 30 19 12 34 29 28 20 11 30 24 25 18 30 31 32 18 29 18 32 29 18 32 18 32 11 0 27 29 8 7 29 29 28 27 27 9 32 18 29 11 29 19 25 24 27 29 32 18 27 32 29 0 25 27 8 9 34
split_gain=514.818 528.7 332.343 237.886 230.62 201.81 385.332 405.931 411.259 362.461 355.865 328.234 437.188 281.62 278.651 273.502 243.536 245.557 241.098 223.503 1380.57 524.528 295.192 2249.58 397.438 305.245 1508.67 292.393 1160.28 235.235 222.29 219.061 292.982 408.972 245.809 355.68 356.825 245.431 241.499 233.671 202.146 195.434 993.446 208.913 193.705 182.013 263.043 206.569 246.603 305.86 208.076 174.985 497.25 173.519 194.4 171.075 170.877 235.096 189.196 169.619 169.603 168.506
threshold=48.107236862182624 0.095454547554254546 0.7207789719104768 1.0000000180025095e-35 32.500000000000007 11.500000000000002 0.21428121626377108 1.0000000180025095e-35 1.5447758436203005 20.500000000000004 100.50000000000001 0.95146238803863536 1.5000000000000002 13.500000000000002 2.5000000000000004 2.5000000000000004 6.5000000000000009 13.500000000000002 0.82880055904388439 2.5000000000000004 1.5000000000000002 17.500000000000004 3.5000000000000004 4.5000000000000009 15.500000000000002 4.5000000000000009 5.5000000000000009 5.5000000000000009 6.5000000000000009 1.0000000180025095e-35 92.768566131591811 6.5000000000000009 17.500000000000004 79.319980621337905 79.55173492431642 21.500000000000004 25.500000000000004 103.50000000000001 37.500000000000007 101.50000000000001 0.86607143282890331 3.5000000000000004 2.5000000000000004 16.500000000000004 1.0000000180025095e-35 19.500000000000004 0.21428121626377108 1.5000000000000002 2.5000000000000004 30.500000000000004 16.500000000000004 9.5000000000000018 8.5000000000000018 20.500000000000004 2.5000000000000004 13.500000000000002 88.548007965087905 1.5000000000000002 12.500000000000002 32.795558929443366 0.58571431040763866 1.2608777284622195
decision_type=8 8 2 2 2 2 2 2 2 2 2 2 2 2 2 2 8 2 2 2 10 2 8 2 2 8 2 8 2 2 2 2 2 10 10 2 2 2 2 2 8 2 10 2 2 2 2 2 2 2 2 2 8 2 2 2 2 2 2 10 10 2
left_child=1 61 -3 -4 59 6 14 11 10 16 15 19 30 -11 18 -9 17 45 -2 20 21 55 24 -24 -21 -25 -27 -28 -29 60 -13 32 33 -30 39 37 -37 38 -36 40 -33 42 43 -31 -20 46 47 50 49 -49 -7 52 -35 -47 -55 -8 -15 58 -58 -5 -26 -1
right_child=5 2 3 4 -6 9 7 8 -10 13 -12 12 -14 56 -16 -17 -18 -19 44 22 -22 -23 23 25 29 26 27 28 31 41 -32 34 -34 51 35 36 -38 -39 -40 -41 -42 -43 -44 -45 -46 53 -48 48 -50 -51 -52 -53 -54 54 -56 -57 57 -59 -60 -61 -62 -63
leaf_value=-0.095285051436337809 -0.048295220801434634 -0.087570325783481728 -0.073178646874062184 0.15619750925183656 -0.012826283758975246 0.078439361583768741 -0.039157733989665405 0.048515727628138203 0.073936958973442282 -0.021985220967169261 -0.094414820086635862 -0.030225882358651198 0.037770949850034131 -0.00096222332222880311 -0.00065863124158041942 -0.0078042161601386169 -0.010450181772421192 0.030799038044987761 -0.0061455101527549856 0.042952991275438029 0.098671030908183729 -0.013836643940358349 0.12326185096022686 -0.027432800337922086 0.070499764109352464 0.14622824493813658 -0.032173155483006692 0.15491832092463165 0.0012911070135722016 0.030125715035649842 0.037718870576936063 -0.010142354921698951 0.0069841633072306036 -0.02048117155829144 -0.035065967144978706 0.051980236660822292 -0.00717495198787187 -0.048104752637394547 0.066022386248485943 -0.05622922690292799 -0.074964399245248933 -0.038443477523977136 0.10025849135392383 -0.032434575264969789 -0.031152941938723883 -0.016868485977358665 0.047861665318885097 -0.026511988767881373 0.023856825483874012 0.036289659225178558 0.019025949684411479 -0.047945408108797605 0.22503946057209012 0.020405997868365 -0.0069177433140785007 0.047839429719605732 -0.16735102097431837 0.046099626561502058 0.082385692804811186 0.040818077596028124 -0.1241213928412786 0.1247364308549182
leaf_weight=1274.3236591329503 2707.4248753723223 339.12405627319936 197.99199938617176 225.32084601851886 364.74941982669407 669.90173127761227 251.07533607062942 1685.2417062339664 1415.0826258994639 6689.8023058079561 296.78046237898525 8053.7036260984605 1222.1369768481236 19681.876067266319 11458.288772440748 1765.6601375857426 4827.1864549928723 6667.8493604852119 8247.1340888254636 1086.4170380685246 1653.6150478821364 7229.7976163597777 1490.8798247879604 4052.6707911802805 413.84967845567735 706.05611319595482 2828.0758659491839 483.94842519737722 11465.231183581112 597.6782706824597 512.13305958325509 9606.7809151737747 42010.917794999797 1535.5624587913044 465.4561227664235 2127.8255504865665 1958.0102405312937 1586.3897402205039 480.07648980183876 1456.552025977624 506.4447133790236 4793.482360270049 704.54739398584934 4993.3173939639237 4960.4957383325236 3801.398417010656 2354.5649660713971 3702.5759009878966 2872.7087659660174 980.95904918278393 4908.6790346200578 3046.5683925270278 87.172458524000831 5763.5178156393231 4749.6489878831198 2266.4836823883234 97.070946030318737 1395.6747924813826 44.124394625774585 293.22979467549351 50.209301734459586 35.78601750293933
leaf_count=8642992 89570 931742 72201 30497 121243 14447 4574 219908 1221182 328943 14512 123990 28389 1294654 1161012 195629 1068625 290214 453848 22018 52383 129593 39022 68862 52197 16061 47187 10392 296776 7816 47855 377889 844306 25375 6186 29558 25571 20838 7721 104741 7198 62847 10798 63428 643508 228833 73928 385212 295158 27405 124121 48735 1485 136000 210131 48479 2619 42532 2717 64445 2466 6110
internal_value=-0.000301022 -0.0434572 -0.00119735 0.0258917 0.0480983 0.000231062 -0.00180411 0.000551116 0.0280058 0.00470852 0.0106628 -0.000632801 -0.0181807 -0.00409497 -0.0125494 0.0196995 0.0106576 0.0134514 -0.0211104 0.000929558 0.0141851 -0.000147772 -0.000604182 0.00149544 -0.0148726 -0.000655401 0.000695172 -0.000594985 0.000567591 -0.0203104 -0.0261636 -0.000410987 0.00258511 -0.00886911 -0.00998948 0.00538211 0.0236319 -0.0240682 0.0162598 -0.0187818 -0.0133885 -0.0232294 -0.0116453 -0.0257469 -0.0155378 0.00957026 0.0170828 0.0115653 0.000790039 -0.0133583 0.0261606 -0.033817 -0.00729193 0.00144116 0.00806165 0.0391632 0.00154543 0.0336596 -0.0893068 0.0909528 0.0494425 -0.0892751
internal_weight=224197 2730.53 1420.42 1081.29 883.3 221467 152259 124886 5162.76 69207.5 3747.68 119723 9787.97 27908.5 27373.3 3450.9 41299 36471.8 15915.1 109935 11401 9747.36 98534.1 85894.6 12639.5 84403.7 80351.1 79645 76816.9 11553.1 8565.84 76333 58145.5 16134.5 18187.5 6617.76 4085.84 2531.92 945.533 11569.8 10113.2 11089 6295.54 5591 13207.6 29804 15489.4 13134.8 7556.24 4683.53 5578.58 4669.3 1622.73 14314.6 10513.2 2517.56 21218.7 1536.87 141.195 518.551 464.059 1310.11
internal_count=21028674 9869230 1220128 288386 216185 11159444 6633905 4285967 1651231 4525539 430049 2634736 200234 1671465 2347938 415537 2854074 1785449 1186926 2434502 235029 182646 2199473 1977903 221570 1938881 1870019 1853958 1806771 199552 171845 1796379 1216677 372371 579702 89874 55129 34745 13907 489828 385087 144889 82042 71244 1097356 1495235 920271 846343 707775 412617 138568 75595 26860 574964 346131 53053 1342522 47868 5336 94942 54663 8649102
is_linear=0
shrinkage=0.1


Tree=81
num_leaves=63
num_cat=0
split_feature=7 10 29 32 11 18 11 32 18 32 11 8 7 30 29 35 0 0 34 29 0 0 34 34 32 7 30 16 13 11 34 16 25 26 29 22 0 1 30 18 32 18 32 35 32 32 27 32 19 3 27 16 16 28 4 24 30 29 25 33 18 1
split_gain=415.689 314.713 179.147 531.914 275.516 248.558 315.017 238.486 249.738 229.492 189.27 183.894 248.054 188.16 367.613 259.455 287.235 333.275 289.672 263.148 248.786 390.256 235.445 233.642 218.315 285.582 208.8 293.099 286.225 208.329 276.582 232.176 228.321 217.419 207.189 248.746 243.853 211.337 184.434 182.743 293.744 225.104 463.094 228.158 198.708 580.305 179.594 170.688 165.392 165.298 160.573 243.442 160.309 160.088 159.317 157.576 152.488 149.865 148.338 147.489 147.384 153.732
threshold=39.905212402343757 1.0000000180025095e-35 16.500000000000004 5.5000000000000009 1.0000000180025095e-35 4.5000000000000009 1.0000000180025095e-35 4.5000000000000009 3.5000000000000004 2.5000000000000004 2.5000000000000004 31.466378211975101 54.071052551269538 13.500000000000002 22.500000000000004 4.5000000000000009 99.494949340820327 96.449581146240249 1.7512674927711489 20.500000000000004 46.247655868530281 28.743545532226566 1.0393390059471133 0.99999997019767772 11.500000000000002 71.122566223144545 4.5000000000000009 3.5000000000000004 1.0000000180025095e-35 1.0000000180025095e-35 1.5447758436203005 1.5000000000000002 3.5000000000000004 2.5000000000000004 19.500000000000004 1.0000000180025095e-35 79.784946441650405 30.0684928894043 15.500000000000002 4.5000000000000009 2.5000000000000004 1.5000000000000002 1.5000000000000002 2.5000000000000004 5.5000000000000009 3.5000000000000004 1.5000000000000002 2.5000000000000004 1.0000000180025095e-35 45.222154617309577 1.5000000000000002 6.5000000000000009 6.5000000000000009 1.5000000000000002 0.69909369945526134 2.5000000000000004 16.500000000000004 24.500000000000004 1.5000000000000002 0.18331423401832583 1.0000000180025095e-35 73.375530242919936
decision_type=8 2 2 2 2 10 2 2 10 2 2 8 10 2 2 2 2 2 2 2 2 2 2 2 2 10 2 8 2 2 2 8 2 2 2 2 2 2 2 8 2 10 2 2 2 2 2 2 2 2 2 8 8 2 2 2 2 2 2 2 8 2
left_child=1 -1 3 5 50 7 -7 8 -2 -8 11 12 54 15 38 16 17 24 -18 20 21 23 -21 -17 29 -26 27 46 55 30 34 32 -31 -32 37 36 60 -13 -15 40 41 43 -43 -33 45 -41 -22 -10 -47 -23 51 -5 -28 -45 -4 -29 -16 -58 -38 -39 -36 -62
right_child=2 -3 10 4 -6 6 9 -9 47 -11 -12 13 -14 14 56 19 18 -19 -20 22 26 49 -24 -25 25 -27 52 28 -30 31 33 39 -34 -35 35 -37 58 59 -40 44 -42 42 -44 53 -46 48 -48 -49 -50 -51 -52 -53 -54 -55 -56 -57 57 -59 -60 -61 61 -63
leaf_value=-0.10228993255274095 0.016484634313118151 -0.0052067552138742321 -0.04986793543152733 0.059228956167481694 -0.020743837265281312 0.0048068530194569827 0.0022314492239453856 -0.015799826344338994 0.026230016046323135 0.13263208508863442 -0.043067847651225177 0.028748725615764067 0.014343046289794166 0.012020000601850911 -0.024727646871811303 -0.0018564830163295487 0.01189619262528992 -0.05468920607721605 0.075064631031353982 -0.014814488802500065 0.020671831840495824 -0.060378798836006775 -0.052806625073918922 -0.040071804657812515 -0.0055043039582100819 0.030304986830949683 0.035713944258440641 -0.030712876656536908 -0.0053789084810280212 -0.010430383452097555 0.065557326792510459 -0.012513010546364101 -0.043534021998238637 -0.034598364464698002 -0.0028027334059758237 0.017060643576733835 0.087623004601103838 -0.0060491723810534095 0.041002593725857066 -3.1521236290102304e-06 -0.019418659214221371 0.00084472167319476566 0.083880517028188301 0.061649129617044364 0.00374145820217325 -0.072802601594696134 -0.012931883023267216 0.10367654364645428 0.15524478041797696 -0.018881967666658721 -0.010209563881696906 -0.0079212200594330397 0.005926571241671663 0.0073356017083468037 0.14637855411970996 -0.088451633491016035 0.029658139096191662 -0.0045755552285000394 6.8430060862448416e-05 0.020123681331120104 -0.056267573678580873 -0.016275636545375411
leaf_weight=697.85879365150868 11104.549264748901 640.25453888223251 49.50595978996023 1247.5722645322512 7134.0067235472252 573.67021181305608 174.95396814466949 2049.3446209049143 558.9694461811232 590.39658187025634 1062.9672262951499 4563.9193922125341 1444.2258896892017 12529.736720359891 3171.5130401459319 15146.078365669466 8672.0285681825044 1145.4092673371342 792.27098660648335 9628.907967952764 3519.5199734611415 2069.235810711396 1963.8730544475548 1788.7810950651838 4010.4478108859912 5008.3674571099982 2132.5779559776129 1030.1816146173551 2420.9687563776315 15112.269479872828 1198.5375836094026 8695.4811464524937 2416.6837844683596 264.59243774629431 1597.9142764623284 3253.2347588797638 205.15240528823051 6474.7185616170009 2662.1696085975782 982.85818752666819 10359.150602142363 2209.6038729521606 964.95590117005486 669.11026843453874 13934.147202457072 34.470431968322373 2901.6951624191715 579.71749507674394 410.92141853383509 1790.5894441334331 1783.3521496529429 951.75527615220926 11824.57078180262 2872.0166208924056 251.63305562247899 873.39697183320459 1491.266018502618 8974.2590663299634 3408.5030814421025 3225.7326745916216 2206.8410798111872 1702.9429072286584
leaf_count=6250245 607153 427883 98891 64519 568983 84480 4938 82442 36808 37580 646336 117027 63923 818935 195102 1047338 356749 27969 505256 745226 156235 1405713 97526 35590 267608 66794 151320 159067 58990 198008 497082 118200 36228 66728 54463 54077 10119 371829 209783 87597 208842 62519 31257 20717 466060 20507 94768 29317 4096 635059 67472 203672 750305 58263 102050 114101 115562 673642 101609 152809 155696 68831
internal_value=-0.000269034 -0.055838 6.61091e-05 0.00774079 -0.00898115 0.0196329 0.0608306 0.0157732 0.0210581 0.102823 -0.000985985 -0.000755478 0.0315576 -0.00104874 0.0064 -0.00236227 0.000555974 -0.00106764 0.0171841 -0.00780064 -0.00437361 -0.0124333 -0.0212505 -0.00589306 -0.000426412 0.0143815 0.00241093 -0.00806689 -0.0281915 -0.00196564 0.00511404 -0.00535719 -0.0149943 0.0474452 0.00278903 -0.00667958 -0.0151468 0.0110032 0.0170988 -0.00125027 -0.00639658 0.00235666 0.0260847 -0.00379914 0.00738262 0.0429062 0.00548658 0.0656589 0.137595 -0.0411282 0.0120889 0.0301698 0.0104779 0.0175984 0.114116 -0.0572045 -0.00551865 0.000302513 0.00503903 0.0026542 -0.0283909 -0.0388487
internal_weight=223206 1338.11 221868 26748.3 11116.7 15631.6 1339.02 14292.6 12243.2 765.351 195120 194057 1745.36 192312 28828.9 163483 106392 96928 9464.3 57090.4 45497.6 20794.7 11592.8 16934.9 95782.6 9018.82 24702.9 10745.8 4324.55 86763.8 28102.1 58661.7 17529 1463.13 26639 12374.6 9121.35 14264.4 15191.9 41132.7 25770.3 15411.2 3174.56 12236.6 15362.4 1428.25 6421.22 1138.69 445.392 3859.83 3982.68 2199.33 13957.1 3541.13 301.139 1903.58 13637 10465.5 3613.66 9700.45 5507.7 3909.78
internal_count=21027894 6678128 14349766 1787364 904646 882718 126998 755720 673278 42518 12562402 11916066 264864 11651202 2013024 9638178 4186940 3324935 862005 5451238 4608486 3123700 842752 1082928 3296966 334402 1484786 583161 332158 2962564 1650270 1312294 234236 563810 1086460 444795 390718 641665 1028718 1078058 499798 290956 93776 197180 578260 112200 251003 66125 24603 2040772 335663 268191 901625 78980 200941 273168 984306 789204 111728 524638 278990 224527
is_linear=0
shrinkage=0.1


Tree=82
num_leaves=63
num_cat=0
split_feature=7 9 1 3 30 1 9 2 13 24 25 33 25 29 29 0 2 32 35 25 34 35 7 7 3 0 30 11 19 34 0 7 0 34 7 34 32 8 0 11 7 35 29 32 10 25 19 3 19 25 1 2 0 25 0 3 2 0 7 1 34 33
split_gain=392.44 322.771 172.229 265.791 189.054 325.892 488.933 409.718 540.834 410.106 1108.05 944.093 734.039 317.224 306.926 251.355 224.866 224.012 287.984 222.746 219.067 297.212 244.451 218.698 214.202 208.351 199.591 196.031 191.331 183.594 180.96 234.105 208.66 202.433 231.431 177.929 177.38 273.012 175.81 172.601 364.492 191.279 242.667 193.031 168.889 167.631 348.025 346.612 251.451 260.265 220.26 256.893 334.324 282.205 314.943 273.824 524.57 284.06 236.585 222.043 204.372 195.179
threshold=40.783086776733406 0.13392857462167743 5.0641026496887216 7.5498573780059823 11.500000000000002 98.61084365844728 0.92582416534423839 98.07621002197267 1.0000000180025095e-35 2.5000000000000004 3.5000000000000004 0.5073891580104829 3.5000000000000004 19.500000000000004 20.500000000000004 89.386734008789077 70.678733825683608 3.5000000000000004 13.500000000000002 1.5000000000000002 0.99603545665740978 4.5000000000000009 79.087123870849624 75.182640075683608 99.523811340332045 59.67530822753907 13.500000000000002 1.0000000180025095e-35 0.43495622277259832 1.6982607841491701 77.836257934570327 45.954339981079109 78.142959594726577 1.9490295052528384 97.81815338134767 1.1750952601432803 11.500000000000002 60.156488418579109 62.258651733398445 1.0000000180025095e-35 75.766986846923842 2.5000000000000004 17.500000000000004 9.5000000000000018 1.5000000000000002 1.5000000000000002 0.41295713186264044 95.742755889892592 0.1933449059724808 4.5000000000000009 73.746868133544936 96.60919570922853 90.815368652343764 2.5000000000000004 90.366767883300795 84.680576324462905 73.765182495117202 65.64831924438478 69.255905151367202 94.932373046875014 1.8267858028411867 0.53313374519348156
decision_type=8 8 2 2 2 2 10 2 2 2 2 2 2 2 2 2 2 2 2 2 2 2 8 10 2 2 2 2 2 2 2 10 2 2 10 2 2 10 2 2 10 2 2 2 2 2 2 2 2 2 2 2 2 2 2 2 2 2 8 2 2 2
left_child=1 -1 3 -2 5 13 7 8 9 12 11 -11 28 45 17 26 -14 18 -6 -17 22 25 -9 35 -13 -22 -16 -23 -7 -15 31 -27 -32 34 36 -8 39 -38 -26 40 -34 42 43 -41 -37 46 61 -48 49 -47 -50 52 55 54 -53 56 57 -52 -54 -57 -56 -4
right_child=2 -3 4 -5 14 6 23 20 -10 10 -12 24 16 29 15 19 -18 -19 -20 -21 21 27 -24 -25 38 30 -28 -29 -30 -31 32 -33 33 -35 -36 44 37 -39 -40 41 -42 -43 -44 -45 -46 48 47 -49 50 -51 51 53 58 -55 60 59 -58 -59 -60 -61 -62 -63
leaf_value=-0.10239823320992476 0.026312362719271027 -0.0070408315327720669 0.0051473734658660873 -0.095865731804863324 0.012902772925264778 -0.055885793333251235 0.090268911708780306 0.13822131827850104 0.042179643500244807 0.12057551552909979 -0.058633534074556376 -0.118402331288507 -0.040090047873523077 -0.021406669214063156 -0.021314760352836745 -0.08855918254421595 0.14363706752047453 0.00053284975170190217 0.054866111752930449 0.046761650709855593 -0.040010831639342687 -0.0024952152421163338 0.024394350747544983 0.071044013339048764 -0.070574400619830516 -0.021638155405764428 -0.00096273240702521648 -0.028696450969061323 -0.11282496810330359 0.0072053387899882462 -0.10097392981589262 0.028040133148381274 0.0082953384346869385 -0.019893799429374054 0.043846360617676286 -0.074117715690665636 0.004021790180433125 0.041184818178199079 0.020500812631921373 0.03583568199854207 0.081422045300512433 -0.013324791569567594 -0.0014933464398708082 -0.033374291532991839 0.13174676417150266 -0.026682461006325698 0.10670602004288521 0.015877143504955234 -0.0376326687754793 0.021622567620619496 0.038680498102583089 -0.0099106588124234438 0.22678765385574287 -0.031641749946500208 0.019934306618978777 -0.0097780239284148661 0.059877992723412425 -0.051817301631685166 0.04043872145013979 0.088889788209425002 0.10204470896452376 -0.035046849207027143
leaf_weight=680.72514744407567 293.04836750717004 741.75531496611075 10374.16535877249 453.75257926033009 23738.651889009139 1637.4288305550513 133.95817599067232 228.54068822681438 1244.5022368082864 867.38295077464863 2425.8522884886615 163.24934541611947 96.766961747234745 17031.647120875627 6375.2710562063294 132.90703416534234 213.7948941544746 15445.909943542647 1756.4209346878997 1435.039896749091 961.27075133256585 9664.0814902113343 1081.435681628529 1469.0604195630876 262.93003410284291 1104.1803836378967 19735.232983847607 4053.0675996970895 922.70332064351942 2582.7308338437579 186.27790636359714 6731.7065209288412 7401.6537005270147 3043.9314763217699 1621.3074684499879 291.25356958262273 5069.9479493380568 3240.1086996929225 1093.2516492208233 3243.8052379389956 750.74538246821612 9159.0271683520878 14248.547742764182 460.15192628747172 46.167923806235194 8214.9786140720826 638.62288867787311 1228.0744612264848 1550.6662197807927 1290.6370501042984 550.64820890303213 5184.5949202440224 70.4325196436439 3931.096269690489 1185.3928270745882 7615.1778101962154 2025.7910618672834 937.1237305396935 2083.3285680239787 235.1215414433027 407.27418987307465 1367.3363699451347
leaf_count=6715166 10505 537703 352078 40392 837033 84608 5549 10536 16443 21079 74732 7637 3780 1495553 355464 4762 2890 2295952 44546 46040 30226 123953 7867 1281697 26938 64845 1472557 364611 38343 72962 2417 102721 88536 88899 111954 28432 168675 34363 17329 41628 103708 213283 200484 4425 6941 1669916 91040 43580 477980 85906 37985 137764 2916 122726 23223 219640 53260 44181 70189 5881 29117 254691
internal_value=-0.000317504 -0.0526739 1.95077e-05 -0.0479224 0.00018207 -0.00178892 0.00241997 0.00123418 -0.018976 -0.0288815 -0.0110383 0.0373353 -0.0587954 -0.00689563 0.0045372 -0.00359675 0.0863901 0.0100362 0.0157937 0.0352912 0.00373153 0.00298326 0.0442528 0.0520272 -0.0101832 0.00615237 -0.00593199 -0.010237 -0.0764074 -0.0176392 0.0069411 0.0210398 0.00465974 0.00506765 0.00674882 -0.007239 0.00536849 0.0185117 0.00284358 0.00227125 0.0150295 -0.00156514 0.00443441 0.0272376 -0.0459502 -0.00258542 0.00684309 0.046951 -0.00622196 -0.0201238 -0.0010954 0.00124329 0.0104086 -0.0103265 0.00203731 0.00356208 0.026765 -0.0183226 0.0465327 -0.00682286 0.0409314 0.000466624
internal_weight=222412 1422.48 220989 746.801 220242 151623 83118.1 81177.7 8927.86 7683.36 4812.67 2386.81 2870.69 68504.8 68619.4 27678.5 310.562 40941 25495.1 1567.95 72249.8 70939.8 1309.98 1940.44 1519.43 57222.7 26110.5 13717.1 2560.13 19614.4 56261.4 7835.89 48425.5 48239.2 45195.3 471.38 43574 8310.06 1356.18 35263.9 8152.4 27111.5 17952.5 3703.96 337.421 48890.5 13608.2 1866.7 35282.3 9505.62 25776.6 24226 13517.6 10708.4 6777.26 11363.9 3513.56 1487.77 2153.76 7850.3 1592.67 11741.5
internal_count=21030237 7252869 13777368 50897 13726471 8670117 3379529 2056910 293779 277336 147715 72983 129621 5290588 5056354 1878823 6670 3177531 881579 50802 1763131 1744728 18403 1322619 51904 1256164 1828021 488564 122951 1568515 1225938 167566 1058372 1055955 967056 40922 855102 203038 44267 652064 192244 459820 246537 46053 35373 3722073 741389 134620 2980684 1755822 1224862 746882 434052 312830 190104 360947 135426 82166 73105 225521 52340 606769
is_linear=0
shrinkage=0.1


Tree=83
num_leaves=63
num_cat=0
split_feature=7 9 34 25 11 25 2 3 4 0 0 7 21 28 3 0 27 25 22 3 34 31 4 3 28 21 7 25 2 4 3 3 0 0 7 24 25 3 3 7 4 3 34 3 19 29 0 25 3 0 19 28 35 12 34 2 3 24 25 0 3 25
split_gain=332.714 320.267 208.929 198.6 192.656 166.502 508.549 397.594 356.228 336.981 291.383 210.601 276.88 207.56 245.666 779.651 727.159 396.95 307.195 1046.58 831.109 335.201 336.094 670.768 282.769 263.159 815.493 468.457 238.721 412.262 543.434 371.488 338.913 443.033 307.085 300.786 466.789 566.706 311.655 265.729 245.753 656.549 238.483 231.108 222.454 218.337 204.703 211.948 204.268 198.652 297.802 261.336 193.218 189.425 335.926 254.345 188.865 187.094 209.641 185.613 185.346 184.543
threshold=43.341543197631843 0.13392857462167743 1.1331304907798769 5.5000000000000009 1.0000000180025095e-35 1.5000000000000002 21.778656005859379 38.196554183959968 0.72802454233169567 21.778656005859379 11.852501869201662 93.84250640869142 1.0000000180025095e-35 911.00000000000011 8.4219856262207049 8.4806714057922381 31.500000000000004 3.5000000000000004 1.0000000180025095e-35 48.714567184448249 0.93841841816902172 0.99999985098838817 1.0000000180025095e-35 44.610280990600593 1.0000000180025095e-35 1.0000000180025095e-35 99.81412506103517 2.5000000000000004 71.039428710937514 0.93082416057586681 99.523811340332045 84.29276275634767 88.548007965087905 70.801284790039077 81.270160675048842 2.5000000000000004 2.5000000000000004 73.765182495117202 75.93103408813478 73.024791717529311 0.84171244502067577 95.553359985351577 1.2608777284622195 11.269841194152834 0.4535095095634461 18.500000000000004 11.852501869201662 2.5000000000000004 15.587044239044191 71.89255523681642 1.0000000180025095e-35 5.5000000000000009 2.5000000000000004 1.0000000180025095e-35 1.5447758436203005 95.488464355468764 9.6399536132812518 2.5000000000000004 2.5000000000000004 39.780220031738288 97.467948913574233 3.5000000000000004
decision_type=8 10 2 2 2 2 2 2 2 2 2 8 2 2 2 2 2 2 2 2 2 2 2 2 2 2 10 2 2 2 2 2 2 2 8 2 2 2 2 8 2 2 2 2 2 2 2 2 2 2 2 2 2 2 2 2 2 2 2 2 2 2
left_child=1 2 -1 5 -5 6 7 9 10 11 -9 -2 -13 14 16 17 -7 43 19 20 -17 -20 46 -24 52 -22 -27 45 29 32 -31 39 33 34 -26 36 37 -36 -37 -30 41 -33 61 -16 59 -28 47 -23 -49 57 51 -51 -21 -42 55 -55 -19 -41 -59 -38 -34 -35
right_child=3 -3 -4 4 -6 13 -8 8 -10 -11 -12 12 -14 -15 15 18 -18 56 21 24 25 22 23 -25 28 26 27 -29 31 30 -32 40 60 42 35 38 44 -39 -40 49 53 -43 -44 -45 -46 -47 -48 48 -50 50 -52 -53 -54 54 -56 -57 -58 58 -60 -61 -62 -63
leaf_value=-0.10346753567213207 0.044473907082811889 -0.0052839605537548587 0.19209001756808161 0.014087766522107817 -0.066912855299183394 -0.086279726146518826 0.011993730699522628 -0.14928855355951418 0.093131302299367349 -0.029671185506713074 -0.042006400174921112 0.034230953859137866 -0.025373545073763784 -0.037880884745416538 -0.0017663280917524172 -0.087373634118091181 0.028597261033435701 -0.047693774695138129 0.048648856037389721 -0.051267428928012795 -0.048646549024418527 0.10792502934851851 -0.14253152728086393 0.043044405934757682 -0.054728789188094068 -0.045202120239703665 0.30563273332059554 -0.076697283798812632 0.095261469399070695 0.097171404352898672 -0.49079347519739802 -0.085894154591338076 -0.014103165414622918 -0.040503909614641259 0.016741820102990291 -0.019728527652752653 -0.070040110524923802 -0.078721553581186099 0.055728044854833063 -0.034946378201983187 -0.00053148281385379892 0.047013908097530262 -0.086413355263598807 -0.080784332018001059 -0.11195828875541083 0.13590762937503861 0.034833976334982177 0.0052500984538234033 -0.077948580378750923 -0.091562576537733975 0.044048807683229357 0.025353405111768146 0.00033541315164724756 0.018691056936965936 0.069995519608110998 -0.033779544773572777 -0.1179869341325452 0.060703269272620708 -3.5676559194492999e-05 0.051352814255603646 0.11921850546355711 0.02873466680220494
leaf_weight=717.67679490902117 1601.0697592536235 917.92561835949891 24.742016473830859 449.18979064533778 847.91137794464885 606.12758180923265 33056.633406842913 281.140425796606 178.11051698063966 2629.7459060238034 2544.5389503048282 1357.8329392316518 1829.3266986412928 1512.2606502481794 1681.5494766288248 2523.722343995054 6060.0764973784462 707.9089962695798 2136.1501024403915 1826.4394467319798 564.90714248010772 196.99191078465083 423.96251626718004 360.29794380390376 1058.8096222160166 541.10312934011017 109.00195632898249 82.521398622251581 455.91968230101338 470.95646557545115 16.262499416116043 1046.8737805592682 166.39692501456011 3020.1018254432493 1056.0920398941525 816.75678215545486 139.19761093251873 1512.3474299731315 1659.5674343487481 1052.0806085216464 105490.64511368261 576.27284906643035 1033.7847014763393 474.60542572740087 103.40838672537939 248.78632085467689 2719.0007585775602 13869.587563365552 301.51416511599382 330.56905978522263 3611.8850318624172 453.41790944873355 1203.8791039395874 4242.4639812254463 1013.1383498963842 1180.9988644363475 830.82867109945073 731.54281839280156 2545.7670892151655 1324.1743568783422 279.31079399945156 441.18083161585673
leaf_count=7603664 74618 767635 14550 51622 56434 69191 1515428 8023 6219 180159 126967 11224 13859 152843 46222 3957884 85877 34414 37666 52752 125763 2620 23460 5838 597622 237986 1715 11736 45777 11443 149 25780 2390 88544 106084 99830 36013 37370 44439 19961 2345311 50571 29131 18767 4534 4732 42653 252903 6170 4419 76894 9082 81984 284180 1094988 117528 53091 13619 52314 71677 8358 12734
internal_value=-0.00018569 -0.0447822 -0.0936177 0.000151514 -0.0388621 0.000383337 0.00592118 -0.0133402 -0.0440345 -0.000911089 -0.0526804 0.0148843 1.98965e-05 -0.000994016 -0.000672129 -0.0014252 0.018152 -0.0468486 -0.000395143 -0.00201968 -0.0520017 0.0112103 0.0067353 -0.0572759 -0.000554692 0.00572816 0.0370266 0.138079 0.000119329 -0.0127133 0.0775462 0.00148888 -0.0162004 -0.0193383 -0.00472945 0.00327773 -0.0132279 -0.0394689 0.0308405 0.020837 -7.55285e-05 -0.0387072 -0.0442666 -0.0191595 0.0297893 0.187615 0.00967327 0.00491189 0.00347991 0.0169481 0.0319225 -0.0239444 -0.0307668 0.000484701 0.0171391 0.0072652 -0.085648 0.00174385 0.0135221 0.0398058 0.0694453 -0.0316786
internal_weight=221247 1660.34 742.419 219587 1297.1 218290 43478.4 10421.8 3003.79 7417.98 2825.68 4788.23 3187.16 174811 173299 166633 6666.2 3694.89 162938 142930 4070.04 20007.5 17871.4 784.26 138860 1546.32 981.413 440.31 135830 13098.3 487.219 122732 12611.1 12165.4 7670.35 6611.54 4135.22 2568.44 2476.32 9181.18 113550 1623.15 4495.07 2156.15 1566.78 357.788 17087.1 14368.1 14171.1 8725.26 4395.87 783.987 3030.32 111927 6436.6 5423.46 1538.74 4329.39 3277.31 1463.37 445.708 3461.28
internal_count=21027411 8385849 7618214 12641562 108056 12533506 1936497 421069 141209 279860 134990 99701 25083 10597009 10444166 10289098 155068 152494 10136604 9765294 4339816 371310 333644 29298 5425478 381932 256169 18183 5290742 1150318 11592 4140424 1138726 1127978 997569 399947 255678 143454 144269 222066 3918358 76351 130409 64989 112224 6447 304346 261693 259073 176289 90395 13501 134736 3842007 1496696 401708 87505 85894 65933 107690 10748 101278
is_linear=0
shrinkage=0.1


Tree=84
num_leaves=63
num_cat=0
split_feature=34 4 11 21 8 33 8 11 2 4 1 3 3 1 8 27 8 25 4 1 2 34 25 0 20 8 30 28 29 29 25 0 0 2 0 8 11 30 29 1 35 8 28 4 13 3 25 33 1 24 0 19 34 1 0 0 31 2 25 24 3 0
split_gain=204.664 214.458 181.206 167.987 184.224 414.218 249.236 229.839 189.706 269.496 308.417 261.306 202.625 206.884 156.395 203.829 155.77 158.401 276.535 150.956 145.684 139.846 138.26 182.94 133.182 190.702 149.952 133.867 128.373 126.157 125.868 226.604 131.932 232.211 125.6 340.5 306.542 170.655 232.181 285.031 153.61 132.459 208.853 217.766 308.136 301.979 247.786 186.616 170.34 196.252 184.942 143.618 132.052 128.081 125.29 150.039 223.744 140.45 140.875 122.03 120.769 119.349
threshold=0.32831221818923956 0.86316624283790599 3.5000000000000004 1.0000000180025095e-35 98.496154785156264 0.77303561568260204 91.813587188720717 1.5000000000000002 75.905715942382827 0.92942810058593761 25.176055908203129 42.488718032836921 82.807880401611342 82.637680053710952 65.586883544921889 1.5000000000000002 39.482063293457038 1.5000000000000002 1.0000000180025095e-35 12.276295185089113 88.185440063476577 0.49958314001560217 1.5000000000000002 25.13157939910889 0.94430461525917064 62.30696105957032 2.5000000000000004 90.500000000000014 17.500000000000004 19.500000000000004 2.5000000000000004 7.1858863830566415 5.7556936740875253 6.1072261333465585 99.494949340820327 inf 1.0000000180025095e-35 11.500000000000002 20.500000000000004 70.064933776855483 15.500000000000002 75.369602203369155 125.50000000000001 0.94292119145393383 1.0000000180025095e-35 95.861873626708999 1.5000000000000002 0.59098702669143688 83.414241790771499 2.5000000000000004 91.922958374023452 0.48160815238952642 0.55405572056770336 94.312667846679702 88.548007965087905 75.905715942382827 0.81574133038520824 27.36185455322266 1.5000000000000002 1.5000000000000002 52.277431488037116 30.341388702392582
decision_type=2 2 2 2 8 2 10 2 2 2 2 2 2 2 10 2 10 2 2 2 2 2 2 2 2 10 2 2 2 2 2 2 2 2 2 8 2 2 2 2 2 8 2 2 2 2 2 2 2 2 2 2 2 2 2 2 2 2 2 2 2 2
left_child=1 -1 3 4 5 6 8 21 9 10 16 59 -10 -14 15 20 -2 -18 19 28 -7 29 23 -8 25 26 27 -15 -19 -6 32 -32 33 -30 37 36 -36 41 52 40 -40 42 43 44 51 46 -45 -44 -47 50 -50 -5 -39 -52 55 57 -57 -13 -59 -12 -60 -61
right_child=2 -3 -4 34 7 14 22 -9 12 -11 11 54 13 24 -16 -17 17 18 -20 -21 -22 -23 -24 -25 -26 -27 -28 -29 30 -31 31 -33 -34 -35 35 -37 -38 38 39 -41 -42 -43 47 45 -46 48 -48 -49 49 -51 53 -53 -54 -55 -56 56 -58 58 60 61 -62 -63
leaf_value=-0.082083976719228471 0.05624409620594302 -0.010806060219112191 -0.10541822340072329 -0.0063901734008848165 0.045986456683365401 -0.070733446117777959 0.056099841389086982 0.1638163880120769 0.037792097300286515 0.075827207178074979 0.028958761218869585 -0.051056069701508111 -0.032639305156310715 -0.0069623150945242228 -0.012604206383115421 -0.086765933833314018 0.019901296912669765 -0.053721276109307971 -0.077026668697792039 0.036376786862962023 0.041921021176827958 0.0024186346524126198 -0.016897207016256906 -0.0058881069734914547 -0.011070704407232988 0.013556358863543078 0.026076048725409529 -0.049454960400635024 0.038719669682782981 -0.027854940972735193 -0.063532765578045977 -0.0020523971366906623 0.068666624911018742 -0.15562210623059997 0.088230493408711377 -0.00095743170644759271 0.020509487440097979 -0.021441527949558371 -0.023191582036222614 0.017143028376581545 0.0044476269377576117 -0.0043056136338552415 -0.0036978005263756581 0.14103258585216291 0.065826411405735002 -0.040393499735171111 0.036150816809292767 -0.066652522568070693 0.016440629783273292 -0.0034166638281972342 0.09975832459445981 -0.057994510724120624 0.016595884176317778 0.027022009416932332 0.05928340096073427 -0.061389872179809915 0.015914992696028248 0.01288292343944354 -0.074635714911436987 -0.029061854307031555 -0.010377805228852574 -0.072568263123751683
leaf_weight=599.84360521208714 504.16450991424426 1424.668127269915 162.8828212985245 8004.1424566603455 1323.3775873219565 206.46481824317232 594.11887261515949 91.077559597790241 1795.7517729402825 397.42099597823471 199.38988301763357 668.44611172721397 1527.8580967230009 3248.0470990354734 952.5028638853255 1129.1535916271605 3206.2119561292511 516.85383272652689 509.93392500488153 952.27395060981507 258.53702549203229 20591.454726479453 16927.317689249641 2396.5956350504421 4211.5587062083941 16718.989869325334 1019.9354806404517 960.66855803197541 220.7984882783785 280.39634170467616 635.42585062833314 10605.60247921235 478.87000863983121 85.209029261040996 932.24046791376804 5515.8234951007234 2361.8138097953151 959.93159669821762 5534.482722396875 4833.0575552929149 3158.2467979934809 44408.853823070131 1327.2888593607204 301.38569610962077 573.75772584896549 633.76277574036249 891.75306100349735 729.73698832055379 7949.1195526772353 4916.4871176954675 475.43346978659793 578.26844084428558 18546.615826959234 493.26716408273387 244.3196187749345 1296.5940984349581 526.40542241259391 3110.6166324757505 317.29626440623952 1180.8733563323906 3740.3762089450561 1352.9717950205943
leaf_count=1363654 71881 417900 369846 2451508 29595 508686 7556 810 39050 29631 61808 130222 55984 156243 15428 1403502 92960 41229 231046 18773 26340 581392 521346 62393 323893 388559 27806 34770 5123 4864 34240 192410 7278 4354 455264 48953 700172 450701 307310 167837 637795 1255585 44678 33628 25748 411171 26365 820247 1507034 509727 87321 119212 1387943 60674 6047 32582 9472 104353 502069 441103 229135 934351
internal_value=-0.000276368 -0.031925 1.71786e-05 9.59172e-05 -0.00278493 -0.00495955 -0.00369802 0.00528442 -0.000491321 -0.00598654 -0.00705777 -0.0189927 0.0052401 0.00312881 -0.0446638 -0.0638193 0.00145603 -0.000148866 -0.00473903 -0.00200751 -0.00809853 0.00463389 -0.0133952 0.00642608 0.00521789 0.00834353 -0.00832487 -0.0166616 -0.00492173 0.0330764 -0.00282441 -0.00552772 0.0358925 -0.0153956 0.00276943 0.0142352 0.039675 0.0018011 0.00774277 -0.00232544 -0.0131497 -0.000952245 0.00458906 0.00712707 -0.00512396 0.0142895 0.0626439 -0.0260312 0.0103019 0.0126243 0.0214678 -0.00986719 0.014724 0.0627206 -0.0114386 -0.0132274 -0.0390675 -0.00721639 -0.00312832 -0.0463652 -0.0154026 -0.0522925
internal_weight=220297 2024.51 218272 218109 104984 82697.6 80150.9 22286.3 60232.9 30750.1 30352.6 12637.3 29482.8 27687.1 2546.66 1594.16 17715.3 17211.2 14005 13495 465.002 22195.2 19918 2990.71 26159.2 21947.6 5228.65 4208.72 12542.8 1603.77 12025.9 11241 784.878 306.008 113125 8809.88 3294.05 104316 33032.3 13525.8 8692.73 71283.3 26874.4 24817.4 9156.17 15661.2 1193.14 2057.03 14468.1 13834.3 8917.82 8582.41 19506.5 968.701 9904.05 9659.73 1823 7836.74 7168.29 2733.24 4057.67 2533.85
internal_count=21028557 1781554 19247003 18877157 7368284 6751623 4797667 616661 4206372 3180067 3150436 2451142 1026305 987255 1953956 1938528 699294 627413 534453 303407 535026 615851 591295 69949 931271 607378 218819 191013 284634 34459 243405 226650 16755 9477 11508873 1204389 1155436 10304484 2951586 1112942 945105 7352898 6097313 5232388 2596468 2635920 59993 864925 2575927 2164756 1655029 2570720 1838644 147995 1013880 1007833 42054 965779 835557 1437262 731204 1375454
is_linear=0
shrinkage=0.1


Tree=85
num_leaves=63
num_cat=0
split_feature=7 9 8 7 26 8 9 7 28 9 0 9 19 32 8 25 2 1 24 7 21 11 4 9 32 0 18 32 1 11 18 32 1 20 9 11 1 18 1 32 18 11 27 11 11 18 32 1 11 4 20 8 11 11 8 11 0 0 24 20 2 20
split_gain=292.251 285.124 161.74 231.744 159.158 226.134 368.782 154.753 144.362 142.062 136.256 133.772 140.011 132.913 230.124 137.779 479.064 477.265 201.524 189.17 241.878 260.554 220.319 188.304 170.065 396.33 295.219 651.334 1189.81 392.04 312.991 397.523 1122.65 285.309 380.625 626.318 344.01 316.146 1005 429.17 780.086 429.515 281.984 277.744 266.934 225.619 236.114 828.07 217.172 181.092 175.653 174.93 173.166 172.482 251.394 172.22 168.129 472.197 315.531 282.857 196.748 167.16
threshold=39.905212402343757 0.15476191043853763 31.175813674926761 63.84260559082032 4.5000000000000009 55.190372467041023 0.80909091234207164 48.107236862182624 1415.0000000000002 0.73214286565780651 56.048780441284187 0.47222222387790685 0.76023730635643016 14.500000000000002 65.586883544921889 1.5000000000000002 23.629112243652347 27.812939643859867 1.5000000000000002 93.84250640869142 1.0000000180025095e-35 1.0000000180025095e-35 0.58337977528572094 0.61250001192092907 3.5000000000000004 99.494949340820327 3.5000000000000004 4.5000000000000009 69.631092071533217 1.0000000180025095e-35 4.5000000000000009 5.5000000000000009 77.032970428466811 0.9610288441181184 0.80909091234207164 1.5000000000000002 99.494949340820327 2.5000000000000004 75.162338256835952 2.5000000000000004 1.5000000000000002 1.0000000180025095e-35 47.500000000000007 1.0000000180025095e-35 1.0000000180025095e-35 5.5000000000000009 6.5000000000000009 73.375530242919936 1.0000000180025095e-35 0.79556280374526989 0.81693649291992199 79.319980621337905 1.0000000180025095e-35 1.0000000180025095e-35 86.217220306396499 1.0000000180025095e-35 28.743545532226566 44.315244674682624 2.5000000000000004 0.12858100235462191 36.882591247558601 0.51768290996551525
decision_type=8 8 8 10 2 10 10 8 2 10 2 10 2 2 8 2 2 2 2 8 2 2 2 8 2 2 8 2 2 2 8 2 2 2 8 2 2 8 2 2 10 2 2 2 2 8 2 2 2 2 2 10 2 2 10 2 2 2 2 2 2 2
left_child=1 -1 3 -2 7 -6 9 10 -5 -7 -4 -12 -13 15 -15 16 17 19 -19 23 21 -21 -22 -9 25 33 29 28 -28 -26 48 32 -32 37 35 -35 42 39 53 40 -17 -42 -36 -30 -40 51 47 -47 -29 -37 -50 -33 -41 -39 -55 -49 -18 -58 -59 -60 -61 -46
right_child=2 -3 4 8 5 6 -8 13 -10 -11 11 12 -14 14 -16 24 56 18 -20 20 22 -23 -24 -25 26 -27 27 30 43 -31 31 45 -34 34 36 49 -38 38 44 52 41 -43 -44 -45 61 46 -48 55 50 -51 -52 -53 -54 54 -56 -57 57 58 59 60 -62 -63
leaf_value=-0.10567606355165571 0.075140260024029237 -0.0056119744693824388 -0.093001006452897272 0.0047464387041460648 0.021606955350877768 -0.055871165427724315 0.0020769934355542507 -0.0048286420565574672 -0.37256080782216572 -0.1400078476538531 -0.044665277143761561 0.24183320364804489 0.016706465929261637 -0.075001430002949857 -0.0015386366737826411 0.006126985167282383 0.028259470284169554 0.025795409726290654 -0.066982666491139181 -0.0013137327260697679 -0.03461488888306323 0.087548151279668071 0.053621636323824454 0.042508185160804166 0.027952092078236956 0.071303462926752201 -0.021874447393210854 0.016792000147933001 0.017747547064146055 -0.028818852027590904 -0.023948234809458943 -0.0032516036718904075 0.12622632700758785 -0.0249036834509338 -0.0066815749928521477 -0.016021063524299564 0.062342384430785353 -0.043277962807095539 0.010302133028096051 0.020500300492511336 -0.0045922197979392232 0.092758279417588796 0.020035862875002627 0.13232416746865885 -0.033565378653507637 -0.026703755140310721 -0.0018054737209953064 0.014117261556480853 -0.019714431210241828 0.056057366211624174 -0.057431486946724564 -0.040817041117204883 -0.016990514495706328 -0.014014167010009279 0.10017420398158286 0.15001708598504679 -0.016012672439761025 0.013030417999428712 -0.08072189610904941 -0.023080257125441189 0.091214728528244859 0.10036276107305722
leaf_weight=516.1847830437664 695.07621100211918 635.14065931685036 316.44372649098977 1075.3108266023191 958.29978888318874 1218.0105788771762 1403.3382323025435 1794.589351071103 10.237106493004829 240.2686923215806 488.02052570691512 31.771540594345424 211.68858368264046 636.52586440542655 1291.7621843124944 15787.780177513894 5577.3132954632019 269.40249053286971 1787.5773651841009 2521.34435202647 3630.7524438914843 379.64733830513433 306.89888173015788 1580.4074296652398 1435.6173997550577 844.33859112183563 1303.0437953484943 1135.7125907787358 259.97850064677186 7966.2020050206047 1123.9758935393766 2356.523354443847 893.53811479409342 12190.386667052415 12372.173889875194 467.49312256809208 991.33607665559975 1123.6523054629652 477.60210713770357 1438.1911884344299 610.59283746170695 1758.348217989449 5803.3018895105051 1136.211837532348 98.099056642473442 830.99283241375815 73864.988825462133 113.87574291200144 4141.2829165056319 1370.2239877621178 1759.3061161562946 2615.4313957011327 8593.482357469009 822.04046615990228 251.87690969579853 514.82110110009671 5745.9912968525314 16793.337171696548 126.49806441750843 173.87580624275142 1125.6259680694347 1863.8726176640193
leaf_count=6254965 231545 425523 1473614 43822 81676 49363 40671 149581 168 3765 1479363 6711 17971 89098 32677 445041 138560 16088 189878 20143 28160 8293 3997 32349 161194 604791 334164 144949 27220 238743 347881 265001 25679 279144 569685 69935 575706 251374 39758 138528 71127 50845 178646 20577 1643 307716 3264573 10922 205924 21430 39748 96218 192061 197225 21505 7691 289342 588447 18871 6592 78104 22888
internal_value=-0.000224342 -0.0504747 4.01882e-05 0.0300558 -0.000206194 -0.0204377 -0.0345177 0.000156456 0.0011883 -0.0697337 -0.0381775 -0.0144605 0.0460855 0.000345891 -0.0257886 0.000585719 0.00572325 -0.0108853 -0.0548315 -0.00203471 -0.0115954 0.0103155 -0.0277378 0.0173377 -0.00069055 0.00322484 -0.00327111 -0.00154711 0.0468499 -0.0201502 -0.00300916 -0.00127874 0.0425627 0.00235418 -0.00418297 -0.0166996 0.00497792 0.00896489 0.0331611 0.00498448 0.0141561 0.0676663 0.00184912 0.110989 0.0773459 -0.00238029 -0.00101842 0.0388089 -0.0232525 0.0377215 -0.0309601 -0.0230124 -0.0116156 -0.0158894 0.0127676 0.125402 0.0126216 0.00898235 0.0168652 0.0620262 0.0759218 0.0936663
internal_weight=219858 1151.33 218706 1780.62 216926 3819.92 2861.62 213106 1085.55 1458.28 1047.92 731.481 243.46 212058 1928.29 210130 41813.3 12270.6 2056.98 10213.6 6838.64 2900.99 3937.65 3375 168316 66864.8 101452 92049.7 2699.23 9401.82 89350.4 82314.1 2017.51 66020.5 33194.9 14028.1 19166.8 32825.5 4637.14 28188.4 18156.7 2368.94 18175.5 1396.19 2439.57 80296.6 75324.7 1459.69 7036.3 1837.72 5900.59 4971.95 10031.7 2197.57 1073.92 628.697 29542.6 23965.3 18219.3 1426 1299.5 1961.97
internal_count=21028869 6680488 14348381 275535 14072846 175475 93799 13897371 43990 53128 2977659 1504045 24682 10919712 121775 10797937 1568405 448489 205966 242523 60593 28436 32157 181930 9229532 3731332 5498200 5098263 381961 399937 4716302 4325681 373560 3126541 1694546 370509 1324037 1431995 534393 897602 567013 121972 748331 47797 64289 3952121 3590902 326329 390621 91365 245672 361219 330589 470104 218730 18613 1119916 981356 692014 103567 84696 24531
is_linear=0
shrinkage=0.1


Tree=86
num_leaves=63
num_cat=0
split_feature=7 9 25 11 29 32 18 30 1 28 7 2 13 9 25 33 8 2 1 29 0 2 3 30 29 34 11 7 35 33 30 18 7 0 7 25 34 11 26 32 18 30 31 13 0 3 27 34 1 1 0 1 2 3 1 0 1 1 2 25 31 7
split_gain=241.069 263.905 141.035 142.839 141.186 317.202 161.787 156.503 276.201 351.531 275.379 267.439 404.334 339.9 336.916 352.583 236.909 235.828 242.987 231.953 197.46 190.992 188.329 183.168 178.82 170.368 349.369 334.665 238.471 159.79 158.32 163.491 233.317 150.756 149.968 147.872 147.64 245.367 150.768 140.785 142.628 134.603 132.98 191.519 415.804 268.002 263.903 281.601 227.192 206.348 250.273 250.65 373.654 519.331 226.768 233.33 559.79 221.488 229.659 198.218 193.524 202.059
threshold=40.783086776733406 0.26785714924335485 5.5000000000000009 1.0000000180025095e-35 15.500000000000002 6.5000000000000009 5.5000000000000009 11.500000000000002 98.61084365844728 122.50000000000001 55.705244064331062 98.07621002197267 1.0000000180025095e-35 0.64583334326744091 2.5000000000000004 0.58325111865997326 99.81818008422853 99.494949340820327 99.494949340820327 20.500000000000004 97.100841522216811 69.282051086425795 99.523811340332045 14.500000000000002 23.500000000000004 1.7768551111221316 1.0000000180025095e-35 97.642425537109389 1.5000000000000002 0.47425621747970587 14.500000000000002 2.5000000000000004 86.807079315185561 89.825496673583999 41.039136886596687 1.5000000000000002 1.2913972139358523 1.0000000180025095e-35 1.5000000000000002 6.5000000000000009 1.5000000000000002 16.500000000000004 0.80985561013221752 1.0000000180025095e-35 89.825496673583999 94.201679229736342 42.500000000000007 1.2322814464569094 95.488464355468764 94.932373046875014 76.50690078735353 67.028984069824233 76.277057647705092 86.425064086914077 73.746868133544936 65.345367431640639 80.243904113769545 82.972846984863295 77.849929809570327 2.5000000000000004 0.51859316229820263 77.563388824462905
decision_type=8 8 2 2 2 2 10 2 2 2 10 2 2 10 2 2 8 2 2 2 2 2 2 2 2 2 2 10 2 2 2 8 10 2 10 2 2 2 2 2 8 2 2 2 2 2 2 2 2 2 2 2 2 2 2 2 2 2 2 2 2 8
left_child=1 -1 4 -4 5 6 -2 8 9 20 -9 12 14 25 15 21 36 19 -19 30 42 35 -17 33 41 27 -27 -13 -28 -11 31 32 -12 39 -14 -10 -16 38 -38 40 -21 -25 43 44 49 -45 60 -48 -47 50 54 -52 -53 -54 -6 57 -57 58 -56 -55 -46 -62
right_child=2 -3 3 -5 7 -7 -8 10 11 29 17 13 34 -15 16 22 -18 18 -20 23 -22 -23 -24 24 -26 26 28 -29 -30 -31 -32 -33 -34 -35 -36 -37 37 -39 -40 -41 -42 -43 -44 45 46 48 47 -49 -50 -51 51 52 53 59 55 56 -58 -59 -60 -61 61 -63
leaf_value=-0.088086437810431309 0.019098561968760707 0.0043376408601694168 0.012427383370000681 -0.058007854583999777 -0.010141499327736123 -0.011385307411218647 0.080044277530282149 -0.044562278977158865 0.09243310937390975 -0.027268667610437527 0.048160483206544799 0.0034214467917027987 -0.016506194981450496 0.036776371216113615 -0.037740839602468899 -0.14725223287925418 0.016963737551005807 -0.066028690607674009 0.09253961206239536 -0.0051110810222148341 -0.056768813191912709 0.097140123192670888 -0.01354031072983955 0.0093083283721656276 -0.004678487965669346 0.080104404933332415 0.0001153985335452884 0.061753346445667927 -0.031896952177365212 -0.084901693322312732 0.032175130541994036 0.00052502409437671588 0.010114980888415144 0.052378176082585354 0.06363600997933698 -0.04561631422431852 -0.05492076426770142 -0.063911681907089568 -0.29199873614157096 0.019628937121523624 -0.030649919246783588 0.046088210786984891 -0.011768049362961368 -0.092837761550646464 -0.019276816022399831 -0.00636939409745784 0.00065177312110532588 0.17672625466242375 -0.086234266072226895 0.080322936766139205 0.092331385530426399 -0.057213201782877948 0.061015075123849877 0.0041141151230074981 0.076034648906403032 -0.057220139385935544 0.021997990022567599 0.0021078546232075803 -0.0246950043212763 -0.03967008250859113 0.15776959276163194 0.033994456513184633
leaf_weight=648.63385543727725 7435.9614476698061 589.91794051205227 444.78819729647148 816.35715598071329 5258.3403436056842 4184.3176689576376 462.67219954836401 1161.0377086701337 116.85333064847327 1401.410963796443 1791.881953676173 54578.706481929723 332.44926728256542 2993.7776245831337 2913.3119697847396 117.40677029300787 625.14587891777046 117.70989048414049 539.84264039818663 3778.3946992818383 748.69622370703291 503.10606361915416 1024.5320340637427 4515.3174146553065 9973.6715503005107 414.4665656555444 5395.5112314448925 1001.6047783920658 4091.7403823309578 732.52330801642529 2705.956593980678 18532.106652929346 16048.567447028472 334.01075918460265 784.44581437142187 230.93694959706045 39.780056991265155 917.47189189947676 82.362273333594203 1002.0754536920576 5191.2419830975414 1276.2729122245219 19719.9376273171 385.69688730743292 669.61736907678278 14150.037380778394 140.43769146918203 257.15695335727651 365.38711754921678 306.35122923082236 203.42872896615518 1977.3070352538016 942.68721431298763 1798.2693119557734 1519.9373218360261 1155.6751671072761 3910.0299610159236 992.2779065770701 265.94858624820336 2432.7725062221307 142.32159126202896 1799.3454646919854
leaf_count=6854932 421028 397326 53911 58236 1008501 311594 57272 1082266 9759 51931 106897 1329293 2388 1099364 121049 6444 23365 1539 15813 97823 16451 40448 75424 249442 622807 117778 73859 39086 48175 162956 161727 1788671 367238 12639 26702 10217 10501 28980 6394 96914 281558 84535 2131994 8124 22699 650808 19386 13068 10603 7668 32639 63750 22452 110455 89986 66747 152981 46950 15922 68667 4372 56957
internal_value=-7.23741e-05 -0.0440652 0.000177853 -0.0331663 0.000372097 0.0108757 0.0226685 -0.000248794 -0.00218028 -0.00717818 0.00371521 0.00184066 -0.0158444 0.00382617 -0.0252994 0.00902108 -0.0402391 0.00456697 0.064154 0.00396556 -0.00573944 0.057749 -0.0272877 -0.00333968 0.00343727 0.00231972 -0.00976505 0.00447264 -0.0136912 -0.0470526 0.00883921 0.00710312 0.0139362 -0.0137068 0.0397813 0.000766624 -0.0492856 -0.0816376 -0.214786 -0.0159204 -0.0198919 0.0174134 -0.00508516 -0.00167746 0.00389413 -0.0105659 0.0386362 0.114534 -0.00837978 -0.00114052 -0.00236049 -0.0171239 -0.0202376 -0.00610621 0.00592643 0.016698 0.0039254 0.0399875 0.0610343 -0.021061 0.02708 0.043067
internal_weight=218990 1238.55 217751 1261.15 216490 12083 7898.63 204407 137439 61275.6 66968.1 76163.6 7687.8 68475.8 6570.91 1992.84 4578.07 65807 657.553 65149.5 59141.7 850.896 1141.94 26071 15765.3 65482 9901.72 55580.3 9487.25 2133.93 39078.5 36372.6 17840.4 10305.7 1116.9 347.79 3952.93 1039.61 122.142 9971.71 8969.64 5791.59 58393 38673 23771.9 14901.1 3008.88 397.595 14515.4 20763 20456.7 7354.46 7151.04 5173.73 13102.2 7843.87 5065.71 2778.16 1785.89 4231.04 2611.28 1941.67
internal_count=21029461 7252258 13777203 112147 13665056 789894 478300 12875162 7905293 4836067 4969869 3069226 361671 2707555 332581 142292 190289 3887603 17352 3870251 4621180 60424 81868 1445718 956784 1608191 239812 1368379 122034 214887 2424533 2262806 474135 488934 29090 19976 166924 45875 16895 476295 379381 333977 4604729 2472735 1803200 669535 116482 32454 661411 1686718 1679050 297963 265324 201574 1381087 372586 219728 152858 105908 179122 84028 61329
is_linear=0
shrinkage=0.1


Tree=87
num_leaves=63
num_cat=0
split_feature=34 4 21 8 33 8 24 1 9 8 27 8 25 20 18 32 1 35 18 34 8 13 33 34 0 25 0 9 8 26 26 9 1 8 0 3 4 27 34 28 4 22 3 25 19 28 19 0 3 25 4 0 0 3 0 25 1 32 34 32 9 28
split_gain=157.745 225.369 173.146 154.392 339.614 191.864 147.325 175.499 203.422 143.637 195.342 129.327 121.17 116.473 235.495 225.765 212.933 206.359 338.721 341.071 205.662 284.044 365.049 310.5 225.966 215.069 194.843 177.247 135.759 135.047 133.7 179.828 133.563 131.564 402.099 129.997 186.754 198.363 123.723 119.936 188.172 213.533 241.003 267.614 147.764 147.407 143.472 114.896 340.434 274.733 257.213 150.159 148.243 141.98 126.797 111.835 165.16 109.855 108.859 108.532 108.278 107.959
threshold=0.3429467529058457 0.85092949867248546 1.0000000180025095e-35 98.496154785156264 0.76072397828102123 92.335666656494155 2.5000000000000004 93.582702636718764 0.15476191043853763 60.981077194213874 1.5000000000000002 87.330093383789077 2.5000000000000004 0.97752270102500927 1.5000000000000002 3.5000000000000004 77.032970428466811 3.5000000000000004 2.5000000000000004 0.93841841816902172 73.85489654541017 1.0000000180025095e-35 0.76661705970764171 0.99999985098838817 89.386734008789077 1.5000000000000002 99.494949340820327 0.29285715520381933 94.293117523193374 1.5000000000000002 2.5000000000000004 0.38750000298023229 99.494949340820327 99.81818008422853 21.11455059051514 96.824596405029311 0.94078704714775097 1.5000000000000002 0.41301426291465765 1415.0000000000002 0.95385909080505382 1.0000000180025095e-35 60.158729553222663 1.5000000000000002 1.0000000180025095e-35 103.50000000000001 0.46735240519046789 23.132664680480961 41.444372177124031 2.5000000000000004 0.8952506184577943 9.3386626243591326 74.115688323974624 60.990337371826179 31.643132209777836 1.5000000000000002 26.158231735229496 11.500000000000002 0.47675843536853796 11.500000000000002 0.47222222387790685 1.0000000180025095e-35
decision_type=2 2 2 8 2 8 2 2 8 8 2 10 2 2 8 2 2 2 10 2 8 2 2 2 2 2 2 8 10 2 2 10 2 10 2 2 2 2 2 2 2 2 2 2 2 2 2 2 2 2 2 2 2 2 2 2 2 2 2 2 10 2
left_child=1 -1 3 4 5 6 61 47 57 10 -6 -10 -3 15 27 17 -16 18 -4 -20 21 22 24 32 39 38 30 -15 -27 -19 31 -25 -23 -29 -35 36 -24 -38 -22 40 41 42 43 -17 -43 -42 -44 51 -49 53 52 -8 -51 54 -50 56 -7 -9 -5 -57 -32 -2
right_child=2 12 13 58 9 55 7 8 11 -11 -12 -13 -14 14 16 20 -18 29 19 -21 25 23 35 26 -26 28 -28 33 -30 -31 60 -33 -34 34 -36 -37 37 -39 -40 -41 45 44 46 -45 -46 -47 -48 48 49 50 -52 -53 -54 -55 -56 59 -58 -59 -60 -61 -62 -63
leaf_value=-0.077186364695254375 -0.044411323664334749 -0.039183492657875969 -0.00040508532575291598 0.032142122527169428 -0.0033291203406950187 0.053369332695121098 -0.027678425108322871 -0.0010556872580195675 0.046543889756885184 -0.015226388488390991 -0.085820825755446722 -0.0025250523963069827 0.013444477823234491 -0.035591635340403674 -0.025448333661035091 -0.014721911989007939 0.0085080348570046316 0.035332825813371632 -0.061536305386691262 0.092303071100277481 -0.030053030175634099 -0.020743657182091105 -0.056012583942600773 0.0017858968254377669 0.036835571193837055 -0.0065871139208663748 0.055788124550244622 0.0033041976468760541 0.043387069051613041 0.011317541855477131 0.056184478129313313 0.055534314509193161 0.12274332690449484 -0.025192650393349947 0.06975993475683076 -0.048059536600523228 0.23073890624242896 -0.016466719333149644 0.022346042271616087 -0.068578089925181579 0.048870874037077044 0.015486995054552592 0.0071314364618023391 -0.086539159520850881 0.15791646882956542 -0.0035424145249119232 -0.048435966139077635 -0.060821725870738863 0.035604512900853029 -0.03028791868517593 0.00068451547496748647 0.022880304125868133 -0.10450197592532524 0.04056196659258797 -0.049740689482553578 -0.017652016342574385 -0.0068829791903575743 0.035739360428883246 0.0027781322548007595 0.024842688664435925 0.00011403023397133432 -0.0037361213455983189
leaf_weight=626.32407372429975 663.19903214227816 730.11720797330918 10656.577414713105 1344.341800431037 402.91687517472542 580.93555741031014 745.10249299870702 4832.9722506070739 2581.6570620425919 1225.3996555827782 998.32919326831325 678.23587928866618 1091.523347309778 1060.2036624065258 6601.9013573752636 1441.4937803642918 2563.9144685124993 5210.9751090069294 178.53293747228963 747.55558216187637 503.43714654727228 77.322234795565237 133.71551044376429 6746.4591985159805 2016.0145950859442 33354.548059635534 1168.3927625897577 13857.608108951725 552.60317745353677 4252.4253459924839 1098.7513562421045 685.75390292698285 402.91766741225183 744.94109267013846 1111.3016931369493 1852.7428185198396 67.742841893276818 62.321462958912889 4294.4436246863042 245.62037019784111 1348.3921558305519 2578.1006881123212 3634.7707098928527 810.65510136437365 74.957578445084437 891.24109914095243 532.7543296093495 1108.5221289134524 308.62296213760987 763.42351050028219 2374.2551964024951 2776.0261598389088 415.72127525449469 1744.7479093873319 399.31863241651263 14914.564525264854 2097.6943606641726 975.12381161973099 20740.024276329874 626.25550798786571 501.64864720753394 40560.585065662854
leaf_count=1520512 66390 486947 310751 28171 484686 7609 27175 92269 167071 25750 1460161 60892 154772 49337 338707 345095 232164 416069 62325 32180 18821 24132 454684 1083936 104683 860187 294181 756284 14922 286810 139594 47984 40208 6678 63514 2903713 5051 17861 118586 42739 65422 151367 171752 1933781 877 66577 20089 629977 55768 221833 75369 101213 7633 59502 165130 456102 54469 29001 582873 12217 9048 2508338
internal_value=-0.000198256 -0.0254404 8.79232e-05 -0.00285359 -0.00485727 -0.00368326 -0.00099086 0.0061218 0.0163428 -0.0402328 -0.062101 0.0363349 -0.00764892 0.00281407 -0.00306024 0.00458339 -0.0159499 0.0135866 0.00463612 0.0626457 0.00167172 0.00848221 -8.05852e-05 0.0210608 0.00594243 -0.00296862 0.0173614 0.00398301 -0.00577266 0.0245414 0.0123908 0.00674514 0.0996408 0.00665308 0.0316539 -0.0387083 0.026973 0.112288 0.0168479 0.000553865 0.0020549 -0.00435307 -0.0142154 -0.0405723 0.0195111 0.0280135 2.7994e-05 -0.00259256 -0.00990452 -0.000506918 -0.0182757 0.0121816 -0.056453 0.0252361 -0.012535 -0.0126869 0.00618441 0.00512185 0.00456561 -0.0159396 0.0386091 -0.00439049
internal_weight=218369 2447.96 215921 103858 81773.6 79147 60927.5 19703.7 9067.99 2626.65 1401.25 3259.89 1821.64 112063 25939.9 86122.9 9165.82 21046.1 11582.7 926.089 65076.8 26371.8 15690.5 10681.2 13574 38705 10201 16774.1 33907.2 9463.4 9032.61 7432.21 480.24 15713.9 1856.24 2116.52 263.78 130.064 4797.88 11558 11312.4 9072.73 6419.67 2252.15 2653.06 2239.63 4167.53 10635.7 7114.61 6006.09 3553.4 3521.13 1179.14 2452.69 707.942 18219.4 2678.63 5808.1 22084.4 15540.8 1600.4 41223.8
internal_count=21031939 2162231 18869708 7379599 6768555 4797958 4267561 1692833 349233 1970597 1944847 227963 641719 11490109 1446684 10043425 570871 1108135 405256 94505 8935290 7922774 6283691 1639083 2902382 1012516 1574743 875813 875109 702879 1280562 1131920 64340 826476 70192 3381309 477596 22912 137407 2797699 2754960 2622961 2470717 2278876 152244 131999 191841 1343600 1215212 585235 304835 128388 229466 280400 220898 530397 62078 121270 611044 468319 148642 2574728
is_linear=0
shrinkage=0.1


Tree=88
num_leaves=63
num_cat=0
split_feature=11 9 28 8 34 4 20 9 11 6 32 29 30 11 26 9 9 26 20 33 35 18 0 9 26 9 9 8 20 0 26 26 11 19 8 27 18 3 29 11 35 18 11 28 29 28 35 26 24 9 29 30 29 11 32 8 27 11 35 28 34 8
split_gain=162.561 192.378 147.952 232.264 134.157 153.251 141.102 352.116 620.532 511.189 269.242 399.729 317.884 278.152 261.329 327.745 260.448 421.572 297.281 439.553 381.781 254.506 235.888 227.521 332.979 240.197 218.363 210.509 196.491 226.998 184.621 199.157 473.358 256.872 183.899 181.168 171.342 170.913 152.189 222.381 151.567 144.095 263.096 142.708 250.48 142.427 141.775 139.413 133.552 133.189 130.201 130.189 143.954 135.217 129.913 224.162 262.026 166.376 254.5 203.679 178.962 170.591
threshold=2.5000000000000004 0.19090909510850909 1371.0000000000002 70.615219116210952 0.32106678187847143 0.84171244502067577 0.9610288441181184 0.92582416534423839 1.5000000000000002 1.0000000180025095e-35 2.5000000000000004 17.500000000000004 11.500000000000002 1.5000000000000002 1.5000000000000002 0.29285715520381933 inf 1.0000000180025095e-35 0.71850425004959118 0.28143820166587835 1.5000000000000002 1.0000000180025095e-35 32.466217041015632 0.34848485887050634 2.5000000000000004 0.087121214717626586 0.29285715520381933 92.69339752197267 0.63355237245559703 83.239700317382827 1.0000000180025095e-35 2.5000000000000004 1.0000000180025095e-35 0.17726895213127139 34.299718856811531 1.5000000000000002 3.5000000000000004 57.384986877441413 19.500000000000004 1.0000000180025095e-35 3.5000000000000004 1.5000000000000002 1.0000000180025095e-35 9.5000000000000018 18.500000000000004 1.5000000000000002 2.5000000000000004 3.5000000000000004 2.5000000000000004 0.58571431040763866 14.500000000000002 12.500000000000002 21.500000000000004 1.0000000180025095e-35 11.500000000000002 60.156488418579109 1.5000000000000002 1.0000000180025095e-35 2.5000000000000004 2.5000000000000004 1.3572376966476443 75.875698089599624
decision_type=2 10 2 10 2 2 2 8 2 2 2 2 2 2 2 10 8 2 2 2 2 8 2 10 2 10 10 10 2 2 2 2 2 2 10 2 10 2 2 2 2 10 2 2 2 2 2 2 2 10 2 2 2 2 2 10 2 2 2 2 2 10
left_child=2 -2 4 -4 5 -1 10 8 30 21 11 41 43 16 15 -15 17 -12 19 20 45 22 40 24 54 -26 -10 -20 29 -18 -8 -32 33 -33 -25 -31 38 -22 39 -14 -9 50 -43 44 46 -19 -13 -28 -3 -16 -6 -40 53 -53 57 56 -56 61 59 -59 -60 -21
right_child=1 48 3 -5 6 -7 7 9 26 -11 13 12 36 14 49 -17 28 18 27 23 37 -23 -24 34 25 -27 47 -29 -30 35 31 32 -34 -35 -36 -37 -38 -39 51 -41 -42 42 -44 -45 -46 -47 -48 -49 -50 -51 -52 52 -54 -55 55 -57 -58 58 60 -61 -62 -63
leaf_value=-0.081706328038147147 -0.064236589498077187 -0.024796624702656374 -0.066344248481870635 0.00035543491072096588 -0.01905289240455401 -0.010980349496668665 -0.05510929603397368 0.044753969708214339 -0.0087440770125643517 0.046344927078759257 0.037124421648554479 -0.0077841891543551549 0.0083926597183222127 -0.01138087438232362 -0.038798408039477247 0.067657829772041087 -0.066614342813945598 -0.054266642391209347 -0.0034379468733184461 0.00099915045103651399 0.0057043722910525476 -0.0077527337187126653 -0.0052458820674261449 0.060533383159048194 0.0067572393131851835 0.046741257940226891 0.063999277318270875 -0.024934164957855588 0.012292982404568796 0.094639795885876857 -0.01089292752360016 -0.058776783396421818 -0.023032730853670687 -0.18660195876477503 0.011943043638778907 -0.024132670283033782 -0.036142365406817221 0.048202174861713007 -0.0017307241864400733 0.087160872197767872 0.011287404817052113 -0.0038346401861187769 0.097445977908167225 0.0098789492588008797 -0.028239846631139605 0.0051088984880605101 0.034407532469247944 -0.060144986305228 0.099900940104161104 0.047891513964600722 0.035639137502772193 0.012067915566302901 0.010912663335035077 0.065701664081338401 0.023122289004872891 0.022531413706143522 -0.009598250041069168 -0.019962494559546139 -0.0093851085173089679 0.012548902261393616 -0.029893911567109684 0.069159682744288284
leaf_weight=401.10396498687032 813.38787394402607 222.35001366052165 859.20862791246327 1330.5609257595352 512.7475768983677 1297.1668427826867 1571.7801803999246 2344.2971608346706 806.28988614931222 2412.1605400363333 3341.1396691615373 2195.3487122435326 636.75405936332027 3529.4810169922621 4031.9297411210082 616.23254184154212 1442.4237891030789 512.57277725369931 27023.507051703971 16914.960392079654 1183.3410417280065 20887.714047672554 4571.8765952719114 854.52853119806969 4066.4948494790933 2382.7906505914598 1387.4120704050292 5479.3135095847538 903.02273490538937 161.09421383932931 9558.6813248584476 347.99940543929188 3689.3519183069038 286.75504628539784 8800.4971857170021 633.27663722382567 513.76119848708549 4724.8348105573787 2387.5971423966039 819.98547498193147 3201.1434773285 364.92286195445922 863.14117290252761 4247.7837459894508 4538.7680561337729 1907.1746613756986 1249.8381069538955 96.767942561156815 139.94663128541288 185.37528085216763 2881.0242281008286 728.03950479911509 2482.5083537945684 1326.5751776551078 3188.089566601353 5114.9608665650521 10534.064491509598 2692.9212604921722 11632.523501591208 6774.8350063567977 6708.6256760301185 375.33763250753691
leaf_count=1053541 1330819 58945 201140 52500 20279 429493 21018 34140 63803 1338540 227054 60377 31056 1329795 1208146 52118 73932 9402 1555203 1119969 636422 557168 142110 136124 580524 200903 38839 156596 35840 3291 275661 12442 63271 5883 1183193 11131 88059 99700 87610 19295 42997 42650 21664 134416 299753 33737 57855 2358 14487 3261 91222 34742 104807 25610 549366 77613 1498067 35159 2874530 362851 78533 38813
internal_value=-0.000155602 -0.0372396 4.57659e-05 -0.0258158 0.000309995 -0.0276847 0.000533592 -0.00404278 -0.0154273 0.00200257 0.00198368 0.0113586 0.005531 0.000205003 -0.0174614 0.000367699 0.00136513 0.00208412 0.00111554 0.00412323 0.0259879 -0.00144722 0.0115708 0.00184829 -0.000126359 0.02153 0.0331473 -0.00706177 -0.0270786 -0.0429735 -0.0226264 -0.0189487 -0.0367565 -0.116523 0.0162436 -4.62413e-05 0.0199151 0.0396903 0.0233512 0.0527306 0.0254352 0.0379975 0.0673501 -0.00492944 -0.0128081 -0.00746857 0.00752204 0.0559051 0.0233711 -0.0349879 0.027376 0.0171707 0.0271174 0.0466969 -0.00231084 0.00466391 -0.00199624 -0.00522407 -0.0100133 0.00330166 -0.0168866 0.00247878
internal_weight=217690 1175.68 216514 2189.77 214325 1698.27 212626 51162.2 17745 33417.2 161464 25748.8 21127 135715 8363.02 4145.71 127352 124213 120871 88368.6 8327.92 31005 10117.3 80040.6 70385.6 6449.29 2290.47 32502.8 3139.82 2236.79 15454.6 13882.8 4324.11 634.754 9655.03 794.371 8895.22 5908.18 8381.46 1456.74 5545.44 4621.84 1228.06 12231.7 7983.95 2419.75 3445.19 1484.18 362.297 4217.31 3393.77 6924.72 4537.12 2054.61 63936.3 18837.1 13722.2 45099.2 27808.9 9467.76 18341.1 17290.3
internal_count=21029823 1404251 19625572 253640 19371932 1483034 17888898 2598230 483275 2114955 15290668 1119395 943580 14171273 2593320 1381913 11577953 11453759 11226705 9514906 779261 776415 219247 8735645 7416328 781427 105000 1711799 124194 88354 378275 357257 81596 18325 1319317 14422 391179 736122 303120 50351 77137 175815 64314 552401 417985 43139 118232 41197 73432 1211407 111501 252769 165159 60352 6634901 2125046 2047433 4509855 3351073 398010 2953063 1158782
is_linear=0
shrinkage=0.1


Tree=89
num_leaves=63
num_cat=0
split_feature=7 9 34 4 1 3 30 1 28 9 2 13 24 25 33 25 7 19 2 0 3 7 24 1 25 1 13 0 2 3 25 28 22 27 29 25 0 2 1 3 3 25 2 1 19 28 24 30 25 18 7 2 0 25 25 3 3 9 26 34 7 3
split_gain=220.586 256.251 177.445 148.397 133.565 218.787 135.306 184.131 279.875 252.975 244.482 356.256 282.683 864.649 832.79 648.953 217.647 181.147 178.6 177.577 187.21 173.79 177.043 434.627 257.567 289.975 376.826 278.365 390.432 270.321 257.46 249.045 228.711 1206.44 300.387 295.751 317.486 259.317 301.385 773.857 402.654 305.78 447.497 275.716 220.102 361.041 215.83 208.061 207.854 195.887 189.376 182.825 169.047 167.354 336.177 159.681 158.75 157.532 276.324 163.275 265.141 156.543
threshold=44.783893585205085 0.10555555671453477 1.1331304907798769 0.7207789719104768 5.0641026496887216 7.5498573780059823 11.500000000000002 98.61084365844728 122.50000000000001 0.92582416534423839 98.07621002197267 1.0000000180025095e-35 2.5000000000000004 3.5000000000000004 0.53863993287086498 3.5000000000000004 76.961540222167983 0.4445976465940476 70.678733825683608 59.67530822753907 82.24790191650392 55.705244064331062 2.5000000000000004 93.582702636718764 4.5000000000000009 96.824596405029311 1.0000000180025095e-35 83.239700317382827 91.476997375488295 89.512962341308608 3.5000000000000004 101.50000000000001 1.0000000180025095e-35 31.500000000000004 18.500000000000004 2.5000000000000004 7.1858863830566415 3.9607843160629277 8.8562092781066912 9.6399536132812518 8.081632614135744 3.5000000000000004 4.9081602096557626 8.054054260253908 1.0000000180025095e-35 49.500000000000007 1.5000000000000002 15.500000000000002 3.5000000000000004 1.5000000000000002 70.431396484375014 96.824596405029311 97.100841522216811 4.5000000000000009 3.5000000000000004 90.366767883300795 62.145593643188484 0.47222222387790685 2.5000000000000004 1.8029962778091433 97.642425537109389 88.303691864013686
decision_type=8 8 2 2 2 2 2 2 2 10 2 2 2 2 2 2 10 2 2 2 2 10 2 2 2 2 2 2 2 2 2 2 2 2 2 2 2 2 2 2 2 2 2 2 2 2 2 2 2 8 10 2 2 2 2 2 2 10 2 2 10 2
left_child=1 2 -1 -3 5 -2 7 8 52 10 11 12 15 14 -14 17 -11 -9 -17 56 -21 -8 24 51 25 27 30 32 44 -30 31 -27 34 -34 -23 -35 -37 -38 39 41 -40 42 -39 -44 45 -29 -33 49 -25 -36 -42 53 -6 54 -24 -16 -12 59 -59 60 -22 -51
right_child=4 3 -4 -5 6 -7 21 9 -10 16 19 -13 13 -15 55 18 -18 -19 -20 20 57 22 23 48 -26 26 -28 28 29 -31 -32 46 33 35 47 36 37 38 40 -41 50 -43 43 -45 -46 -47 -48 -49 -50 61 -52 -53 -54 -55 -56 -57 -58 58 -60 -61 -62 -63
leaf_value=-0.10100175718289495 0.021361900850425962 -0.086037686965277582 0.13783310459196102 0.011637453756843481 -0.0036435799955394769 -0.091459078984083231 -0.036025477301941701 -0.049730591341921537 -0.041779327257092616 -0.019988176836131327 0.172390317881189 0.034771408181622075 0.11701854324880784 -0.052608696777695987 -0.11350310688258508 -0.028934063960172882 0.063874994683447955 -0.11081672397812542 0.13794585216320862 0.048871649207257478 0.0023001567452304687 0.019441296173176279 0.01100234759444403 0.078390192715508428 -0.028753595475399282 -0.059331821663672582 0.10379296771760201 -0.035404823462408128 -0.12318334297322463 0.0014956237506640021 0.095686023220918681 -0.058105259462470173 -0.090625995339310275 0.056969716103676141 -0.0016153160184364088 -0.054206056284723352 0.038433983591705773 0.10655653886457342 -0.13985688115599162 -0.12250543140267887 0.13037375259410189 -0.1113409240699491 -0.2021862962077608 0.016682341078199294 0.063294865507601092 0.076224088717759181 0.042466935283480334 0.0058078189651481066 0.019809438420882688 -0.035909007186576594 0.015680652196557281 -0.12398470303180763 -0.048434611231823715 0.040094712038101513 -0.037566028076011969 0.00056059112817917695 -0.038617313341416964 0.040199596445468749 -0.0021555620709708956 -0.012939825873880146 0.054233218876175139 -0.00039498964677954089
leaf_weight=576.98775996752181 299.18292017201748 190.74651662034296 32.880420288055006 842.85212653770157 63664.750346702691 403.9824450665692 1071.8206812801218 1615.809935983724 2048.7245063429727 422.93822944755084 36.640170458715147 1212.9120573533728 800.73497976358385 2238.4513637164559 135.44137456920726 91.995655092483503 1153.4207744614687 693.93545720744919 211.73967247948167 898.18516076101514 54706.101577834183 4299.4413807077945 9233.3825013343157 1375.2504806530196 2621.9956332441361 2069.2580187052954 212.46210694138426 702.20369342167396 200.868175236159 1295.1167388395406 146.23666280461475 347.39795245742425 1100.6453823533666 1698.5077622459503 4646.4078584384115 671.99276450325851 3849.384693289001 490.95777421799721 165.56569336209213 589.97707544031437 146.20611272801762 138.48227101613884 85.986974815197755 174.07780461607035 2367.0101505301427 493.26018590759486 553.12746050022542 5594.6946638928493 1082.391779539641 5560.9059807207668 9383.6434563777875 106.34766920085531 853.90978645602445 1411.7193085228791 1685.2679870989086 1307.9676773604297 1325.6928006151466 2960.8662740778527 3210.4296463156934 7029.7022409226629 1001.0709271946689 1597.8063223698118
leaf_count=7950838 10183 691107 19476 254041 4203690 38885 805451 66417 158281 46834 468 14665 21178 71393 4118 3224 1272351 32849 2643 11001 872000 450467 863825 69303 123704 54750 5767 13488 3356 28568 7896 7970 95999 23114 126819 12033 49227 5827 2175 9675 8051 2196 1733 2188 64030 16372 20081 490532 42939 1016706 116649 1284 17983 51132 130908 27447 35169 220409 51014 133750 37278 33278
internal_value=-0.000222475 -0.0367196 -0.0881252 -0.0063881 5.58704e-05 -0.043456 0.000198316 -0.0014947 -0.00539184 0.0017059 0.000919117 -0.0153129 -0.0238736 -0.0086336 0.0352299 -0.050013 0.0413744 -0.0680832 0.0874011 0.00281421 0.00351203 0.00391913 0.00456685 0.0141627 0.00177556 0.00342325 -0.0250637 0.00551853 0.027627 -0.0152452 -0.0338496 -0.0402281 0.00273621 0.0109067 -0.00422795 0.0173311 0.0130418 0.0160496 0.00833894 -0.0337015 0.0147541 0.025199 0.0503758 -0.0556837 0.0456302 0.0106544 0.00366895 -0.0100766 0.0525901 -0.0176045 0.0174403 0.00656902 -0.00423639 0.00769503 0.00350593 -0.0101425 -0.0329422 0.00292079 0.0181656 0.00142119 0.00323341 -0.0279824
internal_weight=217138 1643.47 609.868 1033.6 215494 703.165 214791 147621 66567.4 81054 79477.7 8308.99 7096.08 4482.6 2244.14 2613.48 1576.36 2309.75 303.735 71168.7 69806.4 67169.8 66098 14894.4 51203.6 48581.6 3328.48 45253.1 5058.46 1495.98 3116.02 2969.78 40194.7 18495.4 21699.3 17394.8 15696.3 15024.3 11174.9 1479.48 9695.42 889.505 751.023 260.065 3562.47 1195.46 900.525 17399.8 2457.64 11805.1 9529.85 12436.7 64518.7 12330.4 10918.7 1443.41 1362.33 68908.2 6171.3 62736.9 55707.2 7158.71
internal_count=21026185 8915462 7970314 945148 12110723 49068 12061655 7304162 4379954 2924208 1605023 243934 229269 124136 52743 105133 1319185 99266 5867 1361089 1325452 4757493 3952042 1159391 2792651 2668947 96464 2572483 125814 31924 90697 82801 2446669 328867 2117802 232868 209754 197721 148494 21619 126875 11944 9748 3921 93890 29860 28051 1667335 112242 1176803 124700 1047149 4221673 1045865 994733 31565 35637 1314451 271423 1043028 909278 1049984
is_linear=0
shrinkage=0.1


Tree=90
num_leaves=63
num_cat=0
split_feature=7 9 32 8 8 9 26 8 9 10 7 9 34 11 11 12 4 20 7 4 33 27 34 20 11 26 4 4 1 25 2 2 10 19 7 20 27 7 7 22 3 11 4 27 34 33 9 7 7 2 18 34 7 27 32 8 27 11 25 0 29 32
split_gain=152.653 208.577 137.747 277.974 147.303 243.695 154.919 333.778 453.504 221.373 417.31 217.632 193.913 290.389 166.139 722.053 243.357 190.147 164.835 291.229 323.244 193.111 162.77 155.902 149.15 141.951 135.248 192.003 175.981 183.062 296.984 151.891 208.244 179.525 237.998 133.106 153.861 131.327 123.885 204.368 260.381 126.689 116.288 111.525 111.425 108.485 262.119 223.844 220.158 191.809 330.78 186.272 162.252 147.818 137.352 218.276 163.245 147.499 138.948 133.677 133.642 249.024
threshold=39.905212402343757 0.13392857462167743 13.500000000000002 65.586883544921889 40.481008529663093 1.0000000180025095e-35 2.5000000000000004 54.804668426513679 0.73214286565780651 1.5000000000000002 79.087123870849624 0.61250001192092907 1.0000137090682986 1.0000000180025095e-35 1.0000000180025095e-35 1.0000000180025095e-35 0.71311652660369884 0.95146238803863536 58.476053237915046 0.73602092266082775 0.61508664488792431 1.5000000000000002 0.99999985098838817 0.68317180871963512 1.5000000000000002 6.5000000000000009 0.83051237463951122 0.94786041975021373 99.494949340820327 2.5000000000000004 70.087718963623061 84.29276275634767 4.5000000000000009 0.2617934942245484 98.19000625610353 1.0000000180025095e-35 6.5000000000000009 98.742088317871108 68.524993896484389 1.0000000180025095e-35 60.158729553222663 1.5000000000000002 0.92600175738334667 351.00000000000006 1.0951594114303591 0.42687463760375982 0.52777779102325451 87.647384643554702 84.240093231201186 44.300144195556648 3.5000000000000004 0.99999997019767772 79.087123870849624 2.5000000000000004 11.500000000000002 66.813507080078139 1.5000000000000002 1.5000000000000002 2.5000000000000004 21.778656005859379 16.500000000000004 8.5000000000000018
decision_type=8 8 2 8 8 10 2 10 10 2 10 10 2 2 2 2 2 2 8 2 2 2 2 2 2 2 2 2 2 2 2 2 2 2 10 2 2 10 10 2 2 2 2 2 2 2 8 8 8 2 10 2 10 2 2 10 2 2 2 2 2 2
left_child=1 44 4 35 5 -2 9 24 11 18 -11 12 13 -9 15 16 -10 25 19 -6 22 42 -21 -12 -8 -16 -17 28 -28 -30 -31 32 -32 -34 -35 36 -4 -14 39 40 -7 -42 -22 -40 -1 48 54 -48 49 50 -20 52 -51 -49 57 56 -56 58 -47 -52 61 -50
right_child=2 -3 3 -5 6 38 7 8 14 10 23 -13 37 -15 17 26 -18 -19 45 20 21 -23 -24 -25 -26 -27 27 -29 29 30 31 -33 33 34 -36 -37 -38 -39 43 -41 41 -43 -44 -45 -46 46 47 53 60 51 59 -53 -54 -55 55 -57 -58 -59 -60 -61 -62 -63
leaf_value=-0.10608013768034984 -0.007257322132440203 -0.0033802291932736998 0.055889316776137024 -0.00055938894987682365 -0.088360149637097152 -0.07923767294836781 0.0178969381000872 0.025259672034786851 -0.056892155311548391 0.091000021246339713 0.049962165536060345 -0.056668655356465703 -0.011382377532226397 -0.047092493542253422 0.043207045359651197 0.0095423846053788296 -0.19371607152262352 -0.0045559726152007724 0.02732663800109511 0.18939998034393485 -0.04909569921244919 -0.057165546580549009 0.037292105018398407 0.0064928910089839739 -0.051027096919817966 -0.0993588422762509 -0.06146206332257962 0.01618393667834319 -0.020911471086573773 -2.0563278560434894 -0.49302702798622838 0.05193488559088269 -0.1828755603263946 -4.9815904716198034 -1.2448616670672008 -0.074488599047418974 -0.079988468958241313 0.057341498894720101 0.018725575310786027 0.19757411365856081 0.07024389944668516 -0.033367967282895511 0.090220408545095165 -0.2502089356797576 0.22437907584299055 0.0020756846975967663 -0.08384848047120988 0.018425202095433687 0.013434709295834197 0.071376584428309089 -0.0062793822879426021 0.013590938259263278 0.020029315259667536 -0.040878332208053619 0.020667095476475744 0.028295948310322214 -0.0069805088297989247 -0.036287368008659615 -0.011864840049257417 -0.053047885336330647 -0.0011827689695192722 -0.034816847503129494
leaf_weight=372.6002209274987 2721.9798554037593 627.13887183544284 195.74496596085703 2926.1768150305143 577.85839221582137 151.37200734275757 5646.6143483428532 654.98920717171859 281.86354556970764 643.59302073619619 872.77292695282085 1923.2716768039827 5403.0606641548366 3623.7814438937348 2117.2613753228507 4787.6333788160555 241.25985556386877 1928.982958710083 2000.7816689334722 89.348289172150544 92.451565453973672 831.37398898697575 330.87650906636918 15092.304839203192 332.4513193642415 72.223060332602472 475.14969810808543 439.45973509488977 9.8764288215315919 1.2517213081009675 6.5713535466347803 4.1341395667986944 0.35274907783605136 0.31483205495169386 0.3716626112582162 981.92246814777593 145.11849011831509 293.14754111826187 2124.5719571051741 93.228341101181286 1139.0042997442106 131.65049544425574 170.24479514845916 15.53254674047639 10.49072239985736 15718.281846046681 690.52100584359141 712.85435840998252 12792.905180438756 1240.2570121488097 1354.1721184499329 6487.4496570923366 1221.4772722336929 1024.1592816451011 2781.0885059795692 3354.3307152713969 9201.7494173911109 1513.9827885265404 13115.815245677761 1113.839014139463 82122.135626083866 1167.1785549540655
leaf_count=6234917 1799173 436449 83749 63077 1635812 335527 258560 37012 6328 53730 55751 53645 70801 346785 34074 95587 3828 21169 332332 7147 154819 591092 13462 656295 148290 916 27299 140342 3231 239 2087 1743 65 98 122 118371 145480 4587 85592 16056 56268 46233 22024 382 8637 431491 72104 32718 653201 58635 145956 182813 33038 24888 96684 45496 113361 167055 326523 998073 3390759 47447
internal_value=-0.000111964 -0.0388936 7.0105e-05 -0.0177565 0.000429194 0.0153957 -3.74044e-05 -0.00691322 -0.0125466 0.00106404 0.0120519 -0.0258683 -0.0199297 -0.0360169 0.00274313 -0.00753476 -0.119994 0.018336 -7.8642e-05 -0.0279632 -0.00491563 -0.0335494 0.0696333 0.00886925 0.0140646 0.0385043 0.00274104 -0.0319928 -0.0745044 -0.345438 -0.592057 -0.435999 -0.701048 -2.01641 -2.95856 -0.0557987 -0.00195901 -0.0078456 0.0322643 0.0541429 0.0447395 0.0595088 0.0411904 0.0167737 -0.0970307 0.000291498 -0.00366642 -0.0356866 0.00203055 0.0140294 -0.00289016 0.0224782 0.0458988 -0.0165407 -0.00196499 0.005748 -0.000563796 -0.00586295 -0.00426547 -0.0273865 0.000354904 0.00940048
internal_weight=216194 1010.23 215184 4248.96 210935 6377.34 204558 28244 22265 176314 16608.7 11898.3 9974.98 4278.77 10366.7 6248.24 523.123 4118.47 159705 2092.15 1514.3 1094.07 420.225 15965.1 5979.07 2189.48 5725.12 937.482 498.023 22.8729 12.9965 11.7447 7.6106 1.03924 0.686495 1322.79 340.863 5696.21 3655.36 1515.26 1422.03 1270.65 262.696 2140.1 383.091 157613 48112.8 2427.53 109500 13418 4468.79 8949.18 2461.73 1737.01 45685.2 15337.2 11982.8 30348.1 28834.1 2468.01 96082.2 13960.1
internal_count=21029425 6680003 14349422 410677 13938745 2339231 11599514 1256808 849958 10342706 765776 512830 459185 383797 337128 280969 10156 56159 9576930 2424356 788544 767935 20609 712046 406850 34990 270813 175226 34884 7585 4354 4115 2372 285 220 347600 229229 75388 540058 454084 438028 102501 176843 85974 6243554 7152574 1310320 129710 5842254 1750847 1476361 274486 91673 57606 1180610 255541 210045 925069 758014 1144029 4091407 700648
is_linear=0
shrinkage=0.1


Tree=91
num_leaves=63
num_cat=0
split_feature=11 7 9 25 11 32 20 35 25 2 1 3 4 24 2 3 0 4 3 6 1 4 2 24 2 0 0 1 3 0 3 7 11 32 24 3 1 1 0 1 1 2 0 24 2 1 9 3 20 2 4 3 1 3 27 25 4 3 34 22 2 1
split_gain=140.294 126.331 196.45 114.28 141.12 116.304 190.761 158.655 114.831 403.397 873.915 333.205 560.471 308.675 248.386 286.313 244.906 239.308 222.298 816.903 564.187 485.498 538.469 301.309 325.933 967.311 269.798 269.134 208.996 202.716 227.912 198.021 323.66 201.223 186.922 190.763 186.405 175.276 173.219 264.999 170.004 169.694 167.871 166.388 209.894 213.206 498.955 511.909 162.1 227.077 161.872 157.751 603.868 590.101 520.501 410.081 339.079 1154.35 570.812 300.737 281.588 466.15
threshold=3.5000000000000004 40.783086776733406 0.13392857462167743 5.5000000000000009 1.0000000180025095e-35 13.500000000000002 1.0000000180025095e-35 6.5000000000000009 1.5000000000000002 29.459980010986332 29.679679870605472 48.074073791503913 0.57801687717437755 1.5000000000000002 12.632978916168215 31.698564529418949 18.808961868286136 0.72802454233169567 99.523811340332045 1.0000000180025095e-35 60.660173416137702 0.81340068578720104 50.31645584106446 2.5000000000000004 63.702239990234382 76.50690078735353 70.801284790039077 71.148777008056655 79.118217468261733 32.305501937866218 80.277778625488295 93.84250640869142 1.0000000180025095e-35 4.5000000000000009 1.5000000000000002 60.990337371826179 14.185110569000246 41.897974014282234 64.747306823730483 81.302967071533217 70.659969329833999 70.678733825683608 72.481884002685561 2.5000000000000004 64.932434082031264 51.022111892700202 0.80909091234207164 76.533164978027358 0.7168528437614442 50.31645584106446 0.87369275093078624 8.4219856262207049 8.8562092781066912 10.128205299377443 31.500000000000004 3.5000000000000004 1.0000000180025095e-35 46.737588882446296 0.93841841816902172 1.0000000180025095e-35 6.7231638431549081 6.5753917694091806
decision_type=2 8 8 2 2 2 2 2 2 2 2 2 2 2 2 2 2 2 2 2 2 2 2 2 2 2 2 2 2 2 2 8 2 2 2 2 2 2 2 2 2 2 2 2 2 2 10 2 2 2 2 2 2 2 2 2 2 2 2 2 2 2
left_child=1 2 -1 5 -5 8 -7 -8 9 10 11 14 16 -12 15 36 -13 -15 19 21 42 22 29 24 25 38 43 -26 -28 -11 34 -16 33 -33 35 -31 -3 -24 48 -40 -30 -42 50 44 45 -23 -47 -48 49 -22 -20 54 53 -53 -10 60 -54 58 -58 -59 -55 -62
right_child=-2 3 -4 4 -6 6 7 -9 51 18 13 12 -14 17 31 -17 -18 -19 20 -21 23 26 37 -25 27 -27 28 -29 40 30 -32 32 -34 -35 -36 -37 -38 -39 39 -41 41 -43 -44 -45 -46 46 47 -49 -50 -51 -52 52 56 55 -56 -57 57 59 -60 -61 61 -63
leaf_value=-0.092368082253939096 -0.10273137343686806 0.027850915258195181 -0.0028529924606714996 0.015583540971566296 -0.055576158065525273 0.0021587753584431479 -0.015794431367931953 -0.076837481295294288 -0.080257002424973217 0.031253471503493849 0.034912492358666725 -0.11556891250482122 0.045203576037796123 -0.072890834289364922 0.036481655553460356 -0.10193739277870897 -0.033246169613455896 0.035212599315495412 -0.025931921704546751 0.10075399948549045 0.18465412724231195 -0.077186344253218075 -0.03059063939469843 -0.11724872353624567 -0.058637044306986089 -0.12475895164660454 0.10351248985291256 0.0086137623141941972 0.09554040895207068 0.083108823626236117 0.092147837301123248 -0.0040967893020842543 0.069350940938430722 0.082807432538163472 -0.019293613011409319 -0.074478882041640632 -0.035450092658767578 0.1003482246016856 -0.026256435614079567 0.072347005905904635 -0.29785302108311296 -0.047354697465561868 0.14865608897494981 0.033915681258142726 -0.059845498655367382 -0.17853586073831812 -0.047635045125556046 -1.0060919431659627 0.052167368737453083 0.07139649429081267 -0.10174431723740096 -0.0060908561470938392 0.013448131098699327 -0.096779675321667868 0.022858008671934844 -0.12624580564811111 -0.086792304089532202 -0.00041498497689872464 -0.010742951051631009 0.054117629037903292 -0.1600595477554255 0.046334721493290383
leaf_weight=376.17528580048486 132.79476061521564 920.53297837725859 703.96182137427252 432.19971380557399 784.63987971303868 2402.9799518471482 1021.688118710852 729.9888814413498 531.89854500976435 3066.2181003101723 351.80996053986019 589.84027758880984 659.87833389818843 2609.0088565436636 3474.6774713371415 356.72689338729469 932.99375141147902 222.21645811993949 514.11422119044903 1253.1310035672577 273.41378257906712 89.221381184746861 113.75083652181274 178.36943965954197 639.33037236346718 320.566648234686 147.63591945249937 8597.0253531862218 73.769871082855389 359.25584432614778 232.72087011249096 5950.3494796021841 749.46991541562602 278.92797434993554 2966.2932989928267 97.707140069280285 940.4624450238689 1009.5506066096714 512.59698217805271 582.04223089249899 30.521704332903028 237.2805326054804 37.114283412844088 81.222977561410517 253.58059005488758 97.51718743290985 8.4389386457623932 16.405396225862205 1150.1487818645837 502.15515832670513 622.8355036810234 2838.7825211973177 16832.897024936188 459.77719576723757 6145.3914598215379 916.33144337396152 2309.8169092673234 133561.92633332132 1723.3328618579944 1019.0015341540857 137.17081500764471 541.06270223060346
leaf_count=6488836 410033 19365 525158 53765 57504 229808 35263 91803 69320 98143 21199 15027 13253 289192 235785 15808 34316 21974 72429 160379 27249 1381 1747 50845 60504 6259 3803 376840 2602 9710 2587 41667 15015 4393 149199 1787 36179 15409 17529 18829 304 5845 1221 2244 3647 658 159 480 41589 46569 81935 94647 328923 16761 90633 52619 4006027 6040960 373597 15616 9025 13049
internal_value=2.19717e-05 8.52695e-05 -0.0340281 0.000257059 -0.0303015 0.000431413 -0.0161361 -0.0412333 0.000760568 0.0054279 -0.00587848 0.00431107 -0.0317755 -0.0534287 0.0105273 -0.0198698 -0.0651323 -0.064406 0.0139025 0.0251708 0.00570449 0.014506 0.0230006 0.0118102 0.0136405 0.0404067 -0.0498481 0.00395874 0.00409404 0.0122913 -0.00361205 0.0169761 0.0072644 -0.000205484 -0.010122 0.0494137 -0.00413854 0.0870887 0.0579367 0.026173 -0.0388771 -0.0759043 -0.060631 -0.0981453 -0.121205 -0.194743 -0.280461 -0.68053 0.0759921 0.111324 -0.0674629 -0.000415949 -0.00104312 -0.0356329 0.0146441 -0.0764554 4.56924e-05 -0.00158186 -0.054297 -2.08236e-06 -0.036364 0.00459206
internal_weight=215703 215570 1080.14 214490 1216.84 213273 4154.66 1751.68 209118 42100.8 18036.9 14853.9 2182.71 3183.04 12671.1 2217.72 1522.83 2831.23 24063.9 10134.2 13929.7 8881.09 7845.5 12755.6 12577.3 3340.92 1035.59 9236.36 489.208 6722.2 3655.98 10453.4 6978.75 6229.28 3423.26 456.963 1861 1123.3 3020.36 1094.64 341.572 267.802 1174.06 546.386 465.163 211.583 122.362 24.8443 1925.72 775.569 1136.95 167017 160340 4893.12 6677.29 2054.34 155447 138614 4033.15 134581 1138.01 678.234
internal_count=21028402 20618369 7013994 13604375 111269 13493106 356874 127066 13136232 2025055 763173 430808 62596 332365 368212 71352 49343 311166 1261882 460084 801798 299705 278582 646213 595368 158024 21123 437344 12554 261426 163283 296860 61075 46060 160696 11497 55544 17156 151765 36358 8751 6149 155585 8569 6325 2678 1297 639 115407 73818 154364 11111177 10951224 186101 159953 91454 10765123 10436200 4379624 6056576 38835 22074
is_linear=0
shrinkage=0.1


Tree=92
num_leaves=63
num_cat=0
split_feature=7 10 3 3 0 1 27 1 25 22 24 1 25 3 25 0 24 22 24 4 0 3 25 1 7 0 31 4 3 29 3 25 34 3 3 6 18 1 28 34 1 0 3 1 0 24 35 28 34 18 4 4 1 25 34 11 28 35 29 35 27 19
split_gain=135.469 204.978 124.194 367.525 467.879 262.747 218.528 339.875 128.822 127.993 155.549 115.666 541.013 193.011 202.406 263.78 169.872 143.917 260.138 245.667 373.104 395.3 301.472 538.313 414.082 236.027 231.607 296.109 562.693 230.784 212.662 191.469 179.662 184.692 231.007 208.703 182.588 168.523 164.732 162.623 156.681 144.991 143.004 203.113 196.129 204.334 191.851 382.672 215.385 227.883 141.758 141.203 140.346 140.237 137.886 307.148 256.411 301.195 289.746 213.293 206.641 509.147
threshold=41.337057113647468 1.0000000180025095e-35 1.0000000180025095e-35 7.5498573780059823 8.4806714057922381 5.0641026496887216 165.50000000000003 8.8562092781066912 2.5000000000000004 1.0000000180025095e-35 1.5000000000000002 8.054054260253908 3.5000000000000004 8.7595906257629412 2.5000000000000004 5.7556936740875253 2.5000000000000004 1.0000000180025095e-35 3.5000000000000004 0.4889191091060639 30.053763389587406 57.384986877441413 1.5000000000000002 77.849929809570327 84.643459320068374 11.852501869201662 0.9999997913837434 1.0000000180025095e-35 40.338983535766609 17.500000000000004 60.158729553222663 2.5000000000000004 1.1750952601432803 89.725547790527358 97.726097106933608 1.0000000180025095e-35 4.5000000000000009 12.276295185089113 1.0000000180025095e-35 1.0393390059471133 79.337715148925795 55.625879287719734 84.29276275634767 83.414241790771499 69.732204437255874 2.5000000000000004 1.5000000000000002 1.5000000000000002 1.2464114427566531 1.0000000180025095e-35 0.916710525751114 0.92600175738334667 63.702239990234382 2.5000000000000004 1.4763050675392153 1.0000000180025095e-35 4.5000000000000009 4.5000000000000009 15.500000000000002 2.5000000000000004 1.5000000000000002 0.18783515691757205
decision_type=8 2 2 2 2 2 2 2 2 2 2 2 2 2 2 2 2 2 2 2 2 2 2 2 8 2 2 2 2 2 2 2 2 2 2 2 10 2 2 2 2 2 2 2 2 2 2 2 2 8 2 2 2 2 2 2 2 2 2 2 2 2
left_child=1 -1 6 4 -4 -5 9 8 -8 10 -2 12 13 -7 15 -15 -16 19 26 20 21 29 25 24 -24 -21 -19 37 -29 -13 39 -31 33 36 35 -35 51 53 -32 -25 -22 52 -40 44 45 -44 47 -45 -49 -50 -36 -26 -34 -28 60 -56 59 58 -58 -57 61 -48
right_child=2 -3 3 5 -6 11 7 -9 -10 -11 -12 17 -14 14 16 -17 -18 18 -20 22 40 -23 23 30 32 -27 27 28 -30 31 38 -33 41 34 50 -37 -38 -39 42 -41 -42 -43 43 46 -46 -47 54 48 49 -51 -52 -53 -54 -55 55 56 57 -59 -60 -61 -62 -63
leaf_value=-0.093732086156670072 0.04055627856294234 -0.0039577081179158168 0.076384849301773444 -0.083710914905335068 -0.063812476278334959 0.051768560301353773 0.0055472174474850379 0.024296273128639669 -0.1132823938326582 -0.1193356093648635 -0.07549466706661799 0.025747650273985595 -0.073518303858302797 -0.11356509790715677 -0.082796256178358521 0.034864197489990922 0.043496485586175936 0.03961823573471001 -0.19009321546387242 -0.11740671106059937 -0.051501220290842475 -0.14351020245146634 -0.0637999927380761 0.16992584665431135 0.00060244558422383409 0.010290481880024864 0.083275613539756405 -0.14817008436532683 0.026132748572578343 -0.0064083053396596706 -0.025250397940990151 -0.075147061906618406 -0.049698713455155495 0.04116216940170029 0.028327304412098006 0.18153891013084958 -0.052741557719129042 0.03432812781188517 0.012088901531872094 0.0061261045328418169 0.032089013316635939 -0.054100035987598619 -0.020516180128429807 -0.024724140472073209 -0.033476565547356618 0.062623930499077246 -0.025411823247557964 -0.018942656691355836 -0.004782605176822486 0.024433710150695311 -0.073611637111663561 -0.10207392417234551 0.044191549998998769 0.0033690422230521037 0.046441307055085264 -0.0097446819403450968 0.053172943212241523 -0.042876386297939752 -0.00094544232164381911 -0.039488249707472139 -0.0031716116867525125 0.015198233422469412
leaf_weight=386.87226118876356 176.05757308762713 742.38050912587209 1228.2474177965305 374.99608799762791 295.2671432593088 739.04322408829285 129.77397703368479 1266.3579313367663 307.16791439139342 283.47633025777759 335.76055791515228 2315.3188707115114 1172.5244839445859 136.71664976611282 483.9401720964488 963.64424594051161 136.55688604265015 2149.8284128977175 66.245664849324385 145.45731180213988 2732.9034593285687 201.98524361282034 2051.2351001187503 130.14945795801759 3428.4496004202356 29486.251660125967 222.34519144931255 353.56915639197177 388.95340516794022 8398.7765025346635 2509.5219888723514 425.76545638914104 287.76944777875906 624.13483470206847 285.09194329346064 127.55508605833165 950.00698486628244 2089.3456506886105 10014.822284474998 113.4427065049822 244.27917824278484 1569.4330528801656 727.75600318191664 2865.1043729274679 3361.0199284891341 497.82470047062816 3684.7148753670226 1722.5051509201294 3383.6155888917128 12652.972354347366 261.58365345105994 139.38281621783972 356.35969699837733 18002.152141709299 1000.1462908241083 5627.0282206754782 1083.8687314119888 1557.3424112834036 11338.254591026343 4218.3545184772811 43079.602302643834 19041.029253278928
leaf_count=6930063 14742 575845 24529 40036 6429 15060 1877 20198 6076 26295 23727 277265 69419 5082 19977 19453 5654 40221 1852 4046 1319135 12616 2672978 8967 526775 1572349 3256 22566 7596 632634 73106 332032 4863 9732 8037 2870 569094 33187 265943 3692 23096 30094 36034 90629 119902 14679 64894 76528 391425 836369 8575 2411 4343 346059 316508 65551 15566 20440 131209 49937 1627011 545587
internal_value=-0.000168963 -0.0347136 1.33744e-05 0.000275284 0.0492137 -7.98904e-05 -0.0221508 -0.00194273 -0.0779894 -0.0654307 -0.0355749 6.97729e-05 -0.0176194 0.00902514 -0.00933154 0.0164223 -0.0550022 0.000381819 0.00778796 -0.000561885 -0.0131363 -0.00486604 0.000507812 -0.00144837 -0.0237009 0.00966364 0.00835284 0.00516069 -0.0568655 -0.00235218 0.00029589 -0.0097248 -0.0134574 -0.00422948 0.0290113 0.0649829 -0.0137824 0.0074279 0.00011875 0.0936431 -0.0446426 -0.037704 0.000624602 -0.000366522 -0.0209895 0.0132549 0.000483684 0.00918875 0.01466 0.0182693 -0.0204504 -0.00340876 0.00224538 0.00434393 -0.00149727 -0.00784779 -0.0101268 -0.00142068 0.00377655 -0.0224886 0.000898452 0.00861379
internal_weight=215072 1129.25 213943 211444 1523.51 209921 2498.59 1703.3 436.942 795.294 511.818 209546 3632.43 2459.9 1720.86 1100.36 620.497 205913 23272.4 182641 14319 11341.8 168322 138690 10081 29631.7 23206.2 21056.4 742.523 11139.9 128609 8824.54 8029.77 5816.2 1298.37 751.69 4517.84 20313.8 128365 243.592 2977.18 2213.56 125856 115841 4586.6 1225.58 111255 20624.2 17759.1 16036.6 546.676 3567.83 644.129 18224.5 90630.3 24825 23824.8 13979.5 12422.1 9845.38 65805.3 22725.7
internal_count=21026121 7505908 13520213 13427298 30958 13396340 92915 28151 7953 64764 38469 13356304 134645 65226 50166 24535 25631 13221659 454737 12766922 2596778 1254547 10170144 8593749 3839772 1576395 452885 412664 30162 1241931 4753977 964666 1166794 1127494 29214 12602 1098280 382502 4741318 12659 1342231 39300 4668212 4402269 170615 50713 4231654 1394951 1304322 1227794 16612 529186 9206 349315 2836703 599211 282703 167215 146775 115488 2237492 610481
is_linear=0
shrinkage=0.1


Tree=93
num_leaves=63
num_cat=0
split_feature=34 25 11 21 7 7 7 33 2 8 16 20 7 34 11 32 22 1 22 32 18 32 1 1 18 27 2 20 9 8 0 18 32 3 29 20 18 32 34 0 16 32 19 8 0 20 7 11 9 7 9 20 7 10 2 18 9 7 9 22 0 25
split_gain=119.02 171.109 114.137 114.037 409.607 155.321 162.069 215.721 178.227 162.672 183.502 156.573 399.723 150.184 245.66 174.926 160.947 162.36 145.051 143.415 145.348 433.272 235.417 140.299 139.891 135.916 203.572 130.587 182.702 199.209 129.12 119.67 254.842 232.896 116.189 138.1 157.364 142.052 112.316 164.164 107.454 103.909 102.513 102 508.348 169.843 358.029 351.319 345.362 272.04 252 199.736 167.39 345.427 152.409 151.017 164.605 147.842 166.177 126.248 188.562 253.369
threshold=0.31629665195941931 2.5000000000000004 3.5000000000000004 1.0000000180025095e-35 65.724277496337905 98.742088317871108 92.342185974121108 0.5500154197216035 75.905715942382827 72.769165039062514 5.5000000000000009 0.65908628702163707 97.642425537109389 0.87019017338752758 1.0000000180025095e-35 3.5000000000000004 1.0000000180025095e-35 56.048780441284187 1.0000000180025095e-35 3.5000000000000004 3.5000000000000004 4.5000000000000009 60.922586441040046 90.070423126220717 3.5000000000000004 1.5000000000000002 75.905715942382827 0.87663882970809948 0.26785714924335485 87.330093383789077 56.048780441284187 4.5000000000000009 5.5000000000000009 70.087718963623061 17.500000000000004 0.91073116660118114 2.5000000000000004 2.5000000000000004 1.5940253734588625 91.922958374023452 2.5000000000000004 11.500000000000002 0.26787890493869787 99.81818008422853 22.378716468811039 0.97752270102500927 92.60501861572267 1.5000000000000002 0.64583334326744091 97.189678192138686 0.29285715520381933 0.78607732057571422 73.024791717529311 1.5000000000000002 12.632978916168215 2.5000000000000004 0.64583334326744091 94.711414337158217 0.26785714924335485 1.0000000180025095e-35 57.804552078247077 1.5000000000000002
decision_type=2 2 2 2 8 8 10 2 2 10 8 2 10 2 2 2 2 2 2 2 8 2 2 2 8 2 2 2 10 10 2 8 2 2 2 2 8 2 2 2 8 2 2 10 2 2 10 2 10 10 10 2 10 2 2 8 8 10 8 2 2 2
left_child=1 -1 3 4 18 6 7 8 24 10 -9 12 41 14 15 16 17 -7 25 34 -21 22 -22 40 42 26 -2 28 -10 -30 -14 -23 33 -33 35 36 37 -13 -15 -40 -17 -8 -6 45 -45 46 48 55 59 51 -49 57 53 -50 -54 56 -47 -48 -59 60 61 -5
right_child=2 -3 -4 43 5 13 11 9 27 -11 -12 19 30 38 -16 23 -18 -19 -20 20 21 31 -24 -25 -26 -27 -28 -29 29 -31 -32 32 -34 -35 -36 -37 -38 -39 39 -41 -42 -43 -44 44 -46 47 49 50 52 -51 -52 -53 54 -55 -56 -57 -58 58 -60 -61 -62 -63
leaf_value=-0.069561931873418748 -0.072246707405694652 -0.00080493103726787514 -0.098750116971156265 -0.004277561837741378 0.013338413043095552 -0.044269486560621296 -0.010348798093165933 -0.0048806186171373913 0.0092863272763764482 0.0024160376653136828 -0.06121958251516052 0.046927997975054425 0.15403528028927707 -0.00064324707777250025 0.077858761968614951 0.11978576506837198 0.041090318340519023 0.063706114502650291 0.055359360516023262 -0.043113238688662202 -0.01343593413447716 -0.045026975638139996 0.11789616984261218 -0.0025715117796714718 -0.014979795715174852 -0.069943031342060466 0.046625534683008202 -0.0081351492204850585 0.051411697720473493 -0.014148060286554468 0.045200555634074963 -0.032029192299217309 -0.021040806864797507 0.12876534897388328 -0.01184585523721342 -0.010296231240283076 0.10340478364715971 -0.016106950155540336 0.009818794983268599 0.081080131732263042 0.031657379737652327 0.021189025629029218 -0.027207322284982949 -0.022090763638235891 0.064895241645543375 -0.024825725774356506 0.026572598595127391 -0.021457115740099394 0.023703160166105686 -0.028691812734387326 0.079329456142258406 0.013597879200563113 -0.013186224609411282 0.13217805556984727 0.026043812574886877 -0.024758424024237738 0.00043438523650954266 0.10034112246588163 0.036348803445988634 0.018626090401381721 -6.1704340111992651e-05 -0.047919036282453947
leaf_weight=598.86687681237186 284.82058757102425 914.86634842442049 116.66541655617766 4032.0728606203538 4607.9588562688004 1190.0793331014575 7201.7504511229781 1023.5728847746941 5807.7930052768279 1939.8762484641484 1328.4592016095266 751.23157182693831 121.56368459298392 31242.312280391925 612.53699400831829 146.72403517531347 393.05706032353919 157.71631443704246 132.109437541734 2545.6387422221887 220.89829147720593 1746.9805868490221 357.18814894653042 1409.2487560564186 5406.019090744092 1379.5974663627258 291.51428874363694 2071.6271785490098 2524.6702368428523 567.70355350861792 1055.3821552300942 149.91173276146583 4655.647753985686 225.68818401134922 11489.187211875949 1789.4287493036536 246.65143806971901 682.12393902795156 1741.9709901068709 396.93690877687186 2425.0519458952476 1221.9554022797383 721.16559272390441 1335.7889154859586 1351.6412713311438 3172.4171455101314 2801.7408229030698 360.29955959038853 1089.1154550326464 1073.8745815973234 796.5251097328146 7184.1047365385457 1399.7480677467829 401.88468369442853 3385.6614984345651 4573.1573928688631 13807.827669636346 720.68149369923049 928.78293387574377 3165.0307844957642 56893.267523141993 1985.3440726328936
leaf_count=1012059 1096376 494820 378443 1139114 248853 84952 200269 20391 74385 34655 70764 14352 2419 692082 9769 2980 4835 5744 63902 56613 22427 47355 7133 10929 948279 2110298 82943 77053 95178 17597 30038 21736 205432 3773 269180 52149 8408 12604 245630 347581 111720 18118 20199 11563 85537 92897 85881 61272 522956 30803 22550 187016 16366 37327 276841 315180 854288 18200 36098 187964 5035224 2677330
internal_value=-6.54395e-05 -0.0280067 0.000133282 0.000187513 -0.00221882 -0.0013051 -0.0044965 0.0014643 0.00551467 -0.019021 -0.0367016 -0.00899354 0.00185316 0.00355324 0.0176698 0.0112265 -0.0152143 -0.0316344 -0.0460551 -0.0131823 -0.0225176 -0.0153905 0.0677116 0.0227887 -0.00364589 -0.052905 -0.0121203 0.0144776 0.0197411 0.0393761 0.0564418 -0.0224779 -0.0146483 0.064588 -0.00700277 0.00903531 0.0296259 0.0169301 0.000874481 0.0230434 0.0366852 -0.00577387 0.00785155 0.00241531 0.0216588 0.00193545 0.00398669 -0.00574749 0.00126758 0.0194663 0.0479389 0.023911 0.0236846 0.0529415 0.0145689 -0.00862898 -0.00428496 0.0405561 0.0643082 -0.000861763 -0.0018422 -0.0186763
internal_weight=214353 1513.73 212839 212723 102264 100176 60460.1 25998.8 21706.9 4291.91 2352.03 34461.2 9600.65 39715.6 6334.41 5721.88 1740.85 1347.8 2088.04 24860.6 9901.95 7356.31 578.086 3981.02 10735.1 1955.93 576.335 10971.8 8900.17 3092.37 1176.95 6778.23 5031.25 375.6 14958.6 3469.44 1680.01 1433.36 33381.2 2138.91 2571.78 8423.71 5329.12 110459 2687.43 107772 85061.3 22710.2 72352.1 12709.2 1156.82 11635.3 6276.41 1491 4785.41 21553.4 16980.2 4451.21 1649.46 66075.7 62910.7 6017.42
internal_count=21028830 1506879 19521951 19143508 7449101 4095582 2579360 1607354 1481544 125810 91155 972006 250844 1516222 230929 221160 95531 90696 3353519 721162 364469 307856 29560 125629 1217331 3289617 1179319 264213 187160 112775 32457 278296 230941 25509 356693 87513 35364 26956 1285293 593211 114700 218387 269052 11694407 97100 11597307 10251120 1346187 9893122 357998 83822 327195 853490 560283 293207 1262365 947185 140179 54298 9039632 8851668 3816444
is_linear=0
shrinkage=0.1


Tree=94
num_leaves=63
num_cat=0
split_feature=8 11 20 11 9 1 9 32 29 11 25 34 30 7 24 3 0 0 34 29 11 2 34 0 3 1 1 7 1 2 3 0 7 1 25 28 1 1 31 28 7 8 7 8 1 3 24 3 28 8 7 28 7 28 33 2 13 35 24 6 34 11
split_gain=109.38 178.313 149.242 261.012 317.529 290.092 191.318 184.406 295.472 242.841 250.767 236.426 224.692 162.158 151.077 166.122 223.528 154.244 144.267 141.562 192.17 140.343 146.611 161.471 159.564 167.846 136.633 136.283 133.638 260.527 285.862 246.419 383.635 261.388 256.43 254.569 212.721 207.95 204.707 191.212 171.738 161.113 154.453 156.872 156.648 147.003 146.76 285.482 142.82 194.934 138.609 202.803 133.234 358.86 148.853 133.207 129.723 128.338 126.926 126.554 125.303 256.338
threshold=98.496154785156264 1.5000000000000002 0.9610288441181184 1.5000000000000002 0.92582416534423839 98.61084365844728 0.29285715520381933 2.5000000000000004 17.500000000000004 1.5000000000000002 1.5000000000000002 1.2913972139358523 11.500000000000002 58.476053237915046 1.5000000000000002 8.081632614135744 8.9220566749572772 87.20676422119142 0.40550699830055242 19.500000000000004 1.0000000180025095e-35 16.064516067504886 1.1155465245246889 82.287582397460952 99.523811340332045 62.575302124023445 17.192117691040043 93.84250640869142 98.437118530273452 96.34091949462892 96.362434387207045 89.825496673583999 72.360687255859389 94.932373046875014 2.5000000000000004 31.500000000000004 95.488464355468764 96.34091949462892 0.79475691914558422 127.50000000000001 42.891986846923835 83.816528320312514 57.909116744995124 45.478595733642585 89.927536010742202 96.922348022460952 2.5000000000000004 98.448318481445327 5.5000000000000009 53.740671157836921 72.360687255859389 56.500000000000007 63.84260559082032 24.500000000000004 0.49889266490936285 72.065574645996108 1.0000000180025095e-35 2.5000000000000004 2.5000000000000004 1.0000000180025095e-35 1.0393390059471133 1.0000000180025095e-35
decision_type=10 2 2 2 8 2 10 2 2 2 2 2 2 10 2 2 2 2 2 2 2 2 2 2 2 2 2 10 2 2 2 2 8 2 2 2 2 2 2 2 8 10 8 10 2 2 2 2 2 10 10 2 8 2 2 2 2 2 2 2 2 2
left_child=2 -2 7 4 -4 27 -5 8 -1 10 18 13 -10 -11 17 16 -16 56 -9 20 -14 26 23 -23 -24 -26 -20 -6 29 31 37 33 40 42 35 38 39 -31 59 41 -33 48 55 44 -44 -38 -36 -48 49 -32 -50 -52 53 60 -55 -17 -12 -56 -8 -34 61 -30
right_child=1 -3 3 6 5 -7 58 9 12 11 14 -13 19 -15 15 28 -18 -19 21 -21 -22 22 24 -25 25 -27 -28 -29 52 30 36 32 34 -35 46 -37 45 -39 -40 -41 -42 -43 43 -45 -46 -47 47 -49 50 -51 51 -53 -54 54 57 -57 -58 -59 -60 -61 -62 -63
leaf_value=0.03193523120708805 0.0085901818773237697 0.15217912498314359 -0.01943393618419197 -0.012168341958795882 0.012467334111547893 0.058119911008548214 0.024250819944628434 -0.022560014833677654 -0.0052087924030746711 -0.076316905734455792 -0.039364750079429883 0.0030073786005512817 0.003958092036450144 -0.023324103299893376 0.052289602540882357 -0.075986441050931539 -0.051719789063945781 0.077309807140532635 0.012339802988977725 0.010106187882751777 0.076345933211708905 0.017873484871525319 0.098694411681414795 0.054061441533119405 -0.084817488610586383 0.0025208382542825916 -0.049378912160149883 -0.0066230341293333911 0.14943176575093503 -0.10635061459893549 0.041059983214619331 0.87594154759334097 0.040854484511051899 0.081493412852098587 0.11134582541398366 0.10102759859255682 0.062807163796282553 -0.0039954972564924798 -0.056753686533206893 -0.063195229772903511 0.15840359167367968 -0.027787951814103796 0.022764753647846796 -0.0069664445156490621 -0.034595273430245502 -0.088923874935120106 0.047366928960647953 -0.092879837495849785 -0.021977517552355323 -0.008064555650861855 -0.0061369817400169727 0.072871171577552712 0.00065562872447837226 0.064173294142560344 0.019061756314246777 0.045571561912481039 0.14314175278019206 -0.055619139898211857 0.084671737545724587 -0.16266240583950053 0.023274060064610053 0.038137599468508573
leaf_weight=4493.6138429866842 10834.13856128967 87.180753819760866 14664.861038286967 788.22481885671732 4668.096441595495 807.89336387284857 843.546864990014 1186.3302736972873 12018.9521207996 657.89917019513814 1861.2379214562407 3710.6288164792786 662.55110739071824 4721.451251298764 1142.0179955000553 504.59166346186828 252.2707358362909 129.34512338818604 769.66447800490687 7199.279317259965 821.40387612612358 9860.9787148844189 163.51856151034008 1409.2218052068747 231.49356588692171 4447.2809578236847 671.75023426084545 18798.426808477117 324.81459998127525 588.56321525907151 1593.4577981579823 3.4050635986133546 423.69712927518412 356.45197597971492 272.30856376211159 173.46136932936497 72.485552530552468 299.4928338768259 854.85753219528124 646.40854001167099 163.55601098230545 2879.5772021762677 3404.5031478943311 20925.819173369739 553.51716768601909 536.11724558462038 1261.074530296959 164.01967226411216 3554.3853034280473 1638.2565514997914 1435.8168104249635 419.89642309688497 59561.435768277865 188.70145173482911 335.4450105986574 109.75798102101055 39.778089291115975 732.80832694308276 591.45266567671206 32.929101424058899 758.23731491657747 570.32719503444275
leaf_count=177474 565136 830 373759 81367 185850 793374 22898 744685 562862 3454534 301180 50973 37305 840321 26899 2825350 6639 2242 37979 348222 22651 1076092 24442 110566 10600 120525 107917 626046 87808 39016 53817 7785 8120 7063 5417 4445 1319 5144 7515 144431 3728 67341 406255 2349585 5183 35800 24580 1942 928856 36030 30751 8895 1028195 5260 216785 234697 2836 979204 19303 289 13797 726322
internal_value=-1.23812e-05 0.0097364 -0.000536982 -0.00591316 -0.00781589 -0.000797103 0.0274127 0.000830815 0.00869156 -0.000619149 0.00050665 -0.0164107 0.0036463 -0.0298052 -0.00133418 -0.000820154 0.033471 -0.0283563 0.0111905 0.0159031 0.0440265 0.0134714 0.0161458 0.0223984 0.00159316 -0.00180043 -0.0164233 -0.00282547 -0.00127403 -0.00557377 -0.0169706 -0.000241237 0.0252803 -0.0035474 0.0175283 -0.0128209 -0.0131573 -0.0718318 -0.0278789 -0.0102715 0.173037 -0.00730223 -0.00473623 -0.00351332 0.0147431 -0.0708525 0.0440788 0.0312254 -0.000476088 0.0161572 -0.010412 0.0117404 0.00167646 0.0225683 -0.017705 -0.0542692 -0.0355459 -0.0321684 0.049154 0.0261781 0.0531855 0.0785222
internal_weight=213875 10921.3 202953 41162.5 38939.3 24274.4 2223.22 161791 25195.8 136595 127505 9089.98 20702.2 5379.35 108765 106734 1394.29 2030.36 18740.2 8683.23 1483.95 17553.9 16112.5 11270.2 4842.29 4678.77 1441.41 23466.5 105340 42868.4 13664.5 29204 3349.31 25854.6 3182.35 1484.95 12776.4 888.056 1311.48 12167.8 166.961 11521.4 25498.2 24883.8 3958.02 608.603 1697.4 1425.09 8641.81 3231.71 5410.1 1855.71 62471.8 2910.33 1256.95 614.35 1901.02 1068.25 1435 456.626 1653.38 895.142
internal_count=21036232 565966 20470266 2102597 1979029 1605270 123568 18367669 1148514 17219155 12873327 4345828 971040 4294855 10640521 10334263 33538 306258 2232806 408178 59956 1488121 1342225 1186658 155567 131125 145896 811896 10300725 7243354 1351400 5891954 63821 5828133 52308 20369 1307240 44160 15924 1270121 11513 1125690 5821070 2761023 411438 37119 31939 26522 1058349 89847 968502 39646 3057371 2029176 1201249 3060047 304016 1195989 42201 8409 827927 814130
is_linear=0
shrinkage=0.1


Tree=95
num_leaves=63
num_cat=0
split_feature=8 7 10 9 25 30 29 35 34 28 0 7 18 4 28 7 29 35 34 7 25 29 29 18 29 34 4 32 0 2 29 25 24 24 19 24 34 25 18 30 32 30 1 22 29 31 30 11 28 4 8 0 34 35 32 26 25 24 19 18 18 25
split_gain=107.763 190.019 104.151 103.792 98.7257 98.9437 223.106 165.711 280.511 245.839 234.383 197.663 193.124 188.215 251.074 233.979 173.676 265.917 179.277 170.649 166.544 158.642 153.043 205.959 144.127 267.254 234.476 182.513 160.428 136.936 136.719 135.036 247.885 200.937 180.184 146.428 131.434 132.966 123.238 121.359 131.382 116.201 153.098 128.517 120.796 114.95 114.163 112.402 118.798 111.637 110.647 109.785 106.658 105.732 104.628 103.684 104.789 170.336 193.295 103.918 100.11 99.3946
threshold=27.511467933654789 44.783893585205085 1.5000000000000002 0.5634920895099641 5.5000000000000009 12.500000000000002 21.500000000000004 3.5000000000000004 1.3940399289131167 3.5000000000000004 31.643132209777836 63.191850662231452 1.5000000000000002 0.58164313435554515 32.500000000000007 79.087123870849624 17.500000000000004 2.5000000000000004 1.4763050675392153 57.909116744995124 4.5000000000000009 12.500000000000002 16.500000000000004 2.5000000000000004 17.500000000000004 0.99999997019767772 1.0000000180025095e-35 6.5000000000000009 30.053763389587406 34.178434371948249 19.500000000000004 3.5000000000000004 2.5000000000000004 3.5000000000000004 0.18311185389757159 2.5000000000000004 1.0000137090682986 2.5000000000000004 6.5000000000000009 15.500000000000002 3.5000000000000004 15.500000000000002 75.162338256835952 1.0000000180025095e-35 23.500000000000004 0.82880055904388439 11.500000000000002 1.0000000180025095e-35 13.500000000000002 0.84781721234321605 80.60858535766603 74.115688323974624 1.8267858028411867 18.500000000000004 6.5000000000000009 1.0000000180025095e-35 1.5000000000000002 3.5000000000000004 0.41295713186264044 4.5000000000000009 7.5000000000000009 4.5000000000000009
decision_type=8 8 2 10 2 2 2 2 2 2 2 10 8 2 2 8 2 2 2 10 2 2 2 10 2 2 2 2 2 2 2 2 2 2 2 2 2 2 8 2 2 2 2 2 2 2 2 2 2 2 10 2 2 2 2 2 2 2 2 10 8 2
left_child=3 2 -2 -1 5 7 39 9 13 10 12 -12 30 19 55 38 17 21 -19 -9 -14 -13 23 -11 26 27 61 -26 -28 -30 -3 33 -33 34 35 45 37 -36 -16 40 47 42 43 -8 -43 -18 -38 48 -7 -50 -10 -35 -25 60 -41 -15 57 58 59 -57 -42 -21
right_child=1 4 -4 -5 -6 6 41 8 50 22 11 16 20 14 15 -17 31 18 -20 24 -22 -23 -24 52 25 -27 28 -29 29 -31 -32 32 -34 51 36 -37 46 -39 -40 54 53 44 -44 -45 -46 -47 -48 -49 49 -51 -52 -53 -54 -55 -56 56 -58 -59 -60 -61 -62 -63
leaf_value=0.019204718922633854 -0.047347686715816517 0.055254129838916081 0.10920524283324502 0.11036699417299123 -0.029024190310324684 -0.00586303229063818 -0.04757903421839544 -0.081393350347441468 -0.0095066235825279396 0.0042884541768924882 0.033700414176672376 -0.041144212946692453 -0.026175444667871823 -0.018942275973834813 0.048327244664471143 -0.0067206866520229964 -0.081580237823883892 0.0034573273109283335 -0.043356339635419183 -0.059543508156893493 0.049140473593188912 0.024561908584706152 0.0048860087643255549 0.065738757562840436 -0.013150984946794906 -0.046021620109022401 0.027497819915175803 0.023167718282555982 -0.039912223286322462 0.028734850290637354 0.0076148204869067801 0.074533123334035598 -0.03957229313897611 0.018830548775492249 0.050999195820311455 -0.003879007244626918 -0.011975050026634217 -0.010730365901312372 -0.060927851351120457 0.050471795402386936 0.00042792420154080129 0.022824545490663567 0.011413358409380453 -0.011022116356047305 -0.0033826375537137246 -0.031862538568462141 0.038599632971727416 0.026761430803119452 0.0133120691075277 0.06564771399313947 -0.033521737960500668 0.12592190317726762 0.019634331704558521 0.034716359554012637 -0.012195903191462319 -0.0056126447046872443 0.0021182327775516752 0.08451987771956114 0.04112337542771613 0.033824644335715567 -0.033290897094772107 0.0088667014528851645
leaf_weight=959.97447923464347 1083.3837468581228 1462.8243987937822 44.230414958743495 143.56965177963866 1169.238365770434 3577.3042705440384 1682.5486681823968 333.33329292807321 3593.7674713484012 2405.8807639289589 1132.1714911692761 401.72189649987558 1256.3253321029842 2049.888351075002 111.42833312896619 3964.6443629851201 720.38798572125233 1777.7823620263662 1515.3256117967539 695.61388005904155 383.13705046844552 4308.1902576895809 45472.912956562257 1248.8394846969168 11183.917141358113 2252.1340543937149 3040.5469925537109 1579.0316966043938 800.12555164891819 456.30130011033907 1024.2062818404302 203.17479427358194 3024.9536356170356 253.81505293761438 741.12952279794263 1077.0861991543206 13058.223632772279 659.40731639138539 1405.4156552110471 1258.6246228443342 7867.9832128453127 2132.3017754607354 1442.1101564815035 2244.5138656074123 10040.23428684907 1311.9292016045947 462.12733098957688 5109.6333720948242 4411.5709221645957 449.07077811472118 4115.6966579749133 153.69188491697423 838.80179526716529 795.35906459984835 337.95025919664477 3775.794488109761 40198.200873994778 341.21574407424487 1667.3405273211793 811.81305750747561 991.46144980668396 305.72808617368719
leaf_count=1021467 7902585 26944 18140 17941 105677 127420 237012 830261 92340 206089 68715 15372 82649 53411 18757 125976 21801 66831 43427 58058 7340 273814 1682306 36520 970585 96846 247602 438145 302825 137809 24660 10444 96986 12856 11892 66367 435195 12971 307457 62639 754734 156867 40039 31747 744653 52579 12974 136762 129010 49945 122002 6219 80831 124824 67775 221841 1497405 20778 60951 37133 291587 13095
internal_value=-0.000103544 -0.000265624 -0.0412069 0.0310648 -4.69172e-05 0.000114487 0.00443363 -0.000976812 -0.00416323 0.00212658 -0.0043098 -0.00730818 0.0180708 -0.00229543 0.000793433 -0.0195 -0.00887307 0.00371563 -0.018084 -0.0104229 -0.00857436 0.0189576 0.00662575 0.0242313 -0.00925827 -0.0142619 0.00492173 -0.00865764 0.015077 -0.0149814 0.0356354 -0.0135231 -0.0323906 -0.0102198 -0.0117892 -0.0336878 -0.00722568 0.0219354 -0.0529019 0.0105388 0.00870372 -0.00419729 -0.0164521 -0.0266849 0.00120816 -0.0494858 -0.0102464 0.0150562 0.00796802 0.0181473 -0.0223271 0.0592202 0.0472143 -0.000210027 0.0372068 0.00307084 0.00403515 0.0157172 0.0119639 0.00136609 -0.00334555 -0.0386566
internal_weight=213317 212214 1127.61 1103.54 211086 209917 42340.7 167576 82681.9 84894 34927.6 30801.1 4126.49 74972.5 54325.7 5481.49 29668.9 8003.02 3293.11 20646.7 1639.46 4709.91 49966.4 4493.52 20313.4 15015.1 5298.32 12762.9 4296.97 1256.43 2487.03 21665.9 3228.13 18437.8 18030.3 3109.4 14920.9 1400.54 1516.84 24799 23202.4 17541.7 5369.17 3927.06 12172.5 2032.32 13520.4 13547.6 8437.95 4860.64 7709.46 407.507 2087.64 9654.8 1596.57 48844.3 46794.4 6596.16 6254.95 4587.61 8859.44 1001.34
internal_count=21029883 19990475 7920725 1039408 12069750 11964073 2955014 9009059 5653277 3355782 1350036 1208443 141593 5438935 2343709 452190 1139728 399444 110258 3095226 89989 289186 2005746 323440 2264965 1505576 759389 1408730 688236 440634 51604 740284 107430 632854 613779 140747 473032 24863 326214 1744696 1614282 1210318 308798 268759 901520 74380 448169 443137 306375 178955 214342 19075 117351 1171145 130414 1891519 1838108 340703 319925 258974 1046321 71153
is_linear=0
shrinkage=0.1


Tree=96
num_leaves=63
num_cat=0
split_feature=11 25 7 11 11 8 7 4 20 16 3 3 1 1 27 0 22 24 25 25 1 25 3 25 2 2 0 1 0 2 25 22 2 3 24 31 4 3 28 25 0 2 1 2 0 25 3 2 3 2 25 3 34 21 7 25 8 1 2 0 3 3
split_gain=100.198 91.9707 91.8436 156.574 90.0951 83.8895 199.783 116.674 82.1944 111.368 81.8361 312.646 368.983 223.756 181.752 272.429 126.845 121.688 116.029 96.9999 94.633 470.057 149.564 175.013 245.445 340.204 297.435 171.415 287.617 161.408 141.112 128.199 228.92 252.898 224.29 220.421 226.751 476.446 141.379 140.639 169.164 145.243 132.916 121.644 398.073 357.425 334.887 362.03 331.933 200.137 116.004 557.147 589.031 193.174 551.328 306.506 222.64 161.831 768.447 226.265 205.869 216.549
threshold=3.5000000000000004 5.5000000000000009 39.905212402343757 1.0000000180025095e-35 1.0000000180025095e-35 30.385951995849613 62.534915924072273 0.83813363313674938 1.0000000180025095e-35 8.5000000000000018 1.0000000180025095e-35 7.5498573780059823 8.4806714057922381 5.0641026496887216 165.50000000000003 8.9220566749572772 1.0000000180025095e-35 1.5000000000000002 4.5000000000000009 2.5000000000000004 8.054054260253908 3.5000000000000004 10.668563365936281 2.5000000000000004 4.7065336704254159 6.1072261333465585 7.1858863830566415 6.5753917694091806 7.9473683834075937 4.301572561264039 2.5000000000000004 1.0000000180025095e-35 12.632978916168215 31.698564529418949 3.5000000000000004 0.9999997913837434 1.0000000180025095e-35 40.967367172241218 1.0000000180025095e-35 3.5000000000000004 15.504807472229006 8.3920187950134295 14.185110569000246 3.9607843160629277 8.9220566749572772 4.5000000000000009 8.7595906257629412 4.301572561264039 9.6399536132812518 5.5946791172027597 1.5000000000000002 48.714567184448249 0.9235055446624757 1.0000000180025095e-35 99.81412506103517 2.5000000000000004 82.958751678466811 80.982517242431655 80.243904113769545 79.784946441650405 89.725547790527358 97.726097106933608
decision_type=2 2 8 2 2 8 8 2 2 8 2 2 2 2 2 2 2 2 2 2 2 2 2 2 2 2 2 2 2 2 2 2 2 2 2 2 2 2 2 2 2 2 2 2 2 2 2 2 2 2 2 2 2 2 10 2 10 2 2 2 2 2
left_child=1 2 3 -1 -3 6 -4 -8 -5 -10 14 12 -12 -13 16 19 17 -7 -17 -16 21 22 23 -15 26 27 29 -26 -29 -25 -24 32 33 42 35 -33 39 -38 -34 41 43 -37 -22 48 45 -45 47 -46 -41 -47 -40 52 -52 -54 -55 56 -56 58 59 -53 -60 -62
right_child=-2 4 5 8 -6 10 7 -9 9 -11 11 13 -14 20 15 18 -18 -19 -20 -21 31 -23 30 24 25 -27 -28 28 -30 -31 -32 34 38 -35 -36 36 37 -39 50 40 -42 -43 -44 44 46 49 -48 -49 -50 -51 51 57 53 54 55 -57 -58 -59 60 -61 61 -63
leaf_value=0.015337558491150476 -0.097865277592321415 0.0084535804486304284 0.071916700290261357 -0.093005685071707742 -0.049311425539790621 0.036398333177825919 0.056013878744759785 -0.024278846485850724 0.13684566380847696 -0.067442873538978362 0.070372564501997178 -0.079884464448202172 -0.054901384325625836 0.065765466657727215 0.0062980324892308931 0.031009195842560358 -0.11762780494288372 -0.067225847338567887 -0.12229892169370241 -0.097427204243643192 0.031909757183559172 -0.072335911240225384 -0.00458566300557821 0.075833538448098106 0.0493262778276728 0.11456440437999833 0.11747273409237072 -0.17347983528969146 0.021543369479154306 -0.1705324007366564 -0.10432916536493123 0.039459344243215982 -0.017965493991657124 -0.082688790626730999 -0.18641179675032304 0.016217645372641021 -0.14080495323195302 0.024672319973556678 0.0051244050927045752 0.033790427153371251 0.092340192633758214 0.07296450444435415 -0.032166414547185766 -0.12478035961833689 -0.023580672183506349 0.13356337299925522 0.0064667207592682685 -0.17267197223636038 -0.052755052756477683 -0.12761937332105694 -0.083051072200342108 -0.0031332685989459703 -0.045721263428931597 -0.044121452000658395 0.31704221565463619 -0.072236373152200134 0.11324578497784854 0.00090650158499072349 -0.11564676969867071 0.064277059715528648 -0.0042411880308090419 -0.082277417320586049
leaf_weight=385.77956811263357 104.94168181414716 425.92077973059486 546.74317160797193 371.00227549427507 737.58147787777716 176.60567676466417 242.59509170200897 712.49892228777753 40.63953385500443 77.716716593968243 1199.4874660678179 351.14297585340682 292.44043070239422 651.2570799008754 126.80331836019832 1161.8303199748007 249.28893602083917 316.27337050294409 51.557599243315053 311.9685050887565 507.50247451792438 1046.9124399746343 649.99524976256725 43.035553972720663 78.509271213604734 107.05211733594842 266.01947201628354 247.53404873463114 108.88477527120995 69.60110069534494 181.42936879730587 2017.5085831064061 4374.9642265193688 696.51741854177544 59.542931402396789 2362.4243506791936 320.89588001109951 380.08242316978431 37910.029216961557 2695.1364029817123 210.54418665283083 557.46798710319126 894.02168050429827 457.08087068789609 820.11835451576917 100.12926396376133 11694.901562939966 203.22933341048702 530.37022455063561 41.497694148521987 1682.0076769468033 8468.8363914587881 492.34841108999899 464.58504624023044 65.076245900883805 75.275482432858553 304.11739752837457 120710.01406592205 611.95696663921217 529.03059168438085 659.03888826910054 772.33754658083888
leaf_count=734415 410302 56945 169980 5579430 66581 14492 20301 19018 4226 132063 23310 38130 6318 10811 1886 18309 24996 23280 1219 6008 14857 62307 17015 931 2684 3221 3910 11081 2216 2483 9900 38314 461164 77476 1767 41213 21482 7437 1993386 51295 3058 7951 85703 17614 14869 1610 209773 4739 15741 975 3965099 1233950 128172 235721 1789 11381 4306 4773179 16536 10382 11628 89720
internal_value=-0.000175398 -0.000127244 2.68298e-05 -0.0323018 -0.0281655 0.000161005 0.023711 -0.00388439 -0.0698576 0.0027029 -7.9326e-06 0.000204723 0.045817 -0.00012647 -0.0183895 7.64922e-05 -0.0594972 -0.0300958 0.024495 -0.067451 1.00675e-05 -0.0164115 0.00794986 0.0260928 -0.00197163 -0.0451299 0.0598018 -0.0844366 -0.113901 -0.0764023 -0.0263512 0.000291014 -0.000601365 -0.0334395 0.00741456 0.00792998 0.0048078 -0.0510803 -0.000212387 0.00679919 0.00326935 0.0270518 -0.00896395 0.0021357 -0.00208458 -0.0817711 0.00166664 -0.0531891 0.0195597 0.057035 0.000237231 -0.00113684 -0.0431559 0.00472765 0.032051 0.111671 0.149168 -0.000153461 -0.0117417 0.000830129 -0.0671021 -0.0463477
internal_weight=213002 212897 211733 875.138 1163.5 210858 1501.84 955.094 489.359 118.356 209356 206962 1491.93 205470 2394.33 1652.16 742.168 492.879 1213.39 438.772 205119 3450.23 2403.32 1571.89 920.636 541.98 378.656 434.928 356.419 112.637 831.425 201669 179218 2098.04 22450.9 22391.4 20373.9 700.978 177120 19672.9 16753 2919.89 1401.52 16542.5 13317 598.708 12718.2 1023.35 3225.51 141.627 172745 134835 3083.41 1401.4 909.054 444.469 369.194 131751 11041.2 8997.87 2043.33 1431.38
internal_count=21030055 20619753 20496227 6450134 123526 14046093 209299 39319 5715719 136289 13836794 13746604 29628 13716976 90190 27422 62768 37772 19528 7894 13678846 126559 64252 37337 26526 19202 7324 15981 13297 3414 26915 13552287 13114449 178036 437838 436071 397757 28919 12936413 368838 319674 49164 100560 316616 249580 20199 229381 19608 67036 2585 12475249 10481863 4346468 381369 253197 17476 6095 6135395 1362216 1244332 117884 101348
is_linear=0
shrinkage=0.1


Tree=97
num_leaves=63
num_cat=0
split_feature=32 8 35 29 34 9 25 1 16 24 13 24 3 20 0 0 24 0 24 25 3 22 1 1 9 1 3 1 34 19 26 3 25 24 19 27 1 24 11 19 0 9 3 7 3 0 0 0 25 8 5 19 14 19 1 9 34 1 25 34 0 7
split_gain=96.3311 135.16 96.324 140.328 126.735 123.236 99.1326 301.085 202.122 225.414 315.987 186.904 469.843 512.896 177.193 141.586 147.396 132.468 218.354 195.268 838.105 496.508 626.595 254.512 246.101 193.875 169.132 164.49 324.603 241.284 205.667 203.983 234.095 269.496 166.009 346.958 498.41 360.844 336.028 272.461 343.413 205.169 179.972 166.536 162.776 157.927 157.333 150.725 149.888 146.704 163.727 579.042 469.919 950.479 445.326 296.994 532.021 282.882 205.729 269.873 201.414 271.446
threshold=15.500000000000002 75.875698089599624 16.500000000000004 24.500000000000004 0.32106678187847143 inf 3.5000000000000004 6.5753917694091806 2.5000000000000004 2.5000000000000004 1.0000000180025095e-35 3.5000000000000004 60.158729553222663 0.4330234974622727 74.115688323974624 88.548007965087905 4.5000000000000009 88.047618865966811 2.5000000000000004 2.5000000000000004 69.309261322021499 1.0000000180025095e-35 86.240703582763686 27.812939643859867 0.47222222387790685 71.535182952880874 64.075469970703139 91.715686798095717 1.897347688674927 0.76023730635643016 2.5000000000000004 99.523811340332045 1.5000000000000002 2.5000000000000004 0.2285517826676369 14.500000000000002 99.494949340820327 2.5000000000000004 1.0000000180025095e-35 0.47471861541271215 91.715686798095717 0.64583334326744091 97.999198913574233 73.024791717529311 88.303691864013686 32.690166473388679 83.239700317382827 66.996700286865249 2.5000000000000004 99.81818008422853 1.0000000180025095e-35 0.59633544087409984 inf 0.46368399262428289 97.467948913574233 0.92582416534423839 1.4992163777351382 81.892700195312514 1.5000000000000002 0.61800950765609752 77.836257934570327 72.360687255859389
decision_type=2 8 2 2 2 8 2 2 8 2 2 2 2 2 2 2 2 2 2 2 2 2 2 2 10 2 2 2 2 2 2 2 2 2 2 2 2 2 2 2 2 10 2 8 2 2 2 2 2 10 2 2 8 2 2 10 2 2 2 2 2 10
left_child=2 -2 4 5 -1 -4 11 -8 9 -9 -11 17 -13 15 -15 16 -14 18 49 20 23 22 46 -20 -22 -25 -24 28 29 31 -31 -19 -33 -34 35 37 -37 38 42 40 -36 -41 44 -42 -29 -26 47 -21 -44 50 52 -52 -6 54 -54 -55 -57 -53 59 -56 61 -59
right_child=1 -3 3 -5 6 -7 7 8 -10 10 -12 12 13 14 -16 -17 -18 27 19 21 24 -23 26 25 45 -27 -28 34 -30 30 -32 32 33 -35 39 36 -38 -39 -40 41 43 -43 48 -45 -46 -47 -48 -49 -50 -51 51 57 53 55 58 56 -58 60 -60 -61 -62 -63
leaf_value=-0.039087442481535006 -0.071923934807654064 0.00094814767025332776 0.020648270223248517 -0.0040554030078694334 0.061848664518781384 -0.037056771543870909 -0.11132518511272045 0.096897043068240596 -0.00076018713419855207 -0.065397378840772499 -0.011235616807279988 -0.015524719652128519 0.015987505804720512 0.055894567318242341 0.12233961130364368 -0.13141456237871377 -0.1175145966503318 0.022851157739019343 0.0054934286625959563 -0.030435149976637099 0.026940632216254475 0.082525004402550714 0.11604987913832542 -0.039481415567829733 -0.10606353221025736 0.089379326734819214 0.0028440014944467826 -0.081863982935328192 0.12472823721130973 -0.028165143783846627 0.076162057974827294 -0.18053376675720295 0.15409126843113674 -0.17064722633820542 -0.059510874818438787 0.10717029755928001 -0.11492641424488555 0.034963586029681151 -0.08058080028819703 0.001260866331735497 0.20233566636381486 0.041077589502602117 -0.37208161154806318 0.049671675694489756 0.0046380680061369238 0.07287015837663717 0.0036709405832322617 -0.084581417515067578 0.092351895507446768 0.014130714335973071 0.10719123936176851 -0.037084167299873107 -0.0056690039854034799 -0.10565490785373494 -0.088604720321978442 -0.36667163016808824 -2.505026671636708 -0.010872230557975739 -0.051559279238745863 0.1124570612471 -0.0061925493219370277 0.019786301602147907
leaf_weight=844.32227198663168 447.00411477329931 591.08365248388122 6905.2367193705777 5108.3375706997267 899.25736343307653 391.05189283276559 264.28693247217598 159.49628437436786 29807.850426017882 1393.083376122232 4749.9602060301841 2041.4651581219491 739.80889488950208 1074.790981109767 640.54005289869383 89.324921463466467 93.109381674587894 2614.0191677223638 4556.7421472512269 870.06807578030612 4167.6491327167041 648.6879372032181 133.83019652674557 2520.6621086995565 50.517184878059197 122.42704923056954 9513.3584905504122 256.98464043114291 288.17759723408381 1474.070504954851 216.74446850433787 26.836952920896522 301.81929702380347 27.919526351680361 300.31358130003309 442.25552278233954 130.9634885495143 750.81658443622291 1311.1983307562186 38038.062817810089 74.527525773308795 1339.7159339740465 24.501625034259632 1733.3302684894297 1417.2563981893472 2091.1218765129597 433.50108698075155 1256.5797099231186 9.6999535496579465 4055.3453782514553 493.82641024514305 2138.7546927330513 36091.253180842919 911.65468485282327 106.62692113094454 8.7315194128095737 1.3423844960052509 4257.429090100497 3036.4199772488901 178.53765706988634 18726.193927346285 8977.4212879721599
leaf_count=1359729 274499 15968 1357661 690351 27363 13379 38958 11146 1709063 79122 195600 491049 81011 34585 31825 6536 10127 87553 284418 691340 332144 13322 3731 819824 2096 8998 500551 4546 15233 157922 14615 1043 8027 1421 9667 23632 2150 29024 8378 2391717 3739 864303 585 75256 19090 155111 15205 107461 920 151346 70492 717551 4028822 120056 75779 1071 174 1124225 107907 7771 1336226 205658
internal_value=-4.28167e-05 -0.0304308 0.000106454 0.00865594 -0.000426677 0.0175555 -0.000261885 -0.00497872 -0.00420039 -0.0204708 -0.0235181 0.000799135 0.0204941 0.0483724 0.0807065 -0.0117676 0.00106371 0.000212272 -0.00179567 0.00609532 0.0144907 -0.00272655 -0.00725675 -0.00882586 0.0410984 -0.0335126 0.00441445 0.00441358 0.0217323 0.0153649 -0.0147915 0.0325294 0.10348 0.126595 0.00254317 -0.0160569 0.0564278 -0.0270767 -0.0425026 0.00449064 0.0395153 0.00261552 -0.0132783 0.0559651 -0.00863941 0.0686495 -0.0512363 -0.0624287 -0.240363 -0.00440007 -0.00539112 -0.000317999 -0.00964728 -0.0112413 -0.00889372 -0.111622 -0.651615 -0.00187493 -0.0439325 0.0372773 0.00048119 0.00992397
internal_weight=212368 1038.09 211330 12404.6 198925 7296.29 198081 36374.7 36110.4 6302.54 6143.04 161706 4679.04 2637.57 1715.33 922.243 832.918 157027 106248 26365.1 13509.1 12856 12207.3 7199.83 6309.29 2643.09 9647.19 50779.2 4949.59 4661.41 1690.81 2970.59 356.576 329.739 45829.6 4343.68 573.219 3770.46 3019.64 41486 2108.17 39377.8 1708.44 1807.86 1674.24 2141.64 2560.15 2126.65 34.2016 79882.8 75827.4 34593.6 41233.8 40334.6 39412.8 921.729 10.0739 34099.8 3321.58 285.165 31961 13234.9
internal_count=21028072 290467 20737605 2061391 18676214 1371040 17316485 2033889 1994931 285868 274722 15282596 655133 164084 66410 97674 91138 14627463 10908642 2934201 1602591 1331610 1318288 1113240 489351 828822 504282 3718821 285814 270581 172537 98044 10491 9448 3433007 88325 25782 62543 33519 3344682 88662 3256020 25141 78995 23636 157207 814006 798801 1505 7974441 7823095 3454152 4368943 4341580 4220279 121301 1245 3383660 191457 83550 2666109 1329883
is_linear=0
shrinkage=0.1


Tree=98
num_leaves=63
num_cat=0
split_feature=26 8 9 11 10 7 19 9 20 14 20 7 9 3 28 20 9 7 11 12 4 20 26 25 16 10 7 21 4 4 19 18 1 33 9 20 35 16 3 0 11 16 24 1 25 2 2 0 0 4 2 25 4 25 4 2 3 1 3 25 3 1
split_gain=97.7463 341.467 395.993 256.855 229.695 490.22 195.39 139.211 258.208 137.609 126.348 112.318 171.595 157.954 117.37 116.15 111.609 110.875 110.337 652.452 142.241 132.323 112.472 108.994 103.962 98.8841 95.0843 91.5672 91.5271 106.882 94.9761 92.8787 88.0402 87.3758 244.697 192.229 212.561 181.708 148.268 140.848 206.946 150.621 158.832 286.33 320.095 193.287 189.036 280.883 210.868 759.424 192.449 377.262 378.316 276.954 270.202 227.586 202.78 291.362 261.37 338.938 197.73 205.613
threshold=2.5000000000000004 58.851016998291023 0.73214286565780651 1.5000000000000002 1.5000000000000002 79.087123870849624 1.0000000180025095e-35 0.087121214717626586 0.73832553625106823 inf 0.86196741461753856 48.107236862182624 0.34848485887050634 72.065574645996108 175.50000000000003 1.0000000180025095e-35 0.61250001192092907 69.928676605224624 1.0000000180025095e-35 1.0000000180025095e-35 0.58978867530822765 0.95146238803863536 6.5000000000000009 1.5000000000000002 8.5000000000000018 3.5000000000000004 98.742088317871108 1.0000000180025095e-35 0.84781721234321605 0.93641710281372081 1.0000000180025095e-35 1.0000000180025095e-35 22.401432991027836 0.42687463760375982 0.52777779102325451 0.58238205313682567 1.5000000000000002 3.5000000000000004 60.158729553222663 99.494949340820327 1.0000000180025095e-35 1.5000000000000002 2.5000000000000004 93.582702636718764 2.5000000000000004 75.716625213623061 93.40579986572267 90.366767883300795 78.142959594726577 0.86112210154533397 60.660173416137702 2.5000000000000004 0.87003108859062206 4.5000000000000009 0.78037142753601085 82.426471710205092 82.807880401611342 32.466217041015632 99.523811340332045 1.5000000000000002 51.66851997375489 54.303350448608406
decision_type=2 10 10 2 2 10 2 10 2 8 2 8 8 2 2 2 10 10 2 2 2 2 2 2 8 2 10 2 2 2 2 8 2 2 8 2 2 8 2 2 2 8 2 2 2 2 2 2 2 2 2 2 2 2 2 2 2 2 2 2 2 2
left_child=4 3 6 7 11 17 25 9 -9 -2 23 12 15 -14 27 -1 26 32 19 20 -4 22 -20 -7 -17 -3 -8 -15 30 -30 31 -21 -6 35 -35 36 -13 -36 -38 41 -41 -37 -43 46 -45 -46 47 48 50 -50 53 52 -52 56 55 -53 57 -44 -58 -60 -59 -62
right_child=1 2 18 -5 5 10 16 8 -10 -11 -12 33 13 14 -16 24 -18 -19 21 28 -22 -23 -24 -25 -26 -27 -28 -29 29 -31 -32 -33 -34 34 37 39 38 -39 -40 40 -42 42 43 44 45 -47 -48 -49 49 -51 51 54 -54 -55 -56 -57 58 60 59 -61 61 -63
leaf_value=-0.083821853502377905 0.014983466496226956 -0.038649602701457446 -0.058242247531252428 -0.051080251239793262 0.26858501753301495 0.063760118757206871 -0.013663422145590055 0.040849234408907961 -0.013081359595328568 -0.023201296395122389 0.0040582277509675175 -0.010199885445696125 -0.083256610185976063 -0.061163428031016681 -0.067523715286914809 0.080825528707620831 -0.04815443218000065 0.060092851865386238 0.037116684196079684 0.030822428143936809 -0.16500754472418389 -0.0041777780685876799 -0.087063176405657625 0.016775261574350216 -0.054413870680302116 -0.094142807756667821 0.044316129877961491 0.072444137510738679 -0.063438357130990705 0.0057500631367170089 0.062799499216572102 -0.0032360309763959775 0.11545263911244436 -0.0017301696966054469 0.010262505960839767 -0.0098039136465836157 -0.013317673431527656 -0.045743413842108185 0.035034086477080263 0.097222563954352276 0.0091622650831643983 -0.0015093181991073156 0.00014454979786168503 0.093462561422419418 0.1044672022393518 0.014681782393193532 -0.036513326743047934 0.072906976966199813 -0.13333868703338661 0.0011436050440428826 0.11842078378876418 -0.093593689415456871 0.025510260855864997 0.042389524589390069 0.017154911890473502 0.073260770460451916 0.091521506766359742 -0.069628984903750649 -0.21470646018924766 0.132004888905499 0.025151145876783396 -0.058410613483357944
leaf_weight=564.03854700162901 2695.2081708661462 3505.4959003802305 231.88882766688766 632.35540696473072 44.154487384825188 639.60449507576413 5820.6547337871434 3420.393652796276 1198.9611344130026 1452.3343044341436 12818.275960947343 2012.6255795772267 146.698112664988 59.034888963593403 94.745098110135586 94.655280553929302 922.77512221873621 467.96775309182703 1976.8057501732837 1067.492241342552 270.17169312940678 1881.8612060428568 75.729835246893344 2164.7494544689689 142.28741842364798 353.4841264656643 297.29912699805573 391.26365440070367 409.73207397956867 490.63541248315596 307.70836014649831 3203.6645330729079 250.79894968879671 51484.557402195314 784.2733776985915 13545.235351143425 740.23065282819516 2216.5775096869766 4427.2554307342798 360.96235412856913 1023.7577131597791 57790.930938380923 7331.7669963494627 588.57338401750894 246.81802448799135 8394.3140557188308 1270.0763871785894 563.13505654816981 518.65072054136544 2205.5893686864001 640.96697612329444 470.97516000116593 1385.7236003894941 1313.2043305039333 1387.0951791183325 98.915153488283977 411.19324893836165 1162.6390175027045 71.189432761515491 46.686862263595685 667.75707540156873 526.75278316665208
leaf_count=7381897 162446 321820 5156 650300 3846 20153 80704 265325 61297 495816 583455 31055 745000 10137 22958 21710 21483 29584 33021 17035 4047 21033 930 114694 546554 10374 4634 39770 27471 143146 13000 64224 33323 2108303 49451 353005 341864 163129 83457 505057 93748 3100086 690305 66637 17056 308175 34161 26014 5788 78499 8653 6494 40621 70424 30876 1369 14152 769522 823 1038 58505 15281
internal_value=-8.23925e-05 -0.00534881 -0.0124925 0.0104714 0.000793997 0.0120869 -0.0256479 0.0149111 0.0268515 0.00161241 0.00826461 -0.000326235 -0.0276326 0.00885136 0.0336422 -0.0591407 -0.0157357 0.0903582 0.0019685 -0.0065869 -0.115695 0.0149749 0.032535 0.0274914 -0.00038763 -0.0437328 -0.0108459 0.054928 0.00341068 -0.0257357 0.00914189 0.00527622 0.138377 -7.72201e-05 -0.00334809 0.00155474 0.0173699 -0.0311062 0.0281078 0.000441705 0.0321174 5.86673e-06 0.00153154 0.00752889 0.0221066 0.0172463 0.000825723 0.00334795 0.0012003 -0.0244596 0.0057059 0.0246546 0.0548944 -0.000840284 -0.00666239 -0.064633 -0.00639613 -0.00968805 0.0538891 -0.0773857 -0.0402717 -0.0116978
internal_weight=211781 30214.7 20815.4 9399.25 181567 16385.6 10899.7 8766.9 4619.35 4147.54 15622.6 165181 1492.72 691.742 545.044 800.981 7040.73 762.921 9915.69 5981.29 502.061 3934.4 2052.54 2804.35 236.943 3858.98 6117.95 450.299 5479.23 900.367 4578.87 4271.16 294.953 163688 54485.4 109203 7180.11 3000.85 5167.49 102023 1384.72 100638 87093 29302 9229.71 8641.13 20072.3 18802.2 18239.1 2724.24 15514.9 3983.68 2026.69 11531.2 1956.99 569.89 10218 9688.92 529.07 117.876 2357.15 1194.51
internal_count=21029891 2403262 768078 1635184 18626629 785055 439015 984884 326622 658262 718302 17841574 8768026 817865 72865 7950161 106821 66753 329063 274079 9203 54984 33951 134847 568264 332194 85338 49907 264876 170617 94259 81259 37169 9073548 2320883 6752665 456376 212580 425321 6296289 598805 5697484 5344479 2244393 391868 325231 1852525 1818364 1792350 84287 1708063 88013 49274 1620050 38739 7863 1549626 1533613 16013 1861 843308 73786
is_linear=0
shrinkage=0.1


Tree=99
num_leaves=63
num_cat=0
split_feature=28 8 11 20 0 11 9 1 18 32 29 30 11 26 10 25 20 26 20 33 26 35 7 7 29 3 9 27 8 32 35 28 24 27 1 7 25 27 20 28 1 3 27 0 9 26 18 1 18 11 7 9 9 26 35 20 16 30 16 26 11 19
split_gain=90.9625 148.156 89.5242 86.5437 226.265 200.319 360.771 274.224 190.669 161.835 254.258 168.59 164.385 259.683 349.77 202.706 150.532 149.508 139.301 308.441 297.405 231.621 204.216 159.306 154.647 147.268 141.768 171.89 153.684 222.783 204.963 198.232 155.617 154.057 274.828 267.105 265.277 223.893 296.226 178.349 156.448 147.75 167.119 140.266 135.939 135.826 133.949 133.816 132.118 203.497 129.077 157.48 124.139 123.592 123.132 121.718 204.711 397.535 120.3 115.18 250.243 131.767
threshold=1371.0000000000002 64.161029815673842 3.5000000000000004 0.9610288441181184 99.494949340820327 1.5000000000000002 0.92582416534423839 98.61084365844728 1.0000000180025095e-35 2.5000000000000004 17.500000000000004 11.500000000000002 1.5000000000000002 1.5000000000000002 1.0000000180025095e-35 1.5000000000000002 0.26127095520496374 1.5000000000000002 0.75279217958450328 0.24835431575775149 1.0000000180025095e-35 1.5000000000000002 97.642425537109389 96.833747863769545 17.500000000000004 56.070175170898445 inf 4.5000000000000009 78.802806854248061 11.500000000000002 2.5000000000000004 125.50000000000001 4.5000000000000009 1.5000000000000002 73.746868133544936 62.534915924072273 4.5000000000000009 41.500000000000007 0.12858100235462191 8.5000000000000018 71.148777008056655 94.804317474365249 1.5000000000000002 94.570026397705092 0.23611111193895343 1.0000000180025095e-35 2.5000000000000004 33.508771896362312 1.5000000000000002 1.0000000180025095e-35 32.947860717773445 0.10555555671453477 0.58571431040763866 1.0000000180025095e-35 2.5000000000000004 1.0000000180025095e-35 4.5000000000000009 5.5000000000000009 2.5000000000000004 2.5000000000000004 1.0000000180025095e-35 0.17726895213127139
decision_type=2 10 2 2 2 2 8 2 8 2 2 2 2 2 2 2 2 2 2 2 2 2 10 10 2 2 8 2 10 2 2 2 2 2 2 8 2 2 2 2 2 2 2 2 10 2 10 2 10 2 8 10 10 2 2 2 10 2 8 2 2 2
left_child=2 -2 3 9 5 6 45 8 47 10 48 -12 15 14 -14 -11 -16 53 19 21 23 24 26 -20 -17 -23 28 41 31 30 -30 32 33 34 36 43 -21 40 -39 55 -35 -28 -43 50 -19 -5 -13 -8 -1 -50 51 -36 -15 -7 -40 56 -37 -58 -32 -47 61 -61
right_child=1 -3 -4 4 -6 17 7 -9 -10 12 11 46 13 52 16 18 -18 44 20 22 -22 25 -24 -25 -26 -27 27 -29 29 -31 58 -33 -34 37 35 39 -38 38 54 -41 -42 42 -44 -45 -46 59 -48 -49 49 -51 -52 -53 -54 -55 -56 -57 57 -59 -60 60 -62 -63
leaf_value=0.020056389064084357 -0.060450833480752177 -0.0030371327486969982 -0.097904280541304359 -0.046797736447193955 0.093954276851259788 -0.046677142612244552 0.020837186711922511 0.054687555858017503 -0.0064219385883963857 0.0106021240221887 -0.0037633209739369165 0.019208059235191238 -0.0083314617815768172 -0.034501591817583957 -0.061450977926677489 0.086635674076085745 0.087317173740569576 -0.10706412617407229 0.043452761900144937 -0.055604062208323583 -0.011661470889051243 -0.007176731079088775 0.028209059769509687 -0.015880121948638318 -0.013172030153438929 0.040104634074295424 -0.064721891528408834 -0.058611211045385275 0.0016283151074290407 0.016305713158279802 -0.038560388080517871 -0.024012480490796934 -0.039633027543896873 -0.052108618953388225 -0.22247572401739549 0.038480542722271714 0.050076091268731394 -0.021541886379418795 0.069570985537566382 -0.10295299413023884 -0.002154729040048937 0.095244673776756661 -0.011541653342216206 0.1474925265610256 0.0095642119211600679 -0.0087877013053961964 -0.019172171803117269 -0.0021253996313888206 -0.0041483942382265051 0.086924573237941311 0.059646351699155033 0.0972098379818538 0.050950860847435379 0.058532545502211965 0.024323685043719984 0.0059986535562029878 -0.070845049473962404 0.040258128019692252 -0.014894479312657936 -0.041413423503271499 -0.018056584293863944 -0.12957475316522568
leaf_weight=3327.5476580399954 651.67665650613344 1448.4324981856116 93.236036432528635 1494.4320503464151 236.88297349282948 123.90026189220407 5494.991483998856 910.68351175828138 21040.55019115287 18015.287703831171 11962.391041154948 7564.6864188138461 3712.8487789905676 4106.4567703454368 76.843720466233208 167.62381513841865 592.03233915364035 114.62712538218511 1607.7409843311689 1029.1029998992476 20304.451335074809 780.67767788435958 2346.3589166942984 629.78539506590459 2101.9158990301239 4218.3534685729101 234.15760705072535 953.39220073989054 5846.6410313979432 2997.989227572747 3026.1068170189683 2853.8946356595916 839.8773962351479 640.59353083954556 36.826801388565862 3555.393855972161 308.80116431486886 1347.3318618872308 737.77931159677973 132.78886700925068 29432.586966143481 234.09311502167839 391.90306092962419 172.6077174632494 779.96329470048659 9266.0030788665917 1033.5825721160072 4715.8961796246076 352.44452390548031 807.3989372699798 793.78940884775193 26.495350499604683 177.3453040916429 1129.7778812272409 3254.2876294383441 8068.993621848349 566.91597193709458 745.6106655911135 7401.4681017846378 348.1001025974183 3539.2320009278792 330.48380478267791
leaf_count=114015 200340 61818 408358 20637 492256 1999 80875 628383 717404 2146878 560598 267262 2021581 1814057 15503 3833 49435 40416 30267 2185670 1093952 550730 94462 11060 37608 91413 30958 35307 94662 48137 58839 806004 95975 1001261 94843 82669 80912 658551 19695 1268 2203583 5993 4704 7066 18591 257860 131211 227833 42693 21941 257586 1600 3340 48900 268853 173300 10201 11186 405605 12560 60086 4426
internal_value=-0.000144835 -0.020853 6.31146e-05 0.00010681 -0.00354484 -0.00401342 -0.00537435 0.000595699 -0.000980567 0.00124056 0.00862055 0.00391372 -0.000134162 -0.0134561 0.00366043 0.000783487 0.070226 0.02585 -0.000857589 0.000991076 -0.00784847 0.020693 -0.000845453 0.0267526 -0.00580043 0.0327209 -0.00174685 -0.0293688 -0.00106822 -0.00874442 -0.0133591 0.00164405 0.0030606 0.00376576 0.0121024 0.0162125 -0.0312121 0.000131607 0.0190022 0.0123491 -0.0032188 0.0030434 0.0283914 0.0652484 -0.0053798 -0.0181936 0.0145944 0.0102319 0.0301867 0.05925 0.0486858 -0.0887124 -0.0309639 0.0481347 0.0326859 0.0135326 0.0260208 -0.00773036 -0.0217624 -0.0150233 -0.0287222 -0.0843497
internal_weight=211234 2100.11 209134 209041 49525.5 49288.6 47140.4 32162.1 31251.4 159515 25048.1 20560.7 134467 8665.53 4381.72 125802 668.876 2148.27 107786 85244.4 22542 7268.57 77975.8 2237.53 2269.54 4999.03 75629.4 1813.55 73815.9 19272.2 16274.2 54543.7 51689.8 50849.9 15437.3 14099.4 1337.9 35412.6 5339.4 13069.7 30073.2 860.154 625.996 1029.72 894.59 14978.3 8598.27 10210.9 4487.39 1159.84 857.112 63.3222 4283.8 1253.68 3992.07 12936.9 4867.92 1312.53 10427.6 13483.8 4217.82 678.584
internal_count=21029009 262158 20766851 20358493 2612226 2119970 2010064 1654495 1026112 17746267 1137720 959071 16608547 3903916 2086519 12704631 64938 109906 10557753 9422474 1135279 683584 8738890 41327 41441 642143 8644428 76962 8567466 607243 559106 7960223 7154219 7058244 2906301 639719 2266582 4151943 947099 278624 3204844 41655 10697 361095 59007 355569 398473 308708 178649 64634 354029 96443 1817397 50899 288548 277356 104056 21387 464444 334932 77072 16986
is_linear=0
shrinkage=0.1


Tree=100
num_leaves=63
num_cat=0
split_feature=21 7 34 22 26 34 2 7 9 7 34 7 3 20 20 2 7 35 7 7 4 25 0 10 26 13 9 7 7 9 34 18 32 18 33 26 1 7 20 32 18 20 34 20 9 0 3 25 4 0 24 25 3 0 1 2 1 26 28 25 0 9
split_gain=94.4902 343.272 147.025 138.865 110.567 180.397 173.535 200.159 148.434 377.558 142.447 178.633 176.715 136.824 165.397 127.523 126.541 131.338 122.377 116.851 114.742 110.161 104.974 99.9596 169.749 230.508 141.091 98.8455 149.165 153.936 153.437 144.236 140.216 144.231 204.12 130.757 130.669 122.643 166.157 120.236 131.885 160.498 114.21 124.616 106.533 101.33 188.216 144.957 151.888 192.534 212.003 225.42 161.051 118.226 251.398 120.416 98.9648 98.7991 109.218 98.5773 97.2342 95.4871
threshold=1.0000000180025095e-35 65.724277496337905 0.38280360400676733 1.0000000180025095e-35 1.5000000000000002 0.99603545665740978 30.471628189086918 90.342010498046889 0.58571431040763866 69.928676605224624 0.73068702220916759 71.747425079345717 56.873315811157234 0.97752270102500927 0.95146238803863536 73.765182495117202 83.377899169921889 5.5000000000000009 56.675579071044929 93.360881805419936 0.93082416057586681 2.5000000000000004 99.494949340820327 1.5000000000000002 2.5000000000000004 1.0000000180025095e-35 1.0000000180025095e-35 98.742088317871108 93.360881805419936 0.29285715520381933 0.74077859520912182 5.5000000000000009 3.5000000000000004 2.5000000000000004 0.016484528779983524 3.5000000000000004 52.027397155761726 97.642425537109389 0.75059109926223766 2.5000000000000004 1.5000000000000002 0.97752270102500927 1.6456444859504702 0.90149837732315075 0.78888890147209179 17.467581748962406 36.181818008422859 1.5000000000000002 0.79556280374526989 63.686313629150398 2.5000000000000004 2.5000000000000004 48.714567184448249 46.709957122802741 32.305501937866218 32.757078170776374 75.905715942382827 1.0000000180025095e-35 104.50000000000001 2.5000000000000004 26.158231735229496 0.89898991584777843
decision_type=2 8 2 2 2 2 2 10 10 10 2 8 2 2 2 2 8 2 10 8 2 2 2 2 2 2 10 8 10 10 2 8 2 8 2 2 2 10 2 2 10 2 2 2 10 2 2 2 2 2 2 2 2 2 2 2 2 2 2 2 2 8
left_child=1 3 21 -1 5 10 -7 16 13 -10 -4 12 -12 14 19 -13 17 22 -14 23 -9 -2 -8 24 -6 26 -26 28 29 30 -3 32 33 39 -35 42 -36 -33 56 40 -30 -42 -31 -44 -37 -29 60 53 49 52 51 -51 -49 54 -48 -56 -39 -50 -59 -52 -47 -34
right_child=2 27 4 -5 8 6 7 20 9 -11 11 15 18 -15 -16 -17 -18 -19 -20 -21 -22 -23 -24 -25 25 -27 -28 45 31 35 -32 37 61 34 36 44 -38 38 -40 -41 41 -43 43 -45 -46 46 47 48 57 50 59 -53 -54 -55 55 -57 -58 58 -60 -61 -62 -63
leaf_value=-0.051032804816061421 -0.040331417531159042 -0.025622406380894094 0.0028911037329245985 0.054225406819103511 -0.0099972896361028504 -0.013061534657129854 0.010946197723007055 0.0041461442359987406 0.11691179086620676 0.004564068346808889 -0.018387407649224183 0.028553803703449749 0.24161063736469593 -0.030054663249187576 0.080925982156046627 0.0033789989977262864 -0.0042001191615317172 -0.029881752386980001 0.085299158911569251 0.0060469622078237507 0.02291643445402864 0.0030251468772210886 0.048289693743527991 -0.027106608168728358 -0.04745398631185116 0.049250639840695679 0.013723994772548473 0.012446807788092665 -0.011869597881215464 0.0079926472113497522 -0.00097090291055106906 -0.0037589385969501242 -0.029308962580631166 -0.014234567317954534 -0.00016680409044443867 -0.044525199893678119 0.078603484360282777 0.14235672946810249 -0.020313467654388545 -0.029644554968477756 0.055443666289403927 -0.011335453627610377 0.054546941046804881 -0.0011496017953865616 0.013262341399705483 -0.01100083766019109 0.023839428093749407 -0.061775104479909262 -0.026218330051876806 -0.065276495840486878 0.01872233631209147 0.078586114197431653 0.015708229283679345 0.031499650160836168 -0.076599156126383683 -0.0095966327955652325 0.040423729070937706 0.001720030613232143 0.05083667309897482 -0.13738029256034107 -0.053748845548483616 0.019239154530792304
leaf_weight=1817.6813168368099 1417.3250743320084 3104.8255853221435 6075.0537082389001 134.62015931109045 14491.292428646531 6417.83012585283 5004.7657362464488 5783.8303143918165 305.17916750747099 15082.032261940723 157.15489457562126 5202.6825382424377 56.790629529319176 2075.3783292404914 230.4345249763137 3281.1072883573943 20345.787466506725 679.0459093990894 424.2690625169198 8013.418604392853 7453.7190974527184 999.15852071652012 886.01623166513127 2464.8301107764055 582.81306371561209 1234.3868028310069 1067.3561828644279 8062.3550767837951 7167.1949126507243 10639.51900460507 13517.784356743474 7754.0348251191535 6007.4444263323167 991.34286973449343 323.83791649982595 788.39410399836925 602.23447594686877 107.00978950721037 478.99883645860245 2973.7397067959973 703.73398026981158 736.64042281634465 1166.4442045342294 612.73855723504676 535.84829472047568 1318.3208185005496 2081.2499171565287 355.32488266241853 1240.7948514322634 344.95292190776672 45.985532110324129 159.17645995342173 1094.7111480815365 2684.4251268894877 426.04510469001252 724.10866602137685 866.49012110303738 19311.110311597804 463.59693509608041 336.27650815923698 892.19531193557486 434.43279360722227
leaf_count=3721171 1661183 745845 2108111 67864 2319036 169627 1469715 254750 31899 630900 194406 332195 8789 145061 3438 54262 394673 660194 14297 157963 557514 564966 364439 90037 529485 164309 220308 101891 141750 514161 399519 269655 157109 31652 18854 32048 14291 3939 12773 56282 16992 20231 56011 49555 15947 34175 19094 141367 29881 6217 713 2570 54387 157704 8298 11583 26023 815820 77385 4634 67763 23358
internal_value=-4.28799e-05 -0.00224995 0.00198868 -0.0437748 0.00253796 0.00529428 0.00220715 0.00464761 -0.00119999 0.00679229 0.0147547 0.0226556 0.0736764 -0.00527756 -0.00344659 0.0188174 -0.000303809 0.0117625 0.103752 -0.0041446 0.0147152 -0.0224045 0.0165629 -0.00826085 -0.00558751 0.0165661 -0.00788308 -0.00143151 -0.00400642 0.000898555 -0.00557539 -0.00911643 -0.0138963 -0.00810351 0.0173006 0.00872904 0.0510583 0.00123643 0.0279038 -0.0123094 -0.00632052 0.0212913 0.0119142 0.0353654 -0.0211418 0.00244398 -0.000117986 0.00200709 -0.0015351 -0.0257227 -0.0624386 -0.0198526 -0.00327872 0.0159894 0.00310457 -0.034416 0.0516285 0.001154 0.00287152 -0.118601 -0.0282545 -0.0260349
internal_weight=210737 101006 109732 1952.3 107315 61768.1 46571 40153.2 45547.1 15387.2 15197.1 9122 638.215 30159.9 28084.5 8483.79 26915.6 6569.83 481.06 27854.1 13237.5 2416.48 5890.78 19840.7 17375.8 2884.56 1650.17 99053.3 59512.7 30365.6 16622.6 29147.1 19940.6 13498.7 1917.42 13742.9 926.072 9206.53 1452.5 11581.3 8607.57 1440.37 12418.7 1779.18 1324.24 39540.6 31478.3 29267.8 23351.9 2336.43 886.391 504.129 1450.04 5915.83 3231.4 1150.15 973.5 21015.5 19774.7 382.262 2210.52 6441.88
internal_count=21030069 7928512 13101557 3789035 10875408 6582972 3870912 3701285 4292436 662799 2712060 603949 217492 3629637 3484576 386457 2889021 2494348 23086 3481138 812264 2226149 1834154 3323175 3233138 914102 749793 4139477 2605995 1813086 1145364 792909 480519 300052 64797 667722 33145 312390 42735 235255 178973 37223 619727 105566 47995 1533482 1431591 1329653 1132974 209888 14134 8787 195754 196679 38975 19881 29962 923086 893205 5347 101938 180467
is_linear=0
shrinkage=0.1


Tree=101
num_leaves=63
num_cat=0
split_feature=1 25 2 22 2 27 30 29 35 30 16 8 0 9 0 2 25 4 30 19 7 29 25 27 8 20 24 25 4 25 30 7 7 27 32 11 20 27 28 0 4 25 24 24 24 25 29 13 1 24 25 11 4 1 2 31 25 24 11 18 34 8
split_gain=82.2905 291.453 242.476 150.614 141.009 104.258 85.9725 155.144 137.076 193.295 293.311 274.272 147.951 268.053 228.019 152.752 212.105 188.054 146.992 209.841 158.877 143.082 369.658 113.777 124.048 113.034 135.081 124.031 120.642 139.091 111.622 110.565 110.067 143.548 106.719 122.175 139.88 122.581 105.122 163.24 216.378 195.536 301.678 271.767 213.24 331.15 166.456 145.326 135.277 218.825 153.276 124.665 182.34 131.68 155.152 121.7 106.841 345.952 124.296 105.049 174.228 103.254
threshold=6.5753917694091806 3.5000000000000004 6.7231638431549081 1.0000000180025095e-35 4.4694132804870614 32.500000000000007 12.500000000000002 21.500000000000004 4.5000000000000009 3.5000000000000004 6.5000000000000009 22.284295082092289 99.494949340820327 0.47222222387790685 96.178188323974624 99.494949340820327 2.5000000000000004 0.97837045788764965 7.5000000000000009 0.22558424621820453 84.240093231201186 15.500000000000002 1.5000000000000002 6.5000000000000009 59.708566665649421 0.9610288441181184 2.5000000000000004 4.5000000000000009 0.59440413117408764 2.5000000000000004 15.500000000000002 97.483211517333999 69.928676605224624 10.500000000000002 3.5000000000000004 1.0000000180025095e-35 0.9610288441181184 48.500000000000007 3.5000000000000004 77.836257934570327 0.90002825856208812 3.5000000000000004 3.5000000000000004 2.5000000000000004 3.5000000000000004 4.5000000000000009 19.500000000000004 1.0000000180025095e-35 93.908470153808608 2.5000000000000004 2.5000000000000004 1.0000000180025095e-35 0.94078704714775097 96.051948547363295 86.391696929931655 0.9999997913837434 4.5000000000000009 4.5000000000000009 1.0000000180025095e-35 2.5000000000000004 1.0000137090682986 82.227863311767592
decision_type=2 2 2 2 2 2 2 2 2 2 8 10 2 10 2 2 2 2 2 2 10 2 2 2 10 2 2 2 2 2 2 10 8 2 2 2 2 2 2 2 2 2 2 2 2 2 2 2 2 2 2 2 2 2 2 2 2 2 2 10 2 8
left_child=1 2 4 -4 -1 -6 8 30 12 11 -11 -10 14 31 38 16 17 -16 20 21 -12 22 -20 61 -25 26 -23 28 -28 -30 34 32 33 -14 35 37 -37 -8 39 46 48 42 51 -43 45 47 59 -45 49 50 -41 52 53 54 -42 -48 57 -46 -59 60 -2 -13
right_child=6 -3 3 -5 5 -7 7 -9 9 10 18 23 13 -15 15 -17 -18 -19 19 -21 -22 25 -24 24 -26 -27 27 -29 29 -31 -32 -33 -34 -35 -36 36 -38 -39 -40 40 41 43 -44 44 56 -47 55 -49 -50 -51 -52 -53 -54 -55 -56 -57 -58 58 -60 -61 -62 -63
leaf_value=-0.039203292407230236 0.025109618098950643 -0.11181052989085785 -0.0041688963382762031 -0.1573707655794693 -0.060406000813736031 0.04729991664871766 -0.0047274122477696592 -0.0030939858228577217 -0.0039946783396746155 0.019614714674681285 -0.052122344835628387 -0.011508497837929135 0.078703607401439279 0.068915182826036508 -0.1042018426773581 -0.10186751441497754 0.033314806518034305 0.0034564814393413103 0.071877615483692217 0.0143784731870269 0.0048850296359709217 -0.010330308198275425 -0.025919781769179424 -0.070238973556394274 -0.022036573760681633 -0.020190719639647015 -0.011559207420760553 0.047933248170473466 0.055452672171933559 -0.00055508403381749065 0.035391808770123566 0.092806963555092714 0.0026996271489785344 0.00045277935676792602 -0.00060099967348051101 0.039380114091214301 0.0050608592395213377 0.020161474005751981 0.0034609396320325124 -0.046891783093595339 0.02531843455720701 0.14378001842527163 0.11165129354010231 -0.093653196005444972 -0.011106980550474294 0.23338258401390696 -0.0026085305026684793 0.045485585415492913 0.019571238383237159 -0.10391711184068286 0.060226528840076066 -0.0068163610866680243 0.031944139304168513 -0.17991271150848373 -0.08331945137583556 -0.039342784045232719 -0.047505361329925562 0.044054561371500212 0.37108644302556859 -0.0053347613944750511 0.00063934129716031619 -0.043672625397225467
leaf_weight=351.8233697068207 5879.2225599842359 297.45990127432992 112.92659155024091 148.6301039153376 101.0998655660984 809.36245344635608 4657.4174586279787 17074.783690434779 12648.546384807469 5996.2728181429502 1274.754570662848 3671.814470718351 461.31444577785783 785.98651080434502 375.27179056453042 311.58769399765515 418.5836088214819 285.8315480208139 768.49248498614634 5813.0399216712358 792.99810286609863 11687.374631929379 777.54834279082115 1144.2028617310643 1000.9350947950297 6265.1182107762543 2466.0670637679605 712.56395019830961 749.07354360377485 1086.6173428733291 1543.9921017572706 151.1735666061868 7876.0699381105933 476.67020328390754 9291.7900526483754 2995.3657227825061 1967.8591627768583 3440.764983943367 55305.300490709982 573.60056232398165 344.12924137095797 91.88101527481831 231.95617987502192 865.84080343906862 2051.9081520942154 34.597602892361465 2794.9032615887681 82.192389550986263 273.75648945115063 576.95092431394369 174.13455831843385 14309.595289647792 1962.2399710649115 53.872335840824235 212.72191725880839 1331.5475268660575 809.07406766669646 18.122818392741465 32.398497965627939 4272.2967257989185 5760.5882276850925 1370.6366896776872
leaf_count=11822 242758 49709 3554 11664 14807 13783 187399 1439399 260098 1393089 921856 1705360 196620 745203 4974 16359 19164 4967 35525 825766 32539 1833524 191606 1614882 26432 196674 1161538 57719 89381 116625 146556 42760 161699 327641 1340243 101834 38740 135090 3843059 9140 16216 2701 12294 31596 49278 1224 132470 3032 16575 9147 3450 171055 252774 6891 7889 139552 22011 1572 557 352428 195012 30184
internal_value=-0.000104946 -0.0212688 -0.00359467 -0.0912262 0.0145633 0.03534 8.00286e-05 0.00418582 -0.000924816 -0.00484324 -0.000701611 -0.0128588 0.00116479 0.0129196 1.20309e-05 -0.0401874 -0.0223871 -0.0576552 -0.00446229 -0.00270332 -0.0302596 -0.00675414 0.0226925 -0.0284576 -0.0477474 -0.00873638 -0.00443964 0.00929033 0.00288933 0.0222995 0.00938732 0.00801043 0.00655605 0.0389377 0.00759112 0.0134189 0.0257729 0.00584741 0.00058248 -0.00314245 -0.00894927 -0.00626204 -0.00161632 -0.0262091 -0.0302199 -0.0705002 0.00343532 -0.0815902 -0.0444226 -0.0576474 -0.0219458 -0.00317255 0.0170926 -0.030625 -0.0161822 -0.0144622 -0.0166254 -0.00474188 0.253775 0.00807664 0.0129992 -0.0202513
internal_weight=210205 1821.3 1523.84 261.557 1262.29 910.462 208383 40972 167411 58226.1 38389.9 19836.1 109185 9751.21 99434.1 1391.27 1079.69 661.103 32393.6 30325.9 2067.75 24512.9 1546.04 7187.59 2145.14 22966.8 16701.7 5014.32 4301.76 1835.69 23897.2 8965.23 8814.05 937.985 22353.2 13061.4 4963.22 8098.18 98042.8 42737.5 22699 21100.5 17114.5 3986.02 3894.13 982.631 20038.6 948.033 1598.44 1324.69 747.735 16882.6 2572.96 610.723 556.851 4126.45 2911.5 2102.43 50.5213 15912.1 11639.8 5042.45
internal_count=21029466 105339 55630 15218 40412 28590 20924127 3389261 17534866 10492798 6855842 3636956 7042068 1473923 5568145 45464 29105 9941 5462753 4508358 954395 3682592 227131 3376858 1641314 3455461 3258787 1425263 1367544 206006 1949862 728720 685960 524261 1803306 463063 140574 322489 5522681 1679622 617402 579090 467119 111971 109270 35852 1062220 34628 38312 21737 12590 454825 283770 30996 24105 272022 73418 51407 2129 790198 437770 1735544
is_linear=0
shrinkage=0.1


Tree=102
num_leaves=63
num_cat=0
split_feature=30 29 30 2 35 28 27 20 7 34 0 27 8 1 18 35 32 28 29 32 25 7 35 32 29 32 35 19 19 28 24 25 35 29 0 4 14 25 24 24 24 25 29 9 34 27 9 34 6 7 14 7 0 11 34 35 28 2 3 20 29 18
split_gain=84.9289 187.467 155.834 144.15 136.434 236.76 202.624 202.296 244.37 201.608 186.352 248.668 320.152 174.6 130.841 141.942 177.118 122.788 121.255 170.122 148.53 120.564 118.533 155.33 115.342 101.969 155.277 127.565 156.142 138.675 148.915 131.26 117.721 111.342 101.683 117.491 142.485 126.103 177.888 109.38 159.026 168.733 102.385 101.248 99.0778 100.825 138.228 95.0347 94.4689 92.445 90.904 89.5865 88.3867 111.414 109.686 88.3737 253.675 111.745 130.031 86.7575 88.7865 138.379
threshold=11.500000000000002 20.500000000000004 14.500000000000002 89.825496673583999 3.5000000000000004 3.5000000000000004 1.5000000000000002 0.80128875374794017 37.414712905883796 1.3388808369636538 42.163742065429695 4.5000000000000009 60.156488418579109 32.466217041015632 7.5000000000000009 18.500000000000004 8.5000000000000018 6.5000000000000009 17.500000000000004 5.5000000000000009 2.5000000000000004 62.534915924072273 16.500000000000004 6.5000000000000009 22.500000000000004 3.5000000000000004 13.500000000000002 0.22305984795093539 0.17088134586811068 10.500000000000002 2.5000000000000004 3.5000000000000004 5.5000000000000009 16.500000000000004 77.836257934570327 0.92000734806060802 inf 3.5000000000000004 3.5000000000000004 2.5000000000000004 3.5000000000000004 4.5000000000000009 19.500000000000004 0.84523808956146251 1.203497648239136 7.5000000000000009 0.84523808956146251 0.99999997019767772 1.0000000180025095e-35 54.585502624511726 inf 87.647384643554702 78.979854583740249 1.0000000180025095e-35 1.4346768856048586 1.5000000000000002 1.5000000000000002 90.645832061767592 94.201679229736342 0.59360805153846752 16.500000000000004 1.0000000180025095e-35
decision_type=2 2 2 2 2 2 2 2 10 2 2 2 8 2 8 2 2 2 2 2 2 10 2 2 2 2 2 2 2 2 2 2 2 2 2 2 8 2 2 2 2 2 2 8 2 2 10 2 2 10 8 10 2 2 2 2 2 2 2 2 2 10
left_child=4 14 3 -3 5 21 7 8 -7 10 13 -12 51 18 22 -16 -17 -8 20 47 -6 -1 25 -24 -4 26 27 28 32 30 -29 -30 48 -27 42 36 -36 38 55 -39 41 50 -23 -9 45 -19 -47 -20 -2 -48 -41 -13 -46 54 -54 56 -37 58 -57 -10 -61 -62
right_child=1 2 24 -5 9 6 17 43 59 -11 11 12 -14 -15 15 16 -18 44 19 -21 -22 34 23 -25 -26 33 -28 29 31 -31 -32 -33 -34 -35 35 37 -38 39 -40 40 -42 -43 -44 -45 52 46 49 -49 -50 -51 -52 -53 53 -55 -56 57 -58 -59 -60 60 61 -63
leaf_value=0.025940672309988668 0.014851550690454227 -0.015989077650003611 0.017921162543014461 0.035337366311726057 0.016785780949932386 -0.12316513345859791 -0.0094051836657651489 -0.0048193191442040982 0.055958192755395812 -0.018437842632339524 0.004143397461479746 -0.057228379208658066 -0.0050897327682256823 -0.045392916034512454 -0.026753409036977073 0.2301552317709791 0.012998085379955535 0.0073068911402065428 -0.017700608112535442 0.023927842127793506 -0.038855558644899528 0.0060031540717619888 0.09893981345432501 0.018787297344216108 -0.0020282599341056467 0.036820224807558373 0.041628007205233297 0.071250027996170071 -0.029485567355472267 0.0013010456000685138 0.0041843707861245428 0.057905375133168596 0.00021251547878861361 -0.0028349345956803613 0.084989220791530526 -0.023313897710924548 -0.045495326767836658 0.1333603415461326 0.1069362874459051 0.043332071522476354 -0.017975986102513299 0.22925788214081211 -0.016789124233205166 0.063464874622084846 0.019707843327965421 -0.020261691303612942 0.21468413588616098 -0.052300377976678317 0.068969990932341282 0.018812156225553271 -0.09827578547368887 0.02703752640579259 -0.0017902383182612847 0.0033000809332229802 0.056970853452615815 0.051945258983393729 0.020141589697952475 -0.016609531593648457 -0.015268722760661397 0.049213965074314289 0.046024296886292962 -0.019909235648747265
leaf_weight=1207.2271263776202 10051.071282151823 9663.8344591948735 3802.2027006571734 580.02451069095332 2627.5635007822166 94.463560083571792 6330.1829206214243 2544.9012591176088 1795.6060676573488 9090.4208618157572 36638.12650612065 1725.1365139154941 8131.7010041168769 1543.329158720233 2057.2606333606818 39.814400119828861 663.01220603595903 5134.3214681094732 4191.1002894609283 853.81914895819864 586.91492968641796 9137.9351725179367 322.7889857625014 963.41154407679642 12189.367632797264 761.47440960124186 1609.7319102942165 1029.995354816725 1691.1424682725446 971.02949775927118 487.92235982365673 191.31233413546579 7604.6040111154052 10091.047931833329 88.994794725847896 2138.776138141975 1402.8615523557455 42.293064534780569 141.87341306253802 49.767727710714098 2594.9649611939822 17.549127726815641 2512.8514987687304 237.39836546700099 6126.7437806585949 4084.0646583443113 24.849836552733905 979.34435406179546 333.24520993296028 793.93741000947193 508.65751026943326 136.11990361665084 528.69461995188612 15498.300822874691 795.86070095200557 551.52067404677109 3612.0245637590415 7351.6339851492521 601.9842993253551 981.29602270168834 571.50620708589122 718.50432974394062
leaf_count=142581 344336 634929 312472 30782 283036 6604 268028 61595 38310 271448 4617353 2778377 164767 1593505 779969 1017 129713 472369 366765 333218 221806 320522 13794 133326 1089396 116924 44106 34227 34617 47971 22105 6875 308594 1343418 4013 75908 38030 1470 8341 2053 93632 673 108852 234089 178749 1453637 2345 37984 26628 18244 20668 4760 24836 203518 555929 27281 286249 166277 28152 26886 13428 17608
internal_value=7.84992e-05 0.00307809 -0.00345344 -0.0130829 -0.00127086 0.0015602 0.00613313 0.0218815 0.0358381 -0.00460075 -0.00240988 0.000329645 -0.0136531 -0.014258 0.00748669 -0.0134986 0.0252998 0.00335186 -0.00905689 -0.0174254 0.00662652 -0.00505872 0.00909077 0.0389026 0.00271497 0.00798965 0.0116308 0.00947124 0.00679811 0.0308131 0.0496923 -0.0206041 0.00966562 -5.25041e-05 -0.00627559 -0.0107662 -0.0377114 -0.00848362 -0.00448608 -0.0263958 -0.0285265 -0.0760605 0.0010873 0.001007 0.00579994 -0.00248711 -0.0127435 -0.0242542 0.0165883 0.0247568 -0.0856555 -0.0510657 0.00942434 0.00567918 0.0335164 -0.00559494 0.00398009 -0.0120692 0.016868 0.0395314 0.026545 0.00930093
internal_weight=209829 65104.3 26235.4 10243.9 144725 78221.5 46260.6 6943.68 4161.38 66503.6 57413.2 46631.1 9992.96 10782.1 38868.9 2760.09 702.827 39317 9238.74 6024.26 3214.48 31960.9 36108.8 1286.2 15991.6 34822.6 23970.1 22360.3 19871.4 2488.95 1517.92 1882.45 17988.9 10852.5 30753.7 19102.9 1491.86 17611 14397.8 3213.23 3170.94 575.974 11650.8 2782.3 32986.8 10037.2 4902.85 5170.44 10384.3 818.787 558.425 1861.26 22949.6 16822.9 1324.56 14255.9 5750.8 8505.14 1153.5 4066.91 2271.31 1290.01
internal_count=21029095 5455199 2067579 665711 15573896 4900877 3576175 398520 102836 10673019 10401571 7565257 2947904 2836314 3387620 910699 130730 3177655 1242809 737967 504842 1324702 2476921 147120 1401868 2329801 869459 825353 721050 104303 56332 41492 679558 1460342 1182121 752747 42043 710704 592208 118496 117026 23394 429374 295684 2909627 1946595 1474226 404749 370964 20589 22721 2783137 963032 784283 580765 583867 362157 221710 55433 96232 57922 31036
is_linear=0
shrinkage=0.1


Tree=103
num_leaves=63
num_cat=0
split_feature=29 32 34 29 3 0 25 27 3 0 2 27 0 3 25 3 22 4 1 3 2 24 2 3 27 25 1 18 3 24 2 19 3 27 3 1 2 3 25 31 3 4 3 24 1 2 3 2 25 24 2 0 1 20 19 27 1 0 19 24 25 24
split_gain=76.9168 198.277 102.309 98.9351 80.0336 635.362 381.96 322.271 260.352 229.335 403.23 259.451 225.281 216.696 216.33 175.768 175.023 215.813 229.827 278.762 219.492 191.376 178.739 218.636 186.124 166.408 406.562 462.034 194.721 285.712 196.602 239.706 339.84 205.081 204.586 254.107 238.935 256.735 219.011 176.822 172.357 171.102 687.339 175.829 159.488 213.378 202.008 160.581 157.327 155.369 269.587 356.387 195.152 146.686 145.053 205.163 193.314 209.118 167.508 166.467 144.471 234.581
threshold=15.500000000000002 7.5000000000000009 0.57340404391288768 11.500000000000002 9.1966171264648455 8.9220566749572772 3.5000000000000004 31.500000000000004 32.690166473388679 9.3386626243591326 1.0000000180025095e-35 121.50000000000001 5.7556936740875253 10.668563365936281 2.5000000000000004 11.882352828979494 1.0000000180025095e-35 0.47583119571208959 33.508771896362312 48.074073791503913 51.66851997375489 3.5000000000000004 5.1615052223205575 13.484848499298097 3.5000000000000004 1.5000000000000002 70.659969329833999 4.5000000000000009 60.158729553222663 1.5000000000000002 60.943256378173835 0.33603264391422277 88.416816711425795 23.500000000000004 84.29276275634767 84.028984069824233 84.028984069824233 89.725547790527358 2.5000000000000004 0.79475691914558422 75.204917907714858 0.83813363313674938 95.742755889892592 2.5000000000000004 36.758152008056648 4.4694132804870614 8.7595906257629412 4.301572561264039 1.5000000000000002 2.5000000000000004 5.5946791172027597 7.9473683834075937 7.4537036418914804 0.86196741461753856 1.0000000180025095e-35 1.5000000000000002 90.070423126220717 80.982517242431655 0.42618598043918615 2.5000000000000004 3.5000000000000004 3.5000000000000004
decision_type=2 2 2 2 2 2 2 2 2 2 2 2 2 2 2 2 2 2 2 2 2 2 2 2 2 2 2 8 2 2 2 2 2 2 2 2 2 2 2 2 2 2 2 2 2 2 2 2 2 2 2 2 2 2 2 2 2 2 2 2 2 2
left_child=1 3 -3 -1 7 6 8 -2 12 10 -9 44 48 -8 -14 49 17 18 19 -7 -20 22 23 -18 -25 -19 27 -27 29 -28 31 32 40 -34 54 36 38 -38 -36 -35 -30 42 -37 -44 45 46 47 -11 -6 50 51 -16 -52 -45 55 59 57 58 -56 -32 61 -40
right_child=4 2 -4 -5 5 16 13 9 -10 11 -12 -13 14 -15 15 -17 21 25 20 -21 -22 -23 -24 24 -26 26 28 -29 30 -31 34 -33 33 39 35 41 37 -39 60 -41 -42 -43 43 53 -46 -47 -48 -49 -50 -51 52 -53 -54 -55 56 -57 -58 -59 -60 -61 -62 -63
leaf_value=-0.014774325624120958 -0.041292838329615646 0.026679210590177905 -0.020511152582609306 0.019954524762446274 0.1680984541257603 -0.0036563136472790381 -0.048105184144928634 -0.050720371515678167 -0.14365798863454246 -0.045450454776791271 0.032188768608674638 0.026189142890861696 0.042419255340892907 -0.12334094514513815 -0.12519345771103718 -0.11899212857914346 0.0031354710555803276 0.0065882460366354263 -0.062925589461961196 -0.065067781511203765 0.048379189952443807 -0.19911417703393017 0.020030281903268072 0.04411766924558265 -0.10745685748129791 -0.0091433591960489915 0.48335324780491917 -0.071943174397565965 0.0011439461758978584 0.055466393773324109 -0.10835408879966385 -0.064099142421797567 0.071286892568221766 -0.083198970466985211 0.021964037355443385 -0.095162771707048066 -0.121485191131014 -0.031058625013444648 -0.06154720306951772 0.041719315013477282 -0.067712630938347895 0.00035125865125237388 0.086267991319600057 -0.096653044131557841 0.087136947369561263 -0.14404259383090076 0.017539348455406282 -0.17886167414877863 -0.12568606191071871 0.068923805413731595 0.061847130293391755 0.065544102047168332 -0.18835865522381104 0.0679492165553644 0.0081404788808827327 0.010128369240143651 0.00084348643074048154 0.062911583055392947 0.067698970398937797 0.023860832409327529 0.019492730193251991 0.07246361854121447
leaf_weight=923.43029943818146 1178.4336105943476 549.616715500591 2799.3346391686105 7344.5245229583888 19.980758536825533 9068.0265735955727 931.11882923604276 650.37158155226098 146.94219440853112 587.30051510184967 5983.2741736270964 1075.5342395885455 857.92644941933418 650.1230432201653 139.18487086720415 168.52017591442063 6786.0323414897393 29183.024896626564 1431.6963218979874 804.74933994403182 202.19087744807598 43.738857127049414 8666.6507806730915 107.62440994786266 327.62464741489566 3836.2652496539308 16.45930735719179 1686.603034832347 631.55177311264879 300.73507134870721 330.70660816643795 1045.7686234094499 641.73223764632166 212.08702525027184 1711.9108825804947 806.93615512629401 361.10670490827533 2405.4780209729747 1120.085397069178 243.30996943096034 856.59188606097405 99854.293312973605 387.02230513304693 125.39449218308204 94.81004365023 194.48702722922462 497.74803456251175 106.596774213358 207.83361945481806 203.92473911513548 39.833585375050404 330.73775712696988 143.37605922642484 95.275459015276283 2860.5553527273642 1001.5348337340074 3518.2797991318039 1483.9845589653291 565.59145665009373 133.73909959002776 460.19606820479407 147.86449074763004
leaf_count=66912 138362 256014 169291 511013 389 1341708 51796 12955 6567 12049 98084 18816 17404 46102 7685 7767 138295 3091344 909495 70235 59461 1413 168807 5027 6214 1218138 2828 3828402 53029 76848 5421 100621 24743 5588 84740 47230 9569 433887 101896 6700 63732 7093911 44166 21425 3683 3108 7137 1664 15834 5431 1592 5753 5664 27882 210495 44195 169060 38209 24057 2464 19361 6971
internal_value=-0.000146931 0.00776103 -0.0127665 0.0160757 -0.000611675 -0.0010851 -0.0413453 0.00794051 -0.0149526 0.0142536 0.0240602 -0.011193 -0.00599503 -0.0790382 0.00536534 -0.0256314 -0.000242537 -0.00119502 -0.0144114 -0.00866208 -0.0491518 0.00977339 0.0103485 -0.00127124 -0.0699769 -0.000220322 -0.00178681 -0.0283215 -0.000578846 0.0776696 -0.000783968 -0.0237012 -0.00735985 0.0348659 -7.49838e-05 -0.00134176 -0.0209827 -0.0428615 -0.00338726 -0.0164575 -0.0384907 -0.000137987 -0.0346724 0.045651 -0.0383418 -0.0469244 -0.0310738 -0.0659451 -0.0999193 -0.00727418 -0.0310652 0.00905016 -0.133959 -0.0255851 0.0136851 -0.015347 0.0187347 0.0315544 0.0179724 -0.0702822 -0.0285004 -0.0459193
internal_weight=209287 11616.9 3348.95 8267.95 197670 187302 3839.5 10368.6 2258.26 9190.12 6633.65 2556.48 2111.32 1581.24 1883.5 1025.58 183462 167531 11506.7 9872.78 1633.89 15931.7 15887.9 7221.28 435.249 156024 126841 5522.87 121318 317.194 121001 3631.04 2585.27 1097.13 117370 107476 6206.64 2766.58 3440.06 455.397 1488.14 101269 1414.63 607.692 1480.94 1386.13 1191.65 693.897 227.814 857.057 653.132 469.923 183.21 220.67 9894.39 1465.98 8428.41 4910.13 3426.15 464.446 1728.15 1267.95
internal_count=21028639 1003230 425305 577925 20025409 19729551 171984 295858 74086 157496 111039 46457 67519 97898 51296 33892 19557567 19237811 2380899 1411943 968956 319756 318343 149536 11241 16856912 13765568 5046540 8719028 79676 8639352 254413 153792 37031 8384939 7891038 656424 443456 212968 12288 116761 7234614 140703 93473 27641 23958 20850 13713 16223 26125 20694 13438 7256 49307 493901 52080 441821 272761 234552 7885 128228 108867
is_linear=0
shrinkage=0.1


Tree=104
num_leaves=63
num_cat=0
split_feature=30 29 30 27 0 29 1 22 1 18 7 30 19 1 11 34 26 24 25 31 31 34 27 27 31 8 11 32 27 24 25 24 0 24 4 0 20 0 4 0 32 7 0 29 3 14 24 25 0 7 25 24 4 25 9 1 7 34 0 0 3 1
split_gain=75.5207 177.207 117.817 106.311 114.707 105.812 316.657 275.922 223.812 204.559 169.974 150.021 191.649 184.697 159.365 239.042 156.539 143.901 138.733 166.19 217.636 142.635 148.929 142.574 134.192 130.102 178.34 142.39 140.589 142.239 121.842 274.3 255.179 168.019 448.225 210.462 128.886 124.195 139.672 120.76 117.93 117.244 111.906 111.874 111.821 136.285 194.869 559.403 110.851 157.406 106.593 379.349 164.971 136.212 124.862 106.566 98.9848 157.103 102.245 96.9411 96.5865 155.004
threshold=13.500000000000002 22.500000000000004 16.500000000000004 48.500000000000007 90.815368652343764 19.500000000000004 91.458969116210952 1.0000000180025095e-35 73.375530242919936 1.0000000180025095e-35 79.087123870849624 11.500000000000002 0.19785324484109881 72.850124359130874 1.0000000180025095e-35 1.5447758436203005 2.5000000000000004 2.5000000000000004 1.5000000000000002 0.82880055904388439 0.88416638970375072 1.4147462844848635 9.5000000000000018 43.500000000000007 0.864941567182541 57.637088775634773 1.0000000180025095e-35 11.500000000000002 72.500000000000014 1.5000000000000002 3.5000000000000004 3.5000000000000004 72.834224700927749 2.5000000000000004 0.90591052174568187 85.565475463867202 0.39578208327293402 93.127067565917983 0.97002676129341137 80.982517242431655 10.500000000000002 63.84260559082032 77.723842620849624 15.500000000000002 91.042778015136733 inf 4.5000000000000009 4.5000000000000009 75.106838226318374 53.178024291992195 4.5000000000000009 3.5000000000000004 0.92942810058593761 5.5000000000000009 0.29285715520381933 85.053192138671889 82.944892883300795 0.68035069108009349 90.815368652343764 89.512962341308608 7.5498573780059823 8.054054260253908
decision_type=2 2 2 2 2 2 2 2 2 8 10 2 2 2 2 2 2 2 2 2 2 2 2 2 2 10 2 2 2 2 2 2 2 2 2 2 2 2 2 2 2 8 2 2 2 8 2 2 2 8 2 2 2 2 10 2 8 2 2 2 2 2
left_child=5 3 -3 -2 -5 11 7 8 9 -7 -9 14 13 41 15 -1 -17 -15 -10 21 23 22 -20 -21 -12 28 -27 39 29 48 31 56 36 34 35 -32 -33 44 -39 -28 -30 -13 -11 -43 59 -46 50 -48 -8 -50 -47 52 -52 -53 -54 -34 57 58 -16 -35 61 -26
right_child=1 2 -4 4 -6 6 25 10 18 42 24 12 -14 17 30 16 -18 -19 19 20 -22 -23 -24 -25 60 26 27 -29 40 -31 33 32 55 37 -36 -37 -38 38 -40 -41 -42 43 -44 -45 45 46 47 -49 49 -51 51 53 54 -55 -56 -57 -58 -59 -60 -61 -62 -63
leaf_value=0.0034004288637025717 0.0022796701767105782 -0.021266549845172608 0.0014828745164897157 0.018038674087660723 0.10064781939465731 -0.0038746421344759622 -0.012489230780809761 0.037511524347992396 0.01308850171544223 -0.04223460561020842 0.025703821173054815 -0.063191140686190958 0.033637246737313595 -0.02751438574358574 -0.037719715411481142 0.067126073117940707 -0.027352567104146963 0.015749603952803833 -0.017997021383696028 -0.0036473581838912549 -0.016123544129661646 0.00091974140745531814 -0.055150424511423601 0.10474148803173836 0.058016263523949008 0.037774547869717304 0.015128329213557499 0.023951141139761791 0.02077014178495197 -0.0038270180678193731 -0.026339465307814908 -0.085821943765012898 -0.0085467813144885375 -0.010245420300277577 0.1664562993448549 0.20909504313033575 0.028402648364971694 0.097008102422810702 -0.0035112275034470545 -0.0043664058163457352 -0.047185558974215142 0.071185535530567043 0.069412967317407523 0.011629350642390455 -0.015699817922423059 -0.070924479137964611 0.34548631763009552 -0.056034750188864217 0.23454172892622194 0.037645410117226261 0.058456188731365447 -0.068529086479973994 0.62323237352744632 0.22312831041663489 0.21366316889587364 0.12178679710123207 -0.0049941542613749848 0.011936651193060702 0.10754331420407555 0.093192548078834841 -0.0099809758901623982 -0.013686324743672233
leaf_weight=32370.675018068257 6005.2037314208465 2961.8131787455404 9838.5568119834898 8129.5925070894682 171.63537715008715 2012.2267929309364 477.928580052901 1063.8779421915606 2169.2176986878603 6084.4694067723167 1377.7280959995696 202.82165231461022 2824.5657442254524 2519.4778424297292 947.5033264625215 945.06210776140506 215.32719284111226 1106.4006823004274 2999.0704054429307 187.71389930843452 801.22773024767685 1933.6151269511029 1685.1102070929946 343.31850003606814 564.22053961039637 1789.2455576591856 4360.993369574293 3224.1235743863544 324.09836522475143 17613.188368758354 582.47559366215273 125.55966794559731 74.001433969031893 2050.2084389379052 184.49685695662129 40.617009947534825 463.22442958743341 150.09517940838623 1749.0312963554229 11708.739098519303 1204.2869343990433 326.36517173973698 91.119396956178207 9396.8812660597032 2241.6772998762472 1646.282178315751 47.207206619690623 130.94765498092875 42.245395396525701 1043.6376331975041 52.517823207255333 417.91229656610358 10.701708827624314 16.650933891880413 24.44843675615266 412.03484869014375 37551.3741255532 7484.5856302173852 51.065667011778942 94.793263864104119 11504.431354758279 647.45887297907029
leaf_count=2209161 610859 224284 913647 519129 10208 84936 103368 82480 304016 2212474 21045 671686 90871 44034 2685166 894681 96901 34136 487018 3244 28320 48967 727381 7229 7646 508371 46840 41129 14303 2689185 151806 197472 5222 260476 4093 481 102148 2367 54425 154557 557695 37602 12398 946746 48207 80119 5761 4646 62285 12822 3888 20827 769 1370 207 24551 798368 873626 7550 1209 164491 8984
internal_value=-0.000156974 0.00476683 -0.003781 0.0124148 0.0197467 -0.000891487 -0.00376162 -0.0110104 -0.0192728 -0.0315648 -0.00103131 0.00113738 0.00994166 0.0050029 -0.000463224 0.00499903 0.0495942 -0.0143128 -0.00932698 -0.0154432 0.0167808 -0.0219303 -0.0313628 0.0664273 -0.00394072 0.00204331 0.00757283 0.00477203 -0.00358708 -0.00126081 -0.00370208 -0.00162421 0.0483141 -0.0140714 0.0295464 -0.0109924 0.00404397 -0.018152 0.0044332 0.000924062 -0.0327754 0.0120587 -0.0405873 0.0136284 -0.0245221 -0.0333332 -0.0501777 0.0503597 0.0276424 0.0453055 -0.0584374 -0.0190729 0.170682 -0.0573538 0.338359 0.101943 -0.00279017 0.00696593 -0.0302911 -0.00567422 -0.00715257 0.0197021
internal_weight=208817 27106.8 12800.4 14306.4 8301.23 181710 75253.3 33464.8 18307.1 8187.82 15157.7 106457 16376.5 13551.9 90080.5 33531.1 1160.39 3625.88 10119.3 7950.06 1332.26 6617.8 4684.18 531.032 14093.8 41788.5 21083.1 19293.9 20705.4 19177 56549.4 47109.3 1074.82 9440.06 807.589 623.093 588.784 8632.47 1899.13 16069.7 1528.39 9926.07 6175.59 9723.25 6733.35 4588.35 2346.67 178.155 1563.81 1085.88 2168.51 522.231 87.668 434.563 35.1501 486.036 46034.5 8483.15 998.569 2145 12716.1 1211.68
internal_count=21029883 2278127 1137931 1140196 529337 18751756 8391184 4200629 3915983 2309808 284646 10360572 1825075 1734204 8535497 3200743 991582 78170 1606175 1302159 38793 1263366 1214399 10473 202166 4190555 750897 242526 3439658 2867660 5334754 4694103 329393 640651 156380 152287 299620 484271 56792 201397 571998 1656034 2224872 984348 427479 165794 117587 10407 178475 75107 107180 27061 4864 22197 976 29773 4364710 3566342 2692716 261685 181121 16630
is_linear=0
shrinkage=0.1


Tree=105
num_leaves=63
num_cat=0
split_feature=8 7 9 25 3 3 24 0 25 3 1 2 3 1 2 2 2 3 30 29 2 0 27 1 25 3 0 25 0 3 1 3 30 2 27 3 2 19 4 2 0 6 3 1 31 19 27 0 27 2 3 19 25 1 2 24 24 9 4 30 31 24
split_gain=77.2055 108.026 108.413 75.7801 82.3012 114.881 114.772 72.8182 253.26 185.774 78.9434 288.607 74.4073 117.386 92.3251 82.2793 78.5373 85.4794 69.6 133.723 194.566 178.061 243.863 264.613 240.415 131.318 381.785 217.385 212.105 179.541 167.934 164.172 168.104 162.681 151.193 139.347 126.291 123.366 121.988 117.787 115.477 204.541 141.378 114.524 113.927 251.767 114.365 112.861 189.396 131.209 110.346 108.684 105.559 183.102 146.661 278.459 154.706 118.973 287.791 189.729 112.751 102.565
threshold=23.345499038696293 40.783086776733406 0.13392857462167743 5.5000000000000009 84.680576324462905 11.882352828979494 4.5000000000000009 7.1858863830566415 2.5000000000000004 32.690166473388679 5.0641026496887216 5.1615052223205575 7.5498573780059823 6.5753917694091806 1.0000000180025095e-35 4.301572561264039 5.1615052223205575 9.6399536132812518 11.500000000000002 19.500000000000004 92.907444000244155 89.825496673583999 18.500000000000004 99.494949340820327 1.5000000000000002 10.128205299377443 9.3386626243591326 2.5000000000000004 9.7167587280273455 11.882352828979494 36.758152008056648 17.78656101226807 14.500000000000002 29.459980010986332 165.50000000000003 9.1966171264648455 1.0000000180025095e-35 0.26016913354396826 0.92727673053741466 4.9081602096557626 32.305501937866218 1.0000000180025095e-35 45.222154617309577 8.8562092781066912 0.82170850038528453 1.0000000180025095e-35 43.500000000000007 10.212951183319094 38.500000000000007 4.7065336704254159 24.621212005615238 0.41295713186264044 1.5000000000000002 40.936473846435554 82.097072601318374 1.5000000000000002 1.5000000000000002 0.6904762089252473 0.94078704714775097 21.500000000000004 0.80985561013221752 2.5000000000000004
decision_type=8 8 8 2 2 2 2 2 2 2 2 2 2 2 2 2 2 2 2 2 2 2 2 2 2 2 2 2 2 2 2 2 2 2 2 2 2 2 2 2 2 2 2 2 2 2 2 2 2 2 2 2 2 2 2 2 2 8 2 2 2 2
left_child=-1 2 -2 7 5 -5 -6 8 9 10 11 -3 13 -10 -15 -16 -14 -18 -9 20 38 25 24 -24 -23 28 27 50 36 43 34 39 33 -33 35 -30 -21 61 40 -28 47 42 -42 -29 51 -46 -47 48 49 -20 -27 -35 54 -54 56 57 -34 -56 -59 -60 -55 -22
right_child=1 3 -4 4 6 -7 -8 18 12 -11 -12 -13 16 14 15 -17 17 -19 19 21 37 22 23 -25 -26 26 31 29 30 -31 -32 32 52 44 -36 -37 -38 -39 -40 -41 41 -43 -44 -45 45 46 -48 -49 -50 -51 -52 -53 53 60 55 -57 -58 58 59 -61 -62 -63
leaf_value=0.042005906552849658 -0.095265488864688108 0.047779314943408209 -0.013011625548367739 -0.00032277570606158488 0.087527284535452235 -0.08358898667283042 -0.024845088641674944 -0.00081668650108910376 -0.067545029285043606 -0.1417803377048524 0.035618049819118223 -0.13232582625877409 -0.087174302172507184 -0.12497178986682962 0.10147342769224979 -0.17522324648192289 0.067601931881925176 -0.059985546113127577 -0.09000452332299029 -0.020948855617996212 -0.053221728256380198 -0.14405797645252744 0.1014307100662508 -0.063884051456739172 0.015679574626049433 0.049959752917597709 -0.0034658158563820869 -0.086162437634946992 -0.069948371433784393 -0.13990152106238901 0.071286374610730299 -0.029438647389765829 0.044277275298636218 -0.024001130824093428 0.016371142893898526 -0.012781460031724479 0.023255211292824741 0.045804596615960459 0.035414259732802301 0.025096035660876405 -0.043468759190916993 0.04560675270656539 8.4487060163533341e-05 -0.011360093816446823 -0.0062732698553363969 0.0013972582378496878 0.076927980249944503 0.024672348791664019 0.03717982830431734 -0.0098564610001467476 -0.096736109408782134 0.025015275392704973 -0.050038273488621679 -0.012525998995902447 -0.13182787990570213 0.097514377675411948 0.0058799572142036113 -0.037083357525322845 -0.2814953632397415 -1.2652561034218701 0.015520626678123806 0.010004398171184105
leaf_weight=436.70409662483883 228.58883247473503 243.69498135718277 535.91032346723296 290.35567420096595 127.84676176651374 385.93743284218908 314.42739959727442 141510.28571807087 185.32366113289027 74.525015917131896 967.85299668528205 140.13531635201798 581.00364496551447 26.24776740735615 132.1482901262134 11.698247228039689 77.031267477930669 164.95934625395603 271.82434634910715 723.22578308403718 929.12196635712826 101.86415485525686 614.52222703152802 114.93436328816097 1255.7429234251267 246.62615864167674 2487.7917410916125 428.71176382199883 766.87110806982309 308.85910892323409 208.94987996441523 4215.6865415795564 1420.3961027217956 3561.423058246206 720.44288815383334 960.3680516434506 6078.2737609341457 216.73470152478694 2224.6952396924171 3440.8782644819184 892.97998192336308 851.87060875567477 4507.244031080143 391.66585006540845 3797.4628106767668 297.72749056633984 613.66202875351701 6142.0222308284501 688.33037714609418 821.72825335328525 64.736448828298307 518.17413127627879 810.37711646076968 3031.6610044718909 83.978414346056525 55.653281947423238 4016.4995948546893 9.1743352813646215 3.3578871607314777 4.7106988476589322 2718.8600207493037 354.44886868735921
leaf_count=331810 6429665 7478 508213 12037 23509 65414 11137 8576760 9152 3454 20918 12928 53327 1942 2414 493 4106 13412 36039 17591 9860 2389 34157 2281 37475 4147 38294 12624 25710 9061 9897 614177 38752 139079 11800 14819 100395 9814 66711 58505 628930 36526 328859 6517 614554 5998 15038 697093 10805 30632 2281 29697 705647 94572 567 5329 159153 422 194 117 258330 12451
internal_value=3.43314e-06 -8.47645e-05 -0.0376059 5.36709e-05 -0.0259043 -0.04784 0.00763803 0.00019456 -0.0164199 0.0119246 0.0203991 -0.0179765 -0.0507246 -0.0124872 0.0475001 0.0789712 -0.0672378 -0.0193715 0.000407227 0.00320188 0.0104905 0.000241494 0.0287505 0.0753834 0.00369413 -0.00117564 -0.0041913 -0.0545183 0.00919571 -0.0749162 -0.0147655 -0.00185914 -0.00538682 -0.0132895 -0.0221115 -0.0381628 0.0185548 -0.0239791 0.0136437 0.0131109 0.0102272 6.63976e-05 -0.00711747 -0.0504502 -0.00554303 0.00505458 0.052254 0.0182442 -0.00391313 -0.0297789 0.0194597 -0.0177753 0.00306818 -0.00553675 0.0131608 -0.0821636 0.0159113 -0.180954 -0.420212 -0.855846 0.000734512 -0.0357623
internal_weight=208409 207972 764.499 207208 1118.57 676.293 442.274 206089 2604.62 1426.21 1351.68 383.83 1178.41 355.418 170.094 143.847 822.994 241.991 203485 61974.3 17901 44073.3 2087.06 729.457 1357.61 41986.2 32528.1 1440.6 9458.13 1129.24 2656.63 31087.5 25158.8 13004.1 2447.68 1727.24 6801.5 1500.31 16400.7 5928.67 14176 6252.09 5400.22 820.378 8788.45 4708.85 911.39 7923.91 1781.88 1093.55 311.363 4079.6 12154.7 6560.9 5593.77 156.875 5436.9 101.221 17.2429 8.06859 5750.52 1283.57
internal_count=21025458 20693648 6937878 13755770 112097 77451 34646 13643673 129624 44778 41324 20406 84846 14001 4849 2907 70845 17518 13514049 4937289 1867720 3069569 76302 36438 39864 2993267 2813055 34630 180212 28202 62226 2778425 2681626 1418543 52329 40529 117986 32125 1835595 96799 1768884 994315 957789 19141 804366 635590 21036 774569 77476 66671 6428 168776 1263083 1058549 204534 6629 197905 1300 733 311 352902 22311
is_linear=0
shrinkage=0.1


Tree=106
num_leaves=63
num_cat=0
split_feature=29 27 7 30 4 20 0 11 9 35 24 26 1 9 26 7 34 32 20 7 33 35 29 30 20 33 11 9 11 8 13 32 3 18 11 33 18 34 11 29 18 34 29 24 9 26 0 21 7 29 27 29 3 4 35 27 4 29 18 32 8 29
split_gain=72.7023 178.698 197.135 166.96 124.957 100.57 169.554 160.031 249.112 188.737 138.712 123.447 121.272 115.029 159.059 209.543 150.561 107.074 253.474 374.343 304.077 254.365 242.502 195.968 167.527 279.041 203.275 152.252 150.119 201.719 136.631 127.592 119.202 108.443 297.535 142.922 129.984 110.39 101.606 117.276 96.8931 100.567 96.6065 95.8512 95.0039 146.419 94.7167 132.806 94.2639 94.1196 227.415 178.295 150.229 128.364 101.48 114.161 98.3341 95.161 93.8461 91.6707 110.552 231.851
threshold=25.500000000000004 12.500000000000002 81.270160675048842 17.500000000000004 1.0000000180025095e-35 0.9610288441181184 99.494949340820327 1.5000000000000002 0.92582416534423839 3.5000000000000004 2.5000000000000004 1.0000000180025095e-35 99.494949340820327 inf 1.0000000180025095e-35 96.437637329101577 0.71178656816482555 2.5000000000000004 0.78607732057571422 97.642425537109389 0.21432796120643618 1.5000000000000002 18.500000000000004 12.500000000000002 0.65492999553680431 0.34432891011238104 1.0000000180025095e-35 0.5634920895099641 1.5000000000000002 45.729484558105476 1.0000000180025095e-35 11.500000000000002 58.397436141967781 1.5000000000000002 1.0000000180025095e-35 0.025158613920211795 1.0000000180025095e-35 1.2761363983154299 1.0000000180025095e-35 20.500000000000004 1.5000000000000002 0.60765483975410473 17.500000000000004 4.5000000000000009 1.0000000180025095e-35 1.5000000000000002 91.922958374023452 1.0000000180025095e-35 78.085052490234389 17.500000000000004 13.500000000000002 22.500000000000004 77.871940612792983 0.92727673053741466 4.5000000000000009 1.5000000000000002 0.78037142753601085 18.500000000000004 8.5000000000000018 11.500000000000002 66.526607513427749 21.500000000000004
decision_type=2 2 8 2 2 2 2 2 8 2 2 2 2 8 2 8 2 2 2 10 2 2 2 2 2 2 2 10 2 8 2 2 2 10 2 2 10 2 2 2 10 2 2 2 10 2 2 2 10 2 2 2 2 2 2 2 2 2 8 2 10 2
left_child=3 4 58 5 -2 13 7 8 11 -10 -9 -7 49 14 15 40 -15 22 19 20 21 42 33 -24 25 -22 27 48 29 31 -30 46 -23 35 -35 36 -16 -37 -25 -40 -1 -42 -19 59 -28 -46 -27 -48 -26 52 53 56 -11 54 57 -56 -52 -51 -3 60 -31 -62
right_child=1 2 -4 -5 -6 6 -8 10 9 12 -12 -13 -14 16 17 -17 -18 18 -20 -21 24 32 23 38 26 28 44 -29 30 43 -32 -33 -34 34 -36 37 -38 -39 39 -41 41 -43 -44 -45 45 -47 47 -49 -50 50 51 -53 -54 -55 55 -57 -58 -59 -60 -61 61 -63
leaf_value=0.0055843879278281577 -0.068038739384777447 -1.6012995129838903e-05 -0.010588551763820037 0.033055295286110516 0.0017192364429076817 -0.04519447418635978 0.093526017910991299 0.0053505720595625949 0.009452675616535464 0.016912901284527767 0.062448544211202009 -0.013446344139378286 0.066635447845674697 -0.047732354244684409 0.015823421090007915 -0.020210671996084447 -0.00017853959300218999 0.060900630976556791 -0.0099189367846021954 0.034061813600678163 0.029674733169943287 0.0031711419102507829 -0.0071171245347562339 -0.0016521397320141827 -0.012630631251603101 0.019326858990409181 -0.020945945066335361 -0.0058390923639031209 -0.038996016320427394 0.0015726032797575172 -0.0004524970109320948 -0.0076644376134440643 0.040599561283117057 -0.011000500918809934 0.075385906919832865 0.023072223879518471 0.059871658537006781 -0.014479821391408252 0.063976204237656417 0.015565534131068051 -0.013354360442521925 0.049017470082464695 -0.015280425272741371 -0.032393727294628853 0.044218902120419505 -0.010037450739837365 -0.045024550624087008 0.070681890359375651 0.053846632081671203 0.0069128960500218885 0.007155790902132253 -0.03716679460472283 -0.017378894549857606 0.014817392676168328 -0.061960912713229323 -0.02403047518208792 0.069653221032537613 -0.03278860331015513 -0.066965853336353201 0.006139465541147927 -0.014251446190643002 0.030716333091323728
leaf_weight=1025.5305142875968 261.43865087033373 260.47892992284687 5122.0136484871182 1569.1948036593676 14431.300277185996 1359.3952095034074 178.18606528504461 1312.7835641430702 11868.834362733847 3169.2076767133549 629.49329627244333 12363.805606957099 220.97428200169816 1078.9107704207636 1858.0570691270423 998.46795457466396 1738.8166593317073 182.36601472180246 20434.545472891172 3588.0766902238101 3364.0494172378967 1076.9723899986939 10235.13034398227 1281.3003706655381 270.10716288157346 4078.9203189092746 8902.0686894484497 1684.9292782066441 1817.3674118424435 20323.916029665132 1861.9651777340939 1487.7463227130311 4053.7207095536287 626.0801561997614 1097.8042596629984 1339.3253367069046 1047.6872752936488 1884.0122785997373 808.44561824562516 1313.3318397076237 291.59491817528033 2278.5327905158665 1908.6269444158752 940.76228451880888 571.86017261390225 3819.4716587509211 114.07580515262748 760.58900649841621 1014.2908052853309 1070.2682393977084 4019.3874719407249 932.98608510203485 2140.3275646106631 694.4510047013755 1550.8672766475647 1624.8292169534907 268.57854145288002 1385.0134124987162 1067.0949866241026 15721.101225296959 12342.483390223446 1264.0054860006858
leaf_count=263694 30701 89665 166777 150474 1783326 19294 461668 76933 964324 57107 26107 308584 87333 65752 66587 10165 63800 3677 969012 151671 284568 586233 565903 96201 253860 2889345 641478 311495 2569253 1279047 450053 1949601 84115 71488 34639 46533 35336 55175 17843 45376 102916 50366 32990 39604 48981 193677 91261 297232 98871 23826 82175 23664 101565 32577 49052 43608 26878 41375 636823 419276 472616 35417
internal_value=-5.51266e-05 -0.00561314 -0.0194893 0.000573785 0.000477982 0.000298684 -0.00382755 -0.0042164 -0.00549425 -0.000233144 0.0238561 -0.0165913 -0.00696501 0.00161419 0.00202356 0.0203175 -0.0183869 0.001392 0.000147137 0.00240382 0.00110655 0.0207619 0.00785545 -0.000205129 -0.000660264 0.00164024 -0.0097245 0.0139311 8.68712e-05 0.00134985 -0.0194907 0.018017 0.032743 0.0218542 0.0440121 0.015622 0.0317053 0.00112339 0.0205835 0.0340111 0.0315716 0.041941 -0.00863629 -0.000772189 -0.0150084 -0.00297193 0.0257301 0.0555912 0.0398666 -0.00792989 -0.0129971 0.00245035 0.00308953 -0.0257473 -0.03075 -0.042554 0.0110703 -0.0154825 -0.0538298 -0.000173046 -0.00309785 -0.0100741
internal_weight=207988 21142.3 6449.59 186846 14692.7 185276 44789.4 44611.2 42668.9 28945.7 1942.28 13723.2 17076.9 140487 137669 4594.13 2817.73 133075 111584 91149.5 87561.4 7221.69 21491.2 13638.2 80339.7 64077 16262.7 2969.33 60712.9 57033.6 3679.33 6441.33 5130.69 7852.97 1723.88 6129.08 2905.74 3223.34 3403.08 2121.78 3595.66 2570.13 2090.99 50592.3 13293.4 4391.33 4953.59 874.665 1284.4 16855.9 11546.4 5220.95 5309.54 6325.43 5630.98 3175.7 4287.97 2455.28 1327.57 49651.5 33930.4 13606.5
internal_count=21028943 2707292 893265 18321651 1814027 18171177 2426070 1964402 1861362 1533484 103040 327878 569160 15745107 15615555 427141 129552 15188414 14153333 13184321 13032650 707015 1035081 725323 12325635 10777273 1548362 664226 10492705 7473399 3019306 5227439 670348 309758 106127 203631 101923 101708 159420 63219 416976 153282 36667 2245960 884136 242658 3277838 388493 352731 481827 323155 132717 158672 190438 157861 92660 109053 65201 726488 2206356 1787080 508033
is_linear=0
shrinkage=0.1


Tree=107
num_leaves=63
num_cat=0
split_feature=28 31 24 31 35 34 29 11 18 18 9 28 2 29 30 27 0 2 2 25 3 24 31 31 25 2 29 2 30 2 34 33 20 7 0 9 33 13 1 0 7 24 25 2 4 7 13 30 29 35 18 7 33 7 2 18 29 30 29 25 2 7
split_gain=77.7003 131.63 154.037 141.437 93.4861 222.687 207.845 172.744 149.53 144.715 252.248 284.302 183.036 111.368 93.3638 111.089 204.716 134.637 174.978 216.01 155.74 124.325 114.069 297.586 236.835 306.595 252.936 175.817 171.142 161.764 155.211 236.517 159.636 142.352 191.955 201.477 150.773 155.234 140.836 231.859 209.539 139.853 130.493 118.043 117.992 110.501 118.781 110.001 238.214 165.682 126.296 109.494 192.357 107.123 105.767 104.309 104.195 153.423 101.232 100.357 97.9382 96.0668
threshold=1.0000000180025095e-35 0.056076601147651679 2.5000000000000004 0.12593083828687671 2.5000000000000004 1.6200042366981509 17.500000000000004 1.0000000180025095e-35 1.0000000180025095e-35 6.5000000000000009 0.92582416534423839 10.500000000000002 86.616912841796889 14.500000000000002 13.500000000000002 3.5000000000000004 9.7167587280273455 4.9081602096557626 6.1072261333465585 3.5000000000000004 32.690166473388679 2.5000000000000004 0.80985561013221752 0.82170850038528453 4.5000000000000009 7.4772884845733651 18.500000000000004 82.426471710205092 11.500000000000002 52.704679489135749 1.1331304907798769 0.19171884655952456 0.78362339735031139 68.524993896484389 91.922958374023452 0.47222222387790685 0.79022061824798595 1.0000000180025095e-35 64.051280975341811 63.373983383178718 63.84260559082032 2.5000000000000004 5.5000000000000009 94.494949340820327 0.99782609939575206 54.071052551269538 1.0000000180025095e-35 9.5000000000000018 15.500000000000002 5.5000000000000009 3.5000000000000004 66.828475952148452 0.59879845380783092 55.190372467041023 7.4772884845733651 8.5000000000000018 22.500000000000004 16.500000000000004 19.500000000000004 4.5000000000000009 3.9607843160629277 47.76948547363282
decision_type=2 2 2 2 2 2 2 2 10 8 8 2 2 2 2 2 2 2 2 2 2 2 2 2 2 2 2 2 2 2 2 2 2 8 2 10 2 2 2 2 10 2 2 2 2 10 2 2 2 2 10 8 2 10 2 8 2 2 2 2 2 8
left_child=1 -1 3 -3 6 14 8 -7 -2 10 11 -8 -13 -9 15 16 17 -6 21 20 -20 -19 28 27 25 -25 38 -24 30 58 31 32 -18 34 35 36 37 44 39 40 -27 43 -26 -40 -33 -16 55 -42 -49 50 -50 52 -17 -37 -21 56 -47 -58 -28 60 -53 -38
right_child=4 2 -4 -5 5 7 9 13 -10 -11 -12 12 -14 -15 45 51 22 18 19 54 -22 -23 23 24 42 26 29 -29 -30 -31 -32 33 -34 -35 -36 53 61 -39 41 -41 47 -43 -44 -45 -46 46 -48 48 49 -51 -52 59 -54 -55 -56 -57 57 -59 -60 -61 -62 -63
leaf_value=-0.040262052217007203 -0.0055017305139957728 0.038620805487213083 0.010850563959529514 -0.041121885318760126 -0.077840688207981484 0.055985508829284741 -0.021038091807232335 0.01849496885094977 0.024981776545315647 0.0076421257282839857 0.015851178249189714 -0.020028108080611579 0.010321816015605069 -0.022441432804813075 -0.036117082732121351 0.017494202628402483 0.076711469863206039 -0.067290234136429108 0.029925122979713687 -0.046668037177081158 -0.11888889922807561 0.072951139789749708 0.003596394617459179 -0.068241239846542026 0.047384881489516195 -0.081924796261059876 -0.017113438549792498 -0.079969579102748017 0.028377917545719791 0.0056809408219112342 -0.0046072233319650671 -3.3470240949318653e-05 0.0088732611508574952 0.0033751767383824664 0.095949285542846208 0.13687583703134099 -0.079020783481854678 0.15298605335376878 -0.010744703944911449 0.10979010784634183 -0.034653769417730532 0.016348205602811118 -0.046240216085712819 -0.06162547338311572 0.16293537074622946 0.012841788699989996 0.058675897834976759 0.068961262960238773 0.031551840174735821 -0.0049037562620477806 -0.014603677279107439 0.017248366828201852 -0.042291017354080418 0.033868400700194617 -0.13850701372739302 -0.024023996445733348 -0.023132494324914529 0.0059720203763255061 -0.047525621353491893 -0.028579227000024472 -0.004378888732911374 -0.0058739585987839489
leaf_weight=1249.6896778572072 2106.3526697711404 266.26021244239928 2768.524141623453 1350.9952452448078 468.09776562681736 318.6208728159545 9881.2985895355832 725.666826362547 6817.1941688359748 19148.950958545029 5177.5312826937952 2664.6080866470493 7815.3221441511705 7893.1280506921466 625.98644422536381 753.42677378858116 809.74642208736077 80.560857154419182 464.36764863715746 323.63866613200116 82.87639404262336 293.55163905488644 371.28465601922289 711.52116410268354 1355.339210190712 239.1779710935607 3392.0239291564576 782.13757257167163 2904.7288189364772 2185.2769014288779 15740.326160434041 449.33437939386567 606.84229561716529 23543.666584909595 365.61328272209175 179.58313121715037 247.38961328857823 99.316359830383362 3218.5676091052455 241.09931989610595 462.65175413856014 1740.3338511412221 167.23777577694273 531.22256463428221 49.301212876582213 13206.737867049393 427.54491919412976 758.06728564274272 3550.4632301618039 3784.7940826225058 711.68368510907749 2233.4867828311035 1883.6635791159815 230.59713358328008 204.72415311048337 1140.4919785588972 2331.5686635154852 8115.5560670379637 1615.950041923249 1606.1466742859484 33495.900040177185 654.74431471223079
leaf_count=208566 207468 36092 332590 195890 94942 108602 203249 10102 497246 1278522 834356 62401 136770 97001 609754 458944 23092 19367 23109 14981 4130 7370 13584 63870 101364 971016 780837 8989 106565 54965 521749 303234 16698 458694 185131 16297 3107479 20279 97924 17562 53968 58369 33226 5861 2568 741219 11224 102432 136735 772296 132246 34741 3987156 4925 9967 193444 135028 537148 440823 50091 1044131 230594
internal_value=-4.95494e-05 -0.0116312 -0.0034731 -0.0279933 0.000273581 -0.0010196 0.00385261 -0.0163217 0.0177863 0.00107023 -0.00385737 -0.00886893 0.0026051 -0.0189948 -3.8797e-05 -0.00127315 0.00103123 -0.0312122 -0.0161563 -0.0366455 0.00738825 0.0427518 0.00189367 -0.0034234 -0.0011018 -0.00361519 -0.00156526 -0.0530698 0.00488576 -0.0170206 0.00329795 0.00786651 0.0476507 0.00568375 0.0295657 0.0168603 -0.000121974 0.038819 0.00573059 0.0129454 0.0104894 -0.00707963 0.0371012 -0.0179528 0.0160796 0.00538566 0.00641573 0.0128744 0.0153717 0.0103233 0.0238449 -0.00551714 -0.0252102 0.0789666 -0.0822528 0.00551457 0.0069388 -0.000523468 -0.0269267 -0.00412618 -0.00302694 -0.0259328
internal_weight=207622 5635.47 4385.78 1617.26 201987 148376 53611.3 8937.42 8923.55 44687.7 25538.8 20361.2 10479.9 8618.79 139438 113590 73617.8 1917.82 1449.72 1075.61 547.244 374.112 71700 25818.8 24665.4 23142.8 22431.3 1153.42 45881.2 7193.25 42976.5 27236.1 1416.59 25819.5 2275.88 1910.27 1500.09 597.952 15238.1 9747.94 9506.84 5490.12 1522.58 3749.79 498.636 25847.9 25221.9 9267.66 8805.01 8046.94 4262.15 39972.6 2637.09 410.18 528.363 24794.4 23653.9 10447.1 5007.97 37335.5 35729.4 902.134
internal_count=21028973 773138 564572 231982 20255835 17035823 3220012 215705 704714 2515298 1236776 402420 199171 107103 16820118 14592301 9017238 173866 78924 52187 27239 26737 8843372 3846067 3823494 3688904 3625034 22573 4997305 1276625 4890740 4368991 39790 4329201 3870507 3685376 3664154 326081 2348409 2186255 2168693 162154 134590 103785 305802 2227817 1618063 1197677 1143709 1041277 268981 5575063 4446100 21222 24948 1606839 1413395 672176 1221660 1128963 1078872 3338073
is_linear=0
shrinkage=0.1


Tree=108
num_leaves=63
num_cat=0
split_feature=21 7 10 34 7 34 11 7 20 7 32 26 33 25 11 20 18 27 16 26 18 32 4 7 1 28 26 34 11 9 7 7 9 11 7 1 3 19 3 7 11 9 9 2 7 26 4 7 7 2 7 20 7 7 19 25 4 1 2 25 14 1
split_gain=71.5707 242.413 122.903 109.065 90.0415 123.529 104.012 100.229 453.442 197.214 155.054 116.741 111.164 134.143 103.265 102.207 96.6102 135.293 161.371 94.8854 92.6858 265.042 190.24 91.31 90.9782 86.9728 85.9217 163.568 139.698 251.676 126.933 107.051 197.509 114.103 107.243 216.62 98.8091 227.502 96.2921 93.3962 97.2704 269.041 190.304 149.271 181.268 132.531 110.156 92.5611 90.3346 90.2231 106.036 133.646 161.042 93.9934 85.6634 146.22 85.3386 154.068 159.303 145.449 129.831 136.05
threshold=1.0000000180025095e-35 65.724277496337905 1.5000000000000002 0.51995742321014415 89.561393737792983 1.4547576308250429 1.5000000000000002 97.81815338134767 0.81693649291992199 98.742088317871108 11.500000000000002 1.5000000000000002 0.14881050586700442 3.5000000000000004 1.0000000180025095e-35 0.69923055171966564 3.5000000000000004 1.5000000000000002 6.5000000000000009 1.0000000180025095e-35 3.5000000000000004 4.5000000000000009 0.78037142753601085 96.708457946777358 23.769168853759769 1371.0000000000002 1.5000000000000002 0.99603545665740978 1.5000000000000002 0.23611111193895343 97.309360504150405 56.152366638183601 0.64583334326744091 1.5000000000000002 99.81412506103517 21.483516693115238 59.359359741210945 0.55784127116203319 48.331480026245124 93.84250640869142 1.0000000180025095e-35 1.0000000180025095e-35 0.23611111193895343 74.133811950683608 77.563388824462905 1.0000000180025095e-35 0.80508935451507579 97.189678192138686 39.905212402343757 28.370221138000492 89.805366516113295 0.78607732057571422 94.711414337158217 81.729778289794936 0.19785324484109881 2.5000000000000004 0.9524725377559663 26.36544227600098 26.36544227600098 1.5000000000000002 inf 97.259757995605483
decision_type=2 8 2 2 10 2 2 10 2 10 2 2 2 2 2 2 8 2 8 2 8 2 2 10 2 2 2 2 2 10 8 8 10 2 10 2 2 2 2 10 2 8 10 2 10 2 2 10 8 2 10 2 10 8 2 2 2 2 2 2 8 2
left_child=1 2 -1 -2 5 6 16 10 11 -10 12 -9 23 14 -14 -13 24 18 -18 -16 -21 22 -22 -6 -3 -19 27 30 49 -30 39 32 33 36 47 -36 -28 -38 -37 40 41 43 45 44 -5 46 -42 -33 -39 -29 53 52 -52 -51 -47 -56 57 -11 -59 -60 -61 -62
right_child=3 4 -4 26 7 -7 -8 8 9 56 -12 15 13 -15 19 -17 17 25 -20 20 21 -23 -24 -25 -26 -27 31 28 29 -31 -32 34 -34 -35 35 38 37 48 -40 -41 42 -43 -44 -45 -46 54 -48 -49 -50 50 51 -53 -54 -55 55 -57 -58 58 59 60 61 -63
leaf_value=-0.044228628040504515 -0.012197973151551068 0.033039752876795371 0.070476893247128233 -0.025461800026159071 0.0020970207301597424 0.021132975757964023 -0.025271024234652179 0.03756655898469434 -0.026658738661519771 0.0055385599470684881 0.018599234122832403 0.032620649234456352 0.022249855692394599 -0.029882582448100617 0.059473234842806533 -0.0098710650728130716 0.025042734662906366 -0.0039799424115087014 -0.011590534866845144 -0.025977447997186882 -0.034492831946455159 -0.010543143446234179 0.13072012518092277 -0.016026876479404678 0.0019350819337967447 -0.079321121611072506 -0.089707026857166888 -0.011101208905994756 0.0038517143100896532 0.072835063437273001 -0.033149171616682488 -0.0020711993854475226 0.15443372722983181 -0.060931524806850504 -0.013475373422704252 0.064570407560037568 0.20362946464573525 -0.026227280696228795 0.013764539341625685 0.037890302206691442 0.070043119114293048 0.0063902084098734161 0.048173716501618356 0.12701770834383572 0.069311162465142781 -0.014507686464607761 -0.012371204738726797 -0.024725915386877385 0.043861650128981251 0.011031851880038301 0.018541502236377395 0.0034304219268018149 0.086599362734285951 -0.0046360690717614497 0.048079924947526338 -0.0076253385725011296 0.013063441154958664 -0.052647541849238456 0.011331499782210028 0.085196172471270468 -0.01371517343938124 -0.060295312063543743
leaf_weight=1735.0343439998553 5375.2264507101936 1841.7606705584185 98.72531434873963 271.36570096543801 11403.450273086077 3388.2957325270982 1439.6407680975099 3478.0008053377242 3620.3658321642142 8531.3875067688859 2217.8201604392088 999.18782101164106 964.38010427710105 4085.2757498781939 185.16206835188495 1305.9298591443949 3772.5981678314056 16468.900897546184 1765.0656513822105 3733.249117730993 99.99927901164483 9270.4774399632515 230.00437616807176 3675.8763666731247 1921.2922298900521 154.6600323236562 66.342605456402566 5607.6681328709092 1713.3679892152504 765.01672052544745 533.95226070961144 37567.663012742058 111.95049756786466 167.7552690769221 1261.356229323952 862.07237722976424 74.984448991111663 267.3573692136402 657.61972951980715 1777.136090499298 458.994980588614 2427.8428708760766 950.84482108782686 280.92030728660939 787.41056765391113 3513.8410023212236 250.80162866760247 1894.4230569185311 589.01217246420015 4781.0584335848398 3384.2262383456255 9958.1537085310556 387.49124840910372 19226.126310671789 706.82967166685057 1413.555500750113 3418.3195626114975 916.15007336833514 2528.1167585162912 120.99086305740639 5076.267217141547 715.41152930818498
leaf_count=3767039 3295277 36346 22165 420926 377881 109842 280588 152750 63579 123673 33730 40226 81896 145121 4880 70270 99383 454060 311915 86724 31318 352992 2421 79045 152997 8621 298741 128179 867743 28488 8460 1697965 13922 703877 12225 13456 17148 710099 65593 48498 43246 521273 111206 8601 82887 718105 5333 81951 218824 1626369 69700 749548 16022 384561 42465 90406 655218 37290 61295 25959 213251 45241
internal_value=-9.21408e-05 -0.00203232 -0.0380532 0.00168774 -0.00135365 0.00312165 0.00089143 -0.00342085 0.000772267 -0.00508057 -0.00701122 0.0259998 -0.00869927 -0.013879 -0.00936486 0.00854761 0.0023443 -0.000171243 0.0133663 -0.0116201 -0.0126074 -0.00740828 0.0806565 -0.00232103 0.0171587 -0.00468089 0.00241438 0.00489425 0.0020545 0.0251452 0.0146244 -0.000958732 0.0275622 0.0153752 -0.00182118 0.0171586 0.0282056 0.0366048 0.0425851 0.0166112 0.0131927 0.0262408 0.00645388 0.0622146 0.0450207 0.000200897 0.0409226 -0.00315877 0.02198 0.000734211 0.00249294 0.00950233 0.0255335 -0.00151578 -0.0049292 0.010944 -0.00141406 -0.0041806 -0.0130423 -0.00874356 -0.0173272 -0.0194689
internal_weight=207254 99161.8 1833.76 108092 97328 30752.2 27363.9 66575.8 30710.1 24927 35865.7 5783.12 33647.9 18568.5 14483.3 2305.12 25924.3 22161.2 5537.66 13518.9 13333.7 9600.48 330.004 15079.3 3763.05 16623.6 102717 59196.6 45823.1 2478.38 13373.5 43520.5 1277.4 1165.45 42243.1 2781.05 997.697 931.354 1519.69 12839.5 11062.4 3767.54 7294.87 1339.7 1058.78 6344.02 709.797 39462.1 856.37 43344.7 37737.1 13729.9 3771.72 24007.2 5634.23 2120.39 21306.6 17888.3 9356.94 8440.79 5912.67 5791.68
internal_count=21028810 7927716 3789204 13101094 4138512 1453752 1343910 2684760 1488752 1225506 1196008 263246 1162278 705352 560231 110496 1063322 873979 411298 478335 473455 386731 33739 456926 189343 462681 9805817 5972016 3870610 896231 2101406 3833801 1962611 1948689 1871190 91274 1244812 946071 79049 2092946 2044448 1033687 1010761 512414 503813 899555 48579 1779916 928923 2974379 2846200 835270 85722 2010930 850976 132871 1161927 506709 383036 345746 284451 258492
is_linear=0
shrinkage=0.1


Tree=109
num_leaves=63
num_cat=0
split_feature=11 0 2 4 25 3 25 27 3 4 35 3 2 2 24 34 4 25 28 2 7 7 9 0 20 4 2 3 28 8 27 8 34 2 2 9 19 2 30 25 6 0 3 24 25 0 24 2 9 22 27 2 3 2 0 3 19 3 0 0 20 0
split_gain=68.5607 60.7423 135.848 183.822 640.319 229.996 227.349 228.914 170.266 272.429 167.484 161.675 178.101 176.874 154.713 164.79 140.815 130.269 128.736 110.601 110.275 96.8327 109.298 94.704 92.3549 91.7811 89.4691 87.3068 83.7999 117.534 83.3396 107.037 80.0231 88.9178 79.915 90.8847 217.516 182.117 97.3973 79.5975 105.35 348.311 74.741 73.4923 72.0713 178.818 141.037 764.478 469.627 205.905 253.98 202.155 205.177 183.778 222.598 341.795 266.164 255.353 207.725 171.322 164.348 149.946
threshold=3.5000000000000004 91.922958374023452 84.660633087158217 0.94616180658340465 2.5000000000000004 96.49015045166017 2.5000000000000004 14.500000000000002 97.915760040283217 0.95007002353668224 5.5000000000000009 87.609649658203139 94.201679229736342 91.476997375488295 2.5000000000000004 1.873701333999634 0.97515219449996959 1.5000000000000002 41.500000000000007 96.34091949462892 52.784828186035163 42.317867279052741 0.15476191043853763 96.178188323974624 0.15351448953151706 0.95779800415039074 95.488464355468764 90.070423126220717 1.0000000180025095e-35 28.992753982543949 1.5000000000000002 69.584369659423842 1.070387125015259 94.494949340820327 98.07621002197267 0.92582416534423839 0.37405799329280859 97.182540893554702 5.5000000000000009 3.5000000000000004 1.0000000180025095e-35 94.932373046875014 99.523811340332045 3.5000000000000004 2.5000000000000004 7.1858863830566415 2.5000000000000004 56.465997695922859 0.47222222387790685 1.0000000180025095e-35 31.500000000000004 76.50690078735353 99.523811340332045 18.065267562866214 26.747966766357425 41.444372177124031 1.0000000180025095e-35 62.622549057006843 33.520599365234382 67.890834808349624 0.15351448953151706 60.120481491088874
decision_type=2 2 2 2 2 2 2 2 2 2 2 2 2 2 2 2 2 2 2 2 8 8 8 2 2 2 2 2 2 8 2 8 2 2 2 10 2 2 2 2 2 2 2 2 2 2 2 2 10 2 2 2 2 2 2 2 2 2 2 2 2 2
left_child=1 21 8 4 18 6 7 11 -3 17 14 13 25 -5 15 20 27 -10 26 -8 -7 22 24 -21 28 -13 -4 -14 29 -1 31 -22 33 43 35 -16 -37 39 -39 40 -38 -42 -11 -12 46 -46 49 53 51 -23 -51 52 -49 -48 -55 -56 57 58 -57 -53 -61 -54
right_child=-2 2 3 5 -6 10 19 -9 9 42 32 12 16 -15 34 -17 -18 -19 -20 23 30 44 -24 -25 -26 -27 -28 -29 -30 -31 -32 -33 -34 -35 -36 36 37 38 -40 -41 41 -43 -44 -45 45 -47 47 48 -50 50 -52 59 61 54 55 56 -58 -59 -60 60 -62 -63
leaf_value=-0.84413018883933322 -0.092501337914160847 -0.0019060799166989656 -0.083489892064527449 0.019012633614096164 0.059936862393232537 0.060783496196694743 0.078105940394913489 0.1143295639414945 -0.19419447330597142 0.050234348699223642 -0.025091990895444883 -0.012188982578169675 -0.21894086896778725 -0.13551123798963649 -0.029849578776365616 0.057980796392528726 0.0027878751928457038 0.10533452024671475 0.071562625474235794 -0.15321216664652182 0.066927954029777859 -0.0013303827140475817 -0.013276148703722807 0.027723151125506253 0.12827322760619939 0.052769584745627054 -0.19817195603815507 -0.058428817820327245 -0.10471845852806566 -0.12041955733030103 0.0040572573659785676 0.010186247433418462 -0.054178551865918828 -0.0082592504550870523 -0.0014373630752577246 -0.068642091692440566 -0.5515540225080835 -2.3855544803216153 -0.83276877440846941 -0.24258453828149618 0.1001524515291477 -5.4688569793090469 -0.34423862167990982 -0.14389813266306151 -0.04180639378234189 -0.0023425210460869669 -0.030416250273925013 0.091810451777354349 0.081069897865930995 -0.10336874589580931 0.03794553883236404 -0.051409897187924762 -0.061485050981286142 0.019019804286495856 -0.054752362504838739 0.030931300543895885 -0.056327264315556375 0.058135502186803259 -0.041542808957695881 -0.018255703113010297 0.037800372415949086 0.035983810404057175
leaf_weight=3.7621266204744765 79.96315659902757 498.11015343116537 744.85389932638645 133.99546797584208 474.61423391345852 408.06042373318644 971.24455760208548 197.49221549753565 14.973939665623559 6.4834409579889352 125.00901267720948 284.25916512422373 40.211465690852492 165.64939066088118 276.34711631057689 761.11137305451848 715.5320362264265 478.89504739974916 49.842491547311511 33.225556114965002 508.01379507250022 81248.783806115505 529.6636275519304 223.6625877289116 16.263946292834532 926.30396242009829 74.86449141068988 215.4559982442297 174.00113223386776 5.5612457566717497 8724.9359011361375 961.99118882181938 509.86532268092014 3592.2351204303204 14111.583204797915 37.042132707254495 1.3791479447390864 0.76417134189978131 0.85692191566340625 6.5147258743527345 0.26034469692967821 0.19751078711124137 18.532795614521092 89.233645994685304 1167.9255261810322 67922.037174761892 2515.4566665430884 626.86140836440245 1754.1552479480379 135.3636613953222 2104.3955904901723 486.21070148169747 184.12500632274532 3619.4814614797324 1427.9280434429984 761.12721840439735 590.63456918046904 983.90411051215051 823.22382789874609 899.90378637453432 1248.8431910219006 1105.4216601044118
leaf_count=47131 409881 17085 10355 3582 20999 607338 50568 12357 431 286 2904 5071 359 1917 4309 419436 10842 21873 2695 457 37412 4623472 634395 9370 164622 18672 516 2263 5461367 202352 197042 70390 19839 383254 1049030 4043 237 106 117 1503 195 64 227 4939 86783 4526792 139490 53045 159341 21112 34668 9513 9271 248978 508636 138869 167626 33252 298827 18637 16911 21954
internal_value=7.68491e-05 0.00011266 0.00382164 0.00278546 -0.0334853 0.00421846 0.0270454 0.0107124 0.0398555 0.0799451 0.001257 0.00246559 0.0119252 -0.0664111 0.00430734 0.0130351 -0.0199732 0.0962529 -0.0844759 0.0626724 0.00980874 -0.00067958 -0.037041 0.00432123 -0.100108 0.0375163 -0.0939638 -0.0836742 -0.120369 -0.412448 0.00776843 0.0297954 -0.0169751 -0.0119918 -0.00256369 -0.0517167 -0.180248 -0.594789 -1.56474 -0.406518 -0.987891 -2.30222 -0.242003 -0.0745756 -0.000523237 -0.00300963 0.0011858 0.00948029 0.0371104 -0.000505841 0.029405 0.0201678 0.0448802 -0.00676912 0.000479382 -0.014151 0.00420228 0.0181226 -0.00672602 0.00219446 0.0143239 0.0220669
internal_weight=206799 206719 36383.6 35366.6 1344.18 34022.4 3907.03 2678.9 1017 518.885 30115.4 2481.41 2181.76 299.645 25799.1 11364.1 971.2 493.869 869.561 1228.13 10603 170335 729.252 256.888 199.588 1210.56 819.718 255.667 183.325 9.32337 10194.9 1470 4316.34 3806.48 14434.9 323.362 47.015 9.97282 1.62109 8.35173 1.837 0.457855 25.0162 214.243 169606 69090 100516 17027.3 6305.52 83488.5 2239.76 4551.37 1916.41 10721.8 8206.3 4586.82 3158.89 2568.26 1584.35 2634.96 2148.75 1289.55
internal_count=21029008 20619127 2992083 2952181 34565 2917616 115458 55063 39902 22817 2802158 42706 37207 5499 2391222 1331618 13464 22304 13566 60395 912182 17627044 6509867 9827 5875472 23743 10871 2622 5710850 249483 304844 107802 410936 391097 1059604 10574 6265 2222 223 1999 496 259 513 7843 11117177 4613575 6503602 1824350 288672 4679252 55780 129331 84270 1535678 1396188 1147210 638574 470948 437696 45061 35548 31225
is_linear=0
shrinkage=0.1


Tree=110
num_leaves=63
num_cat=0
split_feature=1 25 3 0 28 25 9 22 7 4 24 24 8 31 31 25 27 28 24 25 27 28 25 25 3 1 4 25 28 7 9 7 33 35 1 3 24 24 24 9 25 28 29 0 3 31 1 0 7 4 29 25 3 4 3 24 30 0 25 0 24 18
split_gain=68.6479 218.468 150.099 134.722 74.1315 62.5845 67.272 60.7649 226.19 206.73 177.366 176.89 141.397 121.588 133.193 125.275 237.358 115.015 203.131 136.495 119.173 484.921 326.562 249.916 177.66 176.742 185.357 172.268 151.339 120.121 205.573 282.496 176.022 118.05 104.676 102.963 121.14 101.629 97.3861 95.0023 84.6695 82.3313 121.238 81.03 92.9159 131.818 78.5072 445.958 450.949 341.483 351.184 324.053 236.95 288.715 389.255 270.977 234.583 234.259 224.699 203.616 219.988 192.708
threshold=6.5753917694091806 3.5000000000000004 9.1966171264648455 5.7556936740875253 642.50000000000011 2.5000000000000004 0.86607143282890331 1.0000000180025095e-35 79.087123870849624 1.0000000180025095e-35 3.5000000000000004 1.5000000000000002 48.792158126831062 0.3293187022209168 0.55350607633590709 2.5000000000000004 31.500000000000004 1.5000000000000002 2.5000000000000004 3.5000000000000004 31.500000000000004 8.5000000000000018 4.5000000000000009 4.5000000000000009 10.128205299377443 83.414241790771499 0.86316624283790599 3.5000000000000004 118.50000000000001 99.81412506103517 0.43650794029235845 88.146743774414077 0.11517292261123659 16.500000000000004 9.581182003021242 10.668563365936281 2.5000000000000004 2.5000000000000004 2.5000000000000004 0.15476191043853763 3.5000000000000004 1.0000000180025095e-35 19.500000000000004 72.481884002685561 15.587044239044191 0.864941567182541 71.535182952880874 74.862636566162124 77.563388824462905 0.83813363313674938 18.500000000000004 1.5000000000000002 78.346122741699233 0.79556280374526989 95.040985107421889 1.5000000000000002 16.500000000000004 63.686313629150398 2.5000000000000004 64.425609588623061 2.5000000000000004 1.0000000180025095e-35
decision_type=2 2 2 2 2 2 10 2 10 2 2 2 10 2 2 2 2 2 2 2 2 2 2 2 2 2 2 2 2 10 8 8 2 2 2 2 2 2 2 10 2 2 2 2 2 2 2 2 8 2 2 2 2 2 2 2 2 2 2 2 2 8
left_child=1 2 4 -4 5 -1 -7 9 12 11 13 -2 39 40 -15 16 -16 18 -17 -20 21 22 27 25 28 26 29 -19 -25 30 31 -22 -32 -34 35 36 -24 -26 -36 -9 -10 42 -11 44 -18 -46 47 48 51 50 -50 -43 55 54 59 58 61 -51 -48 60 -54 -52
right_child=7 -3 3 -5 -6 6 -8 8 10 41 -12 -13 -14 14 15 17 43 20 19 -21 23 -23 34 24 37 -27 -28 -29 -30 -31 32 -33 33 -35 38 -37 -38 -39 -40 -41 -42 46 -44 -45 45 -47 52 -49 49 57 56 -53 53 -55 -56 -57 -58 -59 -60 -61 -62 -63
leaf_value=0.044924470643010944 0.006329735379559694 -0.10656188162897061 -0.108646860143713 -0.0063747832929635902 -0.075349066329434611 -0.061335156448209444 0.059771112743108139 0.021278066893783133 0.11025713523157731 0.0016144528114265878 -0.18401294727611178 -0.076984030682686277 0.014935390073060507 -0.068553197960368462 -0.11520397031584446 -0.063852206538205489 0.05303530359340955 0.027630804741026256 0.12007017793610431 0.027994252958536633 0.062741379163015629 -0.11476123142921338 -0.08508436204366232 0.0048227928284437305 -0.071363549589719008 -0.17396694145241318 0.16672699966306836 -0.054240504580136066 -0.11642112806308323 0.020416944215843981 0.0017783169359573755 0.0036412949556677687 -0.04883896262630219 -0.0062167081804061775 0.097102480409645558 -0.09868483371039781 0.083405216739057875 0.1336518026085001 0.028362560184608046 0.093905264282932888 0.025352135879894364 -0.018427814550500386 -0.031967156433795635 0.12375074327254745 0.065989304384395098 -0.067783988654223179 0.082938529407885556 0.079056102309574106 0.01661597757877771 -0.047400341953242948 0.0081642127495735826 -0.08752713036920734 -0.08594537372992464 0.00086387350173137653 0.023152991689626978 0.014605144616504424 0.017279780215770615 0.0037872357249544076 0.43904739865602577 -0.077366069810561044 0.054900419486049346 -0.020237183082864544
leaf_weight=609.96435408375123 418.60663195261793 249.40725016755005 212.71244547847755 326.51741766802547 74.404698429194468 132.01933616268798 70.286511129830615 272.14569895349814 139.20406602550065 2322.4460651171194 51.181946715747472 651.40744764652857 1175.2314161832273 272.19564922945574 101.78206468773715 214.72341333280201 815.69409184798133 331.96498349125613 187.40816794498824 1142.5424263625755 1032.3001975308289 459.18204719222558 65.198064649943262 1103.4824675786076 851.40642705693608 54.665511657716706 71.563696315977722 1138.1504359320825 113.54416402248899 3998.5120500628836 4440.3511814197991 3735.4553960699122 1531.1905968040228 1128.9287318473216 296.68230304325698 104.11868184608466 123.50582573015708 24.886046863044612 675.03994747786783 532.56879819875758 751.64616594847757 1894.059510049874 2001.6370489374003 114.64408022514544 126.6155649923021 176.12504443031503 384.42972933857163 629.77494254187332 10020.055409861343 2576.1353688434465 3170.5771574083483 1057.6752914567542 183.40497346212396 129413.38393648155 866.87348616550526 5915.0547069753738 3132.6131402501196 1369.2792217843526 18.575011891309259 1379.8216159458093 280.49513957217641 9691.6691512972793
leaf_count=18745 42519 49593 17503 10735 1459 6551 756 88937 1564 342752 1316 85314 98678 7390 5260 11830 10178 12089 1998 15748 22769 24648 5674 18444 14729 496 1738 46510 2435 62446 59889 32378 14048 6706 4992 3825 1584 284 9015 44146 9990 1559771 387964 2524 2067 2727 10323 98390 988978 96029 77470 4672453 27114 9493500 219411 431412 283586 57827 827 128852 29623 1240252
internal_value=-5.66599e-05 -0.0202169 -0.00511418 -0.0467185 0.0201874 0.0289386 -0.0192596 0.000108311 0.00449538 -0.000568229 0.00195522 -0.0443904 0.0370486 0.0023311 0.00100793 0.00179164 0.0315681 5.02315e-05 0.0263979 0.040969 -0.00186229 -0.0196705 -0.00370364 0.00128245 -0.031209 0.00553526 0.00615092 -0.0357532 -0.00648882 0.00542667 0.000376316 0.0164375 -0.0104083 -0.0307505 0.0335561 -0.0188552 0.0251913 -0.0655413 0.04935 0.0693435 0.0386194 -0.000302272 -0.0139306 0.0436831 0.0354758 -0.0118358 4.03773e-05 -0.00430024 -0.00589527 -0.00222117 0.00193647 -0.0431877 0.00109203 0.000187344 -0.0321126 0.0200108 -0.00725958 -0.0296354 0.099352 -0.0580971 -0.000783591 -0.0132362
internal_weight=206407 1675.31 1425.9 539.23 886.675 812.27 202.306 204732 27353.8 177378 25373.9 1070.01 1979.95 25322.7 24431.9 24159.7 1334.86 22824.8 1544.67 1329.95 21280.1 3193.84 2734.66 18086.3 2093.32 15993 15938.3 1470.12 1217.03 15866.7 11868.2 4767.76 7100.47 2660.12 1264.54 292.823 188.704 876.292 971.722 804.714 890.85 176308 4324.08 1233.08 1118.43 302.741 171984 33541.8 32912.1 29960.3 26014.9 2951.73 138442 132124 2710.6 6318.06 15994.9 3945.41 403.005 1843.72 463.9 12862.2
internal_count=21028761 105342 55749 28238 27511 26052 7307 20923419 649052 20274367 417291 127833 231761 415975 404421 397031 22756 374275 29576 17746 344699 108337 83689 236362 35892 200470 199974 58599 20879 198236 135790 55147 80643 20754 25090 11083 7258 15013 14007 133083 11554 20146534 730716 17496 14972 4794 19415818 9074756 8976366 2744142 2590286 6232224 10341062 9898500 405000 442562 1601308 153856 11150 185589 56737 1317722
is_linear=0
shrinkage=0.1


Tree=111
num_leaves=63
num_cat=0
split_feature=21 7 22 28 2 33 34 34 25 7 27 33 8 16 32 7 33 0 8 0 3 32 24 28 26 9 7 34 9 2 34 26 9 25 26 7 34 27 25 34 34 26 7 0 31 34 3 7 24 0 9 2 27 34 26 34 33 9 7 7 7 8
split_gain=60.3275 208.612 192.804 129.929 108.086 129.988 113.674 95.6071 91.8386 86.7696 98.5177 146.45 136.961 134.192 92.7512 114.114 276.014 128.256 96.9223 94.3126 141.731 122.022 114.138 104.418 88.8792 88.0579 95.8919 118.021 87.1762 95.633 184.062 143.88 84.5932 81.703 80.382 128.34 85.7517 76.9447 75.3406 108.12 75.1227 73.3738 72.0653 334.338 242.354 122.118 136.503 170.048 110.177 129.041 109.17 97.8737 80.5538 107.844 79.6279 110.991 92.1904 92.1811 150.839 135.161 117.769 99.6033
threshold=1.0000000180025095e-35 70.431396484375014 1.0000000180025095e-35 24.500000000000004 68.614070892333999 0.59098702669143688 0.99999991059303295 0.39825347065925604 2.5000000000000004 88.737056732177749 1.5000000000000002 0.44836580753326422 73.85489654541017 6.5000000000000009 11.500000000000002 97.81815338134767 0.13391566276550296 99.494949340820327 98.051864624023452 26.747966766357425 41.444372177124031 3.5000000000000004 1.5000000000000002 154.50000000000003 1.5000000000000002 0.21111111342906955 95.391052246093764 1.6982607841491701 0.89898991584777843 16.064516067504886 0.93841841816902172 1.5000000000000002 0.92582416534423839 2.5000000000000004 1.0000000180025095e-35 97.064975738525405 0.57888153195381176 1.5000000000000002 1.5000000000000002 0.66211867332458507 0.9235055446624757 2.5000000000000004 57.207792282104499 48.038461685180671 0.43119427561759954 0.60489156842231762 82.24790191650392 50.123151779174812 2.5000000000000004 87.841831207275405 0.29285715520381933 75.716625213623061 13.500000000000002 1.1155465245246889 1.5000000000000002 0.99603545665740978 0.5031116008758546 0.64583334326744091 79.55173492431642 93.84250640869142 97.81815338134767 96.308681488037124
decision_type=2 8 2 2 2 2 2 2 2 10 2 2 8 8 2 10 2 2 10 2 2 2 2 2 2 10 10 2 8 2 2 2 10 2 2 10 2 2 2 2 2 2 8 2 2 2 2 10 2 2 10 2 2 2 2 2 2 10 10 8 10 10
left_child=1 2 3 4 -1 6 -6 8 -2 10 13 -12 -13 -3 15 18 17 19 25 28 22 23 -21 -22 38 34 27 -27 29 -17 31 -31 -26 -14 35 36 -11 -7 39 -18 -23 -29 43 -9 48 -46 51 -48 49 50 -45 -47 -51 -54 55 56 -44 59 -59 -56 61 -61
right_child=7 9 -4 -5 5 37 -8 42 -10 14 11 12 33 -15 -16 16 24 -19 -20 20 21 40 -24 -25 32 26 -28 41 -30 30 -32 -33 -34 -35 -36 -37 -38 -39 -40 -41 -42 -43 54 44 45 46 47 -49 -50 52 -52 -53 53 -55 57 -57 -58 58 -60 60 -62 -63
leaf_value=-0.065357760297293718 -0.032781539072869369 0.022685815473335896 0.050650916703109054 -0.067722236622661289 0.12325464164111022 0.006187363080281217 0.0068228899489686098 -0.073554638166361042 0.0049743996135778734 -0.068674485898631593 0.013289969084565279 -0.033950955605483835 0.0045423742275035881 -0.0046291922212547713 0.015737336366564426 -0.01497403512831591 0.15622075790355391 0.097047061361806158 0.10769294359412832 0.048100096759212334 -0.0056144561265882159 0.029574253019116821 -0.051076588909334232 0.034777141693111628 -0.001961783629587857 -0.0013553995794226956 -0.012577131349121196 0.042380101613904181 0.0120041644312443 0.077008447701081256 0.11771800164624405 -0.03875462854518924 0.053203726003816433 -0.011748878546572987 -0.014453460242888039 -0.080291977196865399 0.023773419113506486 -0.054151104239157179 0.021164748227722453 0.042913178084396764 -0.044478406282471142 -0.0015887052204973211 0.015266919363239793 -0.030319277261786987 0.038580690988029111 -0.072446915926463837 0.34888618828883633 0.12960088091833713 -0.024841445612971306 0.090448993353930821 0.037023521777578172 0.24938083263215424 -0.043370281381335467 0.064159862925880287 -0.0095156184517585334 0.0014488756161850538 -0.0058973616169680663 0.053912614984446328 0.0026964701196566295 0.0060386318088458107 -0.063124469977156331 0.10095755772581393
leaf_weight=409.5392760940656 1564.0791842022159 5092.5295726644727 277.69930039225801 899.5869647133859 117.06914086334717 368.98535785012564 295.53466550618447 357.82461422365532 1095.485353219497 108.01859416101797 5752.5503873435009 1523.626527715187 7417.5682501674019 2780.5894310532749 2525.400207296625 3221.2469526177156 93.359563626698218 124.82582911707868 72.645660533744376 128.95246137355571 11838.150310939076 155.61315674034995 1158.8979440612893 676.60178515902953 2135.1314839687329 8117.282315885037 5772.7094986690136 1129.9169415489596 5165.8305171440006 154.39257838507183 166.41070105860126 352.47367040827521 319.57716937470832 5262.435565088279 17564.631754401933 148.22007367225888 1410.3624392488127 494.68619108772054 2611.7807452088746 859.71122105058748 1144.6975417608919 571.49900382087799 11800.786816062584 475.54189676883891 172.72463327799323 38.358384639594988 49.84840065761091 121.69774317048723 496.25731713217533 392.50080505901008 487.50254212751861 12.538672343769575 142.11840277817919 271.34291416469205 20092.291302129604 44570.995851585991 2492.9490804018606 600.64154114017583 13492.114885311436 8473.0490949089872 244.37467299112177 112.01384381658863
leaf_count=1805603 1795943 147298 83538 913538 5295 187203 9729 1638354 603628 3991 440373 87035 70548 394458 44205 29526 1486 256834 1154 4597 633495 7496 84870 54716 101688 269533 153825 64565 86381 4253 2748 10931 10991 43253 690764 2439 27872 979213 143378 22095 26300 20007 1226735 2003582 295388 52964 3189 3987 775405 259309 45021 316 726430 15003 1186239 1534144 134012 41892 587579 166149 5782 2079
internal_value=-0.000142615 -0.00193167 -0.0285292 -0.037034 -0.020658 -0.0063145 0.0398584 0.00149447 -0.0172297 -0.00113475 0.00356619 -0.00017096 -0.00562271 0.0130388 -0.00306635 -0.00379465 0.000694287 -0.0040566 -0.00769343 -0.0045789 -0.00941783 -0.0064601 -0.041146 -0.00343071 0.0198635 -0.00793414 -0.00234926 0.00366402 0.00348723 -0.00780994 0.0264662 -0.00349294 0.00522018 -0.0022188 -0.012462 0.00852642 0.0171966 -0.0283728 0.0299466 0.0540124 -0.0356162 0.0276112 0.0019692 0.0171973 0.0294033 0.101667 0.150652 0.193321 0.0167972 0.0284781 0.00377031 0.0068365 0.0580014 0.0271987 0.00151806 0.0039079 0.0115757 -0.00175241 0.00487933 -0.00498388 0.00532857 0.00727709
internal_weight=205978 98420.7 2863.1 2585.4 1685.81 1276.28 412.604 107557 2659.56 95557.6 27829.3 19956.2 14203.6 7873.12 67728.3 65202.9 30307.7 24288.1 34895.3 24163.3 15102.9 13815.1 1287.85 12514.8 6019.56 34822.6 15591.4 9818.7 9060.35 3894.52 673.277 506.866 2454.71 12680 19231.2 1666.6 1518.38 863.672 3564.85 953.071 1300.31 1701.42 104897 3018.26 2660.43 395.168 222.443 171.546 2265.26 1769.01 963.044 50.8971 805.962 413.461 101879 58864.7 14293.7 43014.5 14092.8 28921.7 8829.44 8585.06
internal_count=21030354 7927224 3984119 3900581 2987043 1181440 15024 13103130 2399571 3943105 1182965 641209 200836 541756 2760140 2715935 1481785 1202147 1234150 945313 811474 722007 89467 688211 279638 1232996 507930 354105 133839 47458 17932 15184 112679 113801 725066 34302 31863 1166416 166959 23581 33796 84572 10703559 5818948 4180594 355844 60456 7176 3824750 3049345 2048603 53280 1000742 741433 4884611 2894891 1360747 1989720 629471 1360249 174010 168228
is_linear=0
shrinkage=0.1


Tree=112
num_leaves=63
num_cat=0
split_feature=32 8 25 1 24 3 4 11 28 29 27 18 35 9 28 7 35 34 4 30 16 3 33 30 7 16 3 25 0 0 28 27 7 34 1 7 18 25 19 30 19 34 27 7 25 24 24 1 13 24 3 0 24 25 11 26 19 9 31 0 4 13
split_gain=62.3639 100.783 61.6356 70.6178 77.9515 71.6405 68.3893 64.3473 58.9208 113.953 97.6999 72.5681 62.6531 92.3689 94.9888 87.9716 79.8089 135.142 100.456 150.739 138.996 136.595 111.145 101.591 95.9612 196.549 104.469 113.04 95.3754 92.8392 89.2577 173.493 328.569 173.506 157.711 204.14 180.745 154.115 144.462 143.745 131.838 122.268 153.382 174.327 116.84 272.738 245.413 117.248 102.828 165.382 261.246 124.584 98.3201 101.573 147.179 113.48 104.446 98.2841 98.2302 97.7726 200.221 110.621
threshold=15.500000000000002 71.707641601562514 5.5000000000000009 96.824596405029311 4.5000000000000009 11.882352828979494 0.94078704714775097 1.0000000180025095e-35 1371.0000000000002 27.500000000000004 423.50000000000006 5.5000000000000009 16.500000000000004 0.13392857462167743 5.5000000000000009 54.585502624511726 4.5000000000000009 1.4763050675392153 0.47228506207466131 4.5000000000000009 6.5000000000000009 48.074073791503913 0.54427462816238414 7.5000000000000009 84.240093231201186 4.5000000000000009 97.467948913574233 1.5000000000000002 26.158231735229496 13.667497158050539 4.5000000000000009 1.5000000000000002 47.76948547363282 1.8029962778091433 30.341388702392582 79.55173492431642 1.5000000000000002 4.5000000000000009 0.18783515691757205 11.500000000000002 0.17088134586811068 1.0000137090682986 1.5000000000000002 33.249580383300788 3.5000000000000004 3.5000000000000004 2.5000000000000004 80.243904113769545 1.0000000180025095e-35 4.5000000000000009 99.523811340332045 93.419914245605483 1.5000000000000002 2.5000000000000004 1.0000000180025095e-35 2.5000000000000004 0.30777391791343695 0.34848485887050634 0.61213031411170971 90.366767883300795 0.97002676129341137 1.0000000180025095e-35
decision_type=2 8 2 2 2 2 2 2 2 2 2 8 2 10 2 10 2 2 2 2 8 2 2 2 8 8 2 2 2 2 2 2 10 2 2 10 8 2 2 2 2 2 2 8 2 2 2 2 2 2 2 2 2 2 2 2 2 8 2 2 2 2
left_child=2 -2 8 5 6 7 -5 -4 12 11 -11 -10 16 14 -14 -16 30 18 21 24 -21 28 29 -24 25 26 27 -20 -18 -22 34 32 -32 -34 36 41 -1 -38 40 44 -37 42 43 -36 45 52 -46 -47 49 51 -51 58 -40 54 55 56 -54 -52 -48 61 -61 -55
right_child=1 -3 3 4 -6 -7 -8 -9 9 10 -12 -13 13 -15 15 -17 17 -19 19 20 22 -23 23 -25 -26 -27 -28 -29 -30 -31 31 -33 33 -35 35 38 37 -39 39 -41 -42 -43 -44 -45 46 47 48 -49 -50 50 57 -53 53 59 -56 -57 -58 -59 -60 60 -62 -63
leaf_value=0.027710963360483433 -0.067110000049575028 -0.00034474006345406742 0.051620344791693709 0.060776246953303796 -0.014688663378149967 -0.064003966407772908 0.31609470079913871 -0.044191032001590073 0.018189431733681663 -0.12397029959440714 -0.029645431286168613 -0.02733574563466229 0.042780832133867713 0.015734489783418765 -0.030456452852801907 0.0012760386574717873 -0.0039408679359274456 -0.029256710711447632 0.15726258591451259 0.022791149662331634 -0.061877261124679499 -0.048046804565774336 -0.050256431830512649 -0.0018696289657700216 -0.0028432765027345029 -0.049125182831762634 -0.012534664615520994 0.019119954559073116 -0.027991351762732208 0.0046109091421508838 -0.12884343437666065 0.0028458208716472494 0.045267252347604009 -0.00022589560498670566 -0.13362470996118511 -0.013466421532675894 -0.015268822211810043 0.037139919632988141 -0.052560368324495468 0.029978949933607377 -0.051859253089559056 -0.0010419404366972362 -0.0014835477035148937 0.048098388232921244 0.065433304744088386 -0.041076260265324398 -0.073128879124231924 0.085819437222933212 -0.011452838126779954 -0.010126130833378696 0.45007935040161268 0.037789087044356587 0.011818354665074967 -0.034086828279322044 -0.00086379826166687549 -0.023090442334388773 0.06921029739441821 0.098026607013666694 -0.024389165047659811 0.077598216212322435 -0.0043585541312200658 -0.0077117406063387465
leaf_weight=3722.3437844757964 361.37564478668389 603.95142222033576 129.05613037162038 74.663110054068966 227.707662915529 475.39675036958124 12.206317998099619 153.43356320962721 791.5948277371599 151.26235365105003 400.70381412760253 627.85526223827219 432.00384414369637 6313.8049599295155 1140.2423078463789 3736.5654154278564 19866.887954032973 1848.7307546475786 71.057786686080931 3798.8880618749895 211.75377306858718 798.71379934449942 734.59182235217395 1060.0941663042713 14934.81647882367 1480.8901725093565 1937.229315814634 356.01400769944564 1798.1158501629689 25522.230168348782 134.71340606178273 58418.257239636587 2513.7102861331878 1257.8486022373108 54.222257094295593 5564.5924589896313 2666.1578080363133 710.65422431958177 403.44316679998883 1236.9680407847482 1065.7184126568609 3134.0898515133281 1219.8419492911858 1997.1130843270187 326.98108754731948 85.824894263176247 1162.4588478055375 480.2796230094682 2789.1419190116867 114.35218922313652 19.808747694827616 154.44044822949218 560.24410280660413 2520.8240747680848 13106.751628982231 309.83314957699713 730.62017619252856 13.223619891738052 641.80106578911364 322.87052562148892 3883.04590718697 4307.3545520168846
leaf_count=75892 273218 16852 2057 22743 10636 76050 460 10958 49251 7073 29807 109228 269038 623941 425075 664715 903885 52810 13870 814675 6876 189442 602670 488884 249656 2022031 1165889 430613 986574 3203084 14726 4686368 66524 138880 11221 293780 204825 16801 13225 37515 13803 75406 74490 299441 11782 1490 51465 20762 106790 3159 283 7276 31275 90566 159558 60289 358206 1267 21394 17002 230442 110474
internal_value=1.88903e-05 -0.0253387 0.000138463 -0.0237718 0.0160577 -0.0403039 0.0966519 -0.000419362 0.000264383 -0.0169398 -0.0554945 -0.0019474 0.000432559 0.00755994 -0.00216211 -0.00614331 -3.32055e-06 -0.00255768 -0.00187753 0.000613588 0.00486023 -0.00743422 0.0023858 -0.0216751 -0.00647037 -0.0205581 -0.00266498 0.0421046 -0.00593697 0.00406381 0.00164068 0.00421015 0.0246137 0.0300949 -0.00136355 -0.00349563 0.0125134 -0.00423934 -0.00616211 -0.00346856 -0.0196375 0.0130732 0.0265968 0.043295 -0.00476419 -0.00208961 -0.0184444 0.0665813 -0.0240471 -0.040726 0.06143 -0.0484128 -0.00357651 -0.00280879 0.00263212 0.0312573 0.0443018 0.309145 -0.0557915 -0.010061 0.00193292 -0.0174489
internal_weight=205681 965.327 204716 1072.46 314.577 757.886 86.8694 282.49 203644 1971.42 551.966 1419.45 201672 11622.6 5308.81 4876.81 190050 74420 72571.3 50107.6 31327.6 22463.7 27528.7 1794.69 18780 3845.19 2364.3 427.072 21665 25734 115630 62324.5 3906.27 3771.56 53305 46205.8 7099.16 3376.81 39800.6 33170.3 6630.31 6405.27 3271.18 2051.34 31933.3 26711.1 5222.21 566.105 4895.23 2106.08 147.385 1958.7 26145 25741.5 14707.4 1600.7 1290.86 33.0324 1804.26 11034.1 4205.92 6828.18
internal_count=21028438 290070 20738368 122904 33839 89065 23203 13015 20615464 195359 36880 158479 20420105 1982769 1358828 1089790 18437336 11130959 11078149 8998248 5116189 2079901 4301514 1091554 3882059 3632403 1610372 444483 1890459 3209960 7306377 4906498 220130 205404 2399879 2102361 297518 221626 1641803 1334220 307583 460558 385152 310662 1296705 1093289 203416 22252 191634 84844 4709 80135 1071037 1057812 609328 449770 389481 1550 72859 448484 247444 201040
is_linear=0
shrinkage=0.1


Tree=113
num_leaves=63
num_cat=0
split_feature=26 10 9 11 20 11 9 1 18 26 9 26 18 20 7 27 32 32 29 20 33 35 7 29 19 18 20 33 11 16 18 3 28 8 29 25 34 0 7 9 18 33 18 32 11 29 32 9 0 1 3 1 35 8 9 11 11 33 18 34 25 18
split_gain=65.3438 65.4199 100.12 63.7055 56.7185 147.403 176.374 242.749 133.289 120.257 109.031 190.576 130.029 128.206 128.101 123.775 114.733 109.638 179.193 158.456 296.867 211.007 171.472 134.136 127.122 135.183 118.298 232.534 135.891 117.157 124.942 246.341 116.185 213.384 169.517 119.377 137.585 118.032 126.766 113.99 111.929 106.755 191.841 106.099 138.427 122.176 148.621 105.175 101.384 159.238 101.481 101.074 112.096 100.883 98.1062 550.114 129.227 111.787 97.4888 106.679 97.2633 95.9619
threshold=5.5000000000000009 3.5000000000000004 0.84523808956146251 3.5000000000000004 0.95146238803863536 1.5000000000000002 0.80909091234207164 98.61084365844728 1.0000000180025095e-35 1.0000000180025095e-35 inf 1.0000000180025095e-35 1.5000000000000002 0.72200244665145885 91.813587188720717 5.5000000000000009 11.500000000000002 2.5000000000000004 17.500000000000004 0.78607732057571422 0.2115648686885834 1.5000000000000002 97.642425537109389 14.500000000000002 0.1933449059724808 1.5000000000000002 0.67667496204376232 0.32381716370582586 1.0000000180025095e-35 1.5000000000000002 2.5000000000000004 87.609649658203139 179.50000000000003 69.100429534912124 21.500000000000004 2.5000000000000004 0.31160458922386175 43.27110671997071 80.08438873291017 0.29285715520381933 1.5000000000000002 0.0073653757572174081 1.0000000180025095e-35 11.500000000000002 1.0000000180025095e-35 18.500000000000004 9.5000000000000018 0.64583334326744091 88.047618865966811 95.488464355468764 99.523811340332045 33.508771896362312 2.5000000000000004 64.624767303466811 0.47222222387790685 1.0000000180025095e-35 1.0000000180025095e-35 0.069910019636154189 8.5000000000000018 1.0000137090682986 1.5000000000000002 3.5000000000000004
decision_type=2 2 10 2 2 2 8 2 8 2 8 2 8 2 8 2 2 2 2 2 2 2 10 2 2 10 2 2 2 8 10 2 2 10 2 2 2 2 10 10 8 2 10 2 2 2 2 10 2 2 2 2 2 8 10 2 2 2 8 2 2 8
left_child=3 -2 -3 4 10 6 9 8 51 -6 11 12 -1 14 16 -16 -12 18 23 20 21 -19 26 -13 -25 41 27 -22 39 40 -31 -32 35 -34 -35 36 -29 38 -38 -28 -20 42 -26 44 53 46 58 -39 -14 50 -50 52 -8 -37 55 -21 -56 -57 -46 -60 -58 -23
right_child=1 2 -4 -5 5 -7 7 -9 -10 -11 13 17 48 -15 15 -17 -18 19 29 54 22 61 -24 24 25 -27 28 32 -30 30 31 -33 33 34 -36 43 37 47 -40 -41 -42 -43 -44 -45 45 -47 -48 -49 49 -51 -52 -53 -54 -55 56 57 60 -59 59 -61 -62 -63
leaf_value=-0.011564015740164364 0.01610765512418779 -0.069971497775751443 -0.0033133637864288298 -0.094854092902008885 -0.036162253134577292 0.022274083482397615 0.044643616974338898 0.05096925249267921 -0.0056717751608970773 -0.0092828627938493398 -0.048645847093948702 -0.017535395217648304 0.023194559007521376 0.020372754661154645 0.010294580464378282 -0.046744412702910181 -0.17263921525653458 -0.0055883859452789293 -0.023810321197589929 0.045215228659256305 0.025571137870462259 0.011737507614036703 0.022272011236774244 0.00012555759791964475 0.027808623959450066 0.091339594080226599 0.046426513002683925 -0.05472531483327199 -0.013956453334855276 0.0093010297633390367 -0.040590658798795268 0.060687689413947636 -0.035883455457783105 -0.02426238576317016 0.031209038777006551 0.023275432619313766 -0.04964400728106963 0.0050150322015223145 0.0038667818703945821 -0.0010357940742558101 0.054950568973093028 0.014834338454299052 0.1334472725416912 0.0045861412853352079 -0.0081129631580199538 -0.0046457982448425321 -0.036019192531571168 0.036889558722617337 0.040908693854426727 0.022011840065345335 0.17201037439261971 -0.0024167868978651579 0.0099715937130070553 -0.0037517482105341145 -0.015543177561168074 0.0061691926088067416 0.035215717983734372 -0.027226561431483762 0.00074098353045940239 0.2612907182211916 0.0021103037090419545 0.038718092636190748
leaf_weight=911.21214723656476 316.08237959341204 452.32159485758166 449.00386399957642 70.484252778696828 1888.3371777364919 2255.467425782801 1201.9505662391384 922.88151834801101 20654.412510609742 14038.662126347426 685.36427246782114 572.3193180511571 2899.3308128220183 689.5463464641216 955.22736267153232 632.25015713438916 83.744847224486875 2381.5017988327309 2193.2493559413888 1340.5809740647583 3547.7571244031278 1983.8163195817651 3284.8368217671959 792.42170052253459 520.29545815178062 522.16108526640164 679.32757655792921 393.39724399113038 11702.289927879463 14387.208329580728 1228.1491396409019 298.53991877628141 2497.3139680150198 988.2371586038862 1244.8634455386564 1709.421114276528 809.44955335951818 35316.983406676591 977.13388967361243 1983.5049814453414 196.60979620145554 1162.4095226483187 256.73466231844213 9485.4771819734706 2382.8884281138553 6078.4921325636651 4084.8132775560243 1066.4642116495379 90.052382830398386 324.61781822360689 171.46497073668385 4637.0071451394615 4158.8681269007284 7190.1161276489156 3861.5972940513802 1139.0235773730037 1064.9379206650046 8351.6892846972241 35.102679429539421 28.450996423140168 5325.2700817383484 3929.1899211607051
leaf_count=9438 63094 11019 13367 406348 25490 122941 20584 1104823 728655 369809 71002 31031 393176 32703 16360 11026 7155 43460 56363 143246 303153 147751 142737 35303 19437 33216 199709 899699 762224 594313 262656 14521 1130926 36161 34261 635269 1399268 4877236 215743 353180 9413 35777 11108 1146132 279310 1085378 551222 120068 850 31650 9708 230344 61021 161828 290344 35362 21753 413283 30969 316 134809 591086
internal_value=6.15671e-05 -0.0230375 -0.0367651 0.000199236 0.000232047 -0.00270416 -0.00389016 0.000437519 -0.0010839 -0.0124697 0.00117805 0.00155495 0.02207 -0.0175535 -0.0286509 -0.0124225 -0.0621469 0.000941336 0.00742855 -0.000208417 0.00139721 0.0195439 -0.00017912 0.0271096 0.0349617 0.046176 -0.00097898 0.000559825 -0.00931688 0.00331429 0.00641466 -0.020786 -0.000634626 -0.0157995 0.00666069 0.000396686 0.00411069 0.00471708 -0.0203774 0.0110725 -0.0173308 0.0340164 0.0627122 -0.00422425 -0.00810959 -0.0148491 -0.0243451 0.00594933 0.030863 0.0687949 0.126866 0.00839416 0.0177454 0.00143963 -0.00811205 -0.0147486 -0.00110039 -0.0232186 -0.00485288 0.117381 0.00762737 0.0296661
internal_weight=205482 1217.41 901.325 204265 204194 49757.6 47502.1 31575.1 30652.2 15927 154437 151391 4396.68 3046.13 2356.59 1587.48 769.109 146994 22130.1 124864 103781 8294.51 95486.3 3826.34 3254.02 2461.6 92201.5 77836.4 14365.1 18303.8 15913.9 1526.69 74288.6 4730.41 2233.1 69558.2 38563.4 38170 1786.58 2662.83 2389.86 1939.44 777.03 30994.8 21509.3 12609.7 6531.26 36383.4 3485.47 586.135 261.517 9997.83 5360.82 8899.54 21083.1 10831.3 10251.8 9490.71 2446.44 63.5537 6390.21 5913.01
internal_count=21029584 87480 24386 20942104 20535756 2663667 2540726 2145427 1040604 395299 17872089 17733843 444822 138246 105543 27386 78157 17289021 1103138 16185883 15147086 782297 14364789 165872 134841 99538 14222052 12906939 1315113 937266 871490 277177 12603786 1201348 70422 11402438 7512014 6612315 1615011 552889 65776 66322 30545 3890424 2744292 1947195 861817 4997304 435384 42208 10558 311949 81605 797097 1038797 591891 446906 448645 310595 31285 156562 738837
is_linear=0
shrinkage=0.1


Tree=114
num_leaves=63
num_cat=0
split_feature=3 0 25 0 27 3 3 3 0 25 3 25 27 24 1 2 24 2 0 1 2 0 25 1 22 2 1 24 8 1 3 2 2 7 25 1 7 2 29 3 2 0 25 3 1 0 7 1 2 2 7 19 0 2 0 13 3 25 3 25 28 2
split_gain=59.9813 508.105 259.705 234.168 248.536 203.117 183.082 170.571 133.76 133.14 135.433 115.932 115.029 246.857 109.531 148.314 107.414 225.33 279.77 208.44 125.016 105.982 128.799 99.4102 94.5417 150.175 169.984 145.064 118.183 109.841 128.601 115.957 97.91 95.1106 90.9346 394.517 429.495 359.657 220.16 154.156 184.407 193.712 190.78 188.117 201.666 194.876 202.52 176.656 268.164 285.105 191.873 179.283 178.264 173.724 342.942 336.608 251.944 216.348 183.786 305.333 284.244 268.686
threshold=9.1966171264648455 8.9220566749572772 3.5000000000000004 9.7167587280273455 149.50000000000003 10.668563365936281 32.690166473388679 1.0000000180025095e-35 5.7556936740875253 2.5000000000000004 11.882352828979494 1.5000000000000002 31.500000000000004 2.5000000000000004 31.643132209777836 4.4694132804870614 2.5000000000000004 5.5946791172027597 7.9473683834075937 7.4537036418914804 4.7065336704254159 8.9220566749572772 3.5000000000000004 8.4806714057922381 1.0000000180025095e-35 12.632978916168215 17.192117691040043 3.5000000000000004 49.285570144653327 9.2130856513977069 11.269841194152834 8.3920187950134295 58.397436141967781 99.81412506103517 1.5000000000000002 77.849929809570327 84.643459320068374 77.849929809570327 18.500000000000004 60.158729553222663 60.943256378173835 85.565475463867202 2.5000000000000004 86.425064086914077 91.024166107177749 80.982517242431655 31.045191764831547 90.366767883300795 89.512962341308608 75.905715942382827 78.085052490234389 1.0000000180025095e-35 81.769306182861342 80.901721954345717 90.990257263183608 1.0000000180025095e-35 96.60919570922853 3.5000000000000004 96.49015045166017 2.5000000000000004 20.500000000000004 89.009658813476577
decision_type=2 2 2 2 2 2 2 2 2 2 2 2 2 2 2 2 2 2 2 2 2 2 2 2 2 2 2 2 10 2 2 2 2 10 2 2 8 2 2 2 2 2 2 2 2 2 10 2 2 2 8 2 2 2 2 2 2 2 2 2 2 2
left_child=3 2 6 7 14 23 8 21 11 -10 16 -2 13 -9 15 -5 17 18 20 -19 -11 22 -1 -4 25 26 -3 28 -26 30 -30 -32 33 -31 -27 36 -36 38 -38 -37 41 42 -41 47 -45 46 -46 48 49 -42 -49 -51 -53 54 55 57 -56 -47 59 60 -55 -61
right_child=1 24 5 4 -6 -7 -8 12 9 10 -12 -13 -14 -15 -16 -17 -18 19 -20 -21 -22 -23 -24 -25 27 34 -28 -29 29 32 31 -33 -34 -35 35 39 37 -39 -40 40 43 -43 -44 44 45 53 -48 50 -50 51 -52 52 -54 58 56 -57 -58 -59 -60 61 -62 -63
leaf_value=-0.016650753809440758 0.13551021730216689 -0.00032331095248250969 -0.068987300750045805 -0.044387581840751533 0.019618409534152698 -0.11578480356418425 -0.1317266847687589 -0.089720642891411406 0.028749021943828897 0.083600712091350282 -0.10997437363133462 -0.11438007286530638 0.024012581237275718 0.055359366713905137 0.027199130830630466 -0.13825908474795034 0.055537337625946995 0.06958608357041518 0.057512777210294241 -0.18615888305584896 -0.16283727614745649 0.015406654346821045 -0.11336002139717923 -0.0014340435024796667 0.03424916952693078 0.0040827197347004579 -0.058825297779783708 -0.18431338343133072 -0.0045236277871310944 0.0013939065900957441 -0.13228935930593377 0.029307587471364235 0.078784220340836958 0.021043093701890676 -0.060059796603888382 0.076755915380338685 0.018071761473027841 -0.064425647824110616 -0.01628394740697011 -0.055724221982572243 0.00068433647089404632 0.032404362801922548 0.0041593777055156968 -0.0098853892848789326 -0.010227024368416375 -0.086535863493275425 0.015923987001150261 0.058704995380514019 -0.073990712789056362 0.0015645683812117849 -0.0071028347476129357 0.032523875910778287 0.081325843407769577 -0.011301493364489146 -0.065391561696444431 0.082331312131741885 0.087176670843216175 0.0096752313815772206 -0.001693677063955617 -0.045963644923025258 0.085730858717368491 0.057664033412834409
leaf_weight=407.71449916321126 20.805872879894849 1057.2307277749439 505.18863626453719 866.63892091023013 826.39798888118275 584.00528502951795 127.69697376711224 270.49944377073308 859.96564782248561 25.532102403992198 157.81681764479617 172.41262422538651 6573.001962420265 207.05633421762985 155.38866311930656 208.87897157221914 197.17859057667386 41.827693108028143 326.85470293565595 133.85067168685134 106.23984105563569 429.48988625414131 207.95279030806341 382.98657269847718 1552.0677308904233 38481.858923221793 936.72986753246209 39.298584299895083 552.49166703975061 9868.6361009604789 179.7144727471532 58.977171493199421 189.02672064209764 3282.9166848757304 2119.048322298268 262.31140526841045 3124.7206419716185 1064.4721244793036 4627.7350326963751 1646.5246403161693 2306.6742217329202 492.36696105152896 785.95449503194936 19493.391457891892 3722.7848526838407 1161.5251852081865 14478.612282840151 489.1883728933542 267.41533656990941 747.42458051408039 4698.0768066751762 1535.6618834528847 1460.2191680861335 3122.4839748248955 154.08781061044749 167.98799910366779 363.74443776305259 292.60197243581842 63841.838501643768 285.19250702309546 334.20961800978876 2039.3650137717418
leaf_count=13474 404 38932 42775 42093 15565 47785 6787 66017 18130 837 8155 16363 108812 7652 18977 5978 5596 1687 5849 5830 7204 10226 14983 10619 80455 3653428 156925 1519 9981 176150 4439 946 4115 49067 5890569 30423 666390 23498 1088220 89849 114008 13708 57740 1634928 190162 48498 1144393 138719 23980 14054 115036 63855 37879 49183 4913 7063 16784 15282 4768170 9747 16979 97535
internal_value=-0.00016817 -0.000558479 -0.0375574 0.00732533 -0.0228009 -0.0699777 -0.0155646 0.0149811 -0.00830208 -3.01251e-05 -0.0250469 -0.0874718 0.0205697 -0.0268176 -0.0512801 -0.0626186 -0.00892751 -0.0289669 0.00792151 -0.125268 -0.115088 -0.0227193 -0.0493161 -0.0398579 0.00014604 -0.000519274 -0.0278066 0.00757481 0.00805562 0.00517882 -0.0310233 -0.0923611 0.00732584 0.00629878 -0.000205795 -0.00142746 -0.0196359 -0.00992045 -0.00243647 0.000176461 1.43163e-05 -0.024797 -0.0363753 0.000614248 -0.000664256 0.00133377 0.0105752 0.0127782 0.0240069 0.0283385 -0.000896785 0.0453793 0.0563104 -0.00101017 -0.0290745 -0.051693 0.041778 -0.0671761 -0.000147574 0.0169259 -0.00191994 0.0449503
internal_weight=205080 194927 3642.36 10153 2057.3 1472.18 2170.18 8095.71 2042.48 1849.27 989.3 193.218 7050.56 477.556 1230.91 1075.52 831.484 634.305 458.627 175.678 131.772 1045.16 615.667 888.175 191285 175561 1993.96 15723.1 15683.8 14131.8 791.183 238.692 13340.6 13151.6 173567 135086 10936 8816.93 7752.46 124150 123887 2924.85 2432.48 120962 109458 89964.4 18201.4 11504.7 6317.4 6049.98 5187.27 3743.31 2995.88 71763 2139.95 1622.12 517.832 1454.13 69623.1 5781.25 3456.69 2324.56
internal_count=21029320 20725543 178021 303777 82613 101179 76842 221164 70055 53288 35158 16767 182481 73669 67048 48071 27003 21407 13890 7517 8041 38683 28457 53394 20547522 20220850 195857 326672 325153 244698 15366 5385 229332 225217 20024993 16371565 7668677 1778108 1754610 8702888 8672465 161297 147589 8511168 8003637 6368709 1334555 507531 253776 229796 253755 115788 101734 5034154 92540 70843 21697 63780 4941614 173444 66162 107282
is_linear=0
shrinkage=0.1


Tree=115
num_leaves=63
num_cat=0
split_feature=11 35 35 30 34 2 1 16 2 16 30 3 1 28 19 3 8 4 3 3 0 20 3 11 34 28 8 29 30 18 32 29 18 18 4 20 2 31 18 18 29 22 7 18 2 0 33 7 28 29 8 33 28 30 2 33 8 16 35 34 29 18
split_gain=55.0006 45.651 79.4427 153.853 188.305 168.682 194.19 128.956 290.189 121.575 194.265 113.566 110.015 109.806 97.979 91.7672 85.2899 83.6052 88.8468 85.179 84.6948 76.4535 86.7211 95.7645 78.125 77.6592 71.3817 67.9711 77.8052 72.8408 65.0042 224.146 94.1234 68.9429 118.598 65.2615 64.4867 61.8419 61.3068 60.4526 94.7673 123.189 106.23 160.64 67.8366 60.3192 59.9375 59.9295 114.292 171.265 113.815 76.4383 71.1403 131.622 103.48 96.4489 113.599 107.462 95.472 219.578 187.868 160.117
threshold=3.5000000000000004 16.500000000000004 5.5000000000000009 3.5000000000000004 1.0000137090682986 29.459980010986332 28.743545532226566 2.5000000000000004 98.07621002197267 6.5000000000000009 7.5000000000000009 14.55026435852051 84.660633087158217 5.5000000000000009 1.0000000180025095e-35 72.065574645996108 76.376262664794936 0.72802454233169567 48.074073791503913 41.444372177124031 18.808961868286136 0.87270551919937145 42.488718032836921 1.0000000180025095e-35 1.0000137090682986 709.50000000000011 82.574726104736342 25.500000000000004 21.500000000000004 7.5000000000000009 5.5000000000000009 17.500000000000004 4.5000000000000009 4.5000000000000009 0.88335323333740245 0.70841422677040111 50.31645584106446 0.3018977046012879 6.5000000000000009 6.5000000000000009 15.500000000000002 1.0000000180025095e-35 86.217220306396499 3.5000000000000004 5.1615052223205575 30.860805511474613 0.28143820166587835 84.240093231201186 94.500000000000014 25.500000000000004 58.082538604736335 0.59098702669143688 4.5000000000000009 11.500000000000002 92.084377288818374 0.86947098374366771 75.369602203369155 2.5000000000000004 2.5000000000000004 1.3757115006446841 17.500000000000004 8.5000000000000018
decision_type=2 2 2 2 2 2 2 8 2 10 2 2 2 2 2 2 10 2 2 2 2 2 2 2 2 2 10 2 2 8 2 2 10 10 2 2 2 2 8 8 2 2 10 10 2 2 2 8 2 2 10 2 2 2 2 2 10 10 2 2 2 8
left_child=1 2 47 4 7 6 15 13 12 21 26 -8 -9 16 -13 17 -4 18 19 37 -20 22 45 24 -24 -23 36 29 -29 -3 31 32 -25 -33 -35 46 -11 -5 -26 40 41 -39 43 -42 -41 -7 -32 48 -1 50 51 -50 53 55 -55 57 -57 58 60 -60 -49 -62
right_child=-2 27 3 5 -6 9 11 8 -10 10 -12 14 -14 -15 -16 -17 -18 -19 20 -21 -22 25 23 30 38 -27 -28 28 -30 -31 35 33 -34 34 -36 -37 -38 39 -40 44 42 -43 -44 -45 -46 -47 -48 52 49 -51 -52 -53 -54 54 -56 56 -58 -59 59 -61 61 -63
leaf_value=0.0087480357979036298 -0.091537317648368616 0.020178883996936955 0.030290251133783419 0.078309206303221177 -0.046350413060771749 0.0061629593924437988 0.030242845456200252 -0.026739949573379197 -0.0072722576122967219 0.018060055255212683 0.011164680197859754 -0.051076932603716686 -0.091678443580645724 -0.0124617340148427 0.054059607111777479 -0.13125439208534589 -0.036684229864119809 0.11163034077224752 -0.082671134558798362 0.033084841629468294 -0.013022550902077401 -0.0049963914193646534 0.0271148339947021 0.045054913897905301 0.005166254941977793 0.047132052220884228 0.067217958987354567 -0.020933265635591683 0.0064580277728774147 0.00074928407278092692 0.045789235179648807 -0.00062799509572357643 0.13225643833799211 -0.014180820733619585 0.13998498081268559 -0.023860425911274671 -0.06519166366231352 0.070423552445568804 -0.10460820562964901 -0.048884175531426016 0.033708190401465166 -0.07170586755750355 -0.0076126579457217406 -0.010453773422987846 -0.0074534225063760829 -0.054487141560551025 0.00087103937058053641 0.013539887006823532 0.0029439015306584157 -0.063776577705526805 0.015970620883994167 -0.051045967629042725 0.0023484691865528215 0.012821774906142704 -0.021678506057352463 0.023453927751633175 -0.063826962335000195 0.0069560475336940507 -0.0073128187136231775 -0.034464265437963999 -0.016089968168064121 0.0076749290309352782
leaf_weight=18675.533951226378 65.578906728915172 4358.7636156737499 1673.9205542395525 90.860436454338924 1558.312134667136 331.37663439269318 223.46468577036512 444.24342407325253 4665.8104296701622 104.70885863999865 1112.0667643022703 1658.0569572160257 632.06373148251373 1679.8718156815216 93.645373625836783 56.593312788063486 214.50859231875802 62.620656094601145 269.32590033755923 639.91720500970041 496.38507181868908 5257.8847778585477 4762.6445480521834 818.546803902178 144.73516851780005 302.21413531962207 49.56190005406097 1673.3696827738986 2726.9300510342509 3462.0860432097452 328.10307151731286 2974.34717266591 145.83222302914601 103.64274636277605 96.231943281356507 1001.3830268663032 835.11864161264521 337.67718111132672 78.451236105360294 615.3792163519679 1703.655482359387 74.422682785212601 13848.366836181718 1594.6630605771497 1104.5558090149175 324.61538612927279 3140.4903738396342 5078.1589126644176 479.08621621311158 528.86177015938392 1543.0267192808478 579.33922115697897 62364.261020080754 7450.3005107666249 984.23828418838093 1863.8652648339194 162.08799092867412 5654.8006424607447 13931.085588530936 3788.5367333261966 9517.7368068360738 4037.8537578135074
leaf_count=4173635 409948 519781 316432 7280 95227 327489 15694 562117 1027067 267539 353022 986068 133189 334167 114281 1572 4249 1271 12612 104697 50822 239779 602462 25352 9937 13142 1228 214496 403124 932317 32808 126638 12796 58547 978 74771 488921 19749 4444 78277 108814 4931 260571 281022 381293 744613 1206491 369907 26962 35193 39733 788282 1975866 251482 20826 41459 1451 257037 492811 99165 396167 92128
internal_value=2.82038e-05 5.75655e-05 -0.000319092 -0.00350405 -0.0141769 -0.000913687 -0.00692123 -0.00879191 -0.0180694 0.0053564 -0.0175138 -0.036892 -0.0648752 0.00613745 -0.0454564 -0.00408807 0.0226826 -0.0037427 -0.00409045 -0.00281118 -0.0375203 0.00778242 0.0116628 0.0133765 0.024405 -0.002163 -0.0497481 0.00598394 -0.00395848 0.0115779 0.00698906 0.01602 0.0582414 0.00319241 0.0600441 -0.00137234 -0.0559164 -0.00399709 -0.0334201 -0.004385 -0.00263242 0.0447559 -0.00377134 0.0123569 -0.022277 -0.0238495 0.00511997 0.000978077 0.00578404 -0.0118993 -0.00135288 -0.026608 6.54643e-05 -0.00264812 0.00879589 -0.00484016 0.016471 -0.00586795 -0.00786273 -0.0131179 -0.00286535 -0.00901103
internal_weight=204576 204510 192289 55650.3 10868.7 44781.5 22869.6 9310.42 5742.12 21912 2101.46 1975.17 1076.31 3568.3 1751.7 20894.4 1888.43 20837.8 20775.2 20009.5 765.711 19810.5 14250.4 13594.4 4985.83 5560.1 989.389 12221.1 4400.3 7820.85 8608.58 4138.6 964.379 3174.22 199.875 4469.98 939.828 19369.6 223.186 19278.7 17558.8 412.1 17146.7 3298.32 1719.94 655.992 3468.59 136639 21805.8 3130.31 2601.45 1058.43 114833 52468.7 8434.54 44034.1 2025.95 42008.2 36353.4 17719.6 18633.7 13555.6
internal_count=21034129 20624181 18554463 9492359 2472448 7019911 2428954 2377221 1722373 4590957 1110710 1116043 695306 654848 1100349 1312911 320681 1311339 1310068 1246634 63434 3480247 3227326 2155224 616843 252921 757688 2069718 617620 1452098 1538381 224311 38148 186163 59525 1314070 756460 1141937 14381 1134657 675087 24680 650407 389836 459570 1072102 1239299 9062104 5063805 890170 854977 815244 3998299 2022433 272308 1750125 42910 1707215 1450178 591976 858202 488295
is_linear=0
shrinkage=0.1


Tree=116
num_leaves=63
num_cat=0
split_feature=26 10 9 11 24 33 25 0 11 1 4 32 2 9 19 9 20 34 9 29 32 18 11 18 32 4 29 20 32 18 19 29 18 35 29 20 16 32 20 33 7 26 20 19 7 4 9 7 20 11 2 32 26 25 11 32 11 7 9 32 19 20
split_gain=55.1853 101.92 222.652 59.6933 52.1831 70.5787 97.8682 442.857 88.585 59.7209 59.2061 66.3869 55.351 50.9961 49.2983 48.8914 47.057 53.0947 68.0964 45.7207 116.678 128.191 102.97 80.4807 284.443 103.434 64.3625 69.6406 64.1966 130.871 78.1868 73.1794 53.4876 80.9378 124.728 78.2907 77.9879 249.554 78.5644 187.828 102.21 83.3327 91.3172 83.2427 243.184 241.55 99.8626 89.2078 95.3534 82.9754 81.8114 78.5694 77.5298 75.7089 67.8357 66.911 61.4881 57.8998 63.2343 251.812 322.533 259.414
threshold=4.5000000000000009 2.5000000000000004 0.80909091234207164 1.5000000000000002 4.5000000000000009 0.555497705936432 4.5000000000000009 75.905715942382827 1.0000000180025095e-35 93.419914245605483 0.63418087363243114 10.500000000000002 77.485187530517592 0.087121214717626586 0.60669055581092846 0.23611111193895343 0.72200244665145885 1.070387125015259 0.73214286565780651 15.500000000000002 5.5000000000000009 2.5000000000000004 1.0000000180025095e-35 6.5000000000000009 7.5000000000000009 0.70604845881462108 12.500000000000002 0.82229125499725353 4.5000000000000009 4.5000000000000009 0.1933449059724808 14.500000000000002 2.5000000000000004 1.5000000000000002 17.500000000000004 0.97752270102500927 2.5000000000000004 3.5000000000000004 0.69724509119987499 0.30268433690071112 97.064975738525405 1.0000000180025095e-35 0.95146238803863536 1.0000000180025095e-35 61.925832748413093 0.70604845881462108 0.19090909510850909 42.650545120239265 0.47251839935779577 1.0000000180025095e-35 38.529016494750984 3.5000000000000004 1.0000000180025095e-35 1.5000000000000002 1.5000000000000002 4.5000000000000009 1.0000000180025095e-35 99.81412506103517 0.80909091234207164 3.5000000000000004 0.12354665622115137 0.97752270102500927
decision_type=2 2 10 2 2 2 2 2 2 2 2 2 2 10 2 10 2 2 10 2 2 10 2 10 2 2 2 2 2 8 2 2 10 2 2 2 8 2 2 2 8 2 2 2 10 2 10 10 2 2 2 2 2 2 2 2 2 8 8 2 2 2
left_child=4 3 16 13 19 6 7 10 -9 -8 -6 -12 -7 -2 -11 -10 -3 -18 -19 20 21 -1 -22 -24 25 -25 -23 28 30 31 -28 -30 -21 34 35 -34 37 -35 39 50 43 42 -40 46 47 49 54 48 -45 -46 55 -47 -39 -42 -41 -38 -54 58 59 60 -43 -62
right_child=1 2 -4 -5 5 12 9 8 15 14 11 -13 -14 -15 -16 -17 17 18 -20 32 22 26 23 24 -26 -27 27 -29 29 -31 -32 -33 33 36 -36 -37 38 52 41 40 53 57 -44 44 45 51 -48 -49 -50 -51 -52 -53 56 -55 -56 -57 -58 -59 -60 -61 61 -63
leaf_value=0.00094266566114399966 0.0026823533274437585 -0.017119649570748144 0.0068606526153897731 -0.070893873487019143 -0.039161345157827154 -0.11054544699924825 -0.072688334611780259 0.073177860346984966 0.33718365486690671 0.028016781560327986 0.073386175156456054 -0.09881247264892723 -0.029914055053122862 0.052776530384981701 -0.024524906957845791 0.17571922687449851 -0.085310704185674602 -0.022653243698289173 -0.10567131387114277 0.0011298024973707052 0.016007243944664011 -0.0088232263171089936 -0.024991222912643166 -0.044994185408286314 -0.013690673085901266 0.19051788216907248 0.0080795332516233366 0.021212770113318923 0.076335279645072932 0.11880615683145426 0.096835265703617918 -0.01396109277090129 0.070640168125440814 0.076355126155467759 0.0027699015668108521 0.0032687684110101383 -0.024913438169270163 0.034057108335454729 0.026103585959853865 -0.019143564126232099 0.074090615273680646 -0.0041083454859902968 -0.017754900259698957 1.9754240222233284 0.23685503571637329 0.076499225745638499 0.0002444409987947431 0.16521140111443003 0.45039834820540858 0.071390689394238302 0.039737301514201864 -0.0034630623507741322 0.043214992948572221 0.01298281795736673 -0.065808117787832882 0.026217828591619391 -0.025465120249609965 0.0012074970060289277 -0.018054448156883774 -0.012499374849109898 0.098570595767072208 0.0043152035060537155
leaf_weight=3008.6878980659317 461.73317117717914 334.56519990223751 1378.3030837175102 70.894043490231866 298.19509887173172 99.597056779880404 184.25176749143793 32.869148468915228 44.601264208169596 245.49031978911989 113.47360385220782 27.891392622442254 586.38939838496935 362.96738239595101 655.15039552676535 32.3593869516626 467.92573854498187 466.51875900418963 125.35389556537848 130660.48390804749 1543.55007915953 380.31520036642905 2337.1852627571839 22.681436975597535 702.26949315919228 104.86928083787643 127.39601978781957 1579.7084458871705 117.58651894499872 133.89751975218178 449.27858125060447 379.17014121583907 497.54292998528763 280.88056812644209 3629.0325018386102 264.01779388352588 444.20361470774424 246.65454492831486 1609.7550758752823 3036.1529460692727 253.56858712201574 2319.1251928813763 673.28549448240847 0.52615547890854886 51.687720585599891 126.52076162295998 3451.7315788932137 71.883834411983116 1.857157166175966 73.26594776951606 1787.0782651056961 4270.7629995180469 134.23867175954365 1011.5769066954308 347.13600219444561 603.84033900952545 4506.2024037558585 7078.9448483465894 5895.0387279693641 12768.041723185137 707.54951401853214 497.17866311167018
leaf_count=221333 69611 15416 42083 83362 73780 42860 7975 3661 467 9430 6243 1157 42082 40294 23192 392 14939 6461 1419 12825402 171380 32294 284278 21376 79688 1329 14489 98282 4890 11096 15841 13285 18297 18768 180166 51347 192820 5213 39547 1550454 5764 415750 15604 169 1126 3176 1128845 2906 398 5314 118588 84946 45898 31986 424602 421580 63353 298771 456059 1144861 14092 9814
internal_value=-1.35557e-05 -0.0121683 -0.0216417 0.0171604 0.000208814 -0.0147009 -0.00340129 0.030987 0.210601 -0.0208155 -0.0138919 0.0394113 -0.0416208 0.0247298 -0.0102035 0.269293 -0.0498157 -0.0601374 -0.0402358 0.00038337 0.00668339 0.0157247 -0.00517067 -0.0154925 0.0112608 0.148638 0.0297662 0.035032 0.0531136 0.0310633 0.0772278 0.00741283 1.71876e-05 -0.00254949 0.010491 0.0472839 -0.00364531 -0.0153063 -0.0023653 0.00345671 -0.00173979 -0.00523152 0.0131694 -0.00472463 0.00568121 0.00273356 -0.0117225 0.185168 0.787073 0.139836 0.0267284 -0.00116235 -0.0205745 0.0252304 -0.0239315 0.00454632 -0.0234783 -0.00666698 -0.00917941 -0.00596808 0.0176969 0.0596724
internal_weight=204175 3668.26 2772.67 895.595 200507 2320.27 1634.28 549.39 109.83 1084.89 439.56 141.365 685.986 824.701 900.641 76.9607 1394.36 1059.8 591.873 198186 10886.6 6176.04 4710.56 3167.01 829.82 127.551 3167.35 2787.04 1207.33 630.654 576.675 496.757 187300 56639.3 4390.59 761.561 52248.7 5167.98 47080.7 15531.8 12696.7 31548.9 2283.04 11431.5 4596.5 4522.24 6835.02 74.2671 2.38331 124.954 2835.12 4397.28 4887.1 1265.15 3383.29 1048.04 4640.44 29265.9 22186.9 16291.9 3523.85 1204.73
internal_count=21030001 273585 80318 193267 20756416 211239 126297 85700 4520 40597 81180 7400 84942 109905 32622 859 38235 22819 7880 20545177 969561 411510 558051 386671 102393 22705 190177 157883 59601 29271 30330 18175 19575616 6750214 249810 69644 6500404 133232 6367172 3972674 3239686 2394498 55151 3201936 98035 94562 3103901 3473 567 6440 732988 88122 114464 37750 1975056 614400 109251 2339347 2040576 1584517 439656 23906
is_linear=0
shrinkage=0.1


Tree=117
num_leaves=63
num_cat=0
split_feature=21 34 4 25 26 34 11 9 9 11 9 9 0 0 13 27 9 10 11 26 20 9 9 9 18 11 4 25 28 9 31 27 19 13 26 9 13 34 32 28 24 22 11 3 18 0 1 33 4 24 0 3 25 34 1 25 19 20 3 26 13 9
split_gain=63.294 76.29 87.9785 63.1753 62.4272 104.164 108.619 207.754 100.687 110.694 219.901 195.593 146.15 109.542 101.786 114.792 95.0002 134.602 91.5865 149.637 109.971 180.125 108.823 105.311 82.0085 78.455 75.9798 75.4355 73.6094 72.5471 71.6987 94.013 74.1547 71.6043 70.4926 69.9695 107.475 80.1274 70.2403 66.7124 63.5041 62.0823 163.647 76.2533 86.5532 61.9794 61.3429 59.9952 59.6268 58.9549 78.4888 68.3064 179.14 58.7064 56.221 55.9214 61.8242 53.5809 53.2376 55.4924 52.7658 125.781
threshold=1.0000000180025095e-35 0.39825347065925604 0.78037142753601085 2.5000000000000004 1.5000000000000002 0.99603545665740978 1.5000000000000002 0.23611111193895343 0.58571431040763866 1.5000000000000002 0.29285715520381933 0.087121214717626586 78.979854583740249 99.494949340820327 1.0000000180025095e-35 1.5000000000000002 0.47222222387790685 2.5000000000000004 1.0000000180025095e-35 3.5000000000000004 0.73092803359031688 0.92582416534423839 0.78888890147209179 0.64583334326744091 1.0000000180025095e-35 1.0000000180025095e-35 0.77440893650054943 1.5000000000000002 6.5000000000000009 inf 0.82880055904388439 19.500000000000004 0.20220256596803668 1.0000000180025095e-35 1.0000000180025095e-35 0.29285715520381933 1.0000000180025095e-35 1.922174394130707 11.500000000000002 151.50000000000003 1.5000000000000002 1.0000000180025095e-35 1.0000000180025095e-35 71.039428710937514 8.5000000000000018 87.841831207275405 87.026645660400405 0.14002192020416263 0.86316624283790599 2.5000000000000004 77.003208160400405 71.516754150390639 2.5000000000000004 1.1331304907798769 97.467948913574233 2.5000000000000004 0.41295713186264044 0.26127095520496374 91.945945739746108 3.5000000000000004 1.0000000180025095e-35 0.19090909510850909
decision_type=2 2 2 2 2 2 2 10 8 2 10 10 2 2 2 2 10 2 2 2 2 10 10 10 8 2 2 2 2 8 2 2 2 2 2 10 2 2 2 2 2 2 2 2 8 2 2 2 2 2 2 2 2 2 2 2 2 2 2 2 2 8
left_child=-1 2 -2 46 5 47 26 -8 9 10 11 14 -12 18 41 28 60 -18 20 23 -10 53 -21 -20 -23 27 29 -14 -16 49 32 34 39 -13 -32 -34 38 -38 55 -28 -17 43 -43 -6 -45 -29 -4 -3 -46 51 -51 -7 -53 -22 -52 -37 -57 -9 -27 -60 61 -11
right_child=1 4 3 -5 8 6 7 57 13 16 12 33 25 -15 15 40 17 -19 19 22 21 24 -24 -25 -26 58 30 45 -30 -31 31 -33 35 -35 -36 36 37 -39 -40 -41 -42 42 -44 44 48 -47 -48 -49 -50 50 54 52 -54 -55 -56 56 -58 -59 59 -61 -62 -63
leaf_value=-0.0018501958062243102 -0.06036255222566847 0.022348117825742822 -0.0030884382719366002 0.012103867915488918 -0.061743178357901302 0.00032114629521927401 0.0031483857542379309 -0.043472152698559981 0.031377116309190677 -0.083448311634910552 0.0010933690510579678 0.024320336242488711 0.10636307099124763 0.11151009031510116 0.05095145079274558 0.043246156134296582 0.054439204170547699 -0.063324440552388603 0.12384046680792907 -0.026531541358944873 -0.032276762303800437 0.013700354543677535 0.024629591196056146 0.025140113663361219 -0.0074581186573433808 0.0057889515748097671 -0.031363851330487642 -0.031866470208944647 -0.0666059834842576 0.024866543985622758 -0.088959789973734202 0.073629511341807632 0.00093593536683407195 0.071787157365146001 0.01711432659782601 0.023278790675031063 0.058823514271226979 0.00092023285006997925 -0.057559574169192752 0.13394123395776336 0.0020884834610324747 0.097038065060329637 -0.038927769351948131 0.036148582119728066 0.071210407216515545 0.027559755557485119 -0.047253014563064348 0.0077419497515482331 -0.020671319608101014 -0.017936378636939643 -0.13459807289372278 -0.077124196166739281 0.049447933183304316 -0.098740816331828449 0.06748447695576143 0.0077144246242884622 -0.046823133096966806 0.073308404854353082 -0.02417048001299333 0.054209946915628464 -0.012718738287651979 -0.021169457818436724
leaf_weight=97481.911070432834 371.03130805511 3801.0974039559333 729.33101563241519 929.78856784103891 316.10564720794582 4651.5950836854145 1701.2603187234272 41.64160065514443 974.40690050633202 504.36341430077789 7435.4779955740451 694.28143763594471 76.78950664808508 97.597302169218892 891.19373115301221 411.34263016978093 318.56350572482188 139.58509940432123 111.82174164570097 1114.6675008526217 325.13049483193754 2764.0916151449201 663.08185519644758 3250.3997981646389 5431.4302659762034 691.17743345507188 863.77087377308635 307.30368004133925 56.649664396579851 640.64505461579029 65.947260272860149 302.40968124641222 27941.945469717342 586.076884025254 1253.2625020718551 1181.2689535564896 789.10132039613381 342.81080357135943 173.11335896003584 25.123841181513853 4229.934564100432 176.75461051097395 177.33276379957684 354.1821813491174 73.247003192544526 409.21272749673517 552.92575414863211 10809.229815773211 1976.0990658381161 2991.779379326962 92.398623505723663 360.08969168031763 162.18142139042538 224.7700355182169 16.177418005885556 675.28570217581 300.28971601475496 695.35947365661559 7409.0077756523679 91.441989250830375 928.77298725218725 908.29367620525602
leaf_count=7926293 1206705 331868 796332 194051 380674 149610 868589 7567 68219 770412 676155 100959 6356 121596 21205 52703 8268 4810 1389 19618 11300 132689 8127 53601 242274 7175 18199 14923 2720 12834 1313 20122 1916068 14279 45710 184890 143879 248582 12852 1183 286663 5602 28222 8208 19712 45006 202244 2284321 660395 107310 852 6259 24211 3925 6716 39556 33799 20725 82049 1206 218134 136160
internal_value=-8.67091e-06 0.00167563 -0.0153005 -0.00774209 0.00209728 0.00420038 0.00183085 0.0223609 -0.000756932 -0.00417811 -0.00217046 0.00956608 -0.00927739 0.00591352 0.00417409 0.0122126 -0.0230842 0.0185599 0.00521998 0.0160159 -0.000489029 -0.00403953 -0.00744898 0.0284227 -0.000322032 -0.0178597 0.000662076 0.0121677 0.0439254 -0.00755303 0.00282153 0.0233399 0.00179118 0.046048 0.0118117 0.0025974 0.0160076 0.0412869 0.00372673 -0.0266916 0.00573617 -0.0104427 0.0289441 -0.0155708 -0.0094983 0.00207269 -0.0221328 0.011542 -0.0173873 -0.0100632 -0.0209675 -0.00352894 -0.0378196 -0.0594437 -0.104489 0.00864571 -0.00907266 0.0667101 -0.0207677 -0.0232149 -0.0312327 -0.043405
internal_weight=204063 106581 2583.08 2212.05 103998 59877.8 45267.5 2438.26 44120.6 29163.2 26363.6 9943.2 16420.4 14957.4 8662.84 5589.12 2799.58 458.149 14859.8 5139.97 9719.83 8745.42 1777.75 3362.22 8195.52 8984.93 42829.2 793.306 947.843 8914.87 33914.3 1621.62 32292.7 1280.36 1319.21 31403.8 3461.87 1131.91 2329.96 888.895 4641.28 3073.72 354.087 2719.63 2403.53 716.516 1282.26 14610.3 2049.35 8274.22 3100.36 5173.87 522.271 549.901 108.576 2156.84 975.575 737.001 8191.63 7500.45 2341.43 1412.66
internal_count=21027374 13101081 2399332 1192627 10701749 6487015 3870826 896881 4214734 3551996 2414212 1581342 832870 662738 1466104 363291 1137784 13078 541142 82735 458407 390188 27745 54990 374963 156715 2973945 66285 23925 307792 2666153 67145 2599008 115238 47023 2579626 663558 392461 271097 19382 339366 1102813 33824 1068989 688315 59929 998576 2616189 680107 294958 114878 180080 30470 15225 7568 258245 73355 28292 90430 83255 1124706 906572
is_linear=0
shrinkage=0.1


Tree=118
num_leaves=63
num_cat=0
split_feature=8 11 20 8 0 9 26 7 11 1 0 27 19 0 3 24 6 2 25 3 3 25 8 20 0 27 9 24 2 7 25 9 25 33 2 0 0 9 26 11 8 9 20 20 11 7 1 1 7 21 20 32 8 25 26 1 7 32 8 28 0 29
split_gain=54.6232 148.261 84.1126 147.794 109.071 108.504 144.972 120.764 103.292 101.397 185.729 236.454 166.399 148.076 133.621 127.7 120.968 89.0105 100.658 118.87 96.6486 88.7339 86.5976 86.2606 143.031 90.177 84.3565 82.7338 81.2562 79.8942 117.169 142.493 79.0392 76.7486 75.8831 75.2459 74.9618 74.4067 217.422 363.665 270.553 204.383 201.129 181.266 176.149 494.349 337.619 297.829 232.865 203.059 167.715 175.491 152.461 131.529 129.84 128.621 126.646 145.124 135.565 117.317 111.935 110.548
threshold=98.496154785156264 1.5000000000000002 0.95146238803863536 96.982700347900405 99.494949340820327 inf 1.0000000180025095e-35 96.162029266357436 1.5000000000000002 97.259757995605483 87.20676422119142 18.500000000000004 0.21734297275543216 77.836257934570327 99.523811340332045 2.5000000000000004 1.0000000180025095e-35 93.788581848144545 1.5000000000000002 93.788581848144545 87.226108551025405 2.5000000000000004 42.441171646118171 0.63227319717407238 83.239700317382827 1.5000000000000002 0.78888890147209179 2.5000000000000004 98.07621002197267 93.84250640869142 1.5000000000000002 0.43650794029235845 1.5000000000000002 0.016484528779983524 78.08689117431642 91.922958374023452 90.501251220703139 0.087121214717626586 1.5000000000000002 1.0000000180025095e-35 58.082538604736335 0.61250001192092907 0.89695259928703319 0.71003416180610668 1.0000000180025095e-35 81.729778289794936 66.312053680419936 68.703357696533217 98.006622314453139 1.0000000180025095e-35 0.72375130653381359 3.5000000000000004 60.981077194213874 3.5000000000000004 1.5000000000000002 58.898942947387702 56.675579071044929 11.500000000000002 59.280792236328132 114.50000000000001 69.282051086425795 17.500000000000004
decision_type=10 2 2 8 2 8 2 10 2 2 2 2 2 2 2 2 2 2 2 2 2 2 10 2 2 2 10 2 2 10 2 8 2 2 2 2 2 10 2 2 10 8 2 2 2 10 2 2 8 2 2 2 10 2 2 2 8 2 10 2 2 2
left_child=2 -2 5 4 8 6 7 22 9 10 17 12 14 28 26 16 -14 29 -19 20 -20 -16 -1 24 -7 -26 -12 -10 32 30 31 -4 -11 -5 -15 -17 -36 44 39 52 41 -40 -41 -43 45 -8 49 48 54 -47 56 61 59 -54 60 -44 -49 -58 -59 -39 -46 -52
right_child=1 -3 3 33 -6 23 37 -9 27 13 11 -13 15 34 21 35 -18 18 19 -21 -22 -23 -24 -25 25 -27 -28 -29 -30 -31 -32 -33 -34 -35 36 -37 -38 38 40 42 -42 43 55 -45 47 46 -48 50 -50 -51 51 -53 53 -55 -56 -57 57 58 -60 -61 -62 -63
leaf_value=-0.033297807374204014 0.0061758554640519749 0.14352549900691963 -0.042660670053647987 -0.024133662254123792 0.08694647885178497 -0.049218531277762448 -0.00011013743296564819 -0.014199408426743644 0.0051788734121752823 0.08999190785884148 -0.046136721936914926 0.10065601840259922 0.02661846936917981 -0.074685199309134573 -0.30867221204969147 -0.053327443057696322 0.10725849426380107 0.026326658045085761 4.8331418895326238e-06 -0.030149080591631041 -0.19655360308570344 0.017583649460317964 0.031564614516783759 0.006809835112271425 0.079247046475794169 -0.010926677585382802 0.0075135993579957226 0.047894349063422097 0.02686638674714998 -0.0068288721127535007 -0.0032847251439139299 0.034682669283211433 -0.030464114067738326 -0.088028631698369803 -0.015535575981267256 0.039232238300264899 -0.051734827114527315 -0.012501263308848024 0.00786808685727001 0.042233794905281029 -0.0042721154683074683 0.071799344164702669 0.039512996156973575 0.0067150065476808771 -0.025222646909753926 -0.0044616557219141631 0.073508136702162649 -0.035080121624240977 0.065656912009424112 0.051396077331214832 0.020420596400000227 -0.024136159075504541 0.019420573500620885 -0.023610535185186337 -0.058959945906698577 -0.020694429089772221 -0.00068129907413007275 -0.0090346530183038655 0.024976322048251554 -0.073421176006557162 0.062857253804834076 -0.0088166738456036883
leaf_weight=219.67319896879053 10126.101920763671 79.205788278777618 272.54631494294881 1776.2333524354253 134.55084669257485 1319.1022756959501 31838.435045780388 868.33350691228407 1507.4366807150373 60.002550883102231 365.954264231259 327.71428408543579 385.47854218445718 335.8888898389996 24.052348848432302 177.77927160280524 359.52150170714594 281.79704053857131 36.229605382191949 1202.6226081573986 80.819911641650833 12.758121050195767 3267.5402045371229 953.79801541909546 136.68057390531612 587.98690558493399 1471.5601978736813 648.49873094470877 913.55668691286701 20042.627911385956 4600.0355627024983 1890.3305723031735 591.16533701572916 210.24237409200578 2283.7608199357928 173.58770786534296 763.24405717365153 1865.5798293486696 8709.4539041599182 4757.627288607946 33123.999760044608 1044.9208093280631 550.89957195315947 724.70865457329637 4283.2202503348217 1837.3091581786721 1535.5399814703851 923.84738634507028 265.09035062327803 1007.7888766645483 1817.6949019024587 6141.3874930610027 3131.4840176658508 918.71885558080976 1231.5461009645214 996.92170214251382 27260.58213159542 1573.083560579169 4595.8875122895479 380.60473313008697 149.31209047796801 4482.1165862519301
leaf_count=322184 564593 833 16698 58266 383057 79410 2074192 9583 87984 8111 3886 33265 21992 18270 416 17185 38871 24260 1796 44803 1423 931 145483 43629 3468 11191 35397 27879 89224 516330 254547 41671 65480 2314 217838 25047 101979 797630 1118520 356571 1258246 64227 9622 36545 2874874 159982 136079 5734933 5752 94204 20377 106021 366327 63455 1591589 23993 447923 68373 69781 138733 24563 60806
internal_value=0.000111506 0.00724186 -0.000264687 -0.00428985 -0.00293268 0.000815633 0.00119333 0.0191696 -0.0032443 -0.00449551 -0.00241778 0.0200435 0.0111506 -0.0178101 -0.00695033 0.0420957 0.0655337 -0.00502581 -0.0279271 -0.0395123 -0.135714 -0.195595 0.0274787 -0.018022 -0.0296107 0.00608112 -0.00317125 0.0180276 0.00762715 -0.00365759 0.00574085 0.0249366 -0.0193646 -0.0308961 -0.0295758 -0.00759969 -0.0246031 0.000653905 0.0035021 0.0150714 0.000158435 0.0141632 0.0320468 0.0451456 -0.00114593 0.00422338 0.0357194 -0.00483443 -0.0259489 0.0153242 -0.00215909 -0.0121072 -0.00192853 0.00965971 -0.0302363 0.00073456 0.00144367 0.00245302 0.0163035 -0.0228238 -0.0222556 -0.000380796
internal_weight=203636 10205.3 193431 40930 38943.5 152501 149503 4355.55 38809 36653 31705.4 3298.41 2970.69 4947.62 1874.32 1096.37 745 28407 1601.47 1319.67 117.05 36.8105 3487.21 2997.57 2043.77 724.667 1837.51 2155.94 1564.72 26805.5 6762.91 2162.88 651.168 1986.48 3382.89 351.367 3047 145148 56204.9 12601.8 43603.1 10479.1 6305.45 1769.63 88942.8 36219.1 4380.64 52723.8 5929.17 2845.1 46794.6 12441.2 6296.39 4050.2 5664.08 1547.82 34353.4 33429.6 6168.97 2246.18 4432.53 6299.81
internal_count=21022612 565426 20457186 2138920 2078340 18318266 18180568 477250 1695283 1579420 1078518 176990 143725 500902 40630 103095 60863 901528 72282 48022 3219 1347 467667 137698 94069 14659 39283 115863 162815 829246 312916 58369 73591 60580 338087 42232 319817 17703318 4233869 1756331 2477538 1219292 390186 100772 13469449 2464457 390265 11004992 4496778 254186 6508214 187204 1366145 429782 4491026 33615 6321010 586077 138154 936363 2899437 81183
is_linear=0
shrinkage=0.1


Tree=119
num_leaves=63
num_cat=0
split_feature=3 0 0 2 27 3 2 3 22 1 3 27 1 3 2 1 24 29 0 3 24 3 3 3 0 7 24 2 3 4 2 34 34 0 4 3 6 1 2 0 2 19 2 1 0 19 24 30 3 2 1 27 4 24 2 19 27 24 1 0 24 1
split_gain=52.2981 411.462 187.368 227.338 211.724 130.178 212.054 133.861 128.44 133.762 111.421 106.256 104.41 94.1311 181.785 267.952 190.706 139.222 129.516 335.963 257.107 222.047 117.487 117.407 109.107 103.371 102.096 106.046 151.876 97.5438 219.246 220.417 272.119 192.199 146.11 166.238 271.595 139.815 113.002 109.103 108.212 164.529 104.031 126.631 97.7001 94.5882 102.089 93.5316 91.253 114.77 195.99 90.2374 88.916 88.3152 84.6909 83.8734 83.4236 230.799 83.2815 123.324 113.228 108.824
threshold=9.1966171264648455 8.9220566749572772 9.3386626243591326 1.0000000180025095e-35 121.50000000000001 10.668563365936281 6.7231638431549081 32.690166473388679 1.0000000180025095e-35 6.5753917694091806 13.484848499298097 42.500000000000007 9.2130856513977069 17.78656101226807 22.903981208801273 22.903981208801273 2.5000000000000004 19.500000000000004 28.743545532226566 41.444372177124031 1.5000000000000002 71.516754150390639 36.181818008422859 47.722568511962898 32.466217041015632 98.742088317871108 3.5000000000000004 5.1615052223205575 14.55026435852051 0.69909369945526134 41.444372177124031 1.0000001788139345 0.42178460955619818 41.53393745422364 0.76672235131263744 75.204917907714858 1.0000000180025095e-35 33.508771896362312 60.660173416137702 68.801231384277358 34.330356597900398 1.0000000180025095e-35 89.009658813476577 62.575302124023445 95.488464355468764 0.27219305932521826 4.5000000000000009 16.500000000000004 8.7595906257629412 3.9607843160629277 32.605600357055671 39.500000000000007 0.59242460131645214 1.5000000000000002 3.4785238504409794 0.12354665622115137 31.500000000000004 2.5000000000000004 44.552318572998054 53.907203674316413 3.5000000000000004 71.148777008056655
decision_type=2 2 2 2 2 2 2 2 2 2 2 2 2 2 2 2 2 2 2 2 2 2 2 2 2 10 2 2 2 2 2 2 2 2 2 2 2 2 2 2 2 2 2 2 2 2 2 2 2 2 2 2 2 2 2 2 2 2 2 2 2 2
left_child=2 5 3 -1 48 54 12 8 -8 -10 11 -11 -7 26 15 17 25 -15 21 20 -20 22 -16 -24 -22 55 27 28 -3 30 37 32 -32 38 35 -31 42 -21 -34 -38 41 53 43 -37 -35 -33 -47 -19 49 -4 -51 -30 -43 -39 -2 -17 57 -5 59 60 -36 -60
right_child=1 13 4 56 -6 6 7 -9 9 10 -12 -13 -14 14 18 16 -18 47 19 29 24 -23 23 -25 -26 -27 -28 -29 51 34 31 45 33 44 58 36 39 40 -40 -41 -42 52 -44 -45 -46 46 -48 -49 -50 50 -52 -53 -54 -55 -56 -57 -58 -59 61 -61 -62 -63
leaf_value=-0.034387105908710879 -0.13419742815169464 0.0021814990444479578 -0.02050004097870382 -0.095817841100937176 0.022564737667089795 -0.10485083384198879 0.041669829795451252 -0.13046314960063296 -0.16279990225010177 -0.048782285784600317 -0.13445867039184348 0.042259089533638231 0.14838378436951635 0.0095321691683938215 -0.001573088767548422 -0.041426578801953932 -0.070697861431019637 -0.025332601304575614 0.076925911689654847 0.017004639340668256 -0.019286296280962387 -0.10984404358193943 0.035340949516128692 -0.00066396705070640924 -0.060054431962314553 0.008061182920266018 -0.13752364394703079 0.017384570737024468 0.014542607338728294 0.011090140339832383 -0.06884278102251809 -0.021575082252008621 -0.016815819379401343 0.062467847540272375 -0.032225031641529803 0.010923568280060863 -0.045958881689637313 0.017955243366087781 0.13069061527797873 0.074485379001894197 -0.00026423070081363305 0.075583180278795292 0.019592989272231048 -0.083163741595640869 -0.32590279620022655 0.028248963197850398 -0.17202088907989979 0.011516095609312922 -0.0035574157760120996 -0.09956773270815053 0.086493355071580638 -0.14981828048878498 -0.048554340976034012 -0.064113182586540626 -0.011511800496180663 0.057118848696627568 0.025468885942823028 0.056578747337905605 -0.013201940776490631 0.089427899701150684 0.14653408917470023 0.0007038160067928791
leaf_weight=794.0675678553489 58.135326805186651 6913.3796795645067 679.19850416848544 204.78345368082984 1045.5796728452215 642.52366161218629 287.47224338355466 110.51244950151101 76.398381128819665 268.94917122567222 76.888057983682074 244.95541005593259 16.704880309385771 4386.7224474708019 2445.9174652051561 1437.2450970512591 1078.3178117252323 2906.4360980173697 194.44884240629835 1779.4502696247264 1168.9186373908124 142.78078454489969 3337.762258870991 1242.9326415469295 1497.4044645604372 845.92453504959121 47.970334051617101 6949.8306348981359 48.78523595750903 914.9527774318849 211.21744443128819 1085.6739497219824 532.12975636838928 2355.9649496236616 242.3366383385054 164.88006669987362 109.16510593186132 150.03232047684401 57.552686993785301 241.77664575661669 1588.7251323734172 172.75413940687707 142.15245577959058 1080.2745110512567 6.4952771887183181 866.48117930815897 26.223948964456213 902.79879980979058 683.18191220412882 546.10542851632363 63.161577985966005 105.94192091242621 86.636096955393953 1040.4545062262121 1750.2938920411727 91.889507651849726 5813.2354726925796 193.06655119256237 5872.5472928145609 258.08992448313268 41.501923354138853 135022.38301754507
leaf_count=33216 6109 146909 55155 60473 18735 49520 7981 6542 8007 14330 3391 3562 300 238592 564682 651560 280859 158144 39662 565695 668859 75726 488235 81344 1524067 29910 2096 142187 2449 120310 949392 24839 186527 269552 77855 22863 45584 36031 4738 46579 834536 60707 9204 137800 47 33322 776 52425 14609 14373 954 2017 51264 458404 78112 26624 98450 7486 1520254 25532 2031 9888078
internal_value=-2.10801e-05 -0.000386219 0.00702232 0.0159957 -0.0138114 -0.0342004 -0.0538584 -0.0262709 -0.0142096 -0.0382863 -0.0221848 -0.00538692 -0.0984339 0.000243195 -0.000386871 -0.0124576 -0.0358221 -0.00261298 0.000470127 -0.000130422 -0.0340858 0.0136139 0.0161225 0.0255713 -0.0421816 -0.0199879 0.00811478 0.00861316 -1.14657e-05 0.000500144 0.0100712 0.0244335 0.0408072 0.0486523 -0.000161429 -0.0234112 -0.0415715 -0.00525588 -0.00241927 0.0370196 -0.018292 -0.0380461 -0.0614524 -0.0707049 0.0614001 -0.00174758 0.0223659 -0.0165994 -0.033102 -0.0487673 -0.0802791 -0.0979955 0.0341214 -0.0537704 -0.0154558 -0.0355047 0.022437 -0.0218636 0.000274713 0.0394011 -0.00608747 0.000124219
internal_weight=203350 193328 10022.4 7005.15 3017.23 3532.83 1724.4 1065.18 954.663 667.191 590.793 513.905 659.229 189795 175729 11649.3 3453.38 8195.96 164080 156911 2860.77 7169.39 7026.61 4580.69 2666.32 2375.06 14065.9 14017.9 7068.11 154050 9959.79 5141.74 3163.36 2952.14 144090 2653.2 1738.25 4818.05 589.682 350.942 3038.6 1449.88 1387.31 1245.15 2362.46 1978.38 892.705 3809.23 1971.65 1288.47 609.267 154.727 259.39 1190.49 1808.43 1529.13 6211.09 397.85 141437 541.928 283.839 140895
internal_count=21029572 20726121 303451 199625 103826 177854 93633 43813 37271 29290 21283 17892 49820 20548267 20252609 1438114 988953 449161 18814495 17604508 2232588 1209987 1134261 569579 2192926 708094 295658 293562 151375 15371920 3475830 1469193 1410256 460864 11896090 382340 262030 2006637 191265 92163 1440942 606406 169867 160663 269599 58937 34098 210569 85091 70482 15327 4466 111971 494435 84221 678184 166409 67959 11513750 105418 79886 11408332
is_linear=0
shrinkage=0.1


Tree=120
num_leaves=63
num_cat=0
split_feature=29 28 8 30 1 27 25 3 0 25 3 0 27 3 3 1 1 25 1 25 3 24 1 27 0 22 4 24 19 4 3 25 1 3 11 3 0 3 0 4 29 25 3 0 25 1 7 4 1 3 24 31 4 0 1 24 0 4 9 34 4 3
split_gain=45.9725 227.229 112.989 110.891 86.885 74.2656 71.4923 61.2029 204.134 144.641 139.56 139.188 209.595 143.735 137.609 128.296 83.3784 80.3509 73.7612 99.5013 115.202 107.314 78.1658 67.0845 59.0794 58.164 142.845 120.9 102.427 195.53 422.58 126.918 138.772 119.541 100.475 86.5625 315.332 180.113 184.158 139.949 121.05 109.753 103.645 135.274 127.662 133.335 184.818 160.294 175.962 166.422 178.521 183.812 160.305 144.691 351.985 273.068 170.921 152.323 149.217 139.193 128.731 127.639
threshold=26.500000000000004 50.500000000000007 70.615219116210952 17.500000000000004 89.512962341308608 165.50000000000003 1.5000000000000002 8.081632614135744 8.4806714057922381 3.5000000000000004 9.6399536132812518 8.9220566749572772 134.00000000000003 1.0000000180025095e-35 32.690166473388679 8.054054260253908 8.4806714057922381 2.5000000000000004 5.0641026496887216 2.5000000000000004 10.668563365936281 2.5000000000000004 6.5753917694091806 31.500000000000004 7.9473683834075937 1.0000000180025095e-35 1.0000000180025095e-35 3.5000000000000004 1.0000000180025095e-35 1.0000000180025095e-35 38.956640243530281 3.5000000000000004 14.185110569000246 11.882352828979494 1.0000000180025095e-35 36.181818008422859 27.622890472412113 37.617923736572273 17.467581748962406 0.72802454233169567 19.500000000000004 1.5000000000000002 41.444372177124031 33.520599365234382 1.5000000000000002 80.982517242431655 70.431396484375014 0.92942810058593761 56.98051834106446 89.725547790527358 2.5000000000000004 0.80985561013221752 0.87778618931770336 58.102025985717781 68.208553314208999 1.5000000000000002 77.723842620849624 0.70604845881462108 0.47222222387790685 1.0000001788139345 0.80508935451507579 97.825057983398452
decision_type=2 2 8 2 2 2 2 2 2 2 2 2 2 2 2 2 2 2 2 2 2 2 2 2 2 2 2 2 2 2 2 2 2 2 2 2 2 2 2 2 2 2 2 2 2 2 8 2 2 2 2 2 2 2 2 2 2 2 8 2 2 2
left_child=3 -2 5 7 -4 -3 -5 11 9 14 15 13 -13 17 18 -11 -12 -1 -9 -20 21 24 -23 -15 -21 26 -10 28 29 31 -31 34 -33 -34 -27 36 40 41 39 -39 -28 -37 43 -40 -44 46 -46 49 -49 53 51 -51 -52 54 58 -55 -57 59 -48 -56 -60 -50
right_child=1 2 4 6 -6 -7 -8 8 25 10 16 12 -14 23 -16 -17 -18 -19 19 20 -22 22 -24 -25 -26 27 35 -29 -30 30 -32 32 33 -35 -36 37 -38 38 42 -41 -42 -43 44 -45 45 -47 47 48 61 50 52 -53 -54 55 57 56 -58 -59 60 -61 -62 -63
leaf_value=0.016299048922423707 -0.00089158250934013293 -0.11978198800068872 -0.039427993291857866 0.044945144765036353 0.015942539987761031 -0.048472868349012432 0.008299463140492994 -0.074027887142013901 -0.054259827109530138 -0.058119383250685511 -0.095568239150393933 -0.047107003711293442 0.024510658845068575 -0.057480435049769477 -0.13271740641765981 0.019681606102938974 0.097141168173386819 -0.069163185930262272 0.024188174264507676 -0.042181664540584564 -0.086976539372544751 -0.085825004422043799 0.12340870361343043 0.036234893197532626 0.016710819593891989 0.047600473124343762 0.010491135918539084 -0.17558186742559645 0.04352839208129114 -0.14070145896017588 0.020457301874364335 0.0013419208154915366 -0.10317155229243467 0.069129726199389605 0.0071507731810229753 0.036529590724190895 -0.04619811011726143 -0.055813165364330411 -0.0061485191386307864 0.065803597897020047 -0.016247976961284993 -0.033598273792852157 0.0078852668092050122 -0.059266097671224198 -0.065799305010690562 0.00049229708169689528 -0.060087810697449007 0.15791534976857663 -0.016749607142373443 -0.047023351056737023 0.12060874561316924 0.050064385401155681 0.028442984038911569 0.22347490055843836 0.18246435750543966 -0.033375230511224069 0.022879169448117322 0.01436077377152796 0.014173091916493886 0.064056301753766254 -0.071847994423210215 -0.072385670953128339
leaf_weight=210.1076394289862 16294.42399889134 186.91723932660625 674.98695123855941 871.37956184204813 488.47872208151966 667.97047799139818 1368.3895689441051 136.57263874724595 488.6801471671788 472.10667079818126 534.18427823836237 832.94405281630952 802.19523693990504 78.806005549974543 84.815630506574507 384.64218587952115 23.43666800097526 230.92502481767451 1009.5518543929745 416.40427755538354 205.52178894972508 21.90129065156998 96.635495992626602 2485.0805211595316 288.2586288687134 1239.6180771957033 4305.9453328886375 36.784207128679554 696.694667825941 285.37811653909284 378.50689337248059 14956.662586409419 44.05883540571449 467.74097180476201 1216.9312373166986 1984.3663581210712 1868.2827202817416 888.04767146762538 1865.9876065962576 105.90401508629361 2790.0721839808912 251.44879967029556 21013.623266291397 645.23056738238893 585.17963957820291 107828.43035628484 542.21852859460159 45.614262237562798 940.236866317573 489.77579929372587 270.78511154366424 324.00858155322203 622.66321302118013 44.985735130456305 140.68347272822211 3343.0768891560365 644.18409869202878 384.54189432639396 1198.594764376212 337.32123092690017 203.50677570479456 734.46409465523902
leaf_count=7044 2234466 27913 26584 33927 16415 152860 182490 15210 72703 38072 60464 51727 14274 22559 5395 11221 603 12611 23199 17776 12775 1433 1977 39194 6284 20340 501229 1781 16719 23394 8800 305656 648 7277 23107 83718 1258252 31395 551390 18810 308917 515520 2540075 628781 2909977 6978449 695682 1124 15051 16492 4815 5615 13722 3473 14299 152248 11806 8149 237212 3968 2166 20359
internal_value=-3.28657e-05 -0.00481202 -0.0364622 0.000440817 -0.0161808 -0.0640643 0.0225564 0.000169435 -0.000126311 -0.023453 -0.0485323 0.0115073 -0.0119716 0.0242835 -0.00775543 -0.0231902 -0.0874687 -0.028449 -0.00288211 0.00188495 -0.0200027 -0.00328183 0.0847499 0.0333544 -0.0180903 0.000365641 -0.000279733 0.00553895 0.00588441 0.00447355 -0.0488185 0.00644732 0.00309403 0.054297 0.0275624 -0.000108884 -0.00964603 0.000478966 3.92354e-05 -0.0428551 -2.23746e-05 0.0286427 0.000339048 -0.0197965 0.000701016 -0.000571033 -0.0111367 -0.00802106 -0.0358714 -0.002415 0.0255149 -0.00836783 0.0563765 -0.00938708 0.00804638 -0.0215226 -0.0242867 0.0612136 -0.0155399 0.0989054 0.00168764 -0.0411496
internal_weight=203077 18312.8 2018.35 184764 1163.47 854.888 2239.77 182524 177884 3674.03 1414.37 4640.06 1635.14 3004.92 2259.66 856.749 557.621 441.033 2174.85 2038.27 1028.72 823.2 118.537 2563.89 704.663 174210 154888 19322.4 19285.6 18588.9 663.885 17925 15468.5 511.8 2456.55 154399 8964.3 145435 143199 993.952 7096.02 2235.82 142205 2511.22 139694 118680 10851.8 10266.7 1720.32 8546.35 1707.23 813.784 893.448 6839.11 2806.87 4032.25 3987.26 862.547 1944.32 478.005 1402.1 1674.7
internal_count=21029592 2458238 223772 18571354 42999 180773 216417 18354937 18207528 194409 110360 147409 66001 81408 84049 49293 61067 19655 78654 63444 40245 27470 3410 61753 24060 18013119 17605397 407722 405941 389222 32194 357028 313581 7925 43447 17532694 2068398 15464296 14865058 50205 810146 599238 14814853 1180171 13634682 11094607 4116158 1206181 36534 1169647 40644 22107 18537 1129003 961476 167527 164054 26416 935060 18267 239378 35410
is_linear=0
shrinkage=0.1


Tree=121
num_leaves=63
num_cat=0
split_feature=11 30 1 2 3 0 3 27 2 24 34 3 0 1 2 34 8 4 3 0 0 1 0 1 2 19 3 1 6 14 1 2 1 1 22 9 4 6 3 1 4 0 2 4 24 3 24 34 24 2 0 4 3 4 0 3 3 1 20 1 2 4
split_gain=48.1409 48.1055 47.0119 125.579 169.706 99.8074 89.1075 64.8917 47.3893 46.2447 58.0049 57.95 49.3034 133.337 349.66 219.305 133.139 111.141 180.213 104.288 207.502 106.645 96.7524 315.515 322.277 344.893 322.708 229.029 227.972 206.652 184.631 179.683 336.258 247.03 155.948 155.602 152.419 132.235 795.308 496.567 191.079 174.179 317.299 246.871 280.309 231.182 388.176 251.154 222.534 188.524 169.894 218.988 167.503 165.159 155.114 148.733 147.667 156.411 145.143 213.304 138.366 261.128
threshold=3.5000000000000004 51.500000000000007 6.5753917694091806 4.4694132804870614 9.1966171264648455 5.7556936740875253 7.5498573780059823 31.500000000000004 6.1072261333465585 4.5000000000000009 0.62523928284645092 99.523811340332045 88.047618865966811 90.366767883300795 90.366767883300795 1.8029962778091433 52.995725631713874 0.916710525751114 97.259757995605483 88.273490905761733 88.548007965087905 93.643951416015639 78.979854583740249 68.208553314208999 79.337715148925795 0.27219305932521826 87.226108551025405 93.063350677490249 1.0000000180025095e-35 inf 85.053192138671889 86.391696929931655 86.391696929931655 99.494949340820327 1.0000000180025095e-35 0.84523808956146251 0.93338736891746532 1.0000000180025095e-35 99.523811340332045 61.633426666259773 0.86668398976326 30.860805511474613 31.851119995117191 0.69909369945526134 2.5000000000000004 54.72370910644532 1.5000000000000002 1.0000001788139345 2.5000000000000004 55.646631240844734 57.294832229614265 0.76672235131263744 71.516754150390639 0.8857233226299287 34.641025543212898 15.587044239044191 71.516754150390639 56.98051834106446 0.70841422677040111 75.905715942382827 57.93287658691407 0.92000734806060802
decision_type=2 2 2 2 2 2 2 2 2 2 2 2 2 2 2 2 10 2 2 2 2 2 2 2 2 2 2 2 2 8 2 2 2 2 2 8 2 2 2 2 2 2 2 2 2 2 2 2 2 2 2 2 2 2 2 2 2 2 2 2 2 2
left_child=1 2 3 6 7 8 -1 -5 -6 12 11 -11 22 14 17 16 -16 18 -14 21 -21 -15 37 -24 25 30 31 -28 -29 -27 -25 33 -33 35 -32 -26 -31 41 -39 53 50 52 55 45 56 46 -44 48 -47 -48 51 -41 -4 54 -40 -43 57 -45 59 -53 61 -58
right_child=-2 -3 9 4 5 -7 -8 -9 -10 10 -12 -13 13 19 15 -17 -18 -19 -20 20 -22 -23 23 24 26 29 27 28 -30 36 34 32 -34 -35 -36 -37 -38 38 39 40 -42 42 43 44 -46 47 49 -49 -50 -51 -52 58 -54 -55 -56 -57 60 -59 -60 -61 -62 -63
leaf_value=-0.030867139901900677 -0.091265374066408597 0.061843492393290636 0.0025873266921112182 -0.077774339354787753 -0.037707723296215384 -0.0046139774811652804 -0.12272622662428725 0.051359989538559095 -0.13666267666974521 -0.0063282725061391326 -0.0083112581892319445 -0.10025961116524251 -0.013155892996077315 -0.1122569305816965 0.021504375730153624 0.082755263407291321 -0.054099985726390909 0.070308692006517612 0.12670624500530742 -0.054230755850826644 0.0015240230768692362 0.032490661912178115 0.096529898664168889 0.028231795721329979 0.09428228141967665 0.069423607622579861 -0.018847498209831559 0.059695378191245999 -0.0010956137238997596 -0.062502220905870515 -0.032248302077010731 -0.12733087068636842 0.034831354863076036 -0.086326864804913347 0.11400310893560911 0.022151405678586741 0.061392707527884949 0.11262883364914938 -0.15379093811335998 -0.055250044833882461 0.0043119646262135521 0.025815467660961589 0.10264482389472868 -0.061574006026237707 0.0018779489238218785 0.021275784927478392 -0.028465761072300633 -0.0041310631419298012 0.077163619878891088 0.13179750631555298 0.014781690072833406 0.25136042782090162 -0.11389372183529078 -0.097933881177526327 -0.015548120304135167 -0.037947392705384497 -0.082676232056111243 0.034094832162998273 0.060942003421287728 0.056356823816183316 -0.025079673752582844 0.11724936373308942
leaf_weight=348.92059171508095 57.8666489435127 125.52892794119543 43555.697368109948 42.198748876376612 84.320272752078324 328.64096343148617 151.4329860963685 499.92262134769317 113.59112633724095 119.33957051167357 2028.5684587541175 146.07268674997414 441.38420818221516 52.739676619534748 327.29347621276725 193.97584215085953 807.81307633385222 1166.1981519442929 116.42807263321265 676.26338184589258 51582.034981083649 1459.322613177977 303.10402571057784 1141.7535960041359 835.90263105145004 133.68073992620612 8292.6221691404717 635.36447435997979 21207.380061165466 2661.393180806429 1452.9895517065461 171.72477133393164 500.72967271343231 111.95168214366345 76.760338344996853 465.6826312561825 103.14454204297726 685.22422266170906 89.347169178659442 112.69691356554597 28745.630626612936 401.79027656987137 268.91506490313986 225.24227670803384 8001.6822497613957 1910.6799131010034 2466.2587026506644 1910.7573637640508 1136.0971821032704 75.652063784380516 1441.787731545634 120.42561338184045 123.80683522473555 521.24495476478728 886.20900968558249 4086.6107980637275 852.06473517132497 708.24851137788164 417.19235097899218 105.00381660484548 4818.19210221512 70.75573587617157
leaf_count=16938 410121 6481 3094064 8704 13084 13328 30355 8438 12249 62344 132016 16157 9399 4011 71184 6972 18805 55754 3205 30853 3849989 88930 54848 22498 14488 5365 752704 24825 1231634 145307 38027 3362 18447 5719 1676 18884 7053 75867 38272 104580 2917851 27366 25496 38485 665194 449183 2075988 36617 607343 20612 183811 53976 4660 288938 389455 2163979 100766 62373 18928 84975 283497 2113
internal_value=-6.83409e-05 -4.22988e-05 -8.06581e-05 -0.0173231 0.00203477 -0.0383999 -0.0586685 0.0413082 -0.0945029 5.39728e-05 -0.014063 -0.0580245 0.00021699 0.00270591 0.0230348 -0.0155084 -0.0323004 0.0527487 0.0160365 0.00155163 0.000802512 0.027442 -0.000780173 -0.00509023 -0.00590527 -0.0281166 -0.00206586 -0.00469886 0.000672682 -0.0520078 -0.00219793 0.0359719 -0.00658003 0.0562149 -0.0249096 0.0684752 -0.0578797 0.000802557 0.00601535 0.00376334 0.0064845 -0.0016428 -0.00796771 -0.0031139 -0.0107441 0.0113013 -0.0116088 0.0242909 0.0421155 -0.023696 0.0349086 0.0733279 0.00225717 -0.0524901 -0.0282092 -0.0322395 -0.025876 0.0110109 0.0958767 0.160529 -0.0318738 -0.0673473
internal_weight=202701 202643 202518 1569.03 1068.67 526.552 500.354 542.121 197.911 200949 2293.98 265.412 198655 56823.5 3053.09 1329.08 1135.11 1724.01 557.812 53770.4 52258.3 1512.06 141831 38094.2 37791.1 5569.72 32221.4 30135.4 21842.7 2898.22 2671.5 2085.99 672.454 1413.54 1529.75 1301.59 2764.54 103737 33124.8 32439.5 30942.7 70612.5 26932.9 22444.5 14676.2 7768.36 2810.83 4957.53 3046.78 2541.91 2197.11 755.319 43679.5 1496.8 975.556 4488.4 6674.5 933.491 642.622 225.429 5741.01 922.82
internal_count=21028543 20618422 20611941 103096 55803 38661 47293 17142 25333 20508845 210517 78501 20298328 4139102 165319 96961 89989 68358 12604 3973783 3880842 92941 16159226 2344837 2289989 219926 2070063 2009163 1256459 157725 62201 60900 21809 39091 39703 33372 152360 13814389 4156653 4080786 3364121 9657736 6559012 4367667 1152428 3215239 2122096 1093143 1056526 2096600 446270 262459 3098724 716665 427727 2191345 487234 100858 157879 138951 386376 102879
is_linear=0
shrinkage=0.1


Tree=122
num_leaves=63
num_cat=0
split_feature=30 29 35 34 29 32 30 35 30 4 24 4 3 31 9 3 13 25 20 32 11 29 29 11 7 7 30 4 27 34 29 30 2 0 20 0 2 25 4 2 7 27 9 21 4 2 3 30 7 25 16 28 33 11 27 16 30 7 35 4 2 29
split_gain=47.2706 124.643 89.1878 109.688 105.498 85.2881 87.6477 84.838 83.9172 93.1001 166.956 254.892 130.539 167.098 119.878 116.893 90.8574 84.4768 83.4002 148.77 175.32 129.008 114.218 109.887 126.659 106.4 91.4894 83.9851 95.1091 77.3166 71.6513 76.8882 69.2512 67.9815 181.441 140.309 157.188 157.136 154.692 102.503 77.2152 90.7086 90.6293 78.0766 68.792 98.5062 71.682 67.5074 64.8117 63.726 62.9627 69.0581 76.0851 63.4673 61.9336 70.5251 115.444 66.3952 65.7788 61.4745 169.565 110.407
threshold=13.500000000000002 22.500000000000004 4.5000000000000009 1.4763050675392153 19.500000000000004 4.5000000000000009 15.500000000000002 17.500000000000004 21.500000000000004 0.85386407375335704 1.5000000000000002 0.94078704714775097 99.523811340332045 0.67101413011550914 0.86607143282890331 90.521114349365249 1.0000000180025095e-35 2.5000000000000004 0.97752270102500927 4.5000000000000009 1.0000000180025095e-35 17.500000000000004 17.500000000000004 1.0000000180025095e-35 87.895435333251967 88.473194122314467 11.500000000000002 0.90451753139495861 5.5000000000000009 1.0000137090682986 27.500000000000004 18.500000000000004 95.040985107421889 99.494949340820327 0.78607732057571422 95.945205688476577 99.494949340820327 2.5000000000000004 0.98275732994079601 95.713413238525405 68.524993896484389 1.5000000000000002 0.43650794029235845 1.0000000180025095e-35 0.98275732994079601 86.391696929931655 95.553359985351577 12.500000000000002 91.239036560058608 3.5000000000000004 1.0000000180025095e-35 1.5000000000000002 0.025158613920211795 1.0000000180025095e-35 2.5000000000000004 7.5000000000000009 8.5000000000000018 69.928676605224624 11.500000000000002 0.95779800415039074 71.039428710937514 19.500000000000004
decision_type=2 2 2 2 2 2 2 2 2 2 2 2 2 2 8 2 2 2 2 2 2 2 2 2 10 8 2 2 2 2 2 2 2 2 2 2 2 2 2 2 8 2 10 2 2 2 2 2 10 2 8 2 2 2 2 10 2 10 2 2 2 2
left_child=2 5 33 4 18 6 -2 -6 30 -10 11 12 -11 16 -13 -16 17 -14 19 20 25 26 32 24 29 -4 -22 28 47 54 31 -3 -20 35 40 50 37 38 39 -37 41 -35 -42 -43 -39 46 -46 -24 -5 -25 51 52 -1 -54 55 58 57 -57 -21 61 -61 -52
right_child=1 8 3 48 7 -7 -8 -9 9 10 -12 14 13 -15 15 -17 -18 -19 22 23 21 -23 27 49 -26 -27 -28 -29 -30 -31 -32 -33 -34 34 -36 36 -38 44 -40 -41 42 43 -44 -45 45 -47 -48 -49 -50 -51 59 -53 53 -55 -56 56 -58 -59 -60 60 -62 -63
leaf_value=-0.043360850762768202 0.011807805223819062 -0.01212435414887425 0.021389691954253703 -0.01048521577278326 -0.0096126937863224328 -0.00070533828303451945 0.038705099952000721 0.012767217863164338 0.019644869993216411 -0.15422625279966606 0.004958873217775793 -0.17106475165459645 -0.12432827839962815 0.087389058279780107 -0.26380046286178627 -0.83420732012497967 0.14071069650032583 0.24690887292318242 0.00272881728461505 0.0028239949120649607 0.033648531259826114 0.010549132005086861 -0.050324927343937835 -0.0047171583036791 0.029165982675278392 -0.015701587856433965 0.081734423477734214 0.021761646751735746 0.035563477383740397 -0.057405374831652124 -0.033065815325393426 0.013049322443153422 -0.055930275567792398 0.10065077391773065 0.069230695420387858 -0.044103256154131548 -0.083101395696853528 0.065159129062905191 0.029008835498635067 -0.14671403840339867 0.00093706131130536505 -0.033016314668302037 0.075791166520534359 0.034863363348435809 -0.63319869848896315 0.0044471835218865621 -0.088652565673521588 -0.0084305420379224474 -0.04802478278899848 -0.023148645126289343 0.0028898709312151116 -0.0016326637354112284 0.054216806431032841 -0.013154946828608289 -0.010193057578906008 -0.037623585305689933 0.030677954014008746 -0.18015099900200401 0.022344900300103724 0.092957253332268397 0.0037062070896211798 -0.0087484817641602375
leaf_weight=879.17434312843397 7712.7756613323772 4852.7180098782501 1203.0946694978866 1011.5832554601657 23060.407541341767 4562.006329005013 1437.2592825169368 1828.1253406570686 2623.6522876112704 66.706813100201543 1721.8526192493082 56.494873789139092 113.27806208649417 122.66826620884513 9.1107435217127186 5.9317969090770921 17.334519049972187 6.4802896913606665 4340.2761715808929 5218.1691098325027 1665.030549072063 2145.182122989042 1509.344134837992 7852.5915938193102 1811.5609440241969 2165.3608836739222 519.00694363944604 315.34988772985525 183.3479991379827 223.95288283696573 1135.4558660969851 1617.777828567665 211.04570358840283 158.89998574724132 477.76838767874142 434.91070315730758 399.72522344673325 286.45063108611066 239.05779902957966 125.42985935905017 7701.7542495533053 221.13882564219398 165.21729026192043 724.95299735084131 4.1970859396205906 180.44817856642476 5.7007893931586295 516.16059163990576 843.32801218009263 2464.5855764975331 22254.150862634528 11178.863434433522 149.58101890673152 2144.517975266087 3113.7430269187043 555.82760797485707 294.09715666105467 34.726370535747265 2579.4734606354459 213.78343849314842 49672.008262228119 12862.015168180169
leaf_count=35110 340408 398594 345703 23338 3866876 744513 55091 339114 386868 845 83421 328 2546 3505 160 133 2844 178 135090 898714 85072 239801 67232 4115686 110616 108846 19369 12976 3779 11518 104733 154670 8190 9635 658941 7106 20561 16141 5080 1040 139649 128003 140168 398408 103 7709 297 13206 29161 561795 1050936 463911 12633 31422 173646 78345 27962 455 251939 47060 3478576 570494
internal_value=-7.40545e-05 0.00390091 -0.00066217 -0.00358088 -0.00288405 0.010464 0.0160327 -0.00796883 -0.00338628 0.00705198 -0.00853366 -0.0669051 -0.0294441 0.00260005 -0.237862 -0.488732 -0.0732677 -0.10424 0.000367409 0.00254931 0.0146552 0.0279673 -0.00945317 -0.00130956 0.00451645 -0.00245388 0.0450755 -0.0265138 -0.0334059 0.000801463 -0.00989619 -0.00583034 8.78344e-06 0.00107261 0.00918352 0.000313965 -0.0283795 -0.0112398 -0.0383395 -0.0670722 0.00598593 0.0307392 0.0025091 0.0189972 0.0341957 -0.0124011 -0.319561 -0.039649 -0.0275524 -0.0091201 0.000797971 -0.00532843 -0.0183479 -0.00876214 0.00190655 0.00624584 -0.0205119 -0.0460046 0.00928154 0.00183238 0.00408869 -0.00137291
internal_weight=202207 26061.5 176145 65665.4 63810.5 13712 9150.03 24888.5 12349.5 4743.51 2119.86 398.005 326.468 259.761 71.5374 15.0425 137.093 119.758 38921.9 31846.4 7697.68 4329.22 7075.52 24148.7 13831.6 3368.46 2184.04 2524.2 2208.85 12020 7605.95 6470.5 4551.32 110480 9449.73 101030 1675.92 1276.2 799.398 560.341 8971.96 1104.99 7866.97 946.092 476.797 190.346 9.89788 2025.5 1854.91 10317.2 99354.1 14352.1 3173.27 2294.1 11796 8682.29 884.651 590.554 7797.64 85002 49885.8 35116.2
internal_count=21030249 2278837 18751412 11528429 11475930 1140012 395499 4205990 1138825 480828 93960 10539 9918 9073 621 293 5568 2724 7269940 7029467 798791 344242 240473 6230676 1553195 454549 104441 97193 84217 1442579 657997 553264 143280 7222983 1474804 5748179 58037 37476 13226 8146 815863 536046 279817 526411 24250 8109 400 80438 52499 4677481 5690142 543076 79165 44055 1431061 1257415 106762 78800 1150653 5147066 3525636 1621430
is_linear=0
shrinkage=0.1


Tree=123
num_leaves=63
num_cat=0
split_feature=29 32 8 32 35 22 30 1 11 22 20 29 35 35 19 25 29 16 32 0 16 27 7 16 35 25 19 28 29 11 33 4 9 20 22 7 2 1 24 25 7 21 4 11 9 8 21 25 1 7 2 2 19 24 28 19 4 0 4 25 31 34
split_gain=41.0157 150.051 82.1997 113.078 78.8327 68.6637 72.8481 86.1852 84.1082 59.4295 56.266 125.289 68.5143 66.0111 86.4479 51.454 47.9395 78.4595 71.7102 46.8276 46.5865 46.0709 96.4983 111.709 73.8306 44.9106 55.7948 43.6999 85.9684 43.6509 89.2956 126.723 60.3661 49.5699 46.3377 156.582 131.633 175.933 174.346 121.8 122.407 144.372 139.404 123.549 120.92 106.583 226.983 105.442 195.293 258.06 203.572 109.153 187.589 158.441 180.309 165.86 131.987 140.575 118.914 118.31 112.251 108.426
threshold=16.500000000000004 5.5000000000000009 80.086208343505874 9.5000000000000018 3.5000000000000004 1.0000000180025095e-35 11.500000000000002 51.316701889038093 1.0000000180025095e-35 1.0000000180025095e-35 0.80647024512290966 12.500000000000002 3.5000000000000004 5.5000000000000009 0.1933449059724808 1.5000000000000002 14.500000000000002 8.5000000000000018 3.5000000000000004 99.494949340820327 2.5000000000000004 1.5000000000000002 53.671373367309577 6.5000000000000009 3.5000000000000004 1.5000000000000002 0.406512200832367 3.5000000000000004 14.500000000000002 2.5000000000000004 0.555497705936432 0.75131925940513622 0.23611111193895343 0.89695259928703319 1.0000000180025095e-35 79.087123870849624 23.629112243652347 23.769168853759769 1.5000000000000002 2.5000000000000004 93.84250640869142 1.0000000180025095e-35 0.55160424113273632 1.0000000180025095e-35 0.61250001192092907 99.81818008422853 1.0000000180025095e-35 1.5000000000000002 76.63120269775392 84.240093231201186 76.50690078735353 60.943256378173835 0.33603264391422277 1.5000000000000002 83.500000000000014 0.21428121626377108 0.916710525751114 67.890834808349624 0.64620187878608715 2.5000000000000004 0.99999997019767772 1.0000001788139345
decision_type=2 2 10 2 2 2 2 2 2 2 2 2 2 2 2 2 2 8 2 2 8 2 10 8 2 2 2 2 2 2 2 2 10 2 2 10 2 2 2 2 8 2 2 2 8 10 2 2 2 8 2 2 2 2 2 2 2 2 2 2 2 2
left_child=1 5 9 4 20 6 10 -8 -9 21 11 -1 -13 16 -15 -6 17 -14 -18 27 -4 22 23 24 -3 26 -26 -12 -29 34 31 -31 -33 -34 36 -36 37 39 -39 40 44 43 -43 -42 -2 -40 -47 -38 49 -49 61 52 53 54 -50 60 57 -55 -53 -54 -56 -51
right_child=29 2 3 -5 15 -7 7 8 -10 -11 19 12 13 14 -16 -17 18 -19 -20 -21 -22 -23 -24 -25 25 -27 -28 28 -30 30 -32 32 33 -35 35 -37 47 38 45 -41 41 42 -44 -45 -46 46 -48 48 51 50 -52 58 59 56 55 -57 -58 -59 -60 -61 -62 -63
leaf_value=-0.026167163868351096 -0.0041720354140584058 -0.15883204885583879 0.014865238620202859 -0.042120748816410397 0.025345463645796342 -0.042358414044888826 0.062881940916638249 -0.017228466302312919 0.052101909326446295 -0.069567660738838744 0.012743073098442394 0.039636107280959322 0.10489774678349598 0.011376688902649763 0.085881784529819538 -0.023813989905636546 0.041492880151763695 -0.072551343774517232 -0.019099174415717415 0.076042508487666916 0.090276494117294034 -0.0091172208266927426 -0.0011412094773942114 -0.019545155161894822 -0.049929126020468395 0.063747387597487451 0.073322870593517761 0.022826375324614692 -0.0094732682721085197 -0.079651700249925517 -0.081033635400752327 0.0053587333048464277 0.1237326630226576 -0.12419796929321532 0.030208739384409395 0.001266862415030435 0.0055694220209254039 0.021076142019446572 -0.050438876438821251 -0.073081796790628858 0.00022056232627469527 -0.03066173715396427 0.036882119503789279 0.069946444023778365 0.038788323269155982 -0.060038291930277592 0.10642328412498801 -0.057334865029735151 0.1153889381930699 0.01063584392417566 -0.057347443257817925 0.047120720390070259 -0.086151000955286716 0.0082068706130067667 0.16682003849194627 -0.074715010562774728 0.056261484514227481 -0.061929833686003834 -0.00015598088363009266 0.0025502516887212097 0.0019318603517634867 -0.01805363894361597
leaf_weight=548.13769757796445 1396.8759108899185 16.649758856699691 433.1152790774795 1244.0824789152539 256.05226676649181 240.00420623647551 578.14589345842705 428.18617911121328 295.90449371637169 117.42836185740452 3102.6658577581702 1726.8226902746442 93.768076827460845 439.14511551777014 241.30887560393148 1263.7901823877874 245.55906530117954 33.934602323238323 954.71526021529326 89.933800634134968 101.02820210364007 2327.6334578924179 3051.334385830316 311.77699999786978 84.450696154830922 744.04700381673888 64.996628042643096 1052.7260920529789 3793.1632939030424 159.39713414988125 203.58571000670463 324.37604574196132 79.449004061898449 8.9751093382947129 2017.3253322173659 25483.670306175005 25620.041534757824 518.46960642382282 2225.4028210520578 246.82894035209574 1967.7396436099361 2935.5760910067766 341.06619863113156 291.81334395347221 1233.9512056336753 194.76173719632789 141.3775363813038 1317.9887029756476 207.14553582710619 3054.3274400199471 750.24717423404218 534.82062572537689 558.02376660944719 474.78489676973709 66.839695979317185 165.44790572107377 187.43095266696855 717.82796433516137 102027.78873264292 205.83792101737367 107.9948522494542 2316.3244715996407
leaf_count=43098 226242 1693 8808 35882 9709 11163 24534 15152 4579 33359 166360 51319 3371 80005 6229 76014 8930 3631 49589 167220 2383 252113 303675 420060 61369 158836 12959 64295 199203 250637 1034508 16341 1271 165 221943 432681 2584174 173683 776825 126462 23460 27684 4282 10135 63531 5279 1705 4155404 6787 1264646 17796 52719 36940 44585 2443 4938 4659 35210 7077142 19391 2689 47106
internal_value=3.51049e-05 0.0039267 -0.00539915 -0.0183286 -0.00391789 0.0106643 0.0115984 0.0340915 0.0111039 0.000948008 0.00922121 0.0184784 0.02503 0.0124718 0.0377984 -0.015532 -0.000505477 0.057744 -0.0067029 0.00428844 0.0291286 0.00220247 0.00836828 0.032115 0.0498116 0.0536995 0.00367481 0.00347658 -0.00245646 -0.000486748 -0.0241557 -0.00391869 0.0253246 0.0985675 -0.000383188 0.00338988 -0.00107583 -0.0113587 -0.0318073 -0.00387325 -0.00178158 -0.010221 -0.0236311 0.00922542 0.0159779 -0.0425112 0.00997414 -0.000221322 -0.00153781 -0.0171967 -0.00855389 -0.000431112 -0.0203107 -0.00369065 0.0418314 -0.00294641 -0.0217481 -0.0340081 9.05471e-05 -0.0622487 0.064969 -0.00173773
internal_weight=201964 23880.5 10016.4 3298.07 2053.99 13864.1 13624.1 1302.24 724.091 6718.32 12321.9 4283.39 3735.25 2008.43 680.454 1519.84 1327.98 127.703 1200.27 8038.49 534.143 6600.89 4273.26 1221.92 910.144 893.494 149.447 7948.56 4845.89 178084 775.783 572.197 412.8 88.4241 177308 27501 149807 11493.9 3080.01 8413.85 8167.02 5536.2 3276.64 2259.55 2630.83 2561.54 336.139 138313 112693 7438.89 6120.9 105254 2691.33 1927.47 547.428 340.282 1380.04 1192.61 102563 763.862 174.835 5370.65
internal_count=21029001 2275538 1376860 132796 96914 898678 887515 44265 19731 1244064 843250 246172 203074 151755 86234 85723 65521 7002 58519 597078 11191 1210705 958592 654917 234857 233164 74328 429858 263498 18753463 1302922 268414 17777 1436 17450541 654624 16795917 1439288 957492 481796 355334 65561 31966 33595 289773 783809 6984 15356629 12772455 5484952 1329548 7287503 157642 101311 16857 10070 84454 79795 7129861 56331 5132 1311752
is_linear=0
shrinkage=0.1


Tree=124
num_leaves=63
num_cat=0
split_feature=8 6 24 4 0 3 21 0 25 18 8 11 8 7 18 8 21 25 24 18 4 8 33 4 25 25 21 0 3 0 29 28 8 2 30 27 17 0 7 21 4 3 2 7 2 0 24 25 13 19 3 2 25 0 25 3 0 29 0 14 31 25
split_gain=41.3576 106.157 73.5524 108.562 164.289 80.5194 63.4381 212.162 95.4307 77.9687 59.3116 62.2678 138.965 98.8624 56.366 94.7123 66.2508 54.504 74.1567 54.3399 53.9054 52.4652 63.2035 51.0589 46.3314 46.1597 65.52 77.3253 85.0186 45.8253 45.5963 150.731 161.693 102.128 84.9994 78.7452 59.7758 61.6769 78.1908 56.3133 54.2578 255.341 414.468 236.329 169.887 144.032 147.776 251.883 132.465 127.691 155.663 193.147 135.9 120.111 119.168 104.978 90.1088 86.6711 130.162 297.432 149.622 254.674
threshold=99.81818008422853 1.0000000180025095e-35 2.5000000000000004 0.87369275093078624 76.253131866455092 47.722568511962898 1.0000000180025095e-35 21.11455059051514 2.5000000000000004 4.5000000000000009 92.335666656494155 1.5000000000000002 98.051864624023452 96.56854629516603 5.5000000000000009 94.602687835693374 1.0000000180025095e-35 2.5000000000000004 2.5000000000000004 6.5000000000000009 0.37836912274360662 95.011310577392592 0.069910019636154189 0.57801687717437755 1.5000000000000002 1.5000000000000002 1.0000000180025095e-35 25.13157939910889 32.690166473388679 25.13157939910889 24.500000000000004 50.500000000000007 72.234458923339858 76.277057647705092 15.500000000000002 47.500000000000007 1.0000000180025095e-35 68.020618438720717 87.10666656494142 1.0000000180025095e-35 0.94078704714775097 96.922348022460952 90.070423126220717 68.524993896484389 98.213714599609389 85.847797393798842 3.5000000000000004 4.5000000000000009 1.0000000180025095e-35 0.25464966893196112 88.303691864013686 94.494949340820327 2.5000000000000004 94.360820770263686 3.5000000000000004 94.494949340820327 73.286384582519545 20.500000000000004 74.115688323974624 inf 0.61085444688797008 3.5000000000000004
decision_type=10 2 2 2 2 2 2 2 2 10 10 2 10 10 8 10 2 2 2 10 2 10 2 2 2 2 2 2 2 2 2 2 8 2 2 2 2 2 10 2 2 2 2 8 2 2 2 2 2 2 2 2 2 2 2 2 2 2 2 8 2 2
left_child=10 2 5 4 23 6 -2 19 9 24 30 14 13 -13 -12 16 -16 18 -17 -8 -7 22 -15 25 29 26 -4 28 -28 -9 34 -32 35 -34 40 -33 37 -37 39 -39 57 42 54 -44 45 46 47 -43 -47 50 52 -52 -45 55 -42 -53 -51 58 -1 -60 -61 -62
right_child=1 -3 3 -5 -6 20 7 8 -10 -11 11 12 -14 21 15 17 -18 -19 -20 -21 -22 -23 -24 -25 -26 -27 27 -29 -30 -31 31 32 33 -35 -36 36 -38 38 -40 -41 41 44 43 49 -46 48 -48 -49 -50 56 51 53 -54 -55 -56 -57 -58 -59 59 60 61 -63
leaf_value=0.0026251749004978435 0.0089835607052908186 0.05462170637743316 -0.011558546985248531 0.046331123557436064 -0.12825942492506159 -0.12224361584742167 -0.011537029592553448 0.025501637560630799 -0.10224253867414075 0.26663283233939222 -0.0082559725312636272 0.054140468572710924 0.1325251708658641 0.029730202993782252 -0.022899209092710673 0.018347980809588861 0.011199079602463816 0.00090571995882667402 0.087103585941754769 0.17302983213604803 -0.0021807753840380668 -0.052671354310190127 -0.071414203314409785 0.013631823229577542 0.1231458872252689 0.0096678382018137842 -0.0072348980316086497 0.018602497843424572 -0.11781044400191516 0.086198014418275556 -4.9034708712271512e-05 -0.11028157811847053 -0.026823393002916099 0.022371511819521531 0.016373171488706744 -0.10786739187911312 -0.015031272303239649 -0.089439358742313957 0.04639924322347827 -0.02836380232346182 0.063725933715061606 -0.018259593667186401 0.11281073637204696 -0.10839366748563049 0.0020302817752266777 -0.040985578388741131 0.042191907376409231 0.25439954111520002 0.072053946576460609 -0.023110394844034106 0.020731851918156716 -0.12290793877942519 0.0023488501589271822 -0.0070136408424256551 -0.0090043682439421881 -0.028944158956922039 0.028841181219340001 -0.010210446314870641 0.046152424403721443 -0.029582658565213804 -0.012900806870379445 0.037545550143808969
leaf_weight=45635.3185872264 1736.2943473177074 445.63410449829098 661.92031799303368 304.43767010205192 125.98827886156505 38.146313439006917 573.34739074413665 211.29642860218883 29.339318548562005 22.11471005785279 19050.904841658776 303.12844402635528 98.75746517436346 285.71411712855479 1800.3265312360891 1715.4304893966764 833.65773830282706 1986.1358455685695 172.65663370106631 16.408388907788321 1899.009549105278 235.82604224742681 78.826335574507539 610.72514070902253 158.05703550111502 370.37431554900832 99.416002377867699 93.079038414638489 231.33361866977066 302.42113229818642 16968.943913250961 165.86932604190179 809.98107785553657 880.96359432437748 3577.9827318325697 175.48565419906845 660.89334354495168 261.62875036589594 88.295517236969317 356.90846188431033 2020.80878208579 2116.1793901448459 196.88221673142027 282.51105596287744 62797.221253250289 2177.568650658563 601.07993870533119 34.432451171974208 108.84917343184225 406.80747967420029 1570.6258627069183 216.22752890805714 182.33004388050176 739.3241285297554 253.54960997235867 264.14581916364841 1861.9748747333942 9383.36318572452 910.62707906303513 3765.8811369249361 6673.9456912716814 1177.2821819323872
leaf_count=9088489 41139 352102 5193 35246 1255 372 4104 1389 4431 448 659705 8146 1066 9475 75537 46790 25180 61229 11136 264 38195 3922 1498 13136 896 22334 665 515 1595 1607 2448261 21294 35706 29373 390534 89413 91799 27538 2129 129173 133470 106376 35343 3776 5253324 88352 27969 1149 4011 14315 30279 2389 3847 15720 7536 3601 71716 846755 34452 210023 314672 39065
internal_value=0.000126965 0.00720569 0.0043822 -0.00962663 -0.0173954 0.011398 0.0215264 0.038113 0.0744127 0.0818821 -0.000162535 -0.0045524 0.0198983 0.00758749 -0.00551119 0.00252339 -0.0121071 0.0124703 0.0246354 -0.00640195 -0.00454504 -0.0159174 0.00785926 -0.0106375 0.0758001 -0.0208165 -0.0312154 -0.0619148 -0.0845739 0.0612331 0.000534322 -0.00389965 -0.0231174 -0.00119339 0.0011489 -0.0448088 -0.0377716 -0.0548051 -0.0416313 -0.0541975 0.000768979 0.00260497 0.0195075 0.0051516 0.000612806 -0.0170552 -0.00164272 -0.0138942 -0.0356041 0.00131446 -0.0113786 -0.0024531 -0.0649558 -0.0323088 0.0556178 -0.0712395 0.0195259 -0.00129218 0.000146588 -0.00888227 -0.0131963 -0.00533644
internal_weight=201815 7929.34 7483.71 2497.27 2192.84 4986.43 3049.28 1312.98 723.229 693.889 193885 26561.4 1002.25 903.495 25559.1 6508.21 2633.98 3874.22 1888.09 589.756 1937.16 600.366 364.54 2066.85 671.775 1456.12 1085.75 423.829 330.75 513.718 167324 20369 3400.03 1690.94 146955 1709.08 1543.21 882.318 706.833 618.537 143377 75830.5 7995.19 5720.83 67835.3 5038.11 2751.69 2150.61 2286.42 5523.95 3255.16 2790.32 464.841 1219.7 2274.36 480.373 2268.78 67546.4 58163.1 12527.7 11617.1 7851.23
internal_count=21030419 524886 172784 79939 44693 92845 54278 13139 8771 4340 20505533 903684 24107 23041 879577 219872 100717 119155 57926 4368 38567 14895 10973 43438 3892 30302 7968 2775 2260 2996 19601849 2874686 426425 65079 16727163 361346 340052 248253 158840 156711 16336629 5803173 321992 180986 5481181 227857 135494 107525 92363 145643 59612 51989 7623 21710 141006 5990 86031 10533456 9686701 598212 563760 353737
is_linear=0
shrinkage=0.1


Tree=125
num_leaves=63
num_cat=0
split_feature=8 7 7 7 21 20 12 19 34 26 34 8 1 3 0 0 3 21 4 0 24 2 4 18 0 4 8 20 34 21 7 20 4 10 32 22 20 18 32 18 11 34 11 26 8 26 33 11 8 34 33 11 7 0 1 1 0 2 19 0 3 2
split_gain=50.4602 71.9791 100.83 55.1827 54.9749 54.9566 88.3106 46.4884 148.736 50.9665 86.9964 43.6486 122.531 52.2622 131.444 56.6162 105.136 95.9124 80.0938 81.2043 84.3609 74.9336 75.1636 55.3644 53.6464 53.6379 52.1634 92.4469 80.0385 69.2952 202.562 125.757 155.883 109.008 103.283 100.368 98.7552 113.265 140.767 176.234 122.083 79.7686 78.6243 60.9036 60.5017 104.279 60.4051 51.7044 47.1236 46.8714 46.0474 45.467 44.9711 44.5009 288.842 197.557 153.215 150.689 177.748 137.043 187.828 133.707
threshold=23.345499038696293 59.585212707519538 28.483244895935062 40.783086776733406 1.0000000180025095e-35 1.0000000180025095e-35 1.0000000180025095e-35 1.0000000180025095e-35 1.0000137090682986 2.5000000000000004 0.68930888175964367 99.81818008422853 99.494949340820327 31.698564529418949 10.859951019287111 20.169491767883304 60.990337371826179 1.0000000180025095e-35 0.8857233226299287 72.834224700927749 2.5000000000000004 84.660633087158217 0.92000734806060802 5.5000000000000009 25.13157939910889 0.47378084063529974 92.335666656494155 0.3349605798721314 1.1331304907798769 1.0000000180025095e-35 95.67297744750978 0.74851745367050182 0.69504743814468395 1.0000000180025095e-35 3.5000000000000004 1.0000000180025095e-35 0.9610288441181184 2.5000000000000004 2.5000000000000004 1.5000000000000002 1.0000000180025095e-35 0.9235055446624757 1.0000000180025095e-35 1.0000000180025095e-35 94.602687835693374 1.0000000180025095e-35 0.038609981536865241 1.0000000180025095e-35 95.011310577392592 0.66960981488227855 0.25564098358154302 1.5000000000000002 96.30991363525392 45.035211563110359 32.466217041015632 49.089704513549812 53.093112945556648 32.757078170776374 1.0000000180025095e-35 32.466217041015632 72.065574645996108 25.723738670349125
decision_type=8 10 10 8 2 2 2 2 2 2 2 10 2 2 2 2 2 2 2 2 2 2 2 8 2 2 10 2 2 2 10 2 2 2 2 2 2 8 2 10 2 2 2 2 10 2 2 2 10 2 2 2 10 2 2 2 2 2 2 2 2 2
left_child=1 2 -1 4 -2 6 -6 -7 9 -9 -11 26 13 -13 -15 16 -16 18 19 23 -21 -20 -23 -17 -19 -18 53 28 -28 30 42 32 35 44 36 49 37 38 39 46 -39 -36 -29 -38 -31 -46 -33 -41 -30 -32 -34 -44 -47 54 59 56 -55 58 -56 60 61 -5
right_child=3 -3 -4 11 5 7 -8 8 -10 10 -12 12 -14 14 15 17 25 24 21 20 -22 22 -24 -25 -26 -27 27 29 48 33 31 34 50 -35 41 -37 43 40 -40 47 -42 -43 51 -45 45 52 -48 -49 -50 -51 -52 -53 -54 55 57 -57 -58 -59 -60 -61 -62 -63
leaf_value=-0.014641445585506081 -0.096319025075775749 -0.0099105829570045115 0.12317810089087083 2.6038003979198776e-05 -0.057215488390168462 -0.086130795988303907 0.14556521732540709 0.27026607977545319 0.013465631304071813 -0.10168997873305473 1.3644817683573351 0.018229874978674284 0.078330106680848222 -0.13009427705808371 -0.043596402756061414 -0.00052772165814951664 -0.20015421219899962 0.0027300883590394938 0.055383101373617266 -0.012454205383883678 -0.11062903129154943 -0.10725450396005416 0.0099807736651159884 -0.065282367243829617 0.047793862896770567 0.065842369885861216 -0.0037995149763479399 0.023551388256887577 0.042476314914772752 0.011147488413046735 0.18558145248451466 0.021864384998540341 0.02330465531869028 -0.0041724788653620436 0.0030220120821460848 0.0022228786421396515 -0.050644093778070325 -0.039571969523008774 -0.029498189896729549 0.0017441352772664593 0.090943655903856585 -0.038346557018336239 -0.035473096526609876 -0.0098160734127763615 -0.018603899341326027 0.090614766815278108 -0.013728501984322733 0.11255294544660753 0.13226417065297486 0.085428515178202796 -0.00079517349390761092 0.033835356031962215 0.01818669463826527 0.012263327533089124 -0.058497283244078137 0.0010068832431771267 0.081566216483480405 -0.011649202513220089 0.046823035989816963 -0.033885981228043524 -0.11854333599877034 0.019595339442659617
leaf_weight=83.801903013031847 101.44465713961631 196.14432597582345 144.82366929653125 30769.872523662798 308.40741743323019 35.782365012784823 23.083770425095281 13.749415122821231 195.19963987685881 0.62922077077206395 1.1341612856986101 2201.0823180947336 236.38356522633694 76.608817013446242 573.25506339594722 1795.4987172015244 8.0194831360131484 418.85940485948231 378.10233171511209 190.90173733094707 161.63515928934794 58.79871748178266 782.20931569079403 142.51492239604704 715.31277199881151 138.60838336590677 216.23295822175714 260.14688337750704 139.60392156473245 1366.3091969521483 70.350154633553757 1055.6536783071933 1091.8548313032516 5627.512603238356 634.90792751708068 113.28422013978707 400.17652518791147 94.391314273045282 955.97916759615327 51.972745713064796 297.72340805197018 1753.2451571117272 3304.051348983543 4199.9838696379375 169.67511511447083 352.00035033117456 869.57741167875065 221.88539063467761 100.5553463420074 139.16610019458312 2894.8642823647679 97.442150776529161 113.32764015565772 805.85021882561068 1633.5627507966369 124093.35161086649 528.0361510253997 3004.7617861435065 177.67199477655004 1110.5202181870045 129.2149067678838 3938.3182117361175
leaf_count=245770 1901909 7961 78111 1653012 4703993 302505 1969 3618 24466 688 135 36504 305818 643 4526 40556 47 3768 39628 3639 1787 2817 57288 12522 12974 2343 3197 19274 2442 27603 7191 22819 20936 288488 26466 1327 8128 8140 20853 4066 7683 41662 121650 145822 6814 5753 18620 4383 2281 13332 68281 3927 3346 310968 1182383 5885942 63319 1623724 53359 588927 3913 962960
internal_value=0.000101934 0.0345322 0.0726608 2.92958e-05 -0.0284215 -0.0165046 -0.0430946 0.0192543 0.0371504 0.335179 0.841313 0.000125629 0.00742165 0.00522813 -3.21987e-05 0.00182545 -0.0242688 0.00587056 -0.00229914 -0.0133201 -0.0574665 0.0184078 0.00178432 -0.00528956 0.0311514 0.0512943 -0.000172512 -0.00428475 0.0403341 -0.00506391 -0.00836989 -0.00317397 0.0112169 0.00295604 -0.00906054 0.0780552 -0.00369999 0.00883768 0.00253816 0.0164649 0.0595254 -0.0273484 -0.0294352 -0.0133678 0.0230008 0.0485051 0.00578799 0.0915237 0.0800707 0.119057 0.00580512 -0.0334876 0.0729754 0.000485478 -0.0023849 0.00141835 0.0396978 -0.0253827 -0.0481659 0.000696152 0.00179854 0.00224656
internal_weight=201765 424.77 228.626 201340 679.431 577.986 331.491 246.495 210.712 15.5128 1.76338 200661 7877.79 7641.41 5440.32 5363.72 719.883 4643.83 3509.66 2290.55 352.537 1219.11 841.008 1938.01 1134.17 146.628 192783 26591.9 456.392 26135.5 18506.7 14845 4309.52 7628.82 10535.5 322.8 8147.34 3547.18 3155.07 2199.09 392.115 2388.15 3661.64 4600.16 2001.31 635.003 1925.23 273.858 240.159 209.516 3986.72 3401.49 465.328 166191 40763.9 125427 1333.89 4816 1811.23 35947.9 34837.4 34708.2
internal_count=21028976 331842 323881 20697134 6939283 5037374 4705962 331412 28907 4441 823 13757851 524860 219042 182538 181895 6916 174979 158237 58504 5426 99733 60105 53078 16742 2390 13232991 904484 7920 896564 564560 419709 111067 332004 308642 21850 240514 86564 70741 49888 15823 68128 144851 153950 43516 15913 41439 8449 4723 20523 89217 125577 9099 12328507 6068278 6260229 374287 2859466 1235742 3208812 2619885 2615972
is_linear=0
shrinkage=0.1


Tree=126
num_leaves=63
num_cat=0
split_feature=30 29 2 0 27 1 25 35 18 35 2 22 31 31 4 1 0 28 2 3 25 24 8 24 25 7 25 2 3 4 2 7 9 26 7 34 34 11 7 0 35 27 7 0 11 9 2 33 2 28 25 25 25 4 4 0 0 18 31 4 3 6
split_gain=39.6897 136.932 135.039 103.728 180.862 192.256 141.905 98.7862 87.3553 90.8704 94.0718 90.576 103.544 82.7239 77.7789 77.7525 210.141 148.05 127.561 227.13 168.94 204.317 326.786 196.767 232.299 362.435 175.961 205.637 167.4 153.584 173.38 132.192 125.756 160.939 172.108 182.434 143.932 147.569 140.265 124.863 123.325 112.89 108.953 104.851 98.6956 150.028 89.12 87.1211 83.0561 80.0434 78.3286 77.1817 73.4182 188.162 77.5417 76.231 73.3003 73.1387 72.3087 70.8333 83.5249 80.1632
threshold=11.500000000000002 19.500000000000004 95.488464355468764 89.825496673583999 14.500000000000002 99.494949340820327 1.5000000000000002 2.5000000000000004 1.5000000000000002 15.500000000000002 77.485187530517592 1.0000000180025095e-35 0.864941567182541 0.82170850038528453 0.5962301790714265 98.61084365844728 61.633426666259773 122.50000000000001 98.07621002197267 81.892700195312514 2.5000000000000004 1.5000000000000002 42.229122161865241 3.5000000000000004 4.5000000000000009 77.563388824462905 4.5000000000000009 77.849929809570327 82.807880401611342 0.90910807251930248 70.087718963623061 53.671373367309577 0.47222222387790685 2.5000000000000004 72.360687255859389 1.897347688674927 1.8267858028411867 1.0000000180025095e-35 54.071052551269538 81.872947692871108 1.5000000000000002 5.5000000000000009 97.642425537109389 97.100841522216811 1.0000000180025095e-35 0.15476191043853763 69.028213500976577 0.3049918413162232 99.494949340820327 4.5000000000000009 3.5000000000000004 4.5000000000000009 2.5000000000000004 0.98275732994079601 0.97280043363571178 97.894500732421889 94.570026397705092 7.5000000000000009 0.6181699037551881 0.92942810058593761 94.494949340820327 1.0000000180025095e-35
decision_type=2 2 2 2 2 2 2 2 8 2 2 2 2 2 2 2 2 2 2 2 2 2 10 2 2 10 2 2 2 2 2 10 10 2 10 2 2 2 10 2 2 2 10 2 2 10 2 2 2 2 2 2 2 2 2 2 2 8 2 2 2 2
left_child=15 2 7 8 6 -6 -5 -2 13 10 11 -10 -13 14 -3 17 -17 43 19 -18 21 -21 -23 26 25 -25 29 -28 -20 30 -22 49 36 34 38 -36 42 -38 -34 -35 -39 -40 -30 -1 45 -33 -46 -19 52 -31 -27 -11 53 55 -54 -45 -37 -9 -47 61 -61 -12
right_child=1 3 -4 4 5 -7 -8 57 9 51 59 12 -14 -15 -16 16 18 47 28 20 23 22 -24 24 -26 50 27 -29 32 31 -32 44 33 39 35 56 37 40 41 -41 -42 -43 -44 48 46 58 -48 -49 -50 -51 -52 -53 54 -55 -56 -57 -58 -59 -60 60 -62 -63
leaf_value=-0.0023879262503403971 0.065862805414442893 0.026972881368536691 -0.035850715636840967 -0.10948367047245396 0.089444843974872623 -0.052830993558463213 0.0099091588953997764 0.011831067974480696 -0.020804130829897103 0.0038885383229001116 0.020094482817846242 0.034953090107482425 -0.0084749064728817415 0.0082920031112190939 -0.018399852241585624 -0.026884643998342131 -0.0913610691150228 -0.010462624121507891 0.046499991706956449 -0.089102439425130409 -0.054393879344336718 -0.0091460678406572581 0.091780461411933703 -0.0019053101489282344 -0.024595506901118447 0.12711883758402759 -0.023661504766937187 0.19970253577783087 0.0022793123210169664 0.070271717355451707 0.046501898122296048 0.045762584155711848 0.031868302485868499 0.027549272118287189 0.071520326321714997 0.01088831618266454 0.088052359577973832 -0.0041074826749591987 0.041069875159969002 -0.015022194152239527 -0.034699597665073793 -0.07236005023016126 0.037433228300712537 -0.070065391627502735 0.4313280705033149 -0.21067907759382734 -0.043784127287361037 -0.054080093468360707 -0.11766001700929865 -0.026180627793805353 0.26919092472198597 -0.034713473860614671 0.079552356852370276 0.023273752606126491 -0.024275832998471969 -0.19271299656812413 0.094921195456721411 -0.014491551436165524 -0.074955994265332546 0.02554557307003797 -0.023492887754727118 0.10822066482019069
leaf_weight=59335.34968194965 323.16660318131835 451.26023676811565 635.44621851044576 108.81432542439143 539.2253182795539 115.28196988891705 1169.2361093300397 15515.737557093131 7037.2751433410522 10316.117042011952 629.7753785109262 591.15514979946329 7702.0545534061521 11125.291643625687 2321.1195209162288 2608.8853176244738 334.53171882542847 939.12413991669746 885.15076663879154 145.3782214069679 267.20698612053161 718.63009268471251 579.52967256409011 361.2850172974513 602.48690550939773 209.23465435748221 94.46680626912439 73.11980881035015 54164.546858115886 155.26750081832233 469.69010539646956 45.918737636122387 490.48619058700569 1034.0634224496025 1240.3896770877327 1207.0856003168883 138.24994687945582 3236.4987212994893 116.37031288762228 2064.4477066840409 2222.7527818775852 356.64103586835699 896.23010037155473 129.53139293175639 3.95451756264083 102.07816872900003 2414.074753175606 893.73392902652995 113.61631408845949 192.97524829220492 47.642494420899311 545.33843093846735 105.66860002523845 169.07107564545913 225.27510606064197 83.246221955481815 113.56863292850176 1132.6299944710645 63.780605548759922 589.8283378322194 844.81141884683893 123.45452472798661
leaf_count=9088276 8947 17156 16565 2234 35601 2494 37248 1421604 974973 1654936 13375 14728 134400 318573 90263 459955 23995 39015 35686 4737 18784 58523 60997 17713 33082 13514 14697 4037 3432668 10590 36313 2187 24060 29877 378546 374476 62471 36487 21770 120424 17043 9783 42328 1294 36 11819 97888 454690 13940 18011 2019 74259 4290 2548 6891 745 479195 590606 7897 17604 25206 4756
internal_value=-0.000158873 0.00195075 0.00940863 -0.00101941 0.0216362 0.064385 -0.00025605 0.0111032 -0.00205503 -0.00523598 -0.00969156 -0.0124599 -0.00537928 0.00444063 -0.0110145 -0.0010927 0.00101555 -0.00373357 0.00198545 -0.0109906 -0.00688372 0.02332 0.03591 -0.0154274 0.0195927 0.0626603 -0.0264376 0.0737946 0.00329535 -0.0309592 0.00991598 -0.0410735 0.00272695 0.0158107 0.0304266 0.0439806 0.00129838 -0.0139793 -0.00560073 -0.000814856 -0.0165632 -0.044454 0.00285152 -0.00288061 -0.0487403 -0.114201 -0.0430071 -0.0317313 -0.0382547 0.0168236 0.153469 0.00195039 -0.0255978 -0.0554758 0.00887597 -0.11805 0.0181147 0.0100403 -0.158487 0.00970615 -0.00333154 0.0345384
internal_weight=201468 61817 17607 44210 1932.56 654.507 1278.05 16971.5 42277.5 28379.8 17518.4 15330.5 8293.21 13897.7 2772.38 139651 77656.6 61994.6 75047.7 6881.25 6546.72 1443.54 1298.16 5103.18 1220.65 618.162 3882.53 167.587 68166.5 3714.95 736.897 2978.05 67281.3 6623.05 3524.54 2561.04 60658.3 5597.5 963.498 3098.51 5459.25 473.011 55060.8 60161.8 2629.81 211.778 2418.03 1832.86 826.409 348.243 256.877 10861.5 712.792 381.849 330.944 212.778 1320.65 16648.4 165.859 2187.87 1434.64 753.23
internal_count=21028825 5455528 2037722 3417806 77577 38095 39482 2021157 3340229 2914237 1185042 1124101 149128 425992 107419 15573297 5961608 9611689 5501653 436839 412844 124257 119520 288587 66328 33246 222259 18734 5064814 203525 55097 148428 5029128 1438131 1287830 1232217 3590997 116001 55613 150301 53530 31553 3474996 9117984 119827 21903 97924 493705 29708 28601 15533 1729195 15768 4587 11181 2039 853671 2012210 19716 60941 42810 18131
is_linear=0
shrinkage=0.1


Tree=127
num_leaves=63
num_cat=0
split_feature=35 29 29 18 9 18 32 18 19 33 32 32 18 32 28 35 18 32 35 29 30 31 19 7 0 8 13 16 24 29 7 28 2 1 24 22 3 4 3 0 3 0 2 1 28 11 8 27 4 28 28 26 8 25 4 1 27 25 27 25 2 0
split_gain=40.8307 100.257 162.75 109.719 100.103 195.54 187.076 234.714 191.467 148.971 137.284 475.153 136.621 578.358 134.675 103.688 97.0917 395.919 97.0541 110.951 92.9573 141.929 144.295 143.81 135.447 129.669 134.537 208.741 170.268 163.404 119.259 118.785 111.709 290.034 181.022 150.542 142.954 109.501 131.624 130.092 120.385 127.823 104.911 117.083 125.354 104.574 103.208 98.032 97.9003 97.0192 92.1766 90.7421 88.6426 89.0643 242.063 148.531 141.845 493.689 137.588 109.884 112.394 253.766
threshold=3.5000000000000004 16.500000000000004 12.500000000000002 1.5000000000000002 0.73214286565780651 3.5000000000000004 2.5000000000000004 1.5000000000000002 1.0000000180025095e-35 0.016484528779983524 4.5000000000000009 2.5000000000000004 6.5000000000000009 7.5000000000000009 1.5000000000000002 1.5000000000000002 7.5000000000000009 8.5000000000000018 2.5000000000000004 17.500000000000004 3.5000000000000004 0.77607259154319774 0.17726895213127139 54.585502624511726 91.54584121704103 83.816528320312514 1.0000000180025095e-35 2.5000000000000004 2.5000000000000004 24.500000000000004 1.0000000180025095e-35 3.5000000000000004 31.851119995117191 31.643132209777836 1.5000000000000002 1.0000000180025095e-35 72.065574645996108 0.72802454233169567 48.074073791503913 20.169491767883304 42.488718032836921 32.305501937866218 89.512962341308608 98.437118530273452 39.500000000000007 1.0000000180025095e-35 58.082538604736335 1.5000000000000002 0.95779800415039074 450.50000000000006 2.5000000000000004 1.0000000180025095e-35 42.88975906372071 3.5000000000000004 1.0000000180025095e-35 6.5753917694091806 31.500000000000004 4.5000000000000009 3.5000000000000004 4.5000000000000009 3.7386442422866826 8.4806714057922381
decision_type=2 2 2 10 8 8 2 8 2 2 2 2 8 2 2 2 8 2 2 2 2 2 2 10 2 10 2 10 2 2 10 2 2 2 2 2 2 2 2 2 2 2 2 2 2 2 10 2 2 2 2 2 8 2 2 2 2 2 2 2 2 2
left_child=1 2 -1 -4 5 6 7 18 -9 -10 11 -7 -12 -14 -13 -8 -15 -18 19 50 25 24 23 -23 49 26 27 29 -29 -2 -26 46 33 36 -35 -36 37 38 40 -40 41 52 -24 44 48 -27 47 -28 -44 51 -3 -22 -25 -54 55 -55 57 -57 -59 60 -58 -62
right_child=20 4 3 -5 -6 10 15 8 9 -11 12 14 13 16 -16 -17 17 -19 -20 -21 21 22 42 32 30 45 31 28 -30 -31 -32 -33 -34 34 35 -37 -38 -39 39 -41 -42 -43 43 -45 -46 -47 -48 -49 -50 -51 -52 -53 53 54 -56 56 59 58 -60 -61 61 -63
leaf_value=-0.027743558237161649 0.0060330323819385292 0.057607089743836493 0.00034741201134425042 0.027629660124380551 0.0077965922763362687 -0.0069980891423355026 0.00079205527311549642 -0.020732999344316359 0.020384955175916541 0.076475929814467533 -0.014446211344685683 -0.013139755749618074 0.14083570088793171 -0.031559424932314888 0.11006936113901214 -0.025322688344409552 0.15893500013807557 0.0030395033913387642 0.010637743099967883 -0.013926039026261321 -0.021433865985717532 -0.051374719924343573 -0.0090148320635050957 0.024408613910332153 -0.02734314088086855 0.063561059939064857 0.064396911275510754 -0.019085834687974999 -0.076909218213843555 -0.050150571097231977 0.045472636210530479 -0.0016618792999439234 0.0063664975767669611 0.021657952616696688 -0.057050296530242295 0.015956592823333452 -0.10977642630124736 0.093649177078648768 -0.064791634189448777 -0.0073436477578899123 0.029814620135308351 -0.053298574760557063 -0.10026186442949184 0.029389503319279919 0.073847694024505167 -0.025872946499696532 -0.017888608188184382 -0.008844967717110774 -0.038438983795005328 -0.069475558493632072 -1.8545038031661678e-05 0.0075325415572119209 0.0047749099237667826 -0.1002024215555819 -0.11043465276252346 -0.068017611660173324 0.02588783758118442 0.025629183219075272 -0.11222585601070606 -0.023654752552601299 -0.0863325851912492 0.002980021086712646
leaf_weight=874.0743196339281 3266.1060939206627 387.40483952122304 2251.6196620502342 4268.6420979574759 15590.727996154121 1343.1256895505835 1948.7690654384478 687.64745816799405 1343.4321123536793 731.21362495232461 4422.5845938090597 103.11523286401416 307.32068636131589 793.25945652229075 635.30002824859366 6916.5015713737357 163.7888925478037 30253.188876141434 2636.130351051359 10794.981565883785 1148.8135371787903 552.80976112525968 2722.6579238997556 1443.5400121416096 265.59674443397762 135.40275183292397 726.9180453801855 1296.3099890238136 838.73127435928382 615.15658516711665 1468.8570287466564 20932.248050549049 17955.245238703894 473.12665204748191 1929.514265325286 330.87499136490624 119.86088784223102 123.41303439307376 609.40232717757681 1116.1664900930737 1361.6275474245995 452.91109319325915 440.62170239503121 188.92069516390893 70.030497101824039 3799.4845350602991 342.10776703903684 244.11710104579834 611.79979270197691 172.56574362813626 979.16512246119237 18452.461207279455 14068.697498792599 161.20447143169076 219.77320390365639 1322.7788069434755 1997.5503172441386 1280.2336633234827 76.738905616328339 1593.0467268579505 330.70588661936927 8367.5074035846992
leaf_count=47808 819450 8949 218852 254477 1598270 119728 31371 60986 31646 22347 71904 24215 8165 11934 24263 157310 3692 2300908 82532 227814 120271 1968488 123572 118609 2432 30119 27081 1284760 504444 130047 74249 2098988 1873571 127498 1019327 9107 2734 2878 19750 89668 145466 186625 9123 10924 2883 60556 4748 12266 8542 5843 20440 3465935 887193 31695 104438 98244 25685 36316 6526 36538 7923 106071
internal_value=1.10301e-05 0.00163559 0.0127765 0.0182084 0.000606335 -0.0011331 -0.00774039 -0.001762 0.024997 0.0401543 0.00345899 0.0284274 0.0020129 0.00432246 0.092864 -0.0195821 0.00297824 0.00387897 -0.00675712 -0.0105276 -0.00123903 0.000559506 -0.00194176 -0.000623348 0.00752788 -0.00578774 -0.00341975 -0.0166869 -0.0418012 -0.00287173 0.0343224 0.000168366 -0.00011632 -0.00323041 -0.0345902 -0.0463636 -0.000756114 -0.00037763 -0.000714941 -0.027632 0.000706493 -0.000559188 -0.0202068 -0.0434435 -0.0557021 -0.0227954 0.0293435 0.045984 -0.0643226 0.00517761 0.0163176 0.00583485 0.000214787 -0.000972394 -0.00624011 -0.0047266 -0.00369837 -0.0245444 0.0178333 0.00084742 0.00449682 -0.000415642
internal_weight=201058 87432 7394.34 6520.26 80037.7 64446.9 26425.2 17560 2762.29 2074.65 38021.7 2081.54 35940.1 31517.6 738.415 8865.27 31210.2 30417 14797.7 12161.6 113626 81429.1 59920.8 55886.7 21508.3 32196.6 28261.7 6016.3 2135.04 3881.26 1734.45 22245.4 55333.9 37378.7 2733.52 2260.39 34645.2 34525.3 34401.9 1725.57 32676.3 31314.7 4034.03 1311.37 1122.45 3934.89 1313.14 971.035 1052.42 19773.8 1366.57 19601.3 30861.8 29418.2 15349.5 15129.8 14968.6 2679.75 1356.97 12288.8 10695.8 8698.21
internal_count=21028194 5327611 521137 473329 4806474 3208204 643395 454714 114979 53993 2564809 168206 2396603 2324699 48478 188681 2316534 2304600 339735 257203 15700583 10728124 7059394 6904350 3668730 4972459 4881784 2738701 1789204 949497 76681 2143083 4935862 3062291 1155932 1028434 1906359 1903625 1900747 109418 1791329 1645863 155044 31472 20548 90675 44095 39347 17665 3592049 29389 3586206 1459238 1340629 453436 348998 317303 141086 42842 176217 139679 113994
is_linear=0
shrinkage=0.1


Tree=128
num_leaves=63
num_cat=0
split_feature=25 24 2 9 2 0 1 4 24 6 1 1 3 2 1 20 1 3 0 3 25 0 2 0 24 4 2 3 3 3 2 3 2 0 0 25 1 4 24 24 24 4 2 22 2 0 2 19 28 1 3 1 9 4 2 4 3 9 1 1 1 1
split_gain=42.0396 129.227 524.318 386.216 197.933 193.832 191.987 206.133 175.082 158.274 246.657 151.53 249.141 180.36 365.236 139.741 205.698 128.905 155.427 127.972 310.095 125.319 124.778 116.016 113.412 112.175 433.978 488.388 427.576 585.545 532.127 381.197 367.576 485.808 347.172 322.913 415.766 320.412 278.079 242.253 237.57 217.98 210.803 204.377 203.843 186.621 185.324 181.837 179.06 171.358 185.448 169.741 168.36 165.675 230.099 230.857 276.736 176.885 156.303 155.32 153.66 144.353
threshold=2.5000000000000004 2.5000000000000004 57.93287658691407 0.47222222387790685 80.243904113769545 70.801284790039077 55.217784881591804 0.63996374607086193 3.5000000000000004 1.0000000180025095e-35 89.512962341308608 32.466217041015632 77.032970428466811 19.139194488525394 18.321678161621097 0.17637168616056445 82.637680053710952 36.181818008422859 25.13157939910889 84.889995574951186 1.5000000000000002 57.804552078247077 32.495286941528327 7.1858863830566415 3.5000000000000004 0.93338736891746532 89.009658813476577 98.147510528564467 73.765182495117202 94.494949340820327 69.282051086425795 88.303691864013686 84.660633087158217 74.862636566162124 75.106838226318374 1.5000000000000002 62.575302124023445 0.88002100586891185 1.5000000000000002 1.5000000000000002 1.5000000000000002 0.87146088480949413 91.476997375488295 1.0000000180025095e-35 64.075469970703139 65.64831924438478 74.133811950683608 0.1933449059724808 41.500000000000007 55.217784881591804 84.680576324462905 64.051280975341811 0.76388889551162731 0.95007002353668224 93.788581848144545 0.97280043363571178 99.523811340332045 0.4083333313465119 85.215545654296889 84.660633087158217 74.64676666259767 87.026645660400405
decision_type=2 2 2 10 2 2 2 2 2 2 2 2 2 2 2 2 2 2 2 2 2 2 2 2 2 2 2 2 2 2 2 2 2 2 2 2 2 2 2 2 2 2 2 2 2 2 2 2 2 2 2 2 8 2 2 2 2 8 2 2 2 2
left_child=1 25 6 4 9 -6 7 11 -9 10 -4 13 22 14 -3 -7 -17 18 -15 -8 -21 -11 -13 -2 -22 28 27 38 40 30 43 42 33 -32 35 36 39 -34 -27 -31 45 -41 -28 49 -38 -1 52 58 -39 50 -30 -47 -29 -33 -55 56 -56 -58 -36 -57 -46 -35
right_child=23 2 3 -5 5 15 19 8 -10 21 -12 12 -14 17 -16 16 -18 -19 -20 20 24 -23 -24 -25 -26 26 31 46 29 34 32 53 37 61 47 -37 44 48 -40 41 -42 -43 -44 -45 60 51 -48 -49 -50 -51 -52 -53 -54 54 55 59 57 -59 -60 -61 -62 -63
leaf_value=0.02137503576400112 -0.034778151362019644 0.0063762626864635021 0.089547145522436547 0.075854264559350584 -0.069864103915094927 -0.026042861546649594 -0.096529251881540171 0.016571176220900468 0.11931599211491201 -0.081523812447500815 -0.11755416906384186 -0.082727304768710264 0.087910233871749108 0.013121834489116314 -0.071389478986544991 -0.081456109417978831 0.065920684078476746 0.024953536018439589 -0.052029533252119876 -0.10051989666620581 0.14002695389301864 0.025669622465446802 -0.020602784836571797 -0.0013177695510267207 -0.018301195041129151 -0.12469323962356241 -0.013202731575769117 -0.20172658919818187 -0.072782521970017999 0.12129320890438802 -0.058491944171502212 -0.047915071423438989 0.039064171983401959 0.047207216019343627 0.092973899750915343 -0.045848112902258667 0.051126000603227931 -0.099924134153144037 0.066930123197120342 0.001196077503068136 0.00030832652191438155 -0.088522284196260445 -0.12611019711645577 0.082693373890697724 -0.044653459565837161 0.50673356533923708 -0.049263212580744842 -0.056111115714369289 0.051187483195522368 -0.093584876286911589 0.050651446211521893 0.085602190248237175 -0.86054988770384977 0.035962786941101631 -0.049339831038589535 -0.018564219735718819 -0.16261347845159077 -0.67803571263909079 -0.025629832120564064 0.0028224089564687451 0.029138624861251596 -0.0090107528985499796
leaf_weight=2514.545874950325 1049.1337154479988 1832.9249425164742 709.96090421026474 1559.5779738005076 401.41381230511365 578.74100671628344 354.53523278111089 515.00191387606537 244.63480847341089 115.8952692698947 62.57668693643609 578.77670143169598 150.28237105674975 1031.7166237516276 900.73568786672354 114.0107534265735 559.28174565106019 3099.9182508607169 567.62277867496914 199.59227753789349 115.48114298722876 1850.1453360179005 732.45752323533475 84247.027657325758 74.382858582725333 78.539294028147651 304.27920819838255 18.001458564456815 349.6774078180963 96.150155547530176 924.68511562311642 671.55800592884771 249.92766920360691 1387.4651604623734 168.43071713626523 824.05884466059888 2867.8143240563531 935.64174493709879 2117.6042396840903 533.66601758710749 17259.783401670098 549.78716497276173 362.19649184850641 79.757274513245648 443.29355658384213 9.8239969084484056 313.15308033934377 1352.2443946893609 85.588655821059547 1965.888872767267 186.70762865479651 371.46453455580877 4.944175163160252 1934.1685489362353 456.51760458808712 3623.2702855321477 16.055458656279374 11.376091336365787 326.52481130288379 54088.598340293996 776.46710612486856 680.89121036280926
leaf_count=259972 97329 59332 155210 157801 21091 51034 236671 175814 32852 20578 15480 335886 29515 93446 89456 1700 8375 385642 154110 243786 10498 98581 419164 7631144 8508 1591 7531 669 32053 2362 83563 8943 15537 33794 6217 51783 388220 13052 109078 191115 2625539 197279 7185 1649 88080 385 28951 63481 3222 215029 5057 11904 83 40789 5589 1063781 116 128 6807 4810452 96979 16761
internal_value=-4.62287e-05 0.00119899 0.00943492 0.0331051 0.0179252 -0.0093956 -0.00411334 -0.000341199 0.0496593 0.0344205 0.0727716 -0.00461153 -0.0340468 0.00117625 -0.0192474 0.00999118 0.0409649 0.0130571 -0.0100011 -0.0530609 -0.0134901 0.0193507 -0.0480244 -0.00172933 0.0779989 -0.000161972 0.00232592 0.0428968 -0.00471906 -0.0176353 -0.039065 0.000654561 -0.0173708 0.00176289 0.000846026 0.0123622 0.0214693 -0.0624225 0.0600772 -0.0308305 0.00475532 -0.0443306 -0.0745623 -0.0748928 0.0365621 0.0312604 -0.0693636 -0.0371292 -0.0872596 -0.0799157 -0.029817 0.0964527 -0.343686 0.00147905 0.00203071 0.000902955 -0.0678764 -0.376363 0.0147304 0.00147971 0.00232061 0.0287006
internal_weight=200586 115290 16349.7 5951.6 4392.03 1653.45 10398.1 9654.07 759.637 2738.58 772.538 8894.43 1461.52 7432.92 2733.66 1252.03 673.292 4699.26 1599.34 743.992 389.456 1966.04 1311.23 85296.2 189.864 98940.5 64000.3 2532.24 34940.3 14784.7 6846.23 61468 4264.2 2993.04 7938.44 6091.24 5267.18 1271.16 2196.14 1179.6 20155.6 1083.45 666.476 2582.03 4087.57 2895.83 336.099 1847.2 1021.23 2502.27 536.385 381.289 22.9456 60801.5 60130 58195.8 483.949 27.4315 494.956 57711.9 1219.76 2068.36
internal_count=21027729 13299256 2804530 529850 372049 82200 2274680 1775217 208666 289849 170690 1566551 784565 781986 148788 61109 10075 633198 247556 499463 262792 119159 755050 7728473 19006 10494726 6084886 140372 4409840 1512040 419717 5944514 165929 134118 1092323 1015818 964035 31811 110669 390756 2897800 388394 14716 253788 573279 272261 29703 76505 16274 252139 37110 12289 752 5929798 5920855 5880066 5833 244 13024 5874233 185059 50555
is_linear=0
shrinkage=0.1


Tree=129
num_leaves=63
num_cat=0
split_feature=8 7 7 10 20 9 7 8 7 33 0 29 24 11 8 30 7 27 20 1 19 31 19 28 2 3 1 0 29 24 30 31 28 8 7 7 0 29 19 29 4 9 28 0 1 0 0 1 28 11 30 18 29 11 32 19 18 0 3 22 3 3
split_gain=41.0758 72.106 57.2823 69.2071 61.6422 56.5799 48.9263 48.293 45.7221 90.0351 53.4803 45.5611 43.1505 66.715 242.439 40.7987 40.0971 39.4041 217.093 148.896 190.452 339.906 329.325 264.349 217.74 201.28 179.567 310.48 146.222 122.014 95.1297 94.7046 150.772 89.5646 84.1141 82.6134 81.8833 78.9338 78.7855 78.1287 75.5591 99.1589 114.387 125.868 74.7954 105.288 110.288 78.4151 74.5714 94.5445 74.0785 81.6924 70.0689 107.624 120.611 69.3047 67.3906 63.6657 213.908 148.852 205.349 127.398
threshold=26.878213882446293 69.255905151367202 40.783086776733406 2.5000000000000004 1.0000000180025095e-35 0.64583334326744091 28.483244895935062 35.464487075805671 54.071052551269538 0.83476486802101146 91.331184387207045 25.500000000000004 4.5000000000000009 1.5000000000000002 20.71519756317139 9.5000000000000018 34.417417526245124 48.500000000000007 0.19909618049860003 84.660633087158217 0.18783515691757205 0.88416638970375072 0.24601222574710849 123.50000000000001 86.391696929931655 97.100841522216811 99.494949340820327 86.512474060058608 20.500000000000004 2.5000000000000004 13.500000000000002 0.82880055904388439 146.50000000000003 99.81818008422853 87.362373352050795 79.55173492431642 93.582702636718764 27.500000000000004 0.31828427314758306 21.500000000000004 0.92942810058593761 0.86607143282890331 96.500000000000014 84.575733184814467 91.331184387207045 79.784946441650405 71.50376129150392 87.411972045898452 118.50000000000001 1.0000000180025095e-35 13.500000000000002 5.5000000000000009 21.500000000000004 1.0000000180025095e-35 9.5000000000000018 0.26486425101757055 8.5000000000000018 9.7167587280273455 10.668563365936281 1.0000000180025095e-35 24.621212005615238 12.632978916168215
decision_type=8 8 8 2 2 10 10 10 8 2 2 2 2 2 10 2 8 2 2 2 2 2 2 2 2 2 2 2 2 2 2 2 2 8 10 10 2 2 2 2 2 10 2 2 2 2 2 2 2 2 2 10 2 2 2 2 8 2 2 2 2 2
left_child=1 6 3 4 5 -2 12 -5 9 -8 15 -3 -1 -14 -15 16 -11 57 34 28 21 31 24 25 40 -24 27 44 30 52 33 32 -21 -20 -19 -31 48 50 55 -37 -22 -42 43 -43 45 46 47 -27 -23 -50 51 -30 53 -25 56 -28 -55 58 -4 60 -60 -61
right_child=2 11 17 7 -6 -7 8 -9 -10 10 -12 -13 13 14 -16 -17 -18 18 19 20 22 36 23 29 -26 26 38 -29 37 35 -32 -33 -34 -35 -36 39 -38 -39 -40 -41 41 42 -44 -45 -46 -47 -48 -49 49 -51 -52 -53 -54 54 -56 -57 -58 -59 59 61 -62 -63
leaf_value=-0.016504957071141559 -0.074617053979053272 -0.003795561090254672 0.003777096765789691 0.30900010448055881 0.0046566385120691131 0.08420840768680149 0.036530051589785804 2.3181973245355749 0.025711310824613177 -0.016456796606957608 0.28202575818601672 -0.11381909989315298 -1.2180933223037773 -33.939827199804803 -0.10000478579161645 0.6383742251566098 0.15607791773800248 -0.032788582320862923 0.00035323605404242948 -0.020914736988329935 -0.046181025325517044 -0.049183768075222699 -0.13397018812592679 0.061274123504782556 0.086149267815130451 0.064196344481072073 0.26908022242122781 0.1701733067153802 -0.023978289370572708 -0.01597662178570159 0.021776943322111886 0.12574680734212501 0.16994449235545264 0.041154515837024772 0.11523997724623941 0.019420842445884288 0.10873931505401929 -0.042279437598426832 0.028920638266562011 0.071026036341653831 -0.10545198822447083 -0.48280609102992733 -0.012312975165703274 -1.9619899513144643 0.11316153038802373 -0.066314690736500079 0.099532749885146515 -0.059628514746930608 0.076295342422150303 -0.00078583363897241881 -0.00020739012461921865 0.01334107383626066 0.0054497284467650321 -0.0088855363754587104 -0.056590275857122223 -0.12279233915769053 0.21662809158780619 -0.00067804611816717404 0.073066017274966172 -0.041511219841495563 -0.062076605716105515 -0.11777438863669204
leaf_weight=119.65996005754111 292.37498405847572 249.72786399091319 2856.8924456903042 0.28426425225188623 241.31836758180458 24.293292899325024 145.58208441216038 0.20655688564511365 284.80826793380396 19.706691770368305 26.810180087259994 44.316911665388034 0.084934356104514525 0.0029551013752668887 0.0074659634276559028 1.4482475877098284 42.560265678011262 1940.3628727573814 11619.776246316542 126.62282478934503 423.87890832187259 211.8547183312985 65.831359792180592 161.99084134618897 97.998629858251661 92.778225987800397 4.9324285935144863 266.60413299271022 3314.578728022816 350.20768472773489 3134.2063888631565 458.01833814245765 61.489049343450461 564.12764044629512 39.16115155123407 773.42217601754965 80.359246902051382 660.44981763358373 1800.2047320221027 472.66842101581278 278.88436620403081 1.5322758066467934 1.9517467751284128 0.92106938443612296 118.20814590790542 101.45499675549945 204.35172853062977 113.9636383408797 205.85594403244613 700.97477380227429 6688.5887487081291 712.67982504975589 3082.3777952548116 1473.6614149375819 725.58930369571317 53.083170435100328 13.371385401173027 152995.5341537619 231.60007146171915 901.07786843019244 218.52686235671581 289.39464297862969
leaf_count=449710 5990394 10434 173862 151 432691 2423 106877 92 13754 179356 54760 1062 970 77 406 9371 54063 548913 578303 4555 12645 4577 1654 71257 3506 2257 548 14044 146614 13680 203865 21635 3110 13134 676 41605 6476 50855 84546 19889 5853 183 492 171 3521 1960 5312 2010 21154 9026 469783 81544 115111 20238 9301 3265 149 10862856 5232 52465 10322 20446
internal_value=-0.000294283 0.0206197 -0.000392393 -0.0323738 -0.0334179 -0.0624327 0.039436 1.15455 0.0526861 0.0852248 0.163535 -0.0203777 -0.0181995 -2.14461 -9.69596 0.113677 0.101473 -0.000302501 0.00245089 0.00408172 0.0130769 0.0427435 0.00795142 0.0129657 -0.0535448 0.0388353 0.0429637 0.0796979 -0.00013884 0.00261752 0.0062393 0.101211 0.0414724 0.00224238 -0.0298601 0.0269355 0.0112368 -0.00872697 0.0252242 0.0389958 -0.0729035 -0.112888 -0.583632 -1.03814 0.0414564 0.0249191 0.047435 -0.00406042 0.00423281 0.016712 -0.00665903 -0.0173741 -0.00449606 -0.0174062 -0.0231666 -0.0894757 -0.00685772 -0.00102277 -0.0127495 -0.0415284 0.00745721 -0.0600502
internal_weight=200185 934.716 199250 558.477 557.987 316.668 640.671 0.490821 520.916 236.107 90.5254 294.045 119.755 0.0953554 0.0104211 63.7152 62.267 198692 41199 39219.5 12525 1845.17 10679.9 9874.7 805.167 2821.41 2755.58 897.361 26694.4 7053.29 15318.1 646.13 188.112 12183.9 1979.52 1596.3 1199.04 11376.3 1858.22 1246.09 707.168 283.289 4.40509 2.45335 630.757 512.549 411.094 206.742 1118.69 906.831 10715.8 4027.26 5456.99 2374.61 2212.62 58.0156 1487.03 157493 4497.49 1640.6 450.127 1190.47
internal_count=21029191 880840 20148351 6425751 6425508 5992817 869344 243 418181 404427 297550 11496 451163 1453 483 242790 233419 13722600 2597417 2047828 503730 70533 433197 410347 22850 119117 117463 29104 1544098 291230 795302 29300 7665 591437 549589 75174 41233 748796 88359 61494 19344 6699 846 354 15060 11539 9579 4267 34757 30180 697941 228158 216056 100945 29688 3813 20387 11125183 262327 88465 15554 72911
is_linear=0
shrinkage=0.1


Tree=130
num_leaves=63
num_cat=0
split_feature=3 0 25 0 3 3 3 28 4 3 0 25 28 1 28 0 25 3 25 3 34 21 25 22 1 11 19 25 0 18 0 18 0 0 24 3 8 0 3 1 1 19 0 1 1 18 4 24 4 34 19 8 3 3 4 34 25 24 3 1 4 0
split_gain=39.0437 520.054 300.943 206.599 137.898 114.327 111.747 108.627 106.277 143.517 175.516 112.296 97.791 96.6666 95.3929 88.017 109.823 88.2339 81.2474 224.803 290.073 89.3339 130.522 88.3648 81.2458 76.521 72.6715 72.6263 80.6349 70.6967 69.6861 67.8215 78.3078 83.1589 67.4377 66.9198 66.2296 64.7175 64.5808 70.1433 63.9218 184.89 130.274 289.992 275.643 189.676 151.832 214.784 147.83 105.819 117.213 219.769 128.983 105.489 97.0331 93.8358 104.879 84.8734 80.7871 97.5036 81.8286 75.7149
threshold=10.128205299377443 9.3386626243591326 3.5000000000000004 9.7167587280273455 11.269841194152834 17.78656101226807 32.690166473388679 50.500000000000007 0.47025503218173986 48.714567184448249 34.833164215087898 1.5000000000000002 1013.0000000000001 8.8562092781066912 631.50000000000011 5.7556936740875253 2.5000000000000004 11.882352828979494 1.5000000000000002 48.331480026245124 0.89888176321983349 1.0000000180025095e-35 2.5000000000000004 1.0000000180025095e-35 9.581182003021242 1.0000000180025095e-35 1.0000000180025095e-35 3.5000000000000004 15.504807472229006 5.5000000000000009 8.4806714057922381 4.5000000000000009 44.315244674682624 27.622890472412113 3.5000000000000004 71.039428710937514 28.644688606262211 15.504807472229006 13.484848499298097 6.5753917694091806 80.982517242431655 0.55784127116203319 60.49571609497071 53.907203674316413 68.208553314208999 5.5000000000000009 0.76672235131263744 1.5000000000000002 0.69909369945526134 1.0000001788139345 0.44185805320739752 22.284295082092289 73.765182495117202 90.521114349365249 0.87003108859062206 1.0000001788139345 2.5000000000000004 2.5000000000000004 56.873315811157234 66.312053680419936 0.52757367491722118 77.836257934570327
decision_type=2 2 2 2 2 2 2 2 2 2 2 2 2 2 2 2 2 2 2 2 2 2 2 2 2 2 2 2 2 8 2 10 2 2 2 2 8 2 2 2 2 2 2 2 2 8 2 2 2 2 2 10 2 2 2 2 2 2 2 2 2 2
left_child=3 2 6 12 13 27 7 -2 9 10 -7 -11 -1 -4 -5 -9 38 30 31 20 -20 -22 -23 40 -6 -25 -12 28 -3 -27 -18 36 33 35 37 -33 -10 -29 39 -17 41 42 44 -44 45 55 47 -45 49 50 52 -52 57 -49 -48 58 -57 -46 59 -21 -61 -42
right_child=1 5 4 14 24 8 -8 15 18 11 26 -13 -14 -15 -16 16 17 -19 19 23 21 22 -24 25 -26 29 -28 34 -30 -31 -32 32 -34 -35 -36 -37 -38 -39 -40 -41 61 -43 43 46 48 -47 54 53 -50 -51 51 -53 -54 -55 -56 56 -58 -59 -60 60 -62 -63
leaf_value=0.012601437032031352 0.026453253165410851 0.044325925074858531 -0.083877707065867904 -0.025673966919923293 -0.12012662405808348 -0.0023150150379220367 -0.10843937729007816 -0.13824625207215574 0.060215941924806386 -0.057432585668652836 -0.06398393034298698 0.012922619964942861 -0.10046042842613408 -0.0098737852332388791 0.014035894526243218 -0.077600994298290357 -0.084102109057759569 -0.12034197685046766 -0.083950997170222988 -0.032446248378139524 -0.045311975080516834 0.058588349840065362 -0.046256758265623858 0.076791642133381466 0.11241023875236522 5.1949579620532492e-05 0.11525144741334373 0.006370642887464157 -0.013006861731223278 0.10319880080169364 0.0084136945041150529 0.025975573798245184 0.028973128670528953 -0.016923438289986058 -0.1666588297925492 -0.13541362447303415 0.0024674408852052741 0.071194806494210894 -0.051229585320619525 0.054033238935261109 0.0047528795711178386 -0.063340672134420059 0.14773453925612029 0.16495962759476268 0.31743379776275044 -0.069709921950854431 0.011801111510252003 -0.065363291589392802 0.016328147842087252 0.052246829874858895 1.5890335830692122 0.26258044737215441 0.048079420368081216 0.079191896436131101 -0.017404872831987672 -0.046395674929077098 0.035211420000743655 0.125792160144615 0.043009443143872866 3.1087506625043497 0.57572747739236052 -0.0013028473828083393
leaf_weight=10618.946263277085 595.08421444567716 1098.8784336973079 368.27243254277187 2617.75630140061 570.62688866980807 9242.7888895727592 117.61292280997486 66.86773772260176 200.16655322930504 990.08601122836535 598.19636839460566 294.30211306717229 77.056062545379973 338.97745571275891 786.76781277926966 46.709000917105186 129.38016454807803 137.98984433459373 740.2738881349278 209.72162367623582 263.46120378192666 376.33757874327739 173.46710396525566 258.60871385032704 15.431414209346711 560.63068175380249 23.510303061205718 8519.5420648905474 315.81223181854489 75.383646415041881 219.62044012291335 1068.11067426103 2329.4883218680452 1090.62441891668 22.279913899435996 26.32569638763016 25311.564140700175 156.84499373154904 110.40359229649312 303.58608556260697 26653.254303947499 571.28638442480769 110.3783467040912 44.9239096692354 41.075427870605942 451.53077150766762 1607.7211836327951 1021.6012768875883 793.9661545045401 411.88312980666524 1.5344116232694185 6.7165469541037055 104.36594455347289 53.106832158617863 3889.9530321733992 532.40473548613591 223.63037855253788 52.835453819366897 662.71402423349946 0.15580365986715961 0.70288884076308022 91615.217789077418
leaf_count=307308 33346 20309 31743 96442 41580 1480858 7790 3928 297254 122084 549361 133056 1969 7954 15311 724 3590 3334 3186772 199511 107861 107337 96191 9281 657 4256 22159 167213 22169 1812 3075 97287 89714 244090 935 891 2534005 3258 2614 4527 2074070 257296 10522 4274 22993 1364276 172462 242347 97599 5242 179 2620 48626 8792 198751 11017 3240 44658 63226 150 409 6332382
internal_value=-0.000115316 -0.000500282 -0.0416552 0.00495781 -0.0781327 0.000179765 -0.014342 -0.00746654 -0.000425453 -0.00986849 -0.0057745 -0.0413115 0.0117869 -0.0484084 -0.0164972 -0.0273621 -0.0195382 -0.0526485 0.00022629 -0.00084534 -0.0386599 0.00256623 0.025509 -0.000393289 -0.114004 0.0309266 -0.057206 0.0105138 0.0315271 0.0122774 -0.0258834 0.0049198 0.0162177 0.00261906 0.0070963 0.0220935 0.00292054 0.00754248 0.0154616 0.0364809 -0.000610392 -0.00797767 -0.00488322 -0.0130184 0.0107844 -0.0123583 -0.0156998 -0.0492653 0.0448806 0.0815385 0.139956 0.509258 0.124588 -0.0582201 -0.00886397 0.00353543 -0.0222568 0.209614 0.0258645 -0.0280921 1.03533 6.18851e-05
internal_weight=199918 185818 3020.56 14100.5 1293.31 182797 1727.25 1609.64 172684 11148.9 9864.5 1284.39 10696 707.25 3404.52 1014.56 947.689 486.99 161535 131509 1553.54 813.266 549.805 129955 586.058 894.623 621.707 10113.4 1414.69 636.014 349.001 30026.3 4514.55 2185.06 8698.67 1094.44 25511.7 8676.39 460.699 350.295 129061 10792.2 10220.9 6727.68 3493.24 2080.86 6617.31 1119.63 1412.38 618.411 206.528 8.25096 198.277 1074.71 5497.67 1629.33 756.035 93.9109 873.294 210.58 0.858693 118268
internal_count=21028687 20607657 144862 421030 81934 20462795 62928 55138 20248911 2307518 2052378 255140 309277 39697 111753 21792 17864 9999 17941393 14678152 3498161 311389 203528 11179991 42237 15349 571520 213884 42478 6068 6665 3263241 431982 342268 171406 98178 2831259 170471 7865 5251 11164642 2758190 2500894 637148 1863746 1641829 626626 255413 221917 124318 119076 2799 116277 251139 371213 277553 14257 67651 263296 200070 559 8406452
is_linear=0
shrinkage=0.1


end of trees

feature_importances:
addr_tset=605
t_ntok=600
name_ratio=588
name_tset=588
core_tsort=463
num_jacc=453
core_partial=448
num_extra_t=360
s1_key_freq=348
concat_jw=341
s1_ntok=307
cos_sum=284
addr_ratio=265
rank_addr_tfidf=260
cos_addr=241
t_key_freq=217
n_cands=214
s1_nnums=193
cos_addr_grp_rank=178
cos_name=164
t_indic=161
cos_name_grp_rank=149
name_exact=118
cos_addr_gap_to_max=114
cos_sum_grp_rank=105
rank_name_tfidf=75
cos_name_gap_to_max=72
t_src3=63
concat_contains=59
num_shared=47
num_equal=26
rank_name_exact=10
concat_eq=3
addr_tfidf=2
name_tfidf=1

parameters:
[boosting: gbdt]
[objective: binary]
[metric: binary_logloss]
[tree_learner: serial]
[device_type: cpu]
[data_sample_strategy: bagging]
[data: ]
[valid: ]
[num_iterations: 3000]
[learning_rate: 0.1]
[num_leaves: 63]
[num_threads: 0]
[seed: 13]
[deterministic: 0]
[force_col_wise: 0]
[force_row_wise: 0]
[histogram_pool_size: -1]
[max_depth: -1]
[min_data_in_leaf: 100]
[min_sum_hessian_in_leaf: 0.001]
[bagging_fraction: 0.8]
[pos_bagging_fraction: 1]
[neg_bagging_fraction: 1]
[bagging_freq: 1]
[bagging_seed: 16376]
[bagging_by_query: 0]
[feature_fraction: 0.9]
[feature_fraction_bynode: 1]
[feature_fraction_seed: 20348]
[extra_trees: 0]
[extra_seed: 30076]
[early_stopping_round: 0]
[early_stopping_min_delta: 0]
[first_metric_only: 0]
[max_delta_step: 0]
[lambda_l1: 0]
[lambda_l2: 0]
[linear_lambda: 0]
[min_gain_to_split: 0]
[drop_rate: 0.1]
[max_drop: 50]
[skip_drop: 0.5]
[xgboost_dart_mode: 0]
[uniform_drop: 0]
[drop_seed: 24096]
[top_rate: 0.2]
[other_rate: 0.1]
[min_data_per_group: 100]
[max_cat_threshold: 32]
[cat_l2: 10]
[cat_smooth: 10]
[max_cat_to_onehot: 4]
[top_k: 20]
[monotone_constraints: ]
[monotone_constraints_method: basic]
[monotone_penalty: 0]
[feature_contri: ]
[forcedsplits_filename: ]
[refit_decay_rate: 0.9]
[cegb_tradeoff: 1]
[cegb_penalty_split: 0]
[cegb_penalty_feature_lazy: ]
[cegb_penalty_feature_coupled: ]
[path_smooth: 0]
[interaction_constraints: ]
[verbosity: -1]
[saved_feature_importance_type: 0]
[use_quantized_grad: 0]
[num_grad_quant_bins: 4]
[quant_train_renew_leaf: 0]
[stochastic_rounding: 1]
[linear_tree: 0]
[max_bin: 255]
[max_bin_by_feature: ]
[min_data_in_bin: 3]
[bin_construct_sample_cnt: 200000]
[data_random_seed: 81]
[is_enable_sparse: 1]
[enable_bundle: 1]
[use_missing: 1]
[zero_as_missing: 0]
[feature_pre_filter: 1]
[pre_partition: 0]
[two_round: 0]
[header: 0]
[label_column: ]
[weight_column: ]
[group_column: ]
[ignore_column: ]
[categorical_feature: ]
[forcedbins_filename: ]
[precise_float_parser: 0]
[parser_config_file: ]
[objective_seed: 11872]
[num_class: 1]
[is_unbalance: 0]
[scale_pos_weight: 1]
[sigmoid: 1]
[boost_from_average: 1]
[reg_sqrt: 0]
[alpha: 0.9]
[fair_c: 1]
[poisson_max_delta_step: 0.7]
[tweedie_variance_power: 1.5]
[lambdarank_truncation_level: 30]
[lambdarank_norm: 1]
[label_gain: ]
[lambdarank_position_bias_regularization: 0]
[eval_at: ]
[multi_error_top_k: 1]
[auc_mu_weights: ]
[num_machines: 1]
[local_listen_port: 12400]
[time_out: 120]
[machine_list_filename: ]
[machines: ]
[gpu_platform_id: -1]
[gpu_device_id: -1]
[gpu_device_id_list: ]
[gpu_use_dp: 0]
[num_gpu: 1]

end of parameters

pandas_categorical:null
