tree
version=v4
num_class=1
num_tree_per_iteration=1
label_index=0
max_feature_idx=35
objective=binary sigmoid:1
feature_names=name_ratio name_tset core_tsort core_partial concat_jw concat_eq concat_contains addr_tset addr_ratio num_jacc num_shared num_extra_t num_equal name_exact rank_name_exact name_tfidf rank_name_tfidf addr_tfidf rank_addr_tfidf cos_name cos_addr t_src3 t_indic t_addr_empty s1_ntok t_ntok s1_nnums s1_key_freq t_key_freq n_cands cos_name_grp_rank cos_name_gap_to_max cos_addr_grp_rank cos_addr_gap_to_max cos_sum cos_sum_grp_rank
feature_infos=[0:100] [0:100] [0:100] [0:100] [0:1] [0:1] [0:1] [3.0534350872039795:100] [2.8985507488250732:100] [0:1] [0:10] [0:11] [0:1] [0:1] [0:0] [0:1] [0:9] [0:1] [0:9] [0:1.0000002384185791] [0:1.0000002384185791] [0:1] [0:1] [0:1] [1:10] [1:15] [0:12] [1:881] [0:3522] [10:73] [1:61] [0:1.0000002384185791] [1:49] [0:1.0000002384185791] [0:2.0000004768371582] [1:67]
tree_sizes=6934 7032 7055 7051 7083 7080 7092 7084 7065 7108 7115 7049 7089 7106 7089 7113 7071 7100 7111 7100 7129 7096 7118 7128 7113 7110 7144 7145 7115 7109 7110 7091 7115 7152 7141 7128 7075 7128 7153 7194 7160 7159 7113 7154 7118 7168 7204 7129 7158 7158 7188 7179 7172 7115 7189 7179 7126 7178 7151 7203 7135 7196 7117 7199 7127 7163 7125 7169 7200 7205 7163 7164 7178 7189 7180 7173 7177 7132 7195 7166 7184 7172 7127 7168 7161 7069 7215 7152 7181 7141 7194 7127 7184 7057 7077 6866 7002 7132 7076 7137 7061 7219 7103 7128 7019 6935 7167 7149 7098 7061 7071 7083 7180 7116 7104 7097 7035 7186 7108 6971 7021 7063 6996 7059 7117 7171

Tree=0
num_leaves=63
num_cat=0
split_feature=34 11 7 0 9 3 22 9 7 0 7 3 11 27 7 22 9 26 25 7 9 0 7 34 9 27 24 3 18 7 27 22 7 2 7 0 7 26 2 2 27 24 1 13 27 13 27 28 9 25 7 1 11 9 0 25 11 11 2 27 0 24
split_gain=1.20614e+07 2.00606e+06 908171 428737 380534 366694 391303 305243 211174 190857 152756 437012 371154 124834 81738.6 80468.9 125890 77240.4 77224.2 66390.8 45538.8 43072.2 76609.4 42360.3 33164.1 32769.8 33683.1 32586.8 30283.9 29685.8 29491.2 27351.4 22732.8 22190.1 21773 20739.1 20141.5 17379.2 16389.6 15716.6 15191.5 14772.1 13868.1 23849 13727.5 23299.9 28021.8 12825.2 11592.7 11222.9 10905.7 81906.3 83963.1 13699.1 11920 10025.6 9981.25 9758.14 9688.15 8923.5 8703.61 8613.03
threshold=1.1191128492355349 1.0000000180025095e-35 93.557819366455092 96.449581146240249 0.64583334326744091 65.419578552246108 1.0000000180025095e-35 0.47222222387790685 57.212205886840827 86.240703582763686 78.135349273681655 72.871574401855483 1.0000000180025095e-35 2.5000000000000004 63.182720184326179 1.0000000180025095e-35 0.64583334326744091 2.5000000000000004 1.5000000000000002 93.557819366455092 0.73214286565780651 62.98833084106446 99.781658172607436 1.8372015357017519 0.47222222387790685 31.500000000000004 2.5000000000000004 99.333332061767592 2.5000000000000004 54.595132827758796 34.500000000000007 1.0000000180025095e-35 97.969490051269545 86.319076538085952 98.799980163574233 91.54584121704103 97.969490051269545 2.5000000000000004 66.260162353515639 83.795948028564467 1.5000000000000002 2.5000000000000004 95.293468475341811 1.0000000180025095e-35 4.5000000000000009 1.0000000180025095e-35 1.5000000000000002 17.500000000000004 0.47222222387790685 2.5000000000000004 63.847667694091804 79.337715148925795 1.0000000180025095e-35 0.47222222387790685 79.814815521240249 1.5000000000000002 1.5000000000000002 1.0000000180025095e-35 88.153816223144545 6.5000000000000009 27.639257431030277 2.5000000000000004
decision_type=2 2 8 2 8 2 2 10 10 2 10 2 2 2 10 2 8 2 2 10 10 2 10 2 10 2 2 2 8 10 2 2 10 2 10 2 8 2 2 2 2 2 2 2 2 2 2 2 10 2 10 2 2 10 2 2 2 2 2 2 2 2
left_child=2 8 10 7 9 6 18 23 47 21 50 15 -13 36 -5 38 48 29 28 -7 58 31 44 32 35 26 -8 -15 60 -9 41 -4 42 -34 -33 49 -11 -26 -12 55 -38 -18 -3 -44 45 -23 -47 -2 -17 61 -1 54 -53 -54 -52 -31 -25 -40 -19 -29 -6 -14
right_child=1 3 4 14 5 19 25 17 -10 13 11 12 24 27 -16 16 30 20 -20 -21 -22 22 -24 56 37 -27 -28 59 -30 39 -32 34 33 -35 -36 -37 40 -39 57 -41 -42 -43 43 -45 -46 46 -48 -49 -50 -51 51 52 53 -55 -56 -57 -58 -59 -60 -61 -62 -63
leaf_value=-1.8317561079954547 -1.2698065919352739 -1.7771637952112003 -1.8129609077196835 -1.7393339917227377 -1.2887827871337068 -1.680909063158021 -1.7808713012296076 -1.7914277347350571 -1.0661612472993256 -1.5285888066772899 -1.8270701344275133 -1.1062135337134245 -1.6998339590228597 -1.2051680429097318 -1.0873574427136659 -1.7933279860251665 -1.8073100987510999 -1.784978958274956 -1.823992909440175 -1.1046074879466605 -1.2414042932212817 -1.7157312992841955 -1.1244986060034696 -1.5314686069000896 -1.1581809207666931 -1.1308217326185139 -1.2164197287208809 -1.6023428961451613 -1.7044899425569373 -1.0876699035046611 -1.2034270871547146 -1.7251638006601842 -1.6720272192030814 -1.1974402674176181 -1.4005376987823943 -1.3944391487055425 -1.0983619672303768 -1.6277141791731811 -1.1182712955734662 -1.0944887293333521 -1.3825792197178253 -1.3405684461690057 -1.7657565173856209 -1.6081563965424908 -1.7787280674724422 -1.1443239951571322 -1.645194161478803 -1.8040359394941952 -1.5921830097444973 -1.782538051069934 -1.8245091840160395 -1.1505591073344523 -1.7540573072181049 -1.2438519063582638 -1.19860165251648 -1.4252285765201209 -1.2474241498868344 -1.679735864134341 -1.5350376482024584 -1.7586591489599972 -1.5276722097611781 -1.4714639386085311
leaf_weight=1727889.3170511723 504.11652386188507 40249.418340921402 88158.58923971653 2114.9879705905914 3978.3702075481415 2170.5843043327332 1763.9553052186966 768.00516843795776 287312.5436258316 1863.2529431581497 238990.14974415302 17186.24899148941 7211.8788367509842 1487.3958683013916 21175.60917198658 24150.659496188164 1531.872935295105 4101.3286107778549 33471.708082556725 25284.566116929054 3434.0433120727539 13256.363958716393 2440.420463681221 4813.6081516742706 1715.470130443573 14399.967614412308 2638.6278581619263 6119.0876442193985 5210.6694096326828 1268.8893473148346 5836.3221049308777 8814.8633617162704 2696.4221864938736 1552.4306493997574 2698.6201810836792 1896.2228620052338 7427.153012752533 1458.5633510351181 485.36892294883728 11500.036987662315 2518.2553309202194 1216.6546523571014 20885.47388613224 17772.725665569305 14296.532574892044 1783.2200813293457 2989.6605235338211 4138.4359312057495 3250.9632921218872 18023.297048807144 193933.45864772797 3575.8786100149155 8526.9260704517365 560.87650179862976 304.74548518657684 2869.8051714897156 1665.0455486774445 854.50272023677826 2493.8188028335571 9057.8064107894897 2473.2610887289047 2142.0103746652603
leaf_count=13364054 3899 311302 681847 16358 30770 16788 13643 5940 2222168 14411 1848427 132924 55779 11504 163779 186789 11848 31721 258881 195559 26560 102529 18875 37230 13268 111374 20408 47327 40301 9814 45140 68177 20855 12007 20872 14666 57444 11281 3754 88945 19477 9410 161535 137460 110574 13792 23123 32008 25144 139398 1499944 27657 65950 4338 2357 22196 12878 6609 19288 70056 19129 16567
internal_value=-1.71455 -1.22597 -1.79833 -1.53812 -1.61917 -1.45585 -1.58711 -1.61669 -1.07697 -1.71079 -1.81849 -1.75516 -1.48195 -1.4756 -1.14656 -1.80423 -1.66477 -1.31808 -1.74678 -1.15017 -1.53671 -1.7606 -1.66476 -1.70476 -1.68097 -1.20382 -1.44257 -1.65186 -1.52518 -1.18444 -1.33062 -1.79403 -1.72395 -1.49862 -1.64908 -1.71426 -1.22686 -1.37395 -1.82511 -1.15463 -1.17033 -1.6007 -1.73608 -1.6933 -1.70555 -1.64752 -1.45806 -1.74603 -1.76946 -1.73641 -1.82916 -1.80746 -1.56105 -1.72257 -1.82353 -1.32174 -1.45847 -1.47635 -1.69047 -1.69563 -1.38036 -1.64754
internal_weight=2.94636e+06 431317 2.51504e+06 139362 254303 91391.7 63936.6 116071 291955 162911 2.26074e+06 325950 49633.7 28473 23290.6 276316 35986.5 26435.9 45134 27455.2 10029.2 134438 34766.2 89635.1 32447.4 18802.6 4402.58 16664.3 11662.3 16406.7 8584.85 99672.1 83156.5 4248.85 11513.5 29273.4 11808.7 3174.03 240330 15638.7 9945.41 2748.53 78907.6 38658.2 32325.8 18029.2 4772.88 4642.55 27401.6 27377.2 1.93479e+06 206902 12663.7 9087.8 194238 4138.69 6478.65 1339.87 6595.15 15176.9 6451.63 9353.89
internal_count=22788108 3335943 19452165 1077868 1966861 706853 494506 897731 2258075 1260008 17485304 2521004 383883 220219 180137 2137121 278331 204464 349081 212347 77569 1039789 268893 693267 250959 145425 34051 128887 90200 126895 66398 770896 643159 32862 89049 226410 91332 24549 1858790 120955 76921 21258 610297 298995 250018 139444 36915 35907 211933 211744 14964300 1600246 97945 70288 1502301 32010 50108 10363 51009 117383 49899 72346
is_linear=0
shrinkage=1


Tree=1
num_leaves=63
num_cat=0
split_feature=34 11 7 9 9 4 4 1 0 7 27 7 4 11 25 2 7 0 7 7 22 26 22 9 7 18 7 34 13 7 18 7 27 1 7 4 9 9 27 25 24 22 1 9 0 25 25 3 2 3 1 27 2 27 20 27 11 27 18 24 2 1
split_gain=7.43662e+06 858473 702744 342942 233491 178520 178204 246584 163236 94469.3 73493 58018 223925 95834 44656.9 44219.1 37803.1 35207.2 33848.6 31416.4 29428.2 28501.3 26572.3 44637.9 24105.6 21217.8 19139.2 19084 18976.2 17815.1 17079.8 15963.8 15752.4 15559 13872.6 13519.7 13413.7 13134.3 12791 11581.1 15929 11107.5 10422.9 9968.01 9040.42 8992.29 8817.49 21808.7 8309.21 9698.35 8129.29 7147.27 8779.55 6993.46 6841.45 6723.95 8719.62 6372.38 6128.39 5954.11 5886.13 5780.12
threshold=1.0000110864639284 1.0000000180025095e-35 89.561393737792983 0.64583334326744091 0.47222222387790685 0.87695360183715831 0.70438840985298168 19.399641990661625 99.473682403564467 55.081142425537116 3.5000000000000004 73.92334365844728 0.7448173761367799 1.0000000180025095e-35 1.5000000000000002 85.145786285400405 65.724277496337905 89.386734008789077 97.969490051269545 97.969490051269545 1.0000000180025095e-35 2.5000000000000004 1.0000000180025095e-35 0.47222222387790685 89.561393737792983 4.5000000000000009 97.969490051269545 1.8107450604438784 1.0000000180025095e-35 51.73271560668946 3.5000000000000004 98.799980163574233 34.500000000000007 78.979854583740249 65.724277496337905 0.95007002353668224 0.47222222387790685 0.10555555671453477 1.5000000000000002 2.5000000000000004 2.5000000000000004 1.0000000180025095e-35 92.718276977539077 0.47222222387790685 90.815368652343764 1.5000000000000002 1.5000000000000002 99.333332061767592 88.153816223144545 98.213714599609389 99.473682403564467 35.500000000000007 5.1615052223205575 35.500000000000007 0.93513667583465587 34.500000000000007 1.0000000180025095e-35 1.5000000000000002 4.5000000000000009 2.5000000000000004 84.889995574951186 91.922958374023452
decision_type=2 2 8 8 10 2 2 2 2 10 2 10 2 2 2 2 10 2 10 10 2 2 2 8 10 10 10 2 2 10 8 10 2 2 10 2 10 10 2 2 2 2 2 10 2 2 2 2 2 2 2 2 2 2 2 2 2 2 10 2 2 2
left_child=2 9 11 5 8 20 7 25 19 -2 17 -1 22 -14 30 21 -10 26 37 27 -4 54 60 -24 -8 51 28 34 43 -17 -9 55 59 41 -3 -21 44 -12 -30 40 42 -16 46 -7 -15 -23 47 -36 -41 -50 -51 52 -5 -27 -6 -22 -57 -19 -34 -25 -13 -29
right_child=1 4 3 6 15 10 24 14 16 -11 18 12 13 36 33 29 -18 57 -20 35 31 45 23 32 -26 53 -28 61 38 -31 -32 -33 58 -35 39 -37 -38 -39 -40 48 -42 -43 -44 -45 -46 -47 -48 -49 49 50 -52 -53 -54 -55 -56 56 -58 -59 -60 -61 -62 -63
leaf_value=-0.11375697218744263 -0.057237907604071797 -0.10482577331472512 -0.10259712328522692 -0.0021250984725608144 0.37111377861778416 0.003335070151489262 0.038116286430358422 0.2056041195270315 -0.04556426853276814 0.38554209929681393 -0.042440360706946602 -0.11121790392171743 0.37617405248578412 -0.021966700470115303 -0.10934415031680762 -0.076997794613079568 0.37484378638802751 0.36247766379206003 0.4216264946967731 0.053949028077699239 -0.082975459749622879 0.34336970317953119 -0.086329341753812849 -0.10575838242419855 0.38530317932807423 -0.012086891818671751 0.42188312283419294 -0.00030729827455695964 0.35756234994180947 0.3658329488526082 -0.034110814406916691 0.22884848036364722 0.34466291487257478 0.34875316035814874 0.66683219971243557 0.32985603833573346 0.281465553721583 0.24533950504480237 0.084347892155238843 -0.084579240119377008 0.33615680405116649 0.25763256064265511 0.086434728293723659 0.35525091037331991 0.22088788532725279 -0.040099928374696281 -0.072124272887526625 0.00084875380176233691 0.20575412098538326 -0.09032200501933102 0.036340731188249487 0.36813744699562767 0.30033303024562719 0.22246389285294321 0.1677790717596411 0.34940382249828711 0.014117243501101115 0.22443325935585326 0.10407389595380995 0.17317055169199902 0.34585415329558011 0.19853183789165546
leaf_weight=1718243.9557670206 4872.4095822051167 17855.834842115641 136393.40321443975 1121.8101357743144 4068.8328447714448 12935.636049285531 2122.1941980868578 8537.6361135318875 2460.4641341120005 435756.71985598654 29923.427129797637 207655.91286982596 14222.441409885883 15024.759592548013 36575.232271164656 931.16521401703358 16364.323831647635 10298.166669890285 1774.7594494968653 3278.6396425515413 7256.3357452303171 680.34440908581018 22385.349560394883 1946.0724511891603 34680.948916897178 2262.871006809175 1933.5695614293218 2030.3926173597574 3630.0760376900434 37277.515289582312 4559.7127957642078 3327.0128483623266 4099.3523100465536 785.08516284823418 578.4317415356636 3875.0678302049637 1926.3613955378532 1674.6984460279346 3245.6174171194434 21499.435949638486 1707.7866692170501 843.80727124214172 13760.494308017194 858.28384084254503 1706.9843907654285 6044.6629133075476 12571.579181529582 3279.3442900031805 2120.9965142384171 8975.2652784064412 11636.533675163984 22141.465164020658 6641.8491374999285 2900.792880281806 2788.9341043308377 862.16214713454247 7729.8514686524868 4951.9676032066345 1427.4179472178221 1261.3080614358187 282.13035936653614 5221.8890701234341
leaf_count=14424667 39028 144442 1128640 8786 24107 100032 16045 55265 18946 2291075 235152 1734750 77691 118388 303869 7560 86812 56745 10674 23982 57377 4498 183983 15306 186601 16667 11585 13937 20556 205284 34769 20961 25113 4544 4576 23396 11878 11637 23636 172194 13076 4905 103791 5641 11432 44971 101197 26406 15861 71692 85297 121730 41124 16371 16978 6668 60736 32495 9042 8343 1743 35009
internal_value=-0.00241967 0.305623 -0.0839848 0.0466951 0.120954 -0.026257 0.181019 0.102503 0.0480822 0.380646 0.104863 -0.106965 -0.0640462 0.180633 -0.0371969 0.299949 0.319895 0.200241 -0.00332023 0.000875496 -0.0862893 0.144974 -0.0977 -0.0115186 0.365283 0.306867 0.121024 -0.0134356 0.0928797 0.355041 0.12215 0.0297074 0.180219 -0.091825 -0.0254963 0.203404 0.0315794 -0.027188 0.228594 -0.00688998 0.039039 -0.101069 0.0222316 0.0252319 0.0028095 -0.00130571 -0.0315421 0.100706 -0.0400112 0.00213876 -0.0188137 0.339189 0.256629 0.119677 0.288421 -0.0120978 0.0477614 0.317652 0.282525 0.00393091 -0.110598 0.142864
internal_weight=2.95979e+06 619637 2.34015e+06 349968 179008 226795 123173 86370.3 127216 440629 71226.2 1.99018e+06 271938 32880.5 51301.5 51791.5 18824.8 37853.3 33372.9 108392 155569 13582.8 239058 31119.5 36803.1 35068.8 22603.2 101238 20669.6 38208.7 13097.3 19175.4 8734.15 38204.1 93985.7 7153.71 18658.1 31598.1 6875.69 76129.9 31897.6 37419 30189.8 13793.9 16731.7 6725.01 16429.4 3857.78 44232.2 22732.8 20611.8 29905.1 7763.66 5163.66 6857.77 15848.3 8592.01 15250.1 5526.77 3207.38 207938 7252.28
internal_count=22789662 3574115 19215547 2593211 1244012 1782535 810676 608030 940614 2330103 508153 16622336 2197669 219389 403352 303398 105758 250690 257463 834856 1274382 90554 1978280 241787 202646 204678 161450 787478 149865 212844 90034 145742 57804 313318 738532 47378 141698 246789 44192 594090 249046 308774 235970 105673 129820 49469 132179 30982 345044 172850 156989 171640 49910 33038 41085 124781 67404 89240 34155 23649 1736493 48946
is_linear=0
shrinkage=0.1


Tree=2
num_leaves=63
num_cat=0
split_feature=34 7 11 9 4 9 3 0 0 7 7 4 11 27 22 7 4 0 7 7 22 9 26 7 7 7 9 4 3 1 1 9 11 27 7 24 27 13 11 0 26 9 9 9 1 2 26 11 2 27 22 26 26 4 7 2 0 13 27 26 27 27
split_gain=5.48408e+06 626388 490558 267309 156161 149446 113125 188072 111579 56350.2 49078.6 184298 63084.8 47189.7 27671.7 25546.5 25508.7 24497.8 22923.5 22415.5 20482.2 32478 18917.5 15559.3 14589.2 14070.3 13150.2 11948.2 18732.4 23231.7 11867.2 11226.8 11212.5 11177.3 10549 10427.9 10164.1 9567.82 8957.47 7911.38 7818.17 7644.08 7517.73 7436.06 7052.48 7003.89 6871.85 6682.82 6445.94 5771.76 5679.84 5389.91 5321.48 5301.58 11051.3 4924.71 4792.37 4772.53 5903.45 4625.96 4597.74 4518.26
threshold=1.0000110864639284 88.737056732177749 1.0000000180025095e-35 0.64583334326744091 0.87006494402885448 0.47222222387790685 62.593282699584968 21.132376670837406 95.904388427734389 53.13592720031739 70.740001678466811 0.76092615723609935 1.0000000180025095e-35 4.5000000000000009 1.0000000180025095e-35 88.737056732177749 0.94851297140121471 90.815368652343764 61.916847229003913 98.120273590087905 1.0000000180025095e-35 0.47222222387790685 2.5000000000000004 65.724277496337905 88.737056732177749 97.789989471435561 0.47222222387790685 0.95790389180183422 95.311355590820327 97.01425933837892 94.957626342773452 0.29285715520381933 1.0000000180025095e-35 37.500000000000007 50.757749557495124 2.5000000000000004 31.500000000000004 1.0000000180025095e-35 1.0000000180025095e-35 90.815368652343764 2.5000000000000004 0.23611111193895343 0.47222222387790685 0.73214286565780651 25.14367771148682 83.795948028564467 1.5000000000000002 1.0000000180025095e-35 53.889368057250984 1.5000000000000002 1.0000000180025095e-35 1.5000000000000002 1.0000000180025095e-35 0.71209925413131725 98.120273590087905 83.047893524169936 90.815368652343764 1.0000000180025095e-35 1.5000000000000002 1.0000000180025095e-35 1.5000000000000002 33.500000000000007
decision_type=2 8 2 8 2 10 2 2 2 10 10 2 2 2 2 10 2 2 10 10 2 8 2 10 10 10 10 2 2 2 2 10 2 2 10 2 2 2 2 2 2 10 10 10 2 2 2 2 2 2 2 2 2 2 10 2 2 2 2 2 2 2
left_child=1 10 9 4 14 8 7 33 19 -2 -1 20 -13 17 53 -15 22 25 -10 23 55 -22 -7 -4 57 30 47 37 -29 59 42 56 49 35 -18 -5 -23 39 -17 -25 61 52 -6 -24 -9 -21 -43 -16 50 -32 -46 -33 -31 -3 -55 -12 -14 -8 -59 -30 -19 -28
right_child=2 3 5 6 13 16 24 44 18 -11 11 12 31 15 26 38 34 60 -20 45 21 36 43 27 -26 -27 40 28 29 41 32 51 -34 -35 -36 -37 -38 -39 -40 -41 -42 46 -44 -45 48 -47 -48 -49 -50 -51 -52 -53 -54 54 -56 -57 -58 58 -60 -61 -62 -63
leaf_value=-0.11246979946410796 -0.068044586683065622 -0.10675892249643114 -0.10173747000134686 0.047250088636314184 -0.0041418802523194749 0.22219206070152003 -0.093650558404868314 0.038965949944658435 -0.071664022741559613 0.2931302870565794 -0.10976746020215261 0.29243227082879897 -0.040710683312655094 -0.060701079197068242 0.14464052107010594 0.34379192809799775 -0.074700833158397512 0.28126416338017596 0.27542507344813216 0.046349606297413477 -0.086102601756727001 -0.0062896732605951305 -0.070117376985404198 -0.063538530254060421 0.28392941750279793 0.30792809800177828 0.074705751639449189 0.32231871474379525 0.21948438963819608 0.2817609513461275 0.27958285813295292 0.33934562446047872 -0.00045454214414416405 0.26530609889396289 0.27828412285210585 0.23224903176972869 0.21613720912226009 0.22235757117986027 0.088123703261734576 0.32763699206002656 -0.002023000139468763 0.42931059035453478 0.27315305270923546 0.1600156661906422 -0.083935131642324023 0.24986243613249348 0.13200055394448384 -0.048391015503426935 0.31090395555065264 0.11289379860679212 0.20336372729209753 0.095462700824485838 0.039700099714728473 -0.057206155710140018 0.3876226600537252 0.24287203328893892 0.14744969215376066 0.59128125741585336 0.038551623961763454 -0.065998408750935683 0.17599222649802104 0.33139798961215416
leaf_weight=1540369.9495655075 4356.6291171908379 127181.46562879533 16500.026530496776 5348.309139110148 14384.995639808476 8295.4736713692546 1362.8388704508543 6340.4815977811813 2096.6885857433081 510506.10025727749 211929.57711341977 16096.424220472574 12783.941373616457 23148.726339772344 2063.9251573085785 1906.4543149098754 863.44643248617649 11217.601587429643 20579.752814143896 2767.5145620852709 23175.271011851728 3173.0844361707568 4806.7907646894455 29021.438435509801 45781.780295044184 2806.3896509110928 979.17199616134167 2152.3009507954121 583.53503797203302 948.68642204999924 4939.3349214941263 1184.5992137417197 3626.4041481986642 30208.045017190278 43489.229266807437 7080.782453969121 5827.5926610603929 1283.1975779905915 4873.158393509686 526.40006839483976 1867.7469327747822 888.61225242912769 1048.9893960803747 1983.4101526215672 38597.351844139397 4347.5541909337044 6212.7637958079576 13688.631075516343 429.04524055868387 3584.9569621756673 700.61696045845747 3855.7050268650055 21283.413656368852 8886.9251185283065 595.95739977806807 396.76298430562019 1513.9090068712831 272.71689039468765 662.99770091474056 20785.12604688853 6583.7112724781036 2288.0534285157919
leaf_count=14067629 36516 1140453 143975 38260 107625 42662 10083 47216 17266 2291815 1921232 76505 103736 190031 13434 9458 7413 52401 95095 19804 203986 23960 38485 240380 211075 13958 6724 13365 4106 5952 25968 6310 26963 143414 203745 38542 32171 8819 34438 3840 13569 5060 5658 11160 331805 22405 42349 109319 2793 24709 3605 27555 149333 75676 4371 2212 9383 2008 4879 170317 39785 14031
internal_value=-0.00331934 -0.0812935 0.239453 0.0368635 -0.0276771 0.101855 0.148063 0.0811102 0.0417881 0.290074 -0.10547 -0.0669526 0.146184 0.0879235 -0.0849967 -0.0107018 0.233206 0.149172 0.243333 -0.000805552 -0.0978414 -0.0234911 0.120878 -0.0129859 0.271587 0.0946049 0.0222022 0.00451298 0.0333719 0.0211062 0.072902 0.0244515 0.146825 0.232464 0.271412 0.152643 0.137723 -0.0449606 0.160019 -0.0565697 0.161175 0.0788804 0.0147048 -0.00289577 -0.058973 0.170703 0.169204 -0.0230997 -0.0746042 0.20948 -0.0788131 0.152781 0.0500293 -0.101381 -0.0292506 -0.109109 -0.0207876 0.0257472 0.199646 -0.0582024 0.24233 0.254469
internal_weight=2.89704e+06 2.19276e+06 704278 372458 235673 189415 136785 88704.6 129977 514863 1.82031e+06 279937 35434.6 78120.7 157552 29928.3 59438.4 48192.4 22676.4 107301 244502 32175.9 15085.7 100186 48080.3 30391.1 20887.5 83685.5 52854.4 50702.1 27584.7 19338.2 12150.7 42637.1 44352.7 12429.1 9000.68 30831 6779.61 29547.8 5134.97 29333.5 15434 6790.2 46067.5 7115.07 7101.38 15752.6 39727 8524.29 39298 5040.3 22232.1 136664 9482.88 212326 14297.9 2298.55 935.715 21368.7 17801.3 3267.23
internal_count=22790792 19216930 3573862 2742251 1908571 1245531 833680 605635 942066 2328331 16474679 2407050 223489 530994 1377577 233927 303465 297067 112361 829705 2183561 260117 92307 787496 228045 204881 157077 643521 390482 377117 190923 146984 77640 220216 211158 76802 56131 253039 43896 244220 34324 202694 113283 49645 385419 42209 47409 122753 338203 50677 335410 33865 155285 1220500 80047 1923444 113119 16970 6887 174423 92186 20755
is_linear=0
shrinkage=0.1


Tree=3
num_leaves=63
num_cat=0
split_feature=34 8 11 9 4 9 9 4 22 3 1 0 28 0 26 9 20 33 27 22 8 25 0 20 20 24 18 28 8 25 13 16 11 25 1 9 25 19 25 4 34 27 18 18 20 27 26 2 25 2 8 25 24 1 2 4 8 25 20 24 9 9
split_gain=4.31207e+06 428390 335249 191421 136630 109340 84141.2 185973 117155 68421.3 114768 62047.5 34923.9 33956.8 31208.2 27873.6 24420.1 23838.7 21087.6 19484.5 18212.4 17660.4 16148.2 14811.6 11362 11123.1 11094.1 11036.3 10842.2 10186.6 9057.96 8809.26 10162.3 14629.6 8254.21 7637.44 7491.82 10770.6 7433.75 7199.21 7067.73 9012.42 6982.43 6888.98 6683.18 6483.95 6052.45 6037.01 5962.55 7101.53 6306.98 5676.77 5604.77 5564.28 5429.93 5066.36 4852.32 4818.44 10286.2 4810.41 4696.77 4316.69
threshold=1.0000110864639284 75.060974121093764 1.0000000180025095e-35 0.73214286565780651 0.87695360183715831 0.29285715520381933 0.47222222387790685 0.72985523939132702 1.0000000180025095e-35 60.922586441040046 22.378716468811039 99.473682403564467 14.500000000000002 89.943820953369155 1.5000000000000002 0.64583334326744091 0.27677503228187567 0.65144410729408275 33.500000000000007 1.0000000180025095e-35 75.060974121093764 1.5000000000000002 92.805381774902358 0.2910487055778504 0.31590703129768377 2.5000000000000004 4.5000000000000009 26.500000000000004 75.060974121093764 2.5000000000000004 1.0000000180025095e-35 4.5000000000000009 1.0000000180025095e-35 2.5000000000000004 91.922958374023452 0.47222222387790685 1.5000000000000002 0.75892975926399242 4.5000000000000009 0.96274891495704662 0.39164167642593389 1.5000000000000002 2.5000000000000004 4.5000000000000009 0.33536016941070562 2.5000000000000004 2.5000000000000004 88.153816223144545 1.5000000000000002 52.704679489135749 75.060974121093764 2.5000000000000004 2.5000000000000004 95.69842910766603 66.260162353515639 0.95790389180183422 96.788921356201186 1.5000000000000002 0.8770810365676881 2.5000000000000004 0.47222222387790685 0.23611111193895343
decision_type=2 8 2 8 2 10 8 2 2 2 2 2 2 2 2 10 2 2 2 2 10 2 2 2 2 2 10 2 10 2 2 10 2 2 2 10 2 2 2 2 2 2 8 10 2 2 2 2 2 2 10 2 2 2 2 2 8 2 2 2 10 10
left_child=1 6 16 4 19 11 61 8 54 10 26 24 22 14 44 39 27 -9 25 48 -14 42 31 -13 -4 -10 -5 -2 -11 34 -19 32 40 59 36 -21 37 -26 -27 -16 -6 -42 -12 -20 -7 -32 -37 -31 49 -3 -51 -22 -36 -49 57 -17 -43 58 -8 -34 -46 -1
right_child=2 3 5 9 12 13 7 17 18 28 21 23 20 -15 15 55 -18 30 43 35 51 -23 -24 -25 29 38 -28 -29 -30 47 45 -33 33 -35 52 46 -38 -39 -40 -41 41 56 -44 -45 60 -47 -48 53 -50 50 -52 -53 -54 -55 -56 -57 -58 -59 -60 -61 -62 -63
leaf_value=-0.11015013290523533 0.21577982564570564 -0.064298446660682157 -0.092469817214579073 0.21804128363611675 0.010195880980753592 -0.028322871043124281 -0.093805732870135938 0.2418985345736393 -0.10431580450371276 0.017006041656529344 0.15189547871103365 -0.022462064175690598 -0.059559055750703777 0.23587867672294471 -0.054901860409621063 0.10367740317836294 0.24318125627650944 -0.01293999021327596 0.21717227209956713 -0.03514137327051417 0.21156784435782852 -0.1014865926255048 0.20490444555644982 0.23622678025317922 0.26251337350142684 -0.012630587746439432 0.051333373663573857 -0.0498955976299656 0.23740223841528857 -0.081244809098464432 0.29834485914018199 -0.010582586548249525 0.10783611950814678 -0.039462617952115329 0.082305372277082678 0.18573090423653649 -0.054155107451014074 -0.067342278118818807 0.27180612750543959 0.055749262441855713 0.25489075743200346 0.27247247555978865 -0.033357582373982252 0.065800120596774869 0.37262261947760761 0.041712784864826685 -0.027736073272730838 -0.065548997746949125 -0.1081249499317762 -0.10905482183637133 0.38301764927253884 0.03391624968718223 0.46377996081259876 0.041496254690172985 0.15099184235740301 0.2305787524133813 0.043808030510226074 -0.11212261689329911 0.067744014198158634 0.32563874729901848 0.21822448464758668 -0.086246896032048034
leaf_weight=1365583.952773273 2512.3499989211559 21040.488520354033 16636.99255168438 29932.676098026335 2605.4944973513484 985.86292149871588 25274.10169827193 21024.703749060631 4987.6483173519373 2356.8528262749314 4416.7910666316748 2639.6522121876478 21773.783746451139 39976.866430185735 12506.263377226889 5285.671787828207 549119.89541620016 6672.7483947947621 13621.024504452944 9361.8818119764328 3646.7165961116552 26463.160216979682 16436.784756079316 13704.044038146734 2088.2628846541047 1900.5358495488763 4606.1890820711851 4140.4102320820093 42161.372411094606 16304.075209572911 2100.6833607628942 7560.6304363310337 2717.2025598958135 7907.1831887811422 15690.087685190141 3778.2331819534302 10971.299276053905 1882.0632066950202 1778.8248662129045 11097.595362633467 8434.7064213752747 1172.3541476204991 3772.276821911335 3858.0929097682238 2289.2561681568623 1852.8712924644351 2048.2837829217315 7896.1802729293704 111607.74978500605 420.46032302826643 684.54868947714567 3549.4686727300286 394.83907923847437 12612.009587965906 828.1619870737195 7771.8349827602506 4452.5258705765009 169714.42702424526 4669.5288116559386 1617.7919741049409 14137.494545839727 79975.12710827589
leaf_count=13515857 11193 200722 149983 140958 18398 7588 248256 101794 44130 17105 26701 18282 185236 183447 103247 27560 2288153 58721 69016 77842 20119 251025 79135 58585 13118 13087 28215 30691 180036 141726 11173 54944 17677 58649 103832 19458 90421 15685 10248 71266 38612 5117 31085 23240 12734 15129 13356 65865 1078773 3956 4597 23606 2496 83350 5573 33477 29689 1680065 33923 9751 62410 770626
internal_value=-0.00373325 -0.0788702 0.201302 0.0228295 -0.0294882 0.088441 -0.0994344 -0.0468618 -0.0785728 0.129028 0.0668064 0.016093 0.0742821 0.165996 0.114331 0.0619751 0.240874 0.1802 0.120522 -0.0865317 -0.013977 -0.0617738 0.122612 0.194446 -0.0184133 -0.0070151 0.195809 0.0504341 0.225734 -0.000251441 0.0581266 0.0855208 0.110656 0.0414787 0.0419576 0.020801 -0.0115581 0.106151 0.124883 -0.0028781 0.161474 0.189509 0.066559 0.183761 0.224564 0.178072 0.110688 -0.0358266 -0.0987199 -0.051321 0.195782 0.123942 0.0916695 0.000281081 -0.104537 0.179209 0.091467 -0.105597 -0.068613 0.189119 0.239742 -0.108828
internal_weight=2.79901e+06 2.04837e+06 750643 344526 230816 194870 1.70384e+06 258283 226632 113709 69191.1 100820 81874.6 94050.8 54074 36661.4 555773 31651 26146.1 148942 28970 34652.2 52904.7 16343.7 84475.8 8667.01 34538.9 6652.76 44518.2 67838.8 10626.3 36467.9 28907.3 12242.2 31026.6 15188.4 14941.6 3970.33 3679.36 23603.9 16665.1 14059.6 8189.07 17479.1 17412.6 3953.55 5826.52 36812.3 133753 22145.5 1105.01 7196.19 16084.9 20508.2 200486 13057.5 5624.88 199658 29943.6 4334.99 16426.8 1.44556e+06
internal_count=22790709 19215600 3575109 2614762 1939637 1245072 16600838 2314355 2127538 675125 477984 743343 540933 501729 318282 235550 2330037 186817 159721 1398704 228961 308811 311972 76867 666476 67465 169173 41884 197141 516493 85023 232837 177893 86077 225552 110656 119224 28803 23335 174513 91816 73418 57786 92256 82732 26302 32814 290941 1288048 209275 8553 43725 106328 149215 1967817 61037 34806 1962244 282179 27428 75144 14286483
is_linear=0
shrinkage=0.1


Tree=4
num_leaves=63
num_cat=0
split_feature=34 7 11 9 1 9 4 0 0 7 4 11 7 27 0 25 22 22 11 4 7 25 11 8 7 7 4 7 18 34 27 25 9 22 18 7 13 25 7 27 18 7 1 16 25 11 27 20 24 25 1 9 0 18 25 2 25 0 24 2 1 1
split_gain=3.49926e+06 514307 254777 173771 118530 82160.1 61194 101710 48397.5 41400.5 141323 37718.3 34511.2 27390.1 24616.3 22818.8 21718.6 15710 20031.2 15400.8 20692.6 20122.2 15239.4 13868.4 13389.9 13087.4 12383.5 11444.9 11211.7 10497.1 10306.2 10040.7 8850.81 8694.59 8572.72 8294.72 8008.95 8917.46 7883.38 7747.24 7621.99 7594.52 7529.95 7213.53 6976.35 6372.77 5897.63 5801.19 5444.69 7664.49 5268.75 5247.22 4918.8 4841.92 4551.91 6803.99 4399.05 4176.7 3951.92 3781.19 4423.77 3750.87
threshold=1.0000110864639284 87.888435363769545 1.0000000180025095e-35 0.64583334326744091 81.892700195312514 0.29285715520381933 0.69427606463432323 22.361110687255863 98.275348663330092 68.013607025146499 0.73740029335021984 1.0000000180025095e-35 59.026268005371101 2.5000000000000004 91.54584121704103 1.5000000000000002 1.0000000180025095e-35 1.0000000180025095e-35 1.0000000180025095e-35 0.72985523939132702 87.888435363769545 1.5000000000000002 1.0000000180025095e-35 92.965362548828139 69.255905151367202 99.781658172607436 0.95558813214302074 68.013607025146499 3.5000000000000004 0.39819738268852239 35.500000000000007 4.5000000000000009 0.23611111193895343 1.0000000180025095e-35 3.5000000000000004 97.969490051269545 1.0000000180025095e-35 1.5000000000000002 56.152366638183601 9.5000000000000018 2.5000000000000004 87.888435363769545 83.43881988525392 5.5000000000000009 2.5000000000000004 1.0000000180025095e-35 35.500000000000007 0.95019504427909862 2.5000000000000004 3.5000000000000004 91.922958374023452 0.47222222387790685 99.473682403564467 4.5000000000000009 1.5000000000000002 99.473682403564467 2.5000000000000004 92.390407562255874 2.5000000000000004 89.825496673583999 95.69842910766603 7.7422575950622567
decision_type=2 8 2 8 2 10 2 2 2 10 2 2 10 2 2 2 2 2 2 2 10 2 2 8 10 10 2 10 10 2 2 2 10 2 10 10 2 2 10 2 8 10 2 8 2 2 2 2 2 2 2 10 2 10 2 2 2 2 2 2 2 2
left_child=1 9 12 4 16 8 7 28 27 -1 17 -12 43 22 25 40 19 -11 34 -3 -21 -22 29 45 -10 26 36 -4 -5 -6 -18 53 -13 42 -19 44 37 -7 -28 52 -9 -8 -17 -2 50 -15 -30 -37 -39 -50 54 -40 -25 61 55 -29 58 -58 -24 -46 -61 -32
right_child=2 3 5 6 13 14 41 15 24 10 11 32 -14 23 -16 33 30 18 -20 20 21 -23 56 39 -26 -27 38 35 46 -31 31 -33 -34 -35 -36 47 -38 48 51 -41 -42 -43 -44 -45 59 -47 -48 -49 49 -51 -52 -53 -54 -55 -56 -57 57 -59 -60 60 -62 -63
leaf_value=-0.10984382297612046 0.1943357779094991 -0.1035620771833268 -0.099761113477934038 0.18687010800982251 0.019858999326166041 0.21244779209154194 0.022434338606683975 0.13572644511591131 -0.046713156227763258 -0.10663209801209408 0.22025855234053276 -0.026444081975631174 0.21192577713783703 0.26828256293442448 0.20698005054848251 -0.10520097270119062 -0.065287991451916383 0.2017788025289681 -0.078147992974193822 -0.097548957059326036 0.27844759659947121 -0.025259498610502154 0.072311577325385332 -0.00077658928858053995 0.20492646089100394 0.20899577796060545 -0.086463989457982268 0.19948790038341624 -0.014860645696865696 0.2034149247860314 0.021056360037950861 -0.090289602955417422 0.11893122168664468 0.17769359840507545 -0.0047016155369327857 0.19169250775258939 0.2668910184887236 -0.048830747200020896 0.079376156967756406 -0.071653228690553641 -0.019420321716483481 0.20932249357546168 0.22009754361600053 -0.087344436629290548 -0.079834784131499956 0.071601311246452443 0.13349702423762244 -0.031416399599546417 0.19201825847736972 -0.055469443569692169 0.063977336387511935 0.16934557314801676 0.13060716703458142 0.006482650382478472 -0.056728638791045283 -0.069194764851796847 -0.034665180029914255 0.19620801369799812 0.33756210462260577 -0.072946092429607076 0.025167902047638149 0.19843446040901594
leaf_weight=1270755.5258312076 1127.5155268162489 116569.72964245826 14032.966902859509 40158.374634318054 3595.1735550016165 1929.865913964808 2275.9066655114293 7399.865291275084 2477.0394670069218 193399.21704930812 17658.318921200931 13494.312936462462 568180.08858405054 2497.5476189628243 37205.40218808502 30708.630248837173 8885.4063536524773 4316.9730523228645 22315.159760020673 11613.077025577426 3821.4802756085992 5083.613198004663 2312.8125895038247 10732.454849034548 14449.654922872782 9871.0910180136561 1672.0703763067722 1992.7607553526759 4504.0017759203911 23352.703098580241 1491.0947908014059 2881.9204341620207 6072.5703294947743 1190.1339256688952 3763.9299478232861 3591.9114319607615 1275.8908948302269 12676.177934877574 10117.046771198511 13168.357203170657 5535.0782990455627 48746.213097713888 728.46678937971592 4694.3059931993484 14674.053280808032 4839.8014113530517 6614.8037030473351 1725.1646584570408 2629.5551050305367 2387.4912350475788 15899.801474958658 18044.238745033741 3879.6096414625645 2697.7828296348453 9813.8901090994477 1788.3187897801399 6374.6953552663326 893.4041715785861 741.85544849187136 7468.0747188031673 11947.156826846302 5946.3787913694978
leaf_count=13761384 6005 1228291 139070 177243 25784 10263 16219 39507 18573 2067212 76676 116938 2285841 11060 159254 311493 76012 24863 217299 103659 21332 38252 13470 80503 58568 41950 14606 11004 30921 105117 10782 22302 39327 5504 28417 18521 6253 95094 64186 116637 42966 198262 3176 37851 136485 33032 29899 10885 15583 18497 102557 75886 25345 20523 86285 15616 48795 4059 4142 66809 78815 39258
internal_value=-0.00400484 -0.0765799 0.175725 0.0276806 -0.0264319 0.0778092 0.112358 0.0656616 0.0140046 -0.102393 -0.0661186 0.114298 0.209444 0.0796407 0.142952 -0.0430599 -0.0747267 -0.0961284 -0.0292968 -0.0895001 -0.00960958 0.105072 0.13935 0.0162709 0.168102 0.103645 0.0831464 -0.0174463 0.162266 0.178926 0.0177392 0.0744128 0.0186731 -0.087619 0.105604 -0.000681413 0.0241171 0.00833193 0.124498 -0.0160251 0.0693366 0.200986 -0.0976631 -0.0327913 -0.0107149 0.138549 0.0734004 0.119303 -0.0139317 0.0742448 0.0248955 0.137024 0.0341068 0.121245 -0.0208121 0.0724104 0.0360348 -0.00628595 0.13673 -0.0415257 -0.0125717 0.162873
internal_weight=2.68269e+06 1.91102e+06 771672 379240 231379 197670 147861 96839.4 99860.8 1.53178e+06 261020 37225.2 574002 72388.4 97808.8 45562.2 158990 223795 30396.1 137088 20518.2 8905.09 37270.6 35117.8 16926.7 60603.4 50732.3 82934.1 51277.2 26947.9 21902.6 13017.2 19566.9 32627.2 8080.9 68901.1 20899 19623.1 29833.4 27780.4 12934.9 51022.1 31437.1 5821.82 63584.1 7337.35 11118.8 5317.08 17693.2 5017.05 29494.8 28161.3 14612.1 10135.3 13595 3781.08 10322.8 7268.1 3054.67 34089.3 19415.2 7437.47
internal_count=22790118 19215661 3574457 2883545 2028355 1244760 855190 640709 743188 16332116 2570732 232941 2329697 467944 501572 402646 1560411 2337791 270579 1391534 163243 59584 201367 266577 77141 342318 300368 666047 238063 130901 168877 92865 156265 320173 53280 526977 145690 139437 154678 222485 82473 214481 314669 43856 497571 44092 60820 29406 129174 34080 215462 140072 105848 70563 112905 26620 70466 52854 17612 282109 145624 50040
is_linear=0
shrinkage=0.1


Tree=5
num_leaves=63
num_cat=0
split_feature=34 7 11 9 4 9 4 22 25 7 4 34 22 1 7 11 27 7 26 9 22 9 1 27 7 25 33 18 1 25 2 11 27 7 20 9 28 2 35 7 2 25 3 27 24 8 2 24 11 18 7 13 1 13 25 4 25 24 3 1 18 28
split_gain=2.90095e+06 466664 205740 152637 108750 64728.8 45763.8 78098.3 41411.2 34143.2 109969 32190.9 31000.7 29912.6 27288.9 22459.5 20134.9 16290.1 13488.4 13539.1 11540.7 15469.8 10539.6 10345.1 10237.3 9835.27 8816.47 8757.89 7605.84 7033.81 7821.73 6470.12 8011.56 6177.47 6088.87 6082.14 6072.48 5981.81 5895.54 5791.17 5582.6 11952.3 6666.35 5207.37 11210.7 5045.01 4971.3 4899.58 4719.02 4251.04 3895.78 3846.36 3832.2 4206.78 3772.83 3646.46 3572.07 8025.79 3459.13 3402.93 3306.66 3283.75
threshold=1.0000110864639284 86.807079315185561 1.0000000180025095e-35 0.73214286565780651 0.86664152145385753 0.47222222387790685 0.71209925413131725 1.0000000180025095e-35 1.5000000000000002 68.013607025146499 0.86003342270851146 1.3978875279426577 1.0000000180025095e-35 99.473682403564467 59.026268005371101 1.0000000180025095e-35 5.5000000000000009 86.807079315185561 2.5000000000000004 0.73214286565780651 1.0000000180025095e-35 0.47222222387790685 92.031745910644545 34.500000000000007 62.538343429565437 4.5000000000000009 0.27865120768547064 3.5000000000000004 81.661396026611342 1.5000000000000002 46.027742385864265 1.0000000180025095e-35 1.5000000000000002 86.807079315185561 0.86115118861198436 0.23611111193895343 26.500000000000004 66.260162353515639 2.5000000000000004 53.13592720031739 86.319076538085952 1.5000000000000002 98.213714599609389 31.500000000000004 2.5000000000000004 25.078616142272953 87.895435333251967 2.5000000000000004 1.0000000180025095e-35 2.5000000000000004 98.799980163574233 1.0000000180025095e-35 97.752525329589858 1.0000000180025095e-35 2.5000000000000004 0.97342556715011608 3.5000000000000004 2.5000000000000004 85.145786285400405 9.3933825492858904 3.5000000000000004 2.5000000000000004
decision_type=2 8 2 8 2 10 2 2 2 10 2 2 2 2 10 2 2 10 2 10 2 10 2 2 10 2 2 8 2 2 2 2 2 10 2 10 2 2 2 10 2 2 2 2 2 10 2 2 2 10 10 2 2 2 2 2 2 2 2 2 10 2
left_child=1 9 14 4 12 11 7 8 27 -1 20 24 29 34 36 -12 22 -18 39 55 37 -22 26 47 -4 50 -6 -5 -10 30 -3 32 -24 -8 -13 -17 -2 58 61 -7 41 -26 -42 44 -9 -32 -31 -14 -19 -23 60 -43 -44 -54 -50 -20 57 -33 -11 -49 -25 -15
right_child=2 3 5 6 16 18 33 43 28 10 15 13 23 38 -16 35 17 48 19 -21 21 49 31 25 40 -27 -28 -29 -30 46 45 56 -34 -35 -36 -37 -38 -39 -40 -41 42 51 52 -45 -46 -47 -48 59 54 -51 -52 -53 53 -55 -56 -57 -58 -59 -60 -61 -62 -63
leaf_value=-0.10848938672319484 0.16005998077327363 -0.061884152952796548 -0.10026001797499623 0.12968417044552399 0.14176030011186549 -0.072703863765734497 0.020128696567508788 -0.07866569113725945 -0.10270336714782624 -0.10644692024132599 0.20170808633396337 -0.063700579063177679 -0.11039893396230629 0.082034393995736754 0.18980474981001655 -0.017492787384512095 -0.061378838346682521 0.21938147874823813 -0.061881984481267263 0.16886081187061386 -0.07664524479185994 0.17865729058774577 0.19051383841332542 0.11832694581897701 0.17320075208935906 -0.088365722473083885 -0.00095245518445102222 -0.018311802043541863 0.18496139862074146 -0.1073155255899837 -0.10020944805424099 -0.0031782811645220455 0.088978434739633433 0.1883981428423957 0.07270846970166199 0.11642398669835399 -0.087116930078998178 0.051898078876983257 0.065995579380290353 0.18192301146032816 0.13715240621466027 -0.058450421275635794 -0.071038716812239874 0.18217880699862821 0.17180216952313807 0.26191211648038398 0.17623304107703572 -0.074116893808579776 0.1396730803615876 0.020911780222947735 0.19344550523520279 0.29413116803027584 -0.031320805657635564 0.098880083710323363 -0.017702767667792326 0.057138021011741105 -0.040394893700642982 0.24834186671201941 0.055486087911574923 0.11830337504009512 0.00038541997018091365 0.15509102742919556
leaf_weight=1163347.4782887995 1286.4529911205173 20830.646783977747 13931.319719649851 14942.959969572723 5994.2230052351952 910.34888292104006 2284.885016053915 2596.1705680638552 29692.266441829503 165192.15093836188 14596.720485635102 14640.975052587688 6455.0424191951752 8036.2547707781196 570747.74802485108 10012.380502827466 18496.437796093524 2541.6480480208993 4937.9010065421462 8829.7189795523882 20033.757489994168 3322.3484963923693 17770.838165052235 6319.4988580867648 2562.1827680319548 3199.2728599756956 15580.54028057307 5459.3727601394057 948.48400662094355 108067.89751887321 549.09741715341806 3211.4208168163896 13810.23105597496 48323.611532822251 4214.1484249159694 5128.6766179054976 4370.8397788181901 2461.0348033607006 17038.758570805192 47466.357697173953 5036.3115796670318 23957.541229344904 4665.2426674515009 33162.435812503099 5733.618395164609 1285.2295963689685 621.88038536161184 1642.2007938548923 2907.8045062050223 3516.638677187264 3734.9723818898201 313.45591659843922 4611.3264194503427 5372.9440725967288 3199.4044836089015 5377.3555631786585 2995.5485735684633 2097.0930895730853 1329.7733723670244 2087.2069057375193 3810.5185892805457 26246.896929040551
leaf_count=13761107 6271 227389 145369 73989 32277 7639 16048 18339 316797 1921597 61139 130416 59577 43229 2286095 87976 172610 10562 41068 37399 210808 16718 74167 40179 14326 25172 113979 42582 4022 1230119 5920 20515 76860 193835 26904 30980 37687 18186 95771 193488 28562 219144 43578 134190 24481 8358 5008 14122 16449 22816 17025 2135 32099 30221 22010 23317 21690 10597 10378 15744 28721 129823
internal_value=-0.00411604 -0.0744354 0.157421 0.0221678 -0.0254156 0.069518 0.104344 0.062529 -0.0202999 -0.101585 -0.0659808 0.028426 -0.0749898 0.0744995 0.187638 0.113197 0.0633224 -0.00840645 0.149015 0.0779671 -0.0931864 -0.0323149 0.0950033 0.0220789 -0.0250609 0.0696803 0.0386981 0.0900826 -0.0937987 -0.0951261 -0.0444516 0.12546 0.146113 0.180801 -0.033213 0.0278684 -0.0309096 -0.102867 0.114072 0.177131 -0.00254053 -0.0322123 0.0379042 0.164424 0.0937381 0.153513 -0.105693 -0.0576782 0.10488 0.0975438 0.106149 -0.0538969 0.00378401 0.0387456 0.0572281 0.000163286 0.0469149 0.0961831 -0.105154 0.0335734 0.0739619 0.137966
internal_weight=2.55385e+06 1.77929e+06 774554 390352 247209 198149 143144 92535.3 51043.1 1.38894e+06 225593 130627 158603 70177 576405 29737.8 88605.2 27145.3 67521.7 19145 195856 26872.7 61459.9 27248.7 60450.3 17064.3 21574.8 20402.3 30640.8 131355 22665 39885.1 31581.1 50608.5 18855.1 15141.1 5657.29 168983 51321.9 48376.7 46519 26833.2 19685.8 41492.2 8329.79 1834.33 108690 10184.5 8648.86 6838.99 13865 24271 14649.5 9984.27 6107.21 10315.3 8304.06 5308.51 166522 3729.41 10130 34283.2
internal_count=22789579 19215038 3574541 3073333 2249050 1244488 824283 614400 437390 16141705 2380598 941577 1677334 426143 2330053 180095 571716 221631 302911 101784 2200503 250342 350085 200540 515434 111097 146256 116571 320819 1476794 241667 203829 151027 209883 157320 118956 43958 1950161 268823 201127 370065 235605 134460 177010 42820 14278 1235127 89443 49021 39534 85925 221279 105898 62320 38459 64385 52802 31112 1931975 29866 68900 173052
is_linear=0
shrinkage=0.1


Tree=6
num_leaves=63
num_cat=0
split_feature=34 8 11 9 4 9 4 22 0 9 3 0 9 28 28 20 32 26 25 22 8 2 9 20 0 25 24 28 18 9 33 34 8 1 13 25 18 18 25 1 11 28 25 18 3 19 25 34 1 3 9 11 1 22 28 18 26 13 11 22 25 24
split_gain=2.44053e+06 319182 174129 112954 94381.8 66239.1 108133 74857 57421.8 46927 39008.3 64659.2 20491.2 16183.3 13952.4 12933.9 12889.5 11647.4 11157 10779.6 10508 10490.1 9959.95 9468.31 9290.42 8108.25 7595.75 7502.9 7015.39 5872.6 5749.12 5653.44 5355.75 5258.46 7801.86 5232.27 5172.06 5166.24 5160.66 4811.9 4890.72 6257.22 5524.6 4721.17 5141.01 4543.68 4233.23 7061.71 4256.47 3995.53 3784.53 3721.95 3545.09 3529.29 3473.13 3450.44 3341.51 3261.01 3219.18 3161.98 7750.56 3066.53
threshold=1.0000110864639284 72.885120391845717 1.0000000180025095e-35 0.64583334326744091 0.87006494402885448 0.29285715520381933 0.72985523939132702 1.0000000180025095e-35 95.101959228515639 0.47222222387790685 64.785373687744155 23.132664680480961 0.47222222387790685 20.500000000000004 43.500000000000007 0.30347619950771337 4.5000000000000009 2.5000000000000004 1.5000000000000002 1.0000000180025095e-35 72.885120391845717 86.319076538085952 0.73214286565780651 0.27677503228187567 94.570026397705092 1.5000000000000002 2.5000000000000004 41.500000000000007 5.5000000000000009 0.47222222387790685 0.67953160405159008 0.42870369553565985 72.885120391845717 96.449581146240249 1.0000000180025095e-35 1.5000000000000002 3.5000000000000004 5.5000000000000009 4.5000000000000009 84.680576324462905 1.0000000180025095e-35 6.5000000000000009 2.5000000000000004 3.5000000000000004 60.188678741455085 1.0000000180025095e-35 1.5000000000000002 0.87237685918807995 91.476997375488295 94.494949340820327 0.47222222387790685 1.5000000000000002 91.331184387207045 1.0000000180025095e-35 20.500000000000004 1.5000000000000002 1.5000000000000002 1.0000000180025095e-35 1.0000000180025095e-35 1.0000000180025095e-35 1.5000000000000002 2.5000000000000004
decision_type=2 8 2 8 2 8 2 2 2 10 2 2 10 2 2 2 2 2 2 2 10 2 10 2 2 2 2 2 10 10 2 2 10 2 2 2 10 10 2 2 2 2 2 8 2 2 2 2 2 2 10 2 2 2 2 8 2 2 2 2 2 2
left_child=1 5 15 4 19 -1 7 46 9 16 11 28 30 24 26 27 21 -11 55 35 -15 25 -19 54 29 -4 -9 -2 59 39 -8 -14 57 -18 -35 43 51 -16 -28 45 41 -41 -42 44 -3 -6 47 -7 -48 -44 -21 -23 -37 -20 -10 -13 -52 -12 -22 60 -5 -27
right_child=2 3 8 10 13 6 12 14 23 17 32 18 31 20 37 -17 33 22 53 50 58 36 -24 -25 -26 61 38 -29 -30 -31 -32 -33 -34 34 -36 52 -38 -39 -40 40 42 -43 49 -45 -46 -47 48 -49 -50 -51 56 -53 -54 -55 -56 -57 -58 -59 -60 -61 -62 -63
leaf_value=-0.10575635690947148 0.1474209863481811 -0.010922908800596147 0.17423665952141193 0.13908215606390492 0.11461468183368784 -0.088521614549380456 0.095918731260368803 -0.10177964152061705 0.14826654396553304 0.14875480724135212 -0.093128978043360219 0.10320482973700751 -0.0070841898113952161 -0.065953930661580493 0.14221558447448007 0.17340040989269295 -0.064476300324452784 -0.025558541295246512 -0.10128212425329366 -0.036272646751507105 0.19261905133873489 0.050819475102537981 0.13633143963132566 0.17297372472331407 0.1429920713522764 -0.070692204999666566 -0.033262727981197317 -0.044290703736152535 -0.00024867829951860182 0.17034913359550508 -0.057415746673316059 0.16449617872199099 0.16634217157003103 -0.05716064863482237 0.037362522545153029 -0.1065900804627878 0.26056285183523703 0.0069744340486848355 0.18529788743571296 0.13242916910087055 0.14187672562573014 0.023132776945642804 0.088333227087006944 -0.077106053775273464 0.25383533399091135 -0.045757377386199477 -0.10846715065103618 0.042555574063779661 0.21435868657288948 -0.07606576263519288 0.165035659794217 0.15658816728473449 0.066686832898911405 0.1244554412932259 -0.076659175027701656 -0.018118343346166292 -0.011599486176960541 0.14071524990017645 0.039842870739514417 0.15396959299168092 -0.092925387572666857 0.027574291109556864
leaf_weight=1064707.5111298934 3888.9435050264001 4291.2650141343474 1939.7045906335115 5939.7782188802958 2214.5100737586617 23489.487838946283 3587.6805968508124 5701.4879171326756 1002.0779713466763 32525.710560910404 1310.2693316787481 4023.2897938638926 2077.2606039717793 15925.14137981087 16350.982189208269 559413.35610070825 28679.035921685398 8908.4496247768402 23558.876392282546 10333.302929230034 1887.3400971516967 16957.30196595192 6627.5853229016066 42773.529164783657 15957.995075292885 11105.465726286173 2201.6171086281538 4297.0742437019944 3957.8770043626428 4016.9326133280993 7678.9583460688591 25420.521428234875 46572.008063055575 16373.244467914104 18711.16310108453 93642.49256785959 1554.7500419020653 3414.4347309544683 2121.2452544793487 13448.832230187953 2304.917346701026 8579.6662973761559 1981.397489964962 14325.082439735532 884.60051284730434 8735.46453794837 151759.55162955821 4981.8398662880063 409.52820967137814 5822.8494085893035 2113.0445756912231 4139.1301348954439 1195.793293453753 713.57379887253046 2179.9395842179656 5616.7275809198618 2171.7440469935536 1094.4803419411182 5122.9299556836486 30804.505938135087 1900.6270279213786 4447.4496812671423
leaf_count=13643318 16540 50451 10118 28207 12677 292879 24418 60935 5072 136230 9968 20108 20577 156948 86302 2279283 279653 59244 285404 91752 7696 105832 27846 176914 71966 104637 17479 33954 25054 17192 87617 130219 190183 143903 110939 1168344 8108 24285 11800 62509 12545 56597 13871 164918 5943 69399 1947372 36432 2359 45502 10301 20151 10007 3195 17196 43489 14348 6834 32182 127866 15344 38715
internal_value=-0.00422081 -0.072535 0.143411 0.0137552 -0.0302556 -0.0948939 -0.0484828 -0.0767559 0.062645 0.0330254 0.0891413 0.0445355 0.104996 0.050887 0.0701151 0.171574 -0.00476756 0.114732 -0.0584985 -0.0843673 -0.021045 0.0396211 0.0435028 0.160593 0.0770482 -0.0185488 -0.0259832 0.0467861 0.126552 0.0547079 -0.00858884 0.151535 0.158828 -0.0327135 -0.00674969 -0.094705 0.0845435 0.118853 0.0739858 0.043927 0.0634336 0.0898604 0.00584795 -0.04753 0.0343266 -0.0133239 -0.100977 -0.0655861 -0.107598 -0.034327 -0.00350796 0.0715713 -0.104405 -0.0946458 -0.00582578 0.0325162 0.0755082 0.0133012 0.080974 0.139539 0.0828402 -0.0425923
internal_weight=2.41987e+06 1.65435e+06 765524 340447 214955 1.3139e+06 249195 210430 197925 151969 125492 76515.3 38764.4 85998 29789.8 567599 103907 48061.7 33912.5 128957 22935.4 40143.8 15536 45955.5 63062.6 17492.6 10024.4 8186.02 42602.8 47104.6 11266.6 27497.8 48976.8 63763.4 35084.4 114339 22651.2 19765.4 4322.86 43087.6 32137.7 22028.5 10109.2 19500.9 5175.87 10950 180640 28471.3 152169 7804.25 14618.1 21096.4 94838.3 24272.5 3182.02 9640.02 4284.79 2404.75 7010.27 38644.9 7840.41 15552.9
internal_count=22791127 19216792 3574335 2830800 2075148 16385992 2742674 2479843 1244558 1045376 755652 548667 262831 559084 200801 2329777 822056 223320 352196 1516064 196826 287561 87090 199182 362258 153470 90214 50494 196471 290292 112035 150796 206985 534495 254842 1399663 134091 110587 29279 273100 191024 119106 71918 221312 56394 82076 2279042 329311 1949731 59373 116401 125983 1178351 288599 22268 63597 24649 16802 39878 171417 43551 143352
is_linear=0
shrinkage=0.1


Tree=7
num_leaves=63
num_cat=0
split_feature=34 7 11 9 1 3 0 0 9 7 4 7 11 27 25 13 7 18 26 7 25 22 9 9 22 4 7 25 11 7 2 7 4 19 1 18 15 0 2 7 35 27 0 18 7 13 7 22 27 3 26 11 0 20 27 4 33 9 4 1 3 13
split_gain=2.07231e+06 388358 151017 117312 82243.1 57196.9 85508.1 47760.4 38841.5 27096 82697.6 21151.2 15596.3 15117.1 13260.3 11636 10679 10313.1 9459.23 9060.88 8925.16 8702.05 10149.3 8119.69 7815.13 7348.88 8168.34 10793.9 6246.53 5970.74 5775.43 5856.01 5682.65 9345.76 8868.29 5601.85 5476.06 5350.08 4814.88 4650.69 4631.99 4561.72 4267.7 4175.45 4072.24 4043.62 3857.36 3807.5 3601.95 3384.83 3296.54 3502.14 3145.5 3135.32 3120.42 3113.28 3047.84 2931.29 2844.5 2707.11 2687.57 2668.14
threshold=1.0000110864639284 85.645603179931655 1.0000000180025095e-35 0.47222222387790685 80.982517242431655 62.593282699584968 23.132664680480961 95.904388427734389 0.47222222387790685 65.724277496337905 0.86664152145385753 60.771903991699226 1.0000000180025095e-35 2.5000000000000004 1.5000000000000002 1.0000000180025095e-35 61.916847229003913 3.5000000000000004 2.5000000000000004 57.909116744995124 2.5000000000000004 1.0000000180025095e-35 0.29285715520381933 0.73214286565780651 1.0000000180025095e-35 0.72985523939132702 85.645603179931655 1.5000000000000002 1.0000000180025095e-35 97.969490051269545 86.319076538085952 97.789989471435561 0.88847318291664135 0.75892975926399242 91.922958374023452 2.5000000000000004 1.0000000180025095e-35 89.943820953369155 66.260162353515639 85.645603179931655 3.5000000000000004 35.500000000000007 94.932373046875014 2.5000000000000004 97.789989471435561 1.0000000180025095e-35 59.026268005371101 1.0000000180025095e-35 1.5000000000000002 97.64673233032228 2.5000000000000004 1.0000000180025095e-35 91.922958374023452 0.94228670001029979 35.500000000000007 0.9149737060070039 0.14484170079231265 0.47222222387790685 0.95790389180183422 7.7422575950622567 85.145786285400405 1.0000000180025095e-35
decision_type=2 8 2 8 2 2 2 2 10 10 2 10 2 2 2 2 10 10 2 10 2 2 8 10 2 2 10 2 2 10 2 10 2 2 2 10 2 2 2 10 2 2 2 8 10 2 10 2 2 2 2 2 2 2 2 2 2 10 2 2 2 2
left_child=1 9 11 4 24 6 17 8 16 -1 21 36 -12 15 43 44 -4 59 46 -9 32 38 -23 -20 25 -3 -27 -28 54 42 45 56 -18 55 -35 -24 -2 57 60 61 -36 -19 49 -8 -6 52 -10 -16 -17 -15 -41 -52 -22 -48 -26 -34 -32 -14 -55 -5 -11 -7
right_child=2 3 7 5 13 39 14 19 18 10 12 -13 37 29 47 48 20 41 23 -21 30 22 35 -25 28 26 27 -29 -30 -31 31 -33 33 34 40 -37 -38 -39 -40 50 -42 -43 -44 -45 -46 -47 53 -49 -50 -51 51 -53 -54 58 -56 -57 -58 -59 -60 -61 -62 -63
leaf_value=-0.10659943674643187 -0.086766846915332249 -0.10257606858132114 -0.098332905995520303 0.061124164870450706 0.0178954567513392 -0.09102547114449111 0.069396559960921228 -0.067731133648066405 -0.065743346208007578 -0.10449911681569238 0.17968843424751543 0.16122906872241782 -0.022357838589077479 0.065739296705309258 -0.1024581606456557 0.16835868063966034 -0.051612943580752337 -0.027494941667521235 -0.022779886446404232 0.15898266383402926 -0.081174244330445622 -0.085928430362028838 0.14323730391908249 0.12229367484064489 -0.017893984673931908 -0.094000884847495872 0.18559935226045857 -0.053796120179600275 -0.044067050020084465 0.20571714027477628 0.058212257874345176 0.15907444209960883 0.051231418679646604 -0.049481689917948581 0.087259884461767495 -0.018377973376888526 0.11896339517461441 0.16346405610045453 0.040797111055278459 0.16085829727598849 -0.019560783975063726 0.083213784572553767 0.059588638748713042 -0.04093460846240933 0.18473839144152848 0.24262611348325414 0.15997953761519509 0.085457943482122406 0.074783094714054171 -0.041640936465966581 0.13702399848773747 -0.019251746788498347 0.42843713320311211 0.026973003269441756 0.2177804128750149 0.2007797795726293 -0.025987731303466349 0.13277768335817872 0.14028493073701834 0.13898827641422346 0.033718742906964125 0.11871601955997731
leaf_weight=958679.79560218006 4314.6828856021166 97812.284898363054 10733.862810879946 4972.5215523540974 16087.996780157089 1231.6593437641859 7392.631220728159 1840.6749276891351 933.21822376549244 139439.99382157624 12616.373149052262 545350.89543895423 9873.1199346631765 3395.3187054246664 35661.261323809624 15310.49264973402 6119.8787372559309 6396.1191791445017 8860.5235907882452 41691.481026388705 16639.15928388387 14673.44045407325 3716.0008417665958 6833.3440848439932 897.97202333062887 9533.1162134185433 3184.5309820920229 4609.7064173147082 15225.105383187532 1369.2757154852152 5330.7589733749628 2221.9244955405593 1944.7618733942509 9882.2313425093889 18222.081426009536 5072.0502532422543 1847.9427503198385 2322.7653118818998 2364.1881519407034 57949.449152290821 5222.85183275491 8901.9227428883314 7341.8023926466703 6399.322241961956 1609.2430978119373 404.1775509044528 23123.399526804686 1111.8477050065994 5624.7097195908427 21678.281127117574 4374.5701124221087 2133.3108727037907 122.00706636160612 3958.8933481872082 1500.7223994061351 4898.0315979346633 22211.524291746318 1389.3648801892996 5030.5026121884584 43756.209970317781 1421.1346665471792 1194.9480192214251
leaf_count=13528709 37625 1327112 129804 22649 112627 10027 40510 16419 7177 1931006 54345 2283173 93903 23908 476964 64296 53334 50626 59508 173150 171751 185058 20920 28354 7613 99472 17051 38255 146882 6139 32714 9442 14230 91448 99752 40331 8951 14798 18357 244007 33684 41889 50686 59953 7039 2353 94410 5125 26342 187113 18417 11372 786 16599 8625 25631 164623 6105 20528 197766 11917 6893
internal_value=-0.00422027 -0.0706034 0.132341 0.0161105 -0.0356918 0.0746793 0.0317888 0.0569988 0.0306566 -0.0997189 -0.0655216 0.159147 0.0996289 0.0500317 -0.0654148 0.0927583 -0.00387856 0.108555 0.104314 0.149396 0.0069975 -0.0914817 -0.035028 0.0403873 -0.0824506 -0.0919428 -0.0319182 0.0440149 -0.0204363 0.0011743 -0.0237333 0.00290751 0.038153 0.0518289 0.0299727 0.0499606 -0.025076 0.0252792 -0.100729 0.148163 0.0634633 0.0369264 -0.0074659 0.0182041 0.0330668 -0.0699278 0.134673 -0.0967765 0.143218 -0.0271001 0.15328 0.0857961 -0.0774647 0.140497 0.129554 0.158277 -0.00969098 -0.00321998 0.0903828 0.131043 -0.103105 0.0122587
internal_weight=2.28596e+06 1.53822e+06 747739 386656 205181 181476 114592 196225 152693 1.15157e+06 192888 551514 26201.6 72417.1 50565.1 38632.4 103953 64026.8 48739.9 43532.2 93219.4 166687 23461.5 15693.9 132763 115140 17327.4 7794.24 17623.8 33784.7 46929.6 29764.2 46289.8 40170 33327.2 8788.05 6162.63 13585.3 143225 66883.9 23444.9 15298 32415.4 13792 17697.2 17165.3 33046 36773.1 20935.2 25073.6 64457.3 6507.88 16761.2 32112.8 2398.69 6842.79 27542.3 11262.5 8989.4 48728.7 140861 2426.61
internal_count=22790253 19214807 3575446 3309358 2123160 1186198 895482 1245697 1056128 15905449 2376740 2329749 169151 478150 582552 210304 829552 312930 226576 189569 699748 2207589 246309 87862 1645010 1481890 154778 55306 163120 267846 381669 206779 318079 264745 224884 61251 46576 114806 1961280 290716 133436 92515 261707 100463 119666 174890 138714 482089 90638 211021 273796 29789 172537 131537 16238 39861 197337 100008 37127 220415 1942923 16920
is_linear=0
shrinkage=0.1


Tree=8
num_leaves=63
num_cat=0
split_feature=7 4 9 22 7 4 0 1 25 11 7 9 9 1 13 18 18 27 24 11 26 9 8 11 25 1 25 24 11 7 1 0 7 0 0 4 11 11 27 22 9 0 4 1 10 0 1 1 4 7 6 7 7 27 20 7 9 24 20 4 32 11
split_gain=1.62425e+06 502875 156050 115024 66019 131036 46135.5 40336.9 37095 34102.9 27656.7 22353.1 20341.8 8404.88 10653.5 8317.32 8312.35 8037.87 12334 7326.72 11763.6 8746.13 7159.92 14902.8 10590.1 7110.3 7610.94 8339.3 6135.57 5351.26 4883.99 4752.09 4375.08 4297.87 4210.92 4013.97 3490.44 3364.7 4933.26 3307.48 5981.01 3213.54 4915 3135.47 3065.47 4856.53 2938.42 2905.89 3375.5 2827.83 2802.81 2781.92 2702.91 4321.45 2673.67 3130.14 2516.06 2482.81 2381.86 2485.22 2344.93 2227.73
threshold=79.18729400634767 0.69844877719879161 0.47222222387790685 1.0000000180025095e-35 63.847667694091804 0.87006494402885448 95.904388427734389 89.699382781982436 1.5000000000000002 1.0000000180025095e-35 98.120273590087905 0.23611111193895343 0.47222222387790685 93.127067565917983 1.0000000180025095e-35 3.5000000000000004 4.5000000000000009 31.500000000000004 2.5000000000000004 1.0000000180025095e-35 2.5000000000000004 0.73214286565780651 92.11072158813478 1.0000000180025095e-35 1.5000000000000002 99.473682403564467 2.5000000000000004 2.5000000000000004 1.0000000180025095e-35 79.18729400634767 99.473682403564467 8.9719939231872576 79.18729400634767 91.922958374023452 8.2762556076049822 0.98010012507438671 1.0000000180025095e-35 1.0000000180025095e-35 1.5000000000000002 1.0000000180025095e-35 0.47222222387790685 87.841831207275405 0.97680914402008068 90.366767883300795 1.5000000000000002 71.89255523681642 5.0316455364227304 27.877538681030277 0.58189582824707042 79.18729400634767 1.0000000180025095e-35 79.18729400634767 79.18729400634767 1.5000000000000002 0.90783199667930614 98.799980163574233 0.58571431040763866 2.5000000000000004 0.94228670001029979 0.95007002353668224 10.500000000000002 1.0000000180025095e-35
decision_type=8 2 8 2 10 2 2 2 2 2 10 8 8 2 2 10 10 2 2 2 2 8 8 2 2 2 2 2 2 10 2 2 10 2 2 2 2 2 2 2 10 2 2 2 2 2 2 2 2 10 2 10 10 2 2 10 10 2 2 2 2 2
left_child=4 3 6 7 44 39 10 8 12 17 13 28 -2 22 25 34 47 18 -5 32 58 33 23 -3 57 50 27 49 -7 -29 -16 -20 -4 -22 -11 -32 -28 38 -37 43 -41 -26 -43 -6 -1 -46 -19 -14 -49 -27 -15 -40 53 -8 -12 -56 -47 -25 -21 -60 -42 -51
right_child=1 2 19 9 5 11 52 -9 -10 15 54 -13 16 14 30 -17 -18 46 31 20 21 -23 -24 24 41 26 36 29 -30 -31 35 -33 -34 -35 -36 37 -38 -39 51 40 60 42 -44 -45 45 56 -48 48 -50 61 -52 -53 -54 -55 55 -57 -58 -59 59 -61 -62 -63
leaf_value=-0.10512743403788474 -0.078083372309942334 0.16134120098943014 0.014947670114180231 -0.090039308668047213 -0.10284829712389001 0.12535579259067731 0.16106330337399624 0.14271733296873562 -0.10420441186346288 -0.045799499421602836 0.16165772346503438 0.15411987062928867 0.11580442173599018 0.15728837252289268 -0.032233710215078544 -0.066016162526795472 -0.050359178266154409 -0.073866328506020998 -0.044610832509637058 0.15637029075329578 -0.037639689739152472 0.12335144910303533 -0.052963435481789112 0.07739366190308683 -0.053255331762703029 -0.092081481460024955 0.056994559654601068 0.015774280572691157 -0.019070940309950483 0.26433865783155475 0.16575461563968732 0.16438261061530243 0.15204954564744924 0.1315395225280318 0.066847725068356609 0.15485091438534829 -0.080345397627862747 0.038352728012684578 0.026234656077583157 -0.08096071500522771 0.01877288362077283 0.16066662468422496 -0.042956407035452282 0.086021453937090153 -0.082433307619887264 -0.032342271214352597 0.14552154764774908 0.0030410462429430636 0.13628099018659132 0.15268596494540318 -0.0023119004411165252 0.1581449067446824 0.15035545005901502 0.055026727734446272 -0.046541435947545291 0.12516635589948602 0.24953277362182363 0.24559242781259505 0.039727774934532771 0.13735944224183483 0.21820708665662886 -0.0011266741269501895
leaf_weight=877073.59622061998 20739.704346314073 5795.2623308524489 2338.0427615121007 4193.2697849050164 95942.558012731373 3754.3314908891916 6710.2569797635078 8438.3498267531395 154896.71034067124 4559.5468062385917 14093.991221055388 30834.122049599886 11837.125171869993 3338.7179118469357 4940.7695206552744 15177.938247427344 6008.2407913655043 620.55356027185917 1335.3963378295302 35688.187135607004 8947.3826397284865 9257.3906252086163 27858.689545989037 5238.8891826048493 23511.377754218876 3170.7778926417232 2077.7025663927197 1462.7026514187455 13584.934091329575 2123.5555144548416 4185.5687225684524 5872.1334250941873 518771.9916414842 1804.4556922093034 12191.357152126729 7916.9440046697855 16921.194565527141 23946.219552747905 8665.3038988113403 10728.334836915135 1696.0234441533685 1918.9840161949396 3100.9733018279076 887.10528895258904 4323.4723832383752 527.87555460631847 37701.344822958112 6650.0519725084305 2662.6965984404087 1082.8448113575578 1641.2380153164268 1960.4918151497841 34575.181541405618 8996.0945912227035 1453.8787165135145 3935.2901036217809 791.47401505708694 1054.1985492035747 3943.784387178719 7693.3970777094364 903.70499143004417 7220.240680091083
leaf_count=13463258 290225 25813 16105 32882 1443134 17205 28227 40399 2248827 37069 62654 143509 62673 16319 38920 156295 59829 2787 6725 150186 59152 38494 260299 34660 221118 33707 13275 8553 124679 9929 22672 25484 2257671 7635 84174 33719 160183 130188 62543 144982 12776 12342 28310 6497 62831 6232 158629 45205 14822 4703 13279 8533 147867 55283 8959 19283 4540 5109 16555 32350 4974 44838
internal_value=-0.00425714 0.0798839 0.120171 -0.032545 -0.0939895 -0.0345293 0.0501127 -0.0715075 -0.0804214 0.0682512 0.0262927 0.103038 -0.00350969 0.0125241 0.0324983 -0.0123979 0.0534396 0.120039 0.0463252 0.147423 0.116382 0.0521006 -0.0139185 0.0128602 -0.011849 -0.0069196 -0.0232385 0.0298564 0.0122006 0.162958 0.0623118 0.125661 0.151434 -0.00924674 0.0361855 0.0723199 -0.065326 0.0631157 0.0950949 -0.0946893 -0.0479844 -0.0377478 0.0348828 -0.101118 -0.104655 -0.0311851 0.141969 0.0829267 0.0411369 -0.0117458 0.104689 0.0505725 0.134729 0.100329 0.138751 0.0788434 0.136754 0.10557 0.14356 0.104273 0.0880992 0.0189328
internal_weight=2.15127e+06 1.11023e+06 817342 292884 1.04105e+06 158331 228897 211233 202795 81651.5 178616 48173.4 47897.8 159133 90654.3 31928.8 27158.1 49722.7 11400.8 588445 67334.6 20009.2 68478.4 40619.7 34824.4 39039 34059 15060.1 17339.3 3586.26 51615.3 7207.53 521110 10751.8 16750.9 46674.5 18998.9 42489 18542.7 110158 13328.1 28531.3 5019.96 96829.7 882716 5642.82 38321.9 21149.9 9312.75 11473.9 4979.96 10625.8 50281.5 15706.4 19483.2 5389.17 1319.35 6293.09 47325.4 11637.2 2599.73 8303.09
internal_count=22790075 7355458 4089433 3266025 15434617 1897756 1511285 2761980 2721581 504045 1279908 285393 472754 1189012 601361 277538 182529 226507 65091 2578148 304372 105281 587651 327352 301539 304786 275188 101730 141884 18482 296575 32209 2273776 66787 121243 257655 173458 234983 104795 1612363 162732 261770 40652 1449631 13536861 73603 161416 122700 60027 83248 29598 71076 231377 83510 90896 28242 10772 39769 199091 48905 17750 49541
is_linear=0
shrinkage=0.1


Tree=9
num_leaves=63
num_cat=0
split_feature=34 7 11 18 12 0 4 10 7 4 0 11 22 1 0 7 26 4 1 22 11 27 11 7 25 27 7 7 25 7 4 25 0 27 7 7 26 0 8 2 27 7 10 1 27 20 2 1 11 0 11 22 25 32 10 34 1 2 22 25 20 25
split_gain=1.53124e+06 322630 120391 86210.2 41211.8 36068.5 34004.8 27010.1 25981.8 67961.2 20172.6 16249.2 16032.4 15669.1 15741.2 14879 14753 10386.5 19406.3 9079.13 8480.87 8129.47 7867.79 7058.01 6820.13 6675.16 6349.55 5811.79 5786.93 5448.16 4708.19 4676.75 4655.84 4482.67 4456.39 4391.22 5048.07 4314.65 4154.19 3967.31 3956.69 3918.92 3690.38 3943.19 4145.56 3655.54 3633.54 3544.93 3519.82 3156.62 3029.28 2920.32 2908.26 2886.21 2631.78 2584.92 2571.08 2550.24 2544 4441 2542.25 2524.06
threshold=1.0000110864639284 85.645603179931655 1.0000000180025095e-35 3.5000000000000004 1.0000000180025095e-35 99.473682403564467 0.72985523939132702 1.0000000180025095e-35 63.847667694091804 0.72985523939132702 85.553771972656264 1.0000000180025095e-35 1.0000000180025095e-35 18.321678161621097 56.73658752441407 51.73271560668946 1.5000000000000002 0.66451603174209606 24.068965911865238 1.0000000180025095e-35 1.0000000180025095e-35 1.5000000000000002 1.0000000180025095e-35 98.120273590087905 2.5000000000000004 35.500000000000007 56.152366638183601 68.585231781005874 1.5000000000000002 85.645603179931655 0.88002100586891185 1.5000000000000002 89.386734008789077 15.500000000000002 56.62047195434571 97.789989471435561 1.0000000180025095e-35 8.2762556076049822 22.878952980041507 86.319076538085952 32.500000000000007 56.152366638183601 1.0000000180025095e-35 93.643951416015639 7.5000000000000009 0.95876392722129833 23.940298080444339 77.032970428466811 1.0000000180025095e-35 90.815368652343764 1.5000000000000002 1.0000000180025095e-35 4.5000000000000009 4.5000000000000009 1.0000000180025095e-35 1.2246400713920595 99.473682403564467 80.901721954345717 1.0000000180025095e-35 1.5000000000000002 0.95876392722129833 1.5000000000000002
decision_type=2 8 2 10 2 2 2 2 10 2 2 2 2 2 2 10 2 2 2 2 2 2 2 10 2 2 10 10 2 10 2 2 2 2 10 10 2 2 10 2 2 10 2 2 2 2 2 2 2 2 2 2 2 2 2 2 2 2 2 2 2 2
left_child=1 8 15 4 10 7 12 27 -1 19 13 -11 61 37 31 -2 34 18 58 57 40 48 -8 42 30 -14 -7 -4 46 33 -18 38 54 56 -9 36 60 -3 -15 49 -21 -32 43 -16 -45 -37 -20 51 -12 -26 -36 -30 -27 -24 -13 -17 -23 -10 59 -6 -29 -5
right_child=2 3 5 6 17 26 22 16 9 11 21 32 25 14 23 55 24 -19 28 20 -22 29 53 -25 39 52 -28 35 47 -31 41 -33 -34 -35 50 45 -38 -39 -40 -41 -42 -43 -44 44 -46 -47 -48 -49 -50 -51 -52 -53 -54 -55 -56 -57 -58 -59 -60 -61 -62 -63
leaf_value=-0.1050651828632032 -0.06615788845079193 -0.014288184965708259 -0.092431635156207018 -0.061955242661259492 0.10275070347555178 -0.068485447813586578 0.14378102474349921 -0.079625585198715487 -0.10211570692168562 0.15033617078453126 0.14917978068847704 -0.048850131713548739 -0.066268556440770565 -0.10054125750301646 -0.04178217551902616 0.12233697827486892 -0.033727357579877541 0.14056721296664235 -0.057790329209756623 -0.036210771112784639 -0.072001983410320311 -0.049856261633855647 0.18013675877607407 0.14697675035549929 -0.066024922227350166 0.067725156473975798 0.14313079297246781 0.14177988736401698 -0.091434444715494625 0.12816494751024998 -0.082378098209059558 -0.097115814439632533 0.12229385196674912 -0.079068590588815824 0.12185474529299239 0.12194283549235696 -0.023468373276178026 0.090804632733752833 0.027087880882981447 0.034924358594259998 0.12288088259666581 0.089701753529318834 0.067856636641863186 0.063195135264465227 -0.060033011123395909 -0.055351363256795197 0.092455513596230443 0.16224426815573723 0.039064689580941191 0.18807172353116974 0.21450463890601734 0.13035623674373159 -0.080009952815618332 -0.012064322067138594 0.041251347918462522 0.14553224157994774 0.055876177419891142 0.19261829134093367 0.13125093164738663 -0.082113771764457236 -0.032263213840717647 -0.10581487397275557
leaf_weight=786426.86068973318 3422.9027389064431 5074.4714329652488 9084.7403631582856 16408.309792850167 7106.1951202228665 1475.0313651412725 8478.4849429726601 977.53917292505503 127040.91484235972 14136.385981488973 13750.420995153487 9363.8786579146981 8526.8677676543593 4033.6785110421479 19530.26732249558 53817.977872945368 4120.0959712490439 38521.946424201131 2205.1059331893921 2523.7811888679862 16131.815440863371 2779.4704130813479 870.46435676515102 3599.2880444489419 9541.5549210235476 10613.874162204564 36606.963162600994 2916.4944663718343 8899.8689248897135 5242.7320592179894 1394.4897871389985 27406.653167285025 2850.1530270203948 4136.8849385380745 20093.016230627894 4373.4718331843615 53991.042805776 16974.462843988091 6934.7227223515511 10476.932252414525 4107.6424516774714 25977.58566814661 6796.6306231021881 9697.9550079405308 3799.6104055568576 1584.2134779766202 5960.5855675265193 664.48926559835672 3679.68865102157 515.30996713787317 4280.8385309204459 636.10026075690985 1523.796209461987 7627.0439446866512 4958.4079358689487 447893.45938079059 13327.952381253242 294.25545164942741 26590.821322701871 1590.3090414367616 1178.3752538338304 65494.637339618057
leaf_count=13318613 35169 36625 124561 204836 30085 15030 37787 9933 2101712 65188 60241 105224 83238 46600 189399 244930 32422 173134 11433 23860 214189 20010 4747 17097 84478 59350 162622 20337 136068 26107 18863 425698 17840 42877 86238 21154 437915 104107 72026 57442 23467 132829 44010 60007 39407 10430 28855 3082 20986 2310 18950 2678 12232 53730 32844 2050469 77833 1691 114644 14114 9813 1056555
internal_value=-0.00421264 -0.0671793 0.116172 0.0138597 0.0485464 0.0479934 -0.0554711 0.025995 -0.097196 -0.0630817 0.0156338 0.0709347 -0.0771691 -0.00819966 -0.0283668 0.141627 0.0671784 0.100951 0.0725075 -0.091036 -0.032867 0.0733042 0.0756264 0.012872 0.0366977 0.00154101 0.134934 -0.0175813 -0.0108553 0.0373122 0.0659338 -0.0750311 0.00557117 0.0137838 0.129731 -0.00696361 -0.0153497 0.066618 -0.0198483 -0.00814097 0.0623339 0.080935 0.000751823 -0.0130573 0.028506 0.0747984 0.0518823 -0.0610782 0.125933 -0.0530051 0.138127 -0.0766398 0.0491781 0.0076243 -0.0176568 0.143044 0.0376312 -0.101435 0.115896 0.068945 0.0916957 -0.0970281
internal_weight=2.02004e+06 1.32632e+06 693722 358484 238940 188588 119543 150506 967834 181407 146765 31308.8 102567 103848 81798.8 505134 77377.4 92175.4 53653.5 150098 22763.2 42917.1 16976 43423.8 52026 20664.5 38082 73128.3 18366.1 25487 31492.2 38375.1 17172.4 20244.3 25351.4 64043.6 58085.9 22048.9 10968.4 20533.8 6631.42 27372.1 39824.5 33027.8 13497.6 5957.69 8165.69 10200.5 17430.1 10056.9 24373.9 9535.97 12137.7 8497.51 14322.3 501711 16107.4 127335 35287.3 8696.5 4094.87 81902.9
internal_count=22790121 19214226 3575895 3309598 1797123 1245327 1512475 1067675 15904628 2586015 1283030 221096 1416211 1034976 894244 2330568 443465 514093 340959 2364919 261516 248054 96264 349920 328344 154820 177652 624210 182116 166827 184114 544324 155908 140720 115121 499649 468065 140732 118626 144230 47327 151692 332823 288813 99414 31584 40288 141828 81227 86788 105188 138746 71582 58477 138068 2295399 97843 2103403 158843 44199 30150 1261391
is_linear=0
shrinkage=0.1


Tree=10
num_leaves=63
num_cat=0
split_feature=34 7 11 18 12 3 0 10 7 4 1 0 22 7 26 11 3 7 3 0 27 25 11 22 18 11 2 34 7 7 25 7 16 27 25 2 11 10 25 1 25 11 3 7 24 2 2 25 27 4 26 3 0 13 6 4 1 22 1 12 27 25
split_gain=1.32154e+06 294886 110664 82032.8 37783.3 33496.5 31533.5 22103 19600.1 54733.5 18232.5 17367.4 15204.4 13189.7 12600.1 11791.9 11470.7 15884.4 9797.44 20151.6 9274.93 8882.81 7911.78 6111.18 6862.15 6077.39 5755.17 5709.66 5578.16 5415.76 5340.03 5191.37 4526.59 4460.96 4161.74 4137.77 4107.31 4055.43 4021.28 3983.45 4055.59 3926.04 3789.76 3665.66 3535.06 3499.83 3401.14 3330.59 3223.8 3095.35 3053.88 2745.41 2535.6 2519.91 2512.64 6004.69 4900.16 2848.13 2509.17 2439.46 2438.16 3183.59
threshold=1.0000110864639284 83.384460449218764 1.0000000180025095e-35 3.5000000000000004 1.0000000180025095e-35 69.309261322021499 99.473682403564467 1.0000000180025095e-35 61.916847229003913 0.87695360183715831 89.512962341308608 20.144927978515629 1.0000000180025095e-35 61.302095413208015 1.5000000000000002 1.0000000180025095e-35 65.419578552246108 83.384460449218764 60.188678741455085 25.14367771148682 2.5000000000000004 1.5000000000000002 1.0000000180025095e-35 1.0000000180025095e-35 1.5000000000000002 1.0000000180025095e-35 88.153816223144545 1.3038287162780764 63.847667694091804 83.384460449218764 2.5000000000000004 68.013607025146499 8.5000000000000018 15.500000000000002 1.5000000000000002 72.438781738281264 1.0000000180025095e-35 1.0000000180025095e-35 2.5000000000000004 90.521114349365249 1.5000000000000002 1.0000000180025095e-35 98.539680480957045 55.585266113281257 2.5000000000000004 99.473682403564467 87.298336029052749 1.5000000000000002 8.5000000000000018 0.92594298720359813 1.0000000180025095e-35 85.145786285400405 90.815368652343764 1.0000000180025095e-35 1.0000000180025095e-35 0.83517408370971691 90.80338287353517 1.0000000180025095e-35 8.5410332679748553 1.0000000180025095e-35 35.500000000000007 4.5000000000000009
decision_type=2 8 2 10 2 2 2 2 10 2 2 2 2 10 2 2 2 10 2 2 2 2 2 2 10 2 2 2 10 10 2 10 8 2 2 2 2 2 2 2 2 2 2 10 2 2 2 2 2 2 2 2 2 2 2 2 2 2 2 2 2 2
left_child=1 8 13 4 10 12 7 31 -1 23 11 41 -5 32 43 28 47 -18 19 -6 26 -19 -7 35 37 60 -12 48 -11 33 39 -4 -2 -22 -21 51 -23 -25 44 40 45 -3 49 -9 50 -16 52 -13 -8 -17 -33 -10 53 -32 55 56 57 -15 -43 -26 61 -14
right_child=2 3 6 5 18 22 27 14 9 15 20 16 25 54 30 42 17 21 -20 34 29 36 -24 24 59 -27 -28 -29 -30 -31 46 38 -34 -35 -36 -37 -38 -39 -40 -41 -42 58 -44 -45 -46 -47 -48 -49 -50 -51 -52 -53 -54 -55 -56 -57 -58 -59 -60 -61 -62 -63
leaf_value=-0.10458924060005399 0.11164979692741446 0.11378906767991173 -0.0916125177979564 -0.097191044701992205 0.10585921201772185 0.13304980673512631 0.13146705698562841 -0.079226989304979123 -0.10208146641827259 0.75359697718342389 0.021079338677745082 -0.018703925978906893 -0.085862825600062587 -0.056937831956609043 0.14702320384038461 -0.0042350053839577198 -0.071419744681147798 0.15944697456011328 0.13116520703321755 0.0280350790938972 0.017480597399616316 0.12918197935875544 0.00346507054637285 -0.040253710303976412 -0.083118978707527463 -0.055641749862145963 0.11555663539491337 0.13947013961231122 0.15260044530164166 0.092263242468987733 -0.07093853414764982 0.094626419043098264 -0.078049087673548567 -0.082141945105151687 -0.078409489059450707 0.071230279372891128 -0.02176538417728555 0.14849513014372631 -0.031575851792085947 0.088178999437165673 -0.025605123613485953 -0.031778181216223021 -0.020543701558294689 0.1270207865488667 0.15478301493369603 -0.038983316705016167 0.03323422788360731 -0.10173891972170115 -0.075201433173813503 0.18468057210351951 -0.0019072523433155556 0.010172477270648406 0.15721242201288887 0.20773600834846959 0.13974754687906979 0.13037036303013161 0.13249410951539162 0.14015585061779351 0.053936778173267363 0.067803792526583473 0.080728216063310765 0.1211431044374649
leaf_weight=705265.88026967272 1869.376421622932 7983.6946902386844 8153.5243069976568 84575.687991116196 35769.492900505662 9207.6812628433108 1191.9883821904659 894.10563457012177 113514.71146738902 156.94421470165253 8763.139687590301 5951.9325932562351 2365.5720638111234 4175.2292303442955 3299.1164913102984 1536.7851584628224 16805.981663040817 6332.9232858121395 40253.72428080067 6474.940878584981 15856.105414785445 2287.8244566433132 9648.9638820625842 1973.2448285743594 13249.692989666015 11359.810671262443 24401.914415195584 33295.799316070974 9661.0742450803518 6631.7205746732652 9118.4737649150193 3756.8882683292031 3845.4814184382558 6273.0980860665441 8488.1863037087023 1429.9107089862227 8499.8785209357738 2690.3475230745971 32326.075625404716 18599.968871477991 8381.6009661965072 4885.7871063649654 8676.0589676573873 23801.931053757668 1800.0112617388368 1458.8673625178635 10231.973692290485 25639.566866360605 2057.7925263941288 1990.9209485314786 25663.124682813883 2221.3664490021765 564.16265677660704 336.45397167652845 407561.46444562078 56310.999339953065 3428.0318537950516 889.36073140799999 11346.434604208916 1165.1667807474732 7506.0105932280421 1083.0958428531885
leaf_count=13102070 9074 44142 122016 1431528 168153 43410 6010 9797 2051197 2121 56992 71105 19335 19067 15256 14626 194156 31983 188645 33123 110937 11416 71362 29015 186023 119593 111578 154352 44458 37013 84873 21323 38229 71341 137566 11000 70749 17970 283847 94546 61102 38688 88906 105129 9720 13468 55134 446424 17754 13671 185864 22009 2512 1555 1971371 270883 16470 4228 78483 7162 31880 6491
internal_value=-0.00423174 -0.0654965 0.109603 0.00940977 0.0433801 -0.0561408 0.0439145 0.0234217 -0.0974524 -0.0656491 0.0128157 -0.0159878 -0.0778185 0.135012 0.0607404 0.0806245 -0.0427338 -0.00235717 0.0943261 0.0650962 0.0545535 0.0654362 0.0667412 -0.0892919 -0.0368072 -0.00439347 0.0905931 0.127121 0.162208 0.0129952 0.0328036 -0.0164927 -0.015997 -0.01076 -0.0323481 -0.0978381 0.0102471 0.0686323 -0.0068542 0.0584031 0.0162534 0.0563756 0.0149903 0.119554 0.0187433 0.0899909 -0.00731875 -0.0860949 0.000602581 0.102383 0.0104199 -0.0999269 -0.0487334 -0.0610219 0.136839 0.118549 0.040166 -0.0223275 0.0281372 -0.0709197 0.0487501 -0.0208501
internal_weight=1.89494e+06 1.23193e+06 663012 368393 242646 125747 184932 148386 863532 158266 151660 89734 106890 478080 76686.7 22021.8 65518.1 33926.6 90986.3 50732.6 61926 17120.6 18856.6 136244 19078.5 22314.5 33165.1 36545.6 9818.02 28760.9 51990.6 71699.6 5714.86 22129.2 14963.1 117166 10787.7 4663.59 63546.1 31739.6 13139.6 24215.9 12203.8 24696 31220 4757.98 20251.1 31591.5 3249.78 3527.71 29420 115736 10019.1 9454.93 472365 64803.6 8492.62 5064.59 16232.2 14414.9 10954.7 3448.67
internal_count=22789901 19216321 3573580 3626093 1902494 1723599 1244258 1066142 15590228 2488158 1375007 987146 1608827 2329322 443372 163782 825833 308304 527487 338842 387861 114148 114772 2324376 240170 177299 168570 178116 46579 219291 328446 622770 47303 182278 170689 2084206 82165 46985 500754 184372 89826 161313 117203 114926 216907 28724 144074 517529 23764 28297 207187 2073206 88940 86428 2282019 310648 39765 23295 117171 193185 57706 25826
is_linear=0
shrinkage=0.1


Tree=11
num_leaves=63
num_cat=0
split_feature=34 7 9 9 1 3 1 0 7 3 9 7 25 7 20 27 22 25 0 22 9 9 2 25 18 7 2 25 2 3 0 27 24 0 1 1 24 0 22 32 0 28 32 25 25 7 7 27 25 19 7 2 8 26 1 34 27 7 2 0 13 0
split_gain=1.14501e+06 269793 92385.2 74008.9 55968.8 33434.9 45483.8 26791.8 17491 45131.9 13678 13082.9 12103.8 10247.5 8643.54 7490.13 6512.9 6840.45 6277.82 5862.96 5938.09 5791.41 10464.2 6608.33 5758.4 4934.07 4631.2 4597.28 4803.55 4549.42 4529.9 4379.33 4244.74 4225.47 4084.16 3670.45 3638.01 3876.4 3529.95 3496.23 3431.05 3256.97 3251.79 3104.25 3085.9 3014.34 3009.29 3004.98 3000.82 3844.87 2817.39 2683.13 2674.59 2701.69 2673.01 2661.62 2700.92 2511.54 2497.85 3519.32 2444.53 2371.55
threshold=1.0000110864639284 82.61890029907228 0.47222222387790685 0.47222222387790685 79.337715148925795 69.309261322021499 22.378716468811039 99.473682403564467 61.916847229003913 74.813434600830092 0.47222222387790685 98.270881652832045 1.5000000000000002 49.875621795654304 0.27677503228187567 7.5000000000000009 1.0000000180025095e-35 1.5000000000000002 68.323558807373061 1.0000000180025095e-35 0.29285715520381933 0.89898991584777843 81.120250701904311 1.5000000000000002 5.5000000000000009 68.013607025146499 22.903981208801273 2.5000000000000004 86.319076538085952 97.999198913574233 88.047618865966811 36.500000000000007 2.5000000000000004 94.932373046875014 91.476997375488295 79.337715148925795 2.5000000000000004 88.047618865966811 1.0000000180025095e-35 3.5000000000000004 7.7422575950622567 20.500000000000004 10.500000000000002 4.5000000000000009 3.5000000000000004 97.789989471435561 68.013607025146499 32.500000000000007 1.5000000000000002 0.75892975926399242 97.789989471435561 71.039428710937514 18.24123573303223 2.5000000000000004 90.521114349365249 0.35497264564037329 1.5000000000000002 97.789989471435561 44.300144195556648 28.730158805847172 1.0000000180025095e-35 91.922958374023452
decision_type=2 8 8 8 2 2 2 2 10 2 10 10 2 10 2 2 2 2 2 2 10 8 2 2 10 10 2 2 2 2 2 2 2 2 2 2 2 2 2 2 2 2 2 2 2 8 10 2 2 2 10 2 10 2 2 2 2 8 2 2 2 2
left_child=1 8 7 4 16 6 24 11 -1 19 30 14 26 -4 -2 33 17 18 50 51 -21 22 23 -15 40 41 -8 32 60 -17 -11 -18 34 44 48 38 37 -25 -14 -30 47 -9 -22 -33 55 -46 -12 -5 49 -16 -3 -10 -7 -54 -24 -6 57 -57 59 -28 61 -29
right_child=2 3 13 5 15 52 12 25 9 10 46 -13 35 21 27 29 31 -19 -20 20 42 -23 54 36 -26 -27 58 28 39 -31 -32 43 -34 -35 -36 -37 -38 -39 -40 -41 -42 -43 -44 -45 45 -47 -48 -49 -50 -51 -52 -53 53 -55 -56 56 -58 -59 -60 -61 -62 -63
leaf_value=-0.10383060430631048 -0.077884551402535501 -0.066525572235759639 -0.06761827422463744 -0.10387241008312667 -0.03898939255219621 0.012501809605620574 -0.062666343954976875 0.15119262025143765 -0.10195021669289375 -0.025491342139587661 0.30768159738579159 0.10397783824962076 -0.099268495734960827 0.13487025750018763 0.10818919635824337 0.092615205881261334 -0.078958702404528305 -0.10203012670438244 0.13612719868694809 -0.078418373134857278 -0.0032499312161563608 0.13208493397382984 0.068573978838543298 -0.059711044187089363 -0.0050617575969340561 0.12970260890629859 0.10590278522105517 -0.072011725589585851 0.068714476732958385 -0.0479897607655555 0.11005795770878116 0.042480738826428138 0.13697943677690524 0.095488660099956268 0.048604866642727368 0.16405737231293738 0.079798575863863297 0.14341606514682384 0.068771516965256838 -0.0082206098041792651 0.098885341998053919 -0.075609941092292479 0.16219688148082168 -0.089624172776727087 -0.065194363650304829 0.063370127730351652 0.13302300482696125 0.059273017752602589 -0.044640799524196695 -0.057110303812295177 0.06307914200119423 0.1106992264214408 0.12977013777426441 0.057341009751493192 0.12742765837432946 0.041801434809043275 0.026258335245558137 0.12162736797561012 0.16751839346218664 -0.015343866777620313 0.14912336862142916 0.2303356479315517
leaf_weight=642528.77899257466 11943.91247966513 19479.222376763821 2731.0339329838753 1490.7990895621479 3241.8829117082059 2313.3442056104541 4875.1353238895535 915.67466578632593 97432.418943069875 12716.365375190973 1124.8537793010473 14354.599186003208 28943.688573826104 4865.1828733682632 3609.9795282706618 2746.085130982101 8445.1629025116563 76167.134912393987 1861.5153906270862 11436.881619036198 3892.1864811256528 382818.47327421606 8729.074684664607 8080.7639790475368 7156.7831386961043 29164.833914980292 4069.5998715236783 13638.500479921699 7990.9447124302387 14204.423525668681 3058.4000482782722 9002.2617821022868 3681.5679377615452 15279.536397494376 28160.37251502648 570.3223254904151 3848.6530772447586 1063.0884878784418 1306.5244180187583 22647.383813157678 49859.935781832784 2052.2419438511133 1709.8482121229172 2216.7849092185497 5342.4883239269257 2768.8485323265195 8018.5491130128503 4651.9737024828792 10945.084686916322 2306.0102516412735 1835.3089818544686 596.98910632357001 49605.240011338145 5746.6371315196157 66565.620336130261 7264.7755221165717 15322.093562941998 8615.8413911610842 1649.2031828686595 5814.2385542243719 547.70845067128539 264.46032476425171
leaf_count=13102670 157091 285059 30388 9345 25299 16554 39784 4845 1937437 139300 6598 73100 533119 22934 17517 17554 104300 1430274 12140 184192 33466 1967090 41617 51691 50565 143729 25701 165998 47505 150048 21552 71310 18907 71317 158384 3087 19654 5008 6068 165998 244420 19253 9505 23720 43585 15140 38018 21037 108943 23365 22861 4361 241565 28315 325503 50006 100042 43189 8240 45949 2761 1272
internal_value=-0.0042024 -0.0638342 0.103957 0.007569 -0.0345457 0.0561342 0.0238959 0.0360984 -0.0968522 -0.0648217 0.0571949 0.0143974 -0.0503347 0.125535 0.00223602 0.0332466 -0.0771474 -0.0875554 -0.039985 -0.0912445 -0.0371021 0.126644 0.104282 0.0354603 0.0794033 0.117202 0.0190475 0.0124389 -0.0105707 -0.0252109 0.000788858 -0.0245661 0.0337412 0.0503794 0.025299 -0.0872723 -0.00176485 -0.0360949 -0.0920107 0.0118452 0.0901974 -0.00563582 0.0472476 0.016378 0.0341832 -0.0213082 0.15451 0.019679 -0.0136251 0.0437566 -0.0553658 -0.100655 0.117848 0.122251 0.120605 0.0472508 0.0562109 0.0851101 0.0535887 0.0345786 -0.058097 -0.0662605
internal_weight=1.77529e+06 1.14436e+06 630925 361847 193793 168053 110388 152223 782515 139986 24918.2 120091 47228.7 478702 105736 74786 119007 99343.2 23176 115068 17038.9 475971 93152.4 17857.7 63159.5 32132.8 16408.2 93792 45089 16950.5 15774.8 19664.2 48703 57835.5 45021.4 30820.5 12992.5 9143.85 30250.2 30638.3 56002.7 2967.92 5602.03 11219 42555.9 8111.34 9143.4 6142.77 16861.1 5915.99 21314.5 98029.4 57665.2 55351.9 75294.7 34444.6 31202.7 15880.6 11533 9883.84 14450.7 13903
internal_count=22789245 19216692 3572553 3739593 2465844 1273749 987315 1108668 15477099 2374429 205468 940841 661948 2463885 867741 516180 1949664 1750334 320060 2168961 227163 2433497 466407 99287 325367 167827 119674 710650 383534 167602 160852 199330 327116 348578 308209 542274 76353 56699 539187 213503 274802 24098 42971 95030 277261 58725 44616 30382 149825 40882 307920 1941798 286434 269880 367120 218536 193237 93195 79890 71650 170031 167270
is_linear=0
shrinkage=0.1


Tree=12
num_leaves=63
num_cat=0
split_feature=34 7 11 18 9 3 0 1 9 7 4 1 3 1 9 7 27 13 32 9 11 26 1 22 9 9 25 33 25 2 7 3 28 25 1 13 18 11 19 1 2 27 7 11 27 0 25 7 27 22 1 7 25 25 24 25 0 2 2 4 25 32
split_gain=993368 247795 97150.3 66455.4 34122.3 28298.9 25156 18337.7 17575.5 15466.5 38750.1 13521 11971.8 22438.5 11363.8 10953.3 7334.12 8135.84 6813.12 6531.67 6311.1 5659.61 5645.66 5246.39 5062.54 4949.73 4880.2 4867.64 4706.86 4580.6 4131.99 5367.9 3940.33 3697.43 3657.75 4360.46 3577.31 3147.33 2881.16 3311.84 2819.09 2817.84 3206.39 2781.26 2774.03 3494.61 3416.28 2690.09 2662.98 2605.54 2593.72 2521.98 2428.52 4844.52 2319.01 2396.09 2386.77 2231.95 2189.45 4134.59 2173.98 2171.4
threshold=1.0000110864639284 81.729778289794936 1.0000000180025095e-35 3.5000000000000004 0.47222222387790685 68.660713195800795 99.473682403564467 82.637680053710952 0.47222222387790685 61.302095413208015 0.76775014400482189 18.321678161621097 60.188678741455085 25.14367771148682 0.29285715520381933 61.916847229003913 1.5000000000000002 1.0000000180025095e-35 4.5000000000000009 0.47222222387790685 1.0000000180025095e-35 2.5000000000000004 19.399641990661625 1.0000000180025095e-35 0.29285715520381933 0.73214286565780651 1.5000000000000002 0.65892368555068981 1.5000000000000002 83.047893524169936 81.729778289794936 60.188678741455085 76.500000000000014 1.5000000000000002 99.473682403564467 1.0000000180025095e-35 3.5000000000000004 1.0000000180025095e-35 0.20872293412685397 81.302967071533217 25.723738670349125 11.500000000000002 81.729778289794936 1.0000000180025095e-35 35.500000000000007 8.9719939231872576 4.5000000000000009 68.013607025146499 32.500000000000007 1.0000000180025095e-35 8.1912217140197772 81.729778289794936 4.5000000000000009 1.5000000000000002 2.5000000000000004 2.5000000000000004 89.769756317138686 79.743591308593764 99.473682403564467 0.99772727489471447 1.5000000000000002 3.5000000000000004
decision_type=2 8 2 10 8 2 2 2 10 10 2 2 2 2 10 10 2 2 2 8 2 2 2 2 10 10 2 2 2 2 10 2 2 2 2 2 10 2 2 2 2 2 10 2 2 2 2 10 2 2 2 10 2 2 2 2 2 2 2 2 2 2
left_child=1 9 15 4 7 11 8 22 18 -1 23 19 13 44 43 32 17 -9 29 -5 -7 57 37 -11 -25 -23 30 -8 40 33 -24 -32 -2 -4 58 -36 61 -3 39 -17 -15 -18 -43 -12 45 -6 -46 -16 -26 -30 -21 -14 53 -47 56 -56 -35 60 59 -20 -10 -31
right_child=2 3 6 5 12 20 27 16 21 10 14 -13 51 28 47 38 41 -19 34 50 -22 25 26 24 48 -27 -28 -29 49 36 31 -33 -34 54 35 -37 -38 -39 -40 -41 -42 42 -44 -45 46 52 -48 -49 -50 -51 -52 -53 -54 -55 55 -57 -58 -59 -60 -61 -62 -63
leaf_value=-0.10326122393843372 0.081795319583181619 0.13128347842573038 0.099045615525086519 -0.067882260210059955 -0.066152004615796997 0.11886102246884407 0.12726884863738044 0.0170398112185405 0.1294029251827776 -0.099828597989994924 0.087021821390769472 -0.096618320510272027 0.010244014984989641 -0.059779147521385481 0.25210109824303789 0.0018008357185842071 0.0217099923620118 0.12839447041511687 -0.039459408402526271 -0.045882699508844632 0.0031397057414102891 -0.027817206826532603 -0.083814437502206754 -0.077243955688430108 -0.043929002186708595 0.086452977742507153 -0.089404139820160794 -0.010337827648758971 -0.091160989079363999 0.056059049091403593 -0.047587212469069801 0.1273784336519542 -0.086706639972667143 -0.076035763491624261 -0.048101724143838384 0.024925632423231762 0.1847741467355257 -0.0094153836188574785 0.12870866100164832 0.10818531174775124 0.061415560224162273 -0.07156660854392663 0.051820638706421375 -0.034911374875342648 0.10931653679270388 0.094591046201785545 -0.019061467033924639 0.10976089439256989 0.10312164206671426 0.10104909427577057 0.057639466299700272 0.11589532282000277 0.13458855522656443 -0.043705212910823459 0.14843814572972089 -0.031106393114227689 0.21698370501057884 0.11233948044573368 -0.075221882488304082 0.18092268509106968 0.012515610705294999 -0.018325384534756371
leaf_weight=581919.88971171156 2453.6657849140465 1938.1613981574774 2252.9792089536786 11499.582914378494 2219.1198450028896 8919.1068972125649 30083.699612520635 12956.506667267531 2310.6277511119843 88182.739181410521 2314.8483862914145 76003.876370552927 2370.5646780058742 2999.8590626940131 1563.0246948972344 3430.9463623166084 27814.919982608408 13292.730474278331 6456.361582685262 3130.1748989112675 9993.0317055284977 8771.5410136133432 4806.5278931483626 10192.49783192575 2047.8666790723801 6675.5301523059607 26976.45045863837 2810.8095430657268 11615.663353849202 19589.916696213186 3647.9442957378924 3376.434944819659 3194.6918015517294 8676.5339101329446 13934.999811414629 19785.590010337532 1866.5465423241258 8847.2683315873146 393777.02510175109 19893.195824474096 5328.3452495783567 7876.2346144393086 2874.8011765517294 9749.1855645440519 30490.04745195806 6896.456151265651 2224.0732870995998 8820.0944256111979 3089.2252776436508 750.84152452647686 10670.939372651279 48178.196586955339 4037.3750989176333 4003.3339190632105 1143.9222936034203 2122.315657582134 287.18310246244073 21974.296801298857 17408.239144511521 980.58859575912356 5110.3943071216345 4907.5498085618019
leaf_count=13031259 13941 14149 10227 158753 11842 45713 156282 87179 10868 1913374 12661 1525349 17022 19860 9764 17524 173174 65471 64527 19425 75694 60075 65587 177750 20765 29233 497355 21739 232951 111206 55844 18653 34613 98917 143712 113059 9039 84776 2156342 106927 30086 98441 18097 120989 144890 32360 10958 43934 19032 3280 60542 247120 18741 33536 5735 23613 1651 109648 216792 4153 21590 32530
internal_value=-0.00413269 -0.0621674 0.0987625 0.00592017 0.0367994 -0.0545767 0.0365963 -0.00236326 0.0186015 -0.0963842 -0.0646131 -0.0755399 0.0737937 0.0471837 0.0544936 0.124813 0.0326567 0.0734303 -0.00484138 -0.0122199 0.0577147 0.070573 -0.0481325 -0.090442 -0.0364461 0.0215652 -0.0659198 0.11551 -0.0403538 0.0265055 -0.0123716 0.0365142 -0.0135088 -0.0186758 -0.0267044 -0.00525285 0.0513256 0.0158685 0.126686 0.0925363 0.0177606 0.00490485 -0.0385732 -0.0115148 0.0835091 0.0509412 0.100589 0.131188 0.0445009 -0.0794908 0.03416 0.110941 0.068337 0.0437968 -0.0403623 0.0317748 -0.0666479 0.0963263 -0.055819 -0.0104012 0.0489099 0.0411577
internal_weight=1.66352e+06 1.06362e+06 599899 355739 235522 120217 177150 114408 144255 707879 125959 101305 121114 70565.1 22447.2 422750 64815.2 26249.2 99412.7 25300.7 18912.1 44842.4 49592.8 103512 15329.6 15447.1 38807.4 32894.5 20694.7 40846.9 11830.9 7024.38 5648.36 14482.9 58565.8 33720.6 26364 10785.4 417101 23324.1 8328.2 38566 10751 12064 49870.4 17156.3 32714.1 10383.1 5137.09 12366.5 13801.1 50548.8 14937.2 10899.8 12230 3266.24 8963.72 29395.3 24845.2 7436.95 7421.02 24497.5
internal_count=22790319 19216376 3573943 3866848 1981372 1885476 1244596 1178726 1066575 15349528 2318269 1764069 802646 538504 187348 2329347 442362 152650 835161 238720 121407 231414 736364 2130921 217547 89308 637439 178021 286177 292918 140084 74497 48554 140143 542243 256771 152775 98925 2280793 124451 49946 289712 116538 133650 252327 96479 155848 53698 39797 236231 79967 264142 84637 65896 129916 29348 100568 142106 285472 68680 32458 143736
is_linear=0
shrinkage=0.1


Tree=13
num_leaves=63
num_cat=0
split_feature=34 8 11 18 9 3 22 9 0 4 0 9 9 4 22 25 22 26 20 9 27 27 13 33 11 24 28 9 20 19 1 25 18 25 33 0 1 1 25 25 1 0 2 0 27 4 27 8 9 8 13 1 4 3 1 32 20 9 20 4 22 26
split_gain=863721 167592 90797.8 46962.9 40266.7 41005.2 34627.3 26565.9 22174.1 20494.6 16233.5 12259.6 10269.8 9775.85 13678.5 12728.4 9202.45 8111.82 6899.28 6498.33 6222.02 5352.45 7821.46 5291.9 4835.96 4458.56 3526.44 3482.55 3350.12 2983.92 3179.49 2957.04 2950.61 2884.67 2684.43 2640.19 2583.08 2682.25 2558.69 2542.26 2484.34 2379.03 2360.34 2298.73 3591.69 2274.85 2262.25 2610.29 2250.44 2234.21 2187.71 2610.3 2113.28 2618.53 2476.54 2060.12 2035.18 2169.08 2820.28 1933 3611.98 1891.67
threshold=1.0000110864639284 68.010150909423842 1.0000000180025095e-35 3.5000000000000004 0.23611111193895343 69.309261322021499 1.0000000180025095e-35 0.47222222387790685 92.805381774902358 0.72985523939132702 66.343040466308608 0.23611111193895343 0.47222222387790685 0.68166410923004161 1.0000000180025095e-35 1.5000000000000002 1.0000000180025095e-35 1.5000000000000002 0.30347619950771337 0.64583334326744091 35.500000000000007 1.5000000000000002 1.0000000180025095e-35 0.35072118043899542 1.0000000180025095e-35 2.5000000000000004 129.50000000000003 0.47222222387790685 0.27677503228187567 0.20508184283971789 82.972846984863295 1.5000000000000002 2.5000000000000004 2.5000000000000004 0.67953160405159008 8.9719939231872576 20.169491767883304 71.535182952880874 4.5000000000000009 1.5000000000000002 77.581478118896499 64.461452484130874 48.074073791503913 99.473682403564467 23.500000000000004 0.96274891495704662 13.500000000000002 68.010150909423842 0.89898991584777843 68.010150909423842 1.0000000180025095e-35 98.529094696044936 0.89342591166496288 96.49015045166017 91.476997375488295 4.5000000000000009 0.32637552917003637 0.47222222387790685 0.92843535542488109 0.82033187150955211 1.0000000180025095e-35 2.5000000000000004
decision_type=2 8 2 10 8 2 2 8 2 2 2 10 10 2 2 2 2 2 2 10 2 2 2 2 2 2 2 8 2 2 2 2 8 2 2 2 2 2 2 2 2 2 2 2 2 2 2 10 8 10 2 2 2 2 2 2 2 10 2 2 2 2
left_child=1 4 18 7 -1 6 31 10 11 16 36 28 34 14 15 -9 39 56 26 -19 25 22 -12 -10 -11 -8 -2 -18 -4 30 59 32 -6 52 -7 -27 -3 -38 -22 42 -17 -14 -5 -25 -45 -21 -23 -48 -16 -15 -35 -52 -30 -54 -55 -26 -13 -58 -59 60 -20 -51
right_child=2 3 8 9 5 12 20 13 23 24 21 17 41 49 48 40 27 19 29 45 38 46 -24 43 55 35 -28 -29 33 -31 -32 -33 -34 50 -36 -37 37 -39 -40 -41 -42 -43 -44 44 -46 -47 47 -49 -50 61 51 -53 53 54 -56 -57 57 58 -60 -61 -62 -63
leaf_value=-0.099741039636550968 0.0722139347925536 -0.0031247588113083365 -0.084175960047103912 -0.060565451782726459 0.021592243667255304 0.054046095394181259 -0.099744801536870015 0.052709290733750691 0.11394118684844057 0.11690710251770325 0.010117684751037184 -0.047537955799598415 0.042342113396900923 0.013127885161843419 0.041370523841346638 -0.089853096256919313 -0.067306837022882399 -0.0082452379384385186 -0.16914413217646171 0.028856587786784335 0.089486522013020486 0.015584989687439786 0.12026431400718798 -0.017090233236778132 0.15229089169565063 -0.079795875856500817 -0.084485862004760229 0.033492625685380632 -0.056503023378727951 0.12446247658029858 0.10445223613597238 -0.10311396099434041 -0.079306003474404224 -0.064189802575877239 -0.046394021412365608 0.10648089858613159 -0.085696676192202531 -0.012651537486320905 -0.044679910828403391 -0.10330423381669902 0.11592053542086343 0.12210892495401676 0.20282503787852357 0.11508810525914773 -0.015351521532083443 0.10822282712916605 -0.075224034075684704 0.04074678550017586 0.10600422177862692 0.12188204390279939 -0.074487841874306321 0.025770698043686487 0.12392636979943734 -0.039700032776596395 0.031396489922748752 -0.015643163895050133 0.17518523766004851 0.11544239005766076 0.019505565429779482 0.069929388439253518 0.12858533477435088 0.043327372143467498
leaf_weight=546300.50189667568 4050.3535243198276 7076.5615292117 7116.7838410362601 12499.065355595201 3722.100793376565 3927.7985545657575 4400.1302938126028 16464.81843810156 33198.998292386532 6518.9875782988966 14081.635923948139 928.18973457440734 4967.1986459568143 2324.2541715204716 7062.6309019103646 12262.702772986144 5523.0963258072734 29117.386351540685 1223.595383040607 6437.2190582156181 14195.966004908085 28582.188984867185 11890.488968331367 4631.3238344788551 811.88426709547639 1090.2099669203162 2225.1225055120885 9033.6234037689865 4156.1938505247235 367256.40461752564 17417.956084340811 79810.47126737982 13095.253812752664 13255.656753152609 8250.1484639197588 2518.8234465718269 23782.911694277078 6374.4908830188215 1579.6089307777584 49628.560604225844 616.20275426283479 15121.747735973448 349.75177517160773 6000.9354980885983 3256.5004108324647 8227.0179260447621 6594.5407584644854 2750.2823806256056 22706.45959128812 31948.140785116702 3768.8414294198155 8350.8922738656402 2229.1425206810236 6932.1858245618641 16708.710441242903 7286.4641952849925 3489.8330401740968 10552.133478231728 4318.1986887454987 2137.7687852531672 610.92304927110672 3390.860746961087
leaf_count=13098714 25299 69750 118071 211013 41236 32057 68403 88079 181081 35083 105403 9179 49995 16332 32947 238323 75165 219310 5840 30090 92081 185884 62021 36082 4313 11972 24881 47766 37890 2158629 99171 1929866 278729 157572 160893 17771 473288 65855 12892 1144478 3486 98632 2488 32236 24870 39558 88895 18789 110273 173876 42443 47599 11694 72835 94558 52113 16022 53535 20131 11595 3292 17354
internal_value=-0.00409823 -0.0605511 0.0942212 0.00342127 -0.0870524 -0.0416513 -0.0684783 0.0308272 0.033735 -0.0557582 -0.00501271 0.0117925 0.0584607 0.0682807 0.0429112 -0.00553994 -0.076357 0.0428994 0.120668 0.0190954 0.0396091 0.0255704 0.0605447 0.0922581 0.0527986 -0.0321729 0.0166522 -0.00475261 -0.0195889 0.122348 0.0860406 -0.0950838 -0.0569747 -0.0112922 -0.0139987 0.0502108 -0.0574979 -0.0702568 0.0760524 -0.0930403 -0.0800077 0.102386 -0.0533958 0.0404279 0.0692032 0.0733831 0.00162023 -0.0410926 0.0906701 0.108098 -0.0361138 -0.00540643 0.00968483 0.0203183 0.010549 0.00119274 0.0969308 0.104234 0.0875833 0.00530793 -0.0699956 0.114345
internal_weight=1.55614e+06 988541 567598 289561 698980 152679 120413 197909 172676 91651.4 101133 125588 32266.9 96776.1 59112.8 29343.7 77034.1 63070 394922 43781.6 23784.7 63899.1 25972.1 47087.8 14617.3 8009.16 6275.48 14556.7 62518.4 388647 21390.2 96627.8 16817.4 55401.6 12177.9 3609.03 37234 30157.4 15775.6 62477.4 12878.9 20088.9 12848.8 13888.8 9257.44 14664.2 37927 9344.82 29769.1 37663.3 25375.4 12119.7 30026.2 25870 23640.9 8098.35 19288.4 18360.2 14870.3 3972.29 1834.52 35339
internal_count=22789678 19216215 3573463 3322974 15893241 2794527 2452950 1750555 1244756 1572419 1069885 970487 341577 680670 473108 329888 1480910 387825 2328707 288958 203119 460992 167424 274269 91509 98146 50180 122931 582662 2278527 119898 2249831 319965 464591 192950 29743 608893 539143 104973 1357979 241809 148627 213501 93188 57106 69648 293568 107684 143220 207562 247614 90042 216977 179087 167393 56426 98867 89688 73666 20727 9132 191230
is_linear=0
shrinkage=0.1


Tree=14
num_leaves=63
num_cat=0
split_feature=7 3 9 1 34 0 2 11 25 7 7 0 9 11 26 9 22 28 18 9 32 11 27 0 18 25 25 1 13 1 2 25 24 6 2 1 22 9 17 9 0 1 25 24 34 1 33 7 28 3 25 0 7 27 0 2 0 22 2 9 26 26
split_gain=751772 235840 94506.1 58654 41543.8 22472.1 22320.5 17076 14617 13894.4 12032.3 25990.8 9668.43 7730.43 8363.52 7239.12 7126 5891.75 5501.3 5407.9 5401.98 7119.23 4988.76 5422.15 4154.36 3827.72 3850.81 3813.71 3712.45 3567.58 3035.28 2898.58 3057.76 2851.48 2961.67 2761.31 2726.75 3476.01 2697.78 2623.18 2598.59 2580.02 2532.98 2824.43 3064.43 2520.52 2503.51 2495.46 2438.43 2367.6 7379.85 5307.53 2257.36 2362.17 2252.29 2893.33 2174.55 2168.95 2112.68 1961.47 2119.21 1914.97
threshold=75.06613922119142 74.179893493652358 0.47222222387790685 20.169491767883304 1.3038287162780764 99.473682403564467 66.260162353515639 1.0000000180025095e-35 1.5000000000000002 97.969490051269545 59.026268005371101 67.890834808349624 0.23611111193895343 1.0000000180025095e-35 2.5000000000000004 0.47222222387790685 1.0000000180025095e-35 251.50000000000003 4.5000000000000009 0.73214286565780651 4.5000000000000009 1.0000000180025095e-35 37.500000000000007 9.2665472030639666 3.5000000000000004 4.5000000000000009 1.5000000000000002 94.39203262329103 1.0000000180025095e-35 99.473682403564467 20.144927978515629 2.5000000000000004 2.5000000000000004 1.0000000180025095e-35 75.93103408813478 75.809822082519545 1.0000000180025095e-35 0.23611111193895343 1.0000000180025095e-35 0.23611111193895343 8.2762556076049822 99.473682403564467 2.5000000000000004 2.5000000000000004 0.42465381324291235 5.0316455364227304 0.017714411020278934 75.06613922119142 11.500000000000002 95.742755889892592 1.5000000000000002 86.240703582763686 75.694980621337905 1.5000000000000002 27.639257431030277 41.444372177124031 92.390407562255874 1.0000000180025095e-35 86.319076538085952 0.29285715520381933 1.5000000000000002 1.0000000180025095e-35
decision_type=8 2 8 2 2 2 2 2 2 10 10 2 10 2 2 8 2 2 10 10 2 2 2 2 10 2 2 2 2 2 2 2 2 2 2 2 2 10 2 10 2 2 2 2 2 2 2 10 2 2 2 2 10 2 2 2 2 2 2 10 2 2
left_child=4 3 5 7 10 9 8 22 15 20 -1 35 48 33 -15 -5 -10 -6 40 56 21 -3 23 -2 31 26 -25 49 29 -29 -17 32 -23 34 -4 36 -12 -38 -39 -37 -9 -30 43 -31 -45 -24 -26 -35 -13 50 -22 -52 53 -7 -32 -56 -16 -47 -33 61 -61 -42
right_child=1 2 13 6 17 52 -8 18 16 -11 11 12 -14 14 19 30 -18 -19 -20 -21 27 24 45 25 46 -27 -28 28 41 42 54 58 -34 47 -36 39 37 38 -40 -41 59 -43 -44 44 -46 57 -48 -49 -50 -51 51 -53 -54 -55 55 -57 -58 -59 -60 60 -62 -63
leaf_value=-0.10211522616997407 -0.069456578923442536 0.13456262720646925 0.054123794876382775 -0.076343023676365751 0.10268207534587842 0.12576616553302652 0.08984386365041247 -0.049335135876352326 -0.10176676422671782 0.099105186927527678 -0.099236095450778217 0.033200406303842682 0.13476195851331779 0.10543485151520555 -0.041762377964256421 -0.05389693545046588 0.047159047339569854 -0.057749217520824153 -0.072857215704986919 0.08573923856978663 0.17760320797767748 0.024434236526332857 -0.10180936131110448 0.080543945975066228 -0.0011744909098992658 0.14027317545482484 -0.046657870826604227 0.087497644544990719 -0.082335232521069238 -0.02920457560608088 0.091957123224195816 -0.055695663596299877 0.15773416196678761 0.016468872041613795 0.10949164870109834 -0.064408099044844722 -0.083703487140470212 0.18000303961977221 -0.026331229834776322 0.1307000706962162 0.11340153956603927 0.036391918217080974 -0.066275383763399379 -0.029497669481660611 0.18291017232021978 0.00052753132011192907 0.20886164956976488 0.12324720660588601 -0.074567840534906102 -0.04255727928718827 -0.057404972000764887 0.098156026640048924 0.12020094026735915 0.039145504996173287 -0.016076813594789012 0.12793716171634648 0.087206449250684492 0.10312666706442691 0.013802545209235344 0.13837503810030735 0.030977334273143056 -0.033745232756739449
leaf_weight=484377.79243468493 4363.8205818161368 6229.3002948500216 11820.361212998629 13562.446175508201 12191.465491253883 4835.3169755935669 8282.6743771024048 5455.9777814336121 102885.75456476957 18006.834783725441 59605.888927411288 4195.1465089246631 7632.8512416444719 38855.117508400232 9040.3244318291545 4364.3619592487812 3316.5344515480101 2818.276966445148 12740.003818962723 8033.639827594161 2138.2886286713183 17034.870526280254 654.21272468939424 5386.1071346364915 835.52242588624358 4040.0039480850101 4264.0882909670472 2746.8719005137682 1929.6795500963926 7604.7836502939463 5462.6963744871318 8166.8499556295574 1914.2267975360155 2204.5413737893105 52883.936669178307 1897.8475550487638 5236.8479708172381 1064.7266331836581 1565.1973354667425 1081.9335758425295 1049.4805196523666 35540.578107759356 11277.984348896891 1217.5680274367332 1536.1569043621421 2205.4776260107756 1769.0543654635549 304324.9620327726 4203.1226455383003 32114.200379554182 9953.9983349405229 2813.1071908548474 23634.532570183277 9023.1263466924429 7459.9139111861587 1715.9333676062524 1528.4091140478849 31334.862196858972 9418.5191037431359 2537.8016325570643 6656.412790723145 5623.3791982196271
leaf_count=12916865 32718 35354 66665 282659 78859 27544 56338 54700 2499669 96999 1531904 54838 44901 203991 58938 40493 24795 25326 203179 38294 11359 104308 3184 34046 6185 20383 40013 14178 14883 67738 35026 99090 9515 15118 323593 31134 115291 7356 19976 7139 8772 207189 114097 7396 7424 17051 10185 1918554 59550 341437 114237 15583 139495 53937 65959 9801 7337 154150 58541 12371 40947 72000
internal_value=-0.00405955 0.0548123 0.0862579 -0.0312165 -0.0916628 0.0312528 -0.0696257 0.0342218 -0.0791441 0.0159815 -0.0959807 -0.0616222 0.0533014 0.11317 0.0790362 -0.0205338 -0.097116 0.072559 -0.0208659 0.0238969 0.00627723 0.035268 0.0701357 0.0276101 0.0194645 0.0585506 0.0243379 -0.00580346 0.0105147 -0.0198553 0.0192975 0.0107656 0.0379001 0.118453 0.0993769 -0.0877725 -0.0919329 -0.0365972 0.0572033 0.00643404 0.0101977 0.0302776 -0.0334844 0.00221739 0.0889934 0.0925884 0.141484 0.122479 -0.0207349 -0.0272697 0.00566784 -0.0231286 0.101412 0.0693681 0.0411198 0.0108546 -0.0231114 0.0963802 -0.0184732 0.0306683 0.0606214 -0.0106026
internal_weight=1.45767e+06 871795 638433 233362 585871 209741 147050 86311.6 138768 172248 570861 86483.6 16031.1 428691 57457.5 32565.4 106202 15009.7 34063.1 18602.4 154242 45368.3 52248.6 18054 39139 13690.2 9650.2 108873 61853.6 24383.4 19002.9 36534.5 18949.1 371234 64704.3 70452.4 67472.7 7866.77 2629.92 2979.78 21323.1 37470.3 21636.5 10358.5 2753.72 34194.6 2604.58 306530 8398.27 47019.6 14905.4 12767.1 37493 13858.4 14638.5 9175.85 10568.7 33540.3 17585.4 15867.1 9194.21 6672.86
internal_count=22790557 7897418 4189164 3708254 14893139 1556674 3014740 693514 2958402 1335698 14788954 1872089 159289 2632490 308560 433938 2524464 104185 391969 104569 1238699 323178 301545 127160 287824 94442 74059 915521 432905 210833 151279 271454 113823 2323930 390258 1712800 1674527 142623 27332 38273 188790 222072 196655 82558 14820 174385 16370 1933672 114388 482616 141179 129820 220976 81481 110786 75760 66275 171201 157631 134090 53318 80772
is_linear=0
shrinkage=0.1


Tree=15
num_leaves=63
num_cat=0
split_feature=7 4 9 9 34 0 22 22 7 4 7 9 1 25 11 26 27 27 25 32 9 18 11 25 20 27 24 24 2 11 7 25 24 27 1 20 18 22 9 18 6 4 25 20 2 1 2 6 1 0 7 7 25 1 4 27 13 0 2 27 19 26
split_gain=663028 197790 89300.5 52623 37546.4 19801.3 15486.2 15095.9 11682.2 24150.3 11489.1 11488.6 9866.94 16313.7 8845.84 7673.46 6418.77 5804.08 5198.58 4575.85 4558.67 4538.61 4573.37 4492.33 4045.18 3484.34 6089.6 3360.13 3258.87 3153.83 12219.5 4951.88 4862.95 4726.79 5687.05 2879.44 2878.47 2843.12 3048.98 2702.86 2586.83 3726.57 2556.68 2483.59 2448.18 3487.51 2393.52 2623.8 2481.95 2390.91 2341.4 2327.72 2286.38 3728.05 2273.34 2265.36 2248.51 2182.35 2160.65 2133.91 2833.94 2030.09
threshold=75.06613922119142 0.70438840985298168 0.47222222387790685 0.64583334326744091 1.287478029727936 99.473682403564467 1.0000000180025095e-35 1.0000000180025095e-35 59.026268005371101 0.73740029335021984 98.120273590087905 0.23611111193895343 89.699382781982436 1.5000000000000002 1.0000000180025095e-35 2.5000000000000004 34.500000000000007 73.500000000000014 4.5000000000000009 3.5000000000000004 0.73214286565780651 2.5000000000000004 1.0000000180025095e-35 1.5000000000000002 0.97196012735366832 31.500000000000004 2.5000000000000004 2.5000000000000004 80.901721954345717 1.0000000180025095e-35 97.969490051269545 2.5000000000000004 2.5000000000000004 3.5000000000000004 78.346122741699233 0.89418280124664318 3.5000000000000004 1.0000000180025095e-35 0.23611111193895343 5.5000000000000009 1.0000000180025095e-35 0.86250701546669017 4.5000000000000009 0.93513667583465587 44.300144195556648 30.341388702392582 88.153816223144545 1.0000000180025095e-35 90.054946899414077 8.5867896080017108 75.694980621337905 75.06613922119142 1.5000000000000002 91.476997375488295 0.96274891495704662 1.5000000000000002 1.0000000180025095e-35 9.8563041687011737 30.471628189086918 1.5000000000000002 0.38331557810306555 1.0000000180025095e-35
decision_type=8 2 8 8 2 2 2 2 10 2 10 10 2 2 2 2 2 2 2 2 10 10 2 2 2 2 2 2 2 2 8 2 2 2 2 2 10 2 10 10 2 2 2 2 2 2 2 2 2 2 10 10 2 2 2 2 2 2 2 2 2 2
left_child=4 3 5 6 8 10 23 12 -1 37 19 -11 13 44 40 43 27 -6 39 21 -17 22 -3 36 -23 26 -9 -8 -25 30 -21 32 61 34 -32 -12 -2 -10 -39 -18 41 52 -27 -16 45 -5 56 48 -48 -28 55 -42 -4 -54 -45 -7 -33 -29 -47 60 -36 -31
right_child=1 2 14 7 17 50 16 25 9 11 35 -13 -14 -15 15 20 18 -19 -20 29 -22 24 -24 28 -26 42 49 57 -30 31 33 46 -34 -35 59 -37 -38 38 -40 -41 51 -43 -44 54 -46 58 47 -49 -50 -51 -52 -53 53 -55 -56 -57 -58 -59 -60 -61 -62 -63
leaf_value=-0.10155345589694825 0.0027391444284106969 0.12976845313517485 0.1176380861431319 0.051904879307305501 0.093822012026710214 0.12167557997260255 -0.10519214362191631 -0.087811512516556722 -0.10006888037000111 -0.03346087586483066 0.12148354946563145 0.11840288766494605 0.12188719515403042 -0.087076045318351059 0.11462314982464797 -0.023122451047008826 0.070956279731016272 -0.055160847177051664 -0.08697920173696172 0.12164194269684699 0.077113592920434182 0.2034308977229273 0.010370472863829597 -0.10223999051461555 -0.0080863252513144745 0.096236615335692235 -0.074109287303983737 -0.062634330053075823 0.093529917533271334 0.12472178684498461 -0.08186493278284597 -0.075596938342942122 0.12289265854269141 -0.05097686820026788 -0.0096461957992757478 0.034321856198537649 -0.076503141256288584 -0.081667668004686486 0.050929218405752555 -0.031572557839906153 0.01690458450403165 0.10697634253526299 -0.017388391427407435 0.0032894255307440359 0.14261512979206678 -0.087626225232987243 -0.07495418160049995 -0.035979552056299872 0.094747160151272852 0.10144622689495469 0.11633433827378148 0.12030272033861422 -0.049562084625239852 0.11082525819864486 0.097527356268283349 0.035079842715661634 0.13388405569246101 0.076622447627616552 0.028661538967683021 0.0056761696451742023 0.10899935341623293 -0.0065984010612838836
leaf_weight=440353.70230596885 7388.6299770176411 3632.4249827079475 2541.3576402589679 14563.833127822727 12305.157591424882 4509.0396027565002 7801.1073929294944 3382.9332605823874 52551.415276158601 11096.076889749616 11330.340112235397 9039.8276454173028 5200.4072366021574 21167.187755309045 26929.512451119721 10581.957065027207 12842.577951863408 3320.5791480243206 3323.1371408216655 8973.6155848242342 7942.9002748988569 2821.0112945884466 27460.0236774683 77590.497534543276 1330.6481039784849 30352.412317663431 899.02728754281998 2380.2870436944067 859.72662326321006 1227.0342234931886 4269.1105801872909 16313.791946288198 3522.3674862198532 15310.227015547454 2769.8732918463647 5695.3088942207396 12076.458065733314 4875.929881054908 2691.3521425053477 3214.80489981547 2194.4250855892897 53918.381255991757 2118.5058255940676 4474.6888792961836 1923.3606438487768 3618.72031063959 1172.271187953651 18320.214316539466 3254.4428668171167 5658.4481229186058 22066.429987251759 278010.08309046924 4214.9579074420035 2208.6548673287034 5981.9294870495796 9153.8230419754982 529.01053107902408 2134.5272833034396 2861.0012877173722 7298.1519761532545 7369.5420497395098 28989.070978801697
leaf_count=12909849 115798 22054 14317 83998 82216 27584 126192 26619 1508713 163336 61970 52945 33814 458778 151220 68247 87240 31372 36687 48995 38762 15907 203300 2118021 10093 153437 4362 31409 5348 7369 70767 192377 20854 176189 20735 31311 273935 115663 27382 36032 14847 351061 9779 19515 9455 31945 9256 141260 16995 26739 139469 1893025 24350 14182 34335 54005 3083 19266 19836 39017 39949 213551
internal_value=-0.00395261 0.0521678 0.081705 -0.028737 -0.0905742 0.0284642 -0.0697585 0.0292151 -0.0951585 -0.0600693 0.0143617 0.034717 -0.00839477 -0.0237461 0.109369 0.0724847 -0.00900518 0.0621621 0.0268681 0.00577353 0.0198557 0.0374323 0.0243193 -0.0894251 0.135638 0.0729644 0.0211602 -0.0654559 -0.100095 -0.00357777 0.0169512 -0.0164533 0.0116967 -0.00842793 0.0215828 0.0923268 -0.0464241 -0.0918167 -0.0345087 0.0504293 0.115379 0.0970499 0.0888234 0.0985624 0.0346211 0.0247506 -0.0404427 -0.0192848 0.0498073 0.0773776 0.0961911 0.119493 0.037349 0.0055845 0.0572002 0.0636583 -0.0690174 0.0032039 -0.0362815 0.0469092 0.0765879 -0.00126567
internal_weight=1.36391e+06 827674 606317 221358 536234 207318 129612 91745.8 520608 80254.6 171588 20135.9 49334.5 44134.1 398999 55911 31696.4 15625.7 19380.5 154563 18524.9 35244.1 31092.4 97915.3 4151.66 42411.3 9940.41 12315.9 78450.2 119319 45990.5 73328.2 33738.5 37016.9 21706.7 17025.6 19465.1 60118.7 7567.28 16057.4 343088 62883.4 32470.9 37386.1 22966.9 21043.6 39589.7 22746.9 4426.71 6557.48 35729.3 280205 8964.97 6423.61 10456.6 13662.9 16842.8 4514.81 6479.72 17437.6 10139.4 30216.1
internal_count=22790117 7898641 4189951 3708690 14891476 1566090 2849928 858762 14777888 1868039 1345032 216281 637826 604012 2623861 312079 336826 113588 159959 1251751 107009 251354 225354 2513102 26000 220936 57720 176867 2123369 1000397 395652 604745 241774 346657 170468 93281 389733 1651758 143045 123272 2311782 403910 163216 205070 145234 135779 362971 167511 26251 31101 221058 1907872 52849 38532 53850 81589 195460 50675 51781 99701 60684 220920
is_linear=0
shrinkage=0.1


Tree=16
num_leaves=63
num_cat=0
split_feature=7 3 9 0 7 1 2 0 25 11 7 9 11 0 9 22 25 18 13 18 3 4 1 13 25 24 25 1 0 20 27 0 7 28 7 25 27 19 25 22 17 1 11 2 25 18 11 32 25 3 1 27 7 25 9 8 24 35 29 25 1 3
split_gain=585758 185969 83724.1 46964.6 20200.3 32284.6 18066.3 17336.5 13536.8 13268.4 9854.33 8241.98 8186.74 6205.84 6154.3 5980.35 5702.3 4599.62 4550.48 4434.57 4152.39 9198.12 5515 6027.02 4794.12 4704 3330.47 3856.05 2772.47 2760.27 2687.59 3297.49 2637.94 2578.75 2353.24 2282.42 2250.38 2230.3 2165.45 2137.39 2708.53 2077.42 2055.97 2038.22 2397.46 1977.65 1879.36 1726.71 2008.37 1686.21 1636.89 2025.69 1564.85 1559.52 1538.1 1532.1 1526.82 1518.73 1517.67 1667.92 1491.9 1489.7
threshold=73.353057861328139 74.179893493652358 0.47222222387790685 20.144927978515629 59.026268005371101 80.982517242431655 66.260162353515639 99.473682403564467 1.5000000000000002 1.0000000180025095e-35 99.781658172607436 0.17424242943525317 1.0000000180025095e-35 89.386734008789077 0.47222222387790685 1.0000000180025095e-35 2.5000000000000004 5.5000000000000009 1.0000000180025095e-35 4.5000000000000009 98.213714599609389 0.91315466165542614 99.473682403564467 1.0000000180025095e-35 2.5000000000000004 2.5000000000000004 1.5000000000000002 86.319076538085952 77.836257934570327 0.23477160185575488 35.500000000000007 9.2665472030639666 73.353057861328139 18.500000000000004 74.521984100341811 4.5000000000000009 1.5000000000000002 0.22416392713785174 1.5000000000000002 1.0000000180025095e-35 1.0000000180025095e-35 8.1912217140197772 1.0000000180025095e-35 75.716625213623061 1.5000000000000002 1.5000000000000002 1.0000000180025095e-35 5.5000000000000009 2.5000000000000004 45.53429031372071 90.521114349365249 3.5000000000000004 73.353057861328139 2.5000000000000004 0.17424242943525317 96.437637329101577 2.5000000000000004 2.5000000000000004 21.500000000000004 4.5000000000000009 5.0316455364227304 82.807880401611342
decision_type=8 2 8 2 10 2 2 2 2 2 10 10 2 2 8 2 2 10 2 10 2 2 2 2 2 2 2 2 2 2 2 2 10 2 10 2 2 2 2 2 2 2 2 2 2 10 2 2 2 2 2 2 10 2 8 10 2 2 2 2 2 2
left_child=4 3 7 9 -1 28 8 10 14 17 20 33 32 16 -5 -10 56 30 -18 41 21 43 47 24 25 57 -23 -28 39 -27 31 -2 50 46 36 38 -9 -34 -33 61 54 53 -26 44 -3 -16 -7 48 -22 -17 -4 -52 -8 -11 -41 -12 -14 -24 -43 -60 -32 -6
right_child=1 2 12 6 5 11 52 34 15 19 55 -13 13 -15 45 49 18 -19 -20 -21 22 26 23 -25 42 29 27 -29 -30 -31 60 35 37 -35 -36 -37 -38 -39 -40 40 -42 58 -44 -45 -46 -47 -48 -49 -50 -51 51 -53 -54 -55 -56 -57 -58 -59 59 -61 -62 -63
leaf_value=-0.1001524651147197 -0.053381604672064487 0.10816055886208903 -0.084561741181246042 -0.07384277808094096 -0.10048983425562036 0.14516320468119534 -0.076770597380763819 0.11925229985534354 -0.10019445917530644 0.06559144050223871 0.11890965969057195 0.11550080537744714 0.062799192415510879 0.11263748917736152 0.051035439362075254 -0.025096245816835144 -0.0523633714991973 -0.01420008770088744 0.093807114072176456 -0.068873246755002587 0.030018155585915793 0.16445802409118501 0.030270719954832128 0.037901456162500798 0.047852389228450067 0.011875223748249024 -0.024265115751809618 0.086826297345975856 0.11895515478932345 0.18514607099094427 -0.085318457367683981 0.076818827229869116 0.093796599316238655 -0.067207885437559081 0.11232671219747398 0.1314457395860556 0.031420499619734525 0.11662629635364555 -0.031199353713353924 -0.0420720591505249 -0.074786929642893379 -0.020397652110598678 -0.069574159179311396 0.025644241300328004 -0.069070831188473597 -0.013409772245482808 0.0050458381654376848 -0.041875147143227757 -0.044581156058217872 0.11863239814080345 0.2009053399728703 -0.049568231475500345 0.09103373921166355 -0.074833968343273202 0.14950878031868553 -0.067075888301713127 0.14282490652238003 -0.043502889422170114 0.064691922028773469 -0.034409326992130909 0.094680776784921955 -0.034428058178758061
leaf_weight=403861.50342376716 3066.4729450829327 840.53319383785129 1069.620748527348 12777.184897888452 42834.419720916077 1235.6270525231957 600.66328295692801 4241.8148718178272 90623.70848714374 977.11710452288389 9445.6137437149882 11863.689222771674 18815.43240640685 20862.663230836391 8684.0501084364951 1917.6443179138005 8338.5553123615682 6877.0887106098235 2860.3818292245269 11922.892622157931 8807.4020326845348 3776.7720435112715 4963.841970089823 46413.13330578059 1665.0441451892257 1518.9209410473704 4076.026368111372 13384.537718109787 655.56042264774442 2329.3098482862115 468.18608881160617 4630.7953087501228 50887.800318252295 4243.4974897243083 20876.594922140241 3440.2741478905082 9340.8261353373528 268982.76721649989 3097.152183001861 697.70728420466185 4274.466503739357 5041.8800659961998 14266.259349577129 5199.141484439373 8301.6808507852256 10542.667552504689 4248.9645955339074 31358.991782695055 6114.2694153673947 1421.18860963732 683.53231569379568 611.96396502107382 7429.3670491017401 4148.8466740809381 1049.3165833093226 464.71443648263812 2730.0562507323921 6373.3222526460886 8925.905923627317 2097.3651862964034 27923.112417854369 3709.0759294983
leaf_count=12940056 21247 5710 8432 301856 1346734 7957 6804 27889 2636568 9742 57799 73908 102308 126800 47164 16957 52102 57341 15348 216255 58738 18766 32402 262399 12468 8723 33697 71780 5574 11247 2243 26748 340384 55358 141238 18198 54431 1981558 28055 18394 96283 54842 161964 42208 111527 110222 55284 345000 62584 9034 3244 4456 50230 45078 7493 2574 14094 57709 67763 18166 153598 54757
internal_value=-0.00388938 0.0486673 0.0782122 -0.0303874 -0.0913109 -0.0435812 -0.0669495 0.0265937 -0.0762203 0.0289126 0.013434 0.059554 0.106197 0.0700117 -0.0200502 -0.095352 0.0428532 0.0616891 -0.0150292 -0.0200861 0.00741807 0.0375276 -0.00123432 0.0150721 -0.0189797 0.0212244 0.0793106 0.0608929 -0.0854235 0.116755 0.0739327 0.0384707 0.112216 -0.00867481 0.0912481 0.0636908 0.0588501 0.112994 0.0335281 -0.0879724 -0.0319101 0.00736339 -0.0573014 -0.0243466 -0.0527762 0.0156979 0.036613 -0.0285511 -0.000549485 0.0360825 0.0069943 0.0825871 0.0784816 -0.0480659 0.0729973 0.110188 0.0729394 -0.011202 0.0250494 0.0458362 0.0917125 -0.0952253
internal_weight=1.27489e+06 796215 579602 216614 478674 74812.3 133996 203759 125966 82617.1 169300 21591.8 375843 53607.1 32003.9 93962.5 32744.4 49503.1 11198.9 33114 159389 35578.7 123810 77529.8 31116.7 15185.4 21237.3 17460.6 53220.5 3848.23 42626 14234.7 322236 9728.09 34459.2 11168.2 13582.6 319871 7727.95 52565 6021.49 21191.1 15931.3 14341.4 9142.21 19226.7 5484.59 46280.7 14921.7 3338.83 2365.12 1295.5 8030.03 5125.96 1747.02 9910.33 21545.5 11337.2 16065.2 11023.3 28391.3 46543.5
internal_count=22789488 8127690 4229579 3898111 14661798 1721742 3178835 1580853 3121801 719276 1357295 192507 2648726 310652 459242 2662559 183852 307430 67450 411846 1296922 283688 1013234 546912 284513 110081 124243 105477 1529235 19970 250089 94248 2338074 118599 223558 73001 82320 2321942 54803 1523661 122170 195591 174432 159445 117237 157386 63241 466322 121322 25991 16132 7700 57034 54820 25887 60373 116402 90111 140771 85929 155841 1401491
is_linear=0
shrinkage=0.1


Tree=17
num_leaves=63
num_cat=0
split_feature=7 3 9 1 34 2 0 9 25 7 0 11 7 9 26 22 9 18 9 3 4 1 13 25 24 25 1 34 18 2 1 20 7 26 20 27 11 26 28 22 9 28 4 3 25 1 34 26 2 25 11 11 27 7 34 0 27 25 25 0 9 29
split_gain=517423 165892 79282.4 42133.4 21844.2 16559.1 15348.3 11956.4 11204.2 8694.97 16832.5 8620.82 8602.26 8099.62 6856.35 5650.66 4922.43 4635.91 3755.25 3521.88 7775.88 4696.82 4921.8 4146.53 4062.84 3035.29 3151.36 2997.92 2773.56 2629.74 2464.63 2392.04 2357.59 2214.1 2173.5 2146.86 2110.15 2105.22 2075.46 1957.8 2481.14 1930.61 1905.14 3367.85 4064.56 1916.04 1893.32 1816.45 1797.93 2027.08 1749.24 1743.25 1743.14 3273.09 3578.58 1732.07 1723.27 1909.26 2026.37 1683.62 1601.91 1559.96
threshold=72.082550048828139 74.179893493652358 0.47222222387790685 21.483516693115238 1.3555806279182436 66.260162353515639 99.473682403564467 0.29285715520381933 1.5000000000000002 56.62047195434571 66.343040466308608 1.0000000180025095e-35 98.799980163574233 0.23611111193895343 2.5000000000000004 1.0000000180025095e-35 0.47222222387790685 2.5000000000000004 0.73214286565780651 98.213714599609389 0.91315466165542614 99.473682403564467 1.0000000180025095e-35 2.5000000000000004 2.5000000000000004 1.5000000000000002 84.028984069824233 1.2246400713920595 4.5000000000000009 21.52509689331055 7.7422575950622567 0.26267011463642126 72.787475585937514 1.0000000180025095e-35 0.94228670001029979 1.5000000000000002 1.0000000180025095e-35 1.0000000180025095e-35 16.500000000000004 1.0000000180025095e-35 0.47222222387790685 333.50000000000006 0.86250701546669017 92.031745910644545 1.5000000000000002 89.512962341308608 1.2386459708213808 1.0000000180025095e-35 73.499401092529311 1.5000000000000002 1.0000000180025095e-35 1.0000000180025095e-35 7.5000000000000009 61.916847229003913 1.0000110864639284 88.047618865966811 37.500000000000007 4.5000000000000009 1.5000000000000002 91.922958374023452 0.47222222387790685 20.500000000000004
decision_type=8 2 8 2 2 2 2 8 2 10 2 2 10 10 2 2 8 10 10 2 2 2 2 2 2 2 2 2 10 2 2 2 10 2 2 2 2 2 2 2 10 2 2 2 2 2 2 2 2 2 2 2 2 10 2 2 2 2 2 2 10 2
left_child=4 3 6 7 9 8 12 28 16 -1 39 27 19 38 34 -10 -5 61 59 20 48 37 23 24 46 -22 -27 42 36 -18 -19 -26 35 -14 -13 -8 -2 -21 51 -11 -41 -6 43 44 -4 -46 -23 -38 49 -3 -25 -12 53 54 -15 -36 57 58 -32 -16 -7 -9
right_child=1 2 11 5 41 60 32 17 15 10 13 14 33 52 18 -17 29 30 -20 21 25 22 -24 50 31 26 -28 -29 -30 -31 56 -33 -34 -35 55 -37 47 -39 -40 40 -42 -43 -44 -45 45 -47 -48 -49 -50 -51 -52 -53 -54 -55 -56 -57 -58 -59 -60 -61 -62 -63
leaf_value=-0.10078625373813577 0.081963836183936212 0.093133698759665332 0.11493467174965294 -0.073297397948724724 0.096421129788736543 0.01671431041302196 0.11628976316095518 0.023616385303787724 -0.099296889273867664 -0.094896880656315588 0.15117101510399963 0.10642613910311412 -0.013972137980692127 0.62470297180763235 -0.040998163440214605 0.035963152959472194 -0.056050352236626071 -0.058458442151596006 0.069453875712200991 0.088185790419489624 0.15584971799133399 -0.069888799374805674 0.033600839945890845 0.040917394730119849 0.012206769726710824 -0.039129487784879256 0.074226604565504048 0.11476017587425645 -0.07871067886287253 0.03210518549711059 0.040338706364685922 0.17266550090146707 0.10843231918852136 0.11911255485500943 0.014556147095447031 0.02789279920157306 0.072335954094814248 -0.03114506228634142 -0.081722668463932766 -0.067471786853052426 0.095512527807597808 -0.042779152129801504 0.09866908231935724 0.10464060006379035 -0.097653595089497738 0.084257355611541337 0.017356778781446074 -0.045917220810680517 0.016975229342053415 -0.072072876297210708 -0.066763959313920054 -0.012765219760580518 0.032006649504201422 0.11751144111699136 0.14404112452276505 0.10579184961418464 0.050070819446018371 0.073186109516119716 -0.078918720766685047 0.069378070365600328 0.10858547487535314 0.077704871623353294
leaf_weight=356132.00530474819 2178.5074743181467 829.33290702663362 1972.4622565619648 11858.862860145047 6538.6805454045534 3118.9629644304514 3893.6827473938465 6419.7801290992647 84483.085842505097 46191.134441081434 796.18427503667772 25378.893856920302 1454.4879606105387 285.43504213169217 8781.5212113298476 3205.7894225008786 4531.4653576407582 4037.0364508107305 7420.0775454044342 1529.7143604978919 3616.4323676079512 3698.5574327707291 46991.277992151678 1697.1943849623203 1561.4594663605094 2945.0795445926487 14663.188948962837 233450.45571190119 9875.9586509149522 13361.830099863932 2212.5349573679268 2293.9097244665027 19817.833662673831 8895.6179488562047 5526.6755766943097 9332.9018847718835 1546.5327738896012 44074.593499395996 4120.3306503407657 4211.0987998135388 1200.2417497970164 1175.4701713994145 54529.325908079743 6386.2472456507385 3005.9859915841371 717.14786211401224 7595.4238733798265 8114.5433742124587 6222.3867786191404 7110.215195544064 13574.429148569703 3500.4466249085963 1682.251369535923 3968.0926916524768 338.67774644866586 3337.3657113164663 12682.461548926309 2133.3731931429356 4001.741203866899 1640.0421943664551 4847.9583814963698 31473.765361690894
leaf_count=12589766 24105 5621 11223 303308 45563 26793 27653 39001 2702075 1541931 6538 158348 7417 4320 58703 25224 46460 32769 38480 11472 18770 46129 263585 12638 8950 25392 80625 1874308 220464 105235 21541 11373 143476 57726 27486 53955 13810 459080 76959 112194 10536 11038 396238 45636 16532 4744 44691 121054 52904 103671 162632 64494 12034 23146 1906 21178 74502 14446 50770 8137 30814 179140
internal_value=-0.00382258 0.0455676 0.0742636 -0.0300972 -0.0915509 -0.0668961 0.0242879 0.0244031 -0.0763604 -0.0945963 -0.0613435 0.102902 0.0120841 0.0330932 0.0653476 -0.094352 -0.0233338 0.0464714 0.0150832 0.00631285 0.0341143 -0.00168444 0.013313 -0.0180255 0.0190427 0.0724052 0.0552672 0.109421 -0.0395805 0.00977985 0.0131086 0.107678 0.086611 0.10041 0.0915369 0.0539154 -0.00694015 -0.0271423 -0.0310146 -0.08823 -0.0313217 0.07521 0.0907086 0.0547801 -0.00112649 -0.062614 -0.0112144 -0.0269874 -0.0232728 -0.0548161 -0.0547969 0.0176129 0.119092 0.150993 0.36387 0.0489069 0.0268469 -0.00843689 -0.0364582 -0.0236282 0.0726189 0.0685414
internal_weight=1.19417e+06 764028 553944 210084 430140 125408 201798 84676.2 117441 422426 66293.9 352146 168753 14691.4 52084.6 87688.9 29752.2 62960.7 17841.6 158403 35386.6 123017 77412.3 30421 15149.4 21224.7 17608.3 300062 21715.5 17893.3 25067.1 3855.37 33044.4 10350.1 34242.9 13226.6 11839.6 45604.3 8416.96 51602.5 5411.34 7714.15 66611.2 12081.8 5695.6 3723.13 11294 9661.08 14161.9 7939.55 15271.6 4296.63 6274.46 4592.21 624.113 8864.04 21030.1 8347.65 6214.28 10421.6 7966.92 37893.5
internal_count=22790709 8290284 4258773 4031511 14500425 3239909 1597760 791602 3182302 14443824 1854058 2661013 1372676 189397 312332 2727299 455003 412169 105320 1307533 286983 1020550 549998 286413 111143 124787 106017 2348681 379433 151695 194028 20323 225084 65143 207012 81608 158969 470552 147991 1664661 122730 56601 474373 78135 32499 21276 90820 134864 162196 109292 175270 71032 41406 29372 6226 48664 161259 86757 72311 66840 57607 218141
is_linear=0
shrinkage=0.1


Tree=18
num_leaves=63
num_cat=0
split_feature=7 3 9 9 34 0 0 2 11 22 7 7 4 9 26 28 25 22 27 18 6 4 2 32 18 11 25 0 7 20 20 1 25 11 11 7 16 27 25 24 7 1 27 20 2 22 25 11 9 9 7 4 25 20 2 3 1 26 7 22 26 24
split_gain=456994 145284 74551.2 37599.7 18703.5 14758.4 13457.9 9393.33 8744.12 7816.07 7660.24 7017.6 13417.5 7825.98 6080.97 5891.2 5449.79 4569.43 4328.47 3610.54 3510.99 5303.95 3480.17 3371.7 3556.22 3782.55 3270.37 3178.07 2914.91 2904.2 2828.48 2820.89 2717.59 2690.05 2564.64 9906.89 3907.17 5750.82 3538.88 2838.45 2361.79 2305.4 2202.08 2113.58 2093.62 2028.51 2011.81 1985.32 2659.66 1972.62 1925.04 1840.68 1813.22 1802.6 1729.3 1903.38 1705.98 1693.19 1691.42 1634.64 1594.44 1539.64
threshold=71.480709075927749 74.179893493652358 0.47222222387790685 0.47222222387790685 1.2545253634452822 24.190177917480472 99.473682403564467 66.260162353515639 1.0000000180025095e-35 1.0000000180025095e-35 97.969490051269545 57.909116744995124 0.7448173761367799 0.29285715520381933 2.5000000000000004 114.50000000000001 1.5000000000000002 1.0000000180025095e-35 35.500000000000007 5.5000000000000009 1.0000000180025095e-35 0.8480106294155122 69.028213500976577 3.5000000000000004 2.5000000000000004 1.0000000180025095e-35 1.5000000000000002 90.815368652343764 71.480709075927749 0.88544887304306041 0.99999985098838817 92.718276977539077 2.5000000000000004 1.0000000180025095e-35 1.0000000180025095e-35 71.480709075927749 3.5000000000000004 1.5000000000000002 2.5000000000000004 2.5000000000000004 75.694980621337905 5.0316455364227304 1.5000000000000002 0.92843535542488109 47.140522003173835 1.0000000180025095e-35 1.5000000000000002 1.5000000000000002 0.29285715520381933 0.29285715520381933 98.799980163574233 0.96471369266510021 4.5000000000000009 0.50626370310783397 86.319076538085952 96.720428466796889 88.273490905761733 1.0000000180025095e-35 97.969490051269545 1.0000000180025095e-35 1.0000000180025095e-35 2.5000000000000004
decision_type=8 2 8 8 2 2 2 2 2 2 10 10 2 10 2 2 2 2 2 10 2 2 2 2 10 2 2 2 10 2 2 2 2 2 2 10 8 2 2 2 10 2 2 2 2 2 2 2 10 10 10 2 2 2 2 2 2 2 10 2 2 2
left_child=4 3 6 9 11 19 10 16 20 22 23 -1 45 -14 43 -6 44 -18 61 41 21 26 46 24 25 -3 -4 32 -22 -12 -26 59 -16 -20 35 36 37 -25 39 60 42 -5 -8 -10 -7 -13 58 -27 -49 -47 -31 -45 57 -17 -40 56 -56 -35 -2 -28 -36 -11
right_child=1 2 8 5 15 7 40 -9 14 18 29 12 13 -15 27 53 17 -19 33 -21 28 -23 -24 34 30 47 31 -29 -30 50 -32 -33 -34 52 38 -37 -38 -39 54 -41 -42 -43 -44 51 -46 49 -48 48 -50 -51 -52 -53 -54 -55 55 -57 -58 -59 -60 -61 -62 -63
leaf_value=-0.10022895036159388 -0.070163208639278038 0.12286704820564531 0.11204562212913496 -0.093807667316022192 0.087698570235751283 -0.010869889568846228 0.11485473588970721 0.10129979080739632 0.10409556389328443 -0.10350810696956908 0.10973336276389925 -0.099242738006423414 -0.034993319731331872 0.12149185447229277 0.025669123335992462 -0.09526666838702294 -0.090280643583671161 0.064512369448687254 0.11080027477430031 -0.016924624692352015 0.00069699213381252509 0.096068635947668429 0.025781190408870974 0.10303043603728382 0.1752620738311432 -0.0049828165173099095 -0.098671406372485837 0.089354077198432913 0.1133494577325756 -0.058979980557910684 -0.0072698464404673743 0.10351827263494556 -0.067428497484993744 0.12093303444465225 0.1053808653252413 0.10965865753780933 -0.035389529888047798 -0.0258759088225506 -0.06465014526915637 0.088986760319823277 0.1061725380880912 0.057316776052666663 0.02612047750991045 0.0021103066199898166 0.13505215395551265 -0.074756821103211843 -0.10189679305190713 -0.00613189362785073 0.14586525830689964 0.063067496094743991 0.061551772138400546 0.087522856820964154 -0.09323380932265872 0.086321299162551712 -0.082410028638625774 -0.034041387042800318 0.067079877421509906 -0.0049798752994025357 0.055677619597893906 0.12510315901070609 -0.0071371266693147006 -0.017876651870818973
leaf_weight=327131.24105283804 12927.937767228112 3189.2034922912717 1967.8266350366175 1029.794998543337 7444.665626347065 14389.382467154413 3892.8422119021416 4764.5658458732069 22458.140341404825 6136.9832913652062 10020.427591949701 33953.373839208856 8333.0595990307629 5184.095948567614 8119.1687702015042 3213.6150362119079 22111.12081572786 2087.0424419641495 2393.370518181473 8236.2753299884498 2320.6354340389371 44014.44864680618 2525.3538908958435 6332.2193578574806 2810.6231263875961 21869.438232917339 3636.8349703159183 4223.3220850229263 224661.84202999994 1979.3796718418598 1216.3197974264622 1080.7318869829178 5108.2065242305398 1247.2128050513566 1315.0059024300426 8857.2415761332959 21449.733334230259 7632.1479240618646 13842.396720547229 3817.6379266418517 17837.061249412596 51048.408239781857 9932.6171083152294 4576.2483241222799 1055.34581387043 3131.2862475141883 57915.409997388721 2385.3370806518942 2225.0829079598188 1553.7497963160276 4008.4867312610149 5623.7563460096717 1966.464290946722 658.72819904237986 958.25148770213127 19768.535448610783 3754.2564674690366 7431.761168461293 1164.2839365974069 358.62779051065445 29784.946101253852 3191.6535065472126
leaf_count=12747597 352393 21939 11698 6248 55721 130573 29643 31940 149295 130984 62099 1290084 156892 30489 42632 42147 694640 11181 13274 75810 15066 352129 20259 43997 16183 167314 20402 24069 1940096 12211 9515 8605 38634 10509 7608 52836 240718 67651 185475 24408 139541 315892 57039 20656 5631 93607 2099408 18902 11540 15346 22691 37773 32172 4637 8354 160481 19621 85340 20623 2165 225479 48216
internal_value=-0.00374439 0.0430398 0.0706584 -0.0291536 -0.0910178 0.0123864 0.0223468 -0.0313641 0.0999382 -0.0740466 0.0110273 -0.0947977 -0.0607317 0.0250218 0.0614862 0.035663 -0.0473086 -0.0769301 -0.0222027 0.0445984 0.106868 0.0831749 -0.089605 0.00406318 0.0319494 0.0199808 0.0026087 0.0138301 0.112198 0.0768077 0.120129 -0.0398154 -0.0102837 0.0150064 -0.00393303 0.0150684 -0.00858905 0.0325774 -0.0154187 0.00760983 0.0821275 0.0543284 0.0511054 0.086951 -0.000898965 -0.0907315 -0.0936517 0.00758933 0.067225 -0.0290486 0.0217082 0.0492024 -0.00653059 -0.0643766 -0.0364006 -0.0204273 0.0366823 0.0131145 -0.0597664 -0.0785857 -0.0023795 -0.0742106
internal_weight=1.11926e+06 728651 527029 201622 390604 104722 198879 44407.5 328150 96900.4 167217 379287 52155.6 13517.2 50108.8 11317 39642.9 24198.2 22367.4 60314.5 278041 51058.5 74533 151208 33696 29669.1 7044.02 17450.7 226982 16008.3 4026.94 5076.19 13227.4 13038.8 117512 44271.3 35414.1 13964.4 73241 34917.6 31662.5 52078.2 13825.5 32658.1 15444.7 38638.4 72007.6 26479.9 4610.42 4685.04 5987.87 10200 10645.4 3872.34 38323.4 24481 4712.51 8678.97 14092.2 3995.46 31100 9328.64
internal_count=22790078 8353558 4268465 4085093 14436520 1271915 1605245 873965 2663220 2813178 1379022 14334015 1586418 187381 313059 102505 842025 705821 320495 397950 2350161 394999 2492683 1282021 245393 219695 42870 105335 1955162 97001 25698 31172 81266 141295 1036628 405202 352366 111648 631426 257495 226223 322140 86682 207724 136204 1399037 2472424 197756 30442 108953 34902 58429 128021 46784 373931 188456 27975 95849 373016 22567 233087 179200
is_linear=0
shrinkage=0.1


Tree=19
num_leaves=63
num_cat=0
split_feature=7 3 9 9 34 22 25 2 7 12 26 22 7 4 9 1 28 2 2 1 4 27 13 6 4 3 6 1 25 24 25 2 2 34 27 2 1 4 25 2 22 1 25 26 17 32 27 7 25 3 24 25 20 1 9 33 27 24 25 18 7 9
split_gain=404398 125430 69244.4 33769.8 17211.4 11386.9 9592.25 14110.7 7819.46 7320.12 7153.14 7086.62 6902.85 12782.9 8032.31 5900.17 5661.23 5005.55 4575.49 3877.16 3796.61 3749.36 3319.74 3099.35 4330.66 2967.31 6710.04 3293.81 2963.35 3261.8 2930.2 2791.96 4427.58 2774.98 2613.09 2379.75 3303.64 2312.59 2234.38 2230.42 2228.68 2161.52 2146.52 2112.48 2101.19 2020.24 2282.81 2076.48 1999.77 2496.62 1869.24 4885.08 3332.36 1802.63 1790.96 1768.66 1648.75 5373.54 2895.38 1631.46 1608.46 1602.43
threshold=71.480709075927749 76.277057647705092 0.47222222387790685 0.47222222387790685 1.2386459708213808 1.0000000180025095e-35 1.5000000000000002 69.028213500976577 99.781658172607436 1.0000000180025095e-35 2.5000000000000004 1.0000000180025095e-35 56.152366638183601 0.73740029335021984 0.29285715520381933 93.643951416015639 127.50000000000001 69.614067077636733 91.476997375488295 8.1912217140197772 0.96274891495704662 34.500000000000007 1.0000000180025095e-35 1.0000000180025095e-35 0.83031708002090465 95.742755889892592 1.0000000180025095e-35 84.028984069824233 2.5000000000000004 1.5000000000000002 1.5000000000000002 93.419914245605483 79.743591308593764 0.44266785681247717 32.500000000000007 48.313756942749031 28.718704223632816 0.94287380576133739 1.5000000000000002 29.300813674926761 1.0000000180025095e-35 99.473682403564467 4.5000000000000009 1.0000000180025095e-35 1.0000000180025095e-35 4.5000000000000009 2.5000000000000004 83.384460449218764 2.5000000000000004 8.7922706604003924 3.5000000000000004 4.5000000000000009 0.26267011463642126 93.563182830810561 0.64583334326744091 0.63071596622467052 31.500000000000004 2.5000000000000004 4.5000000000000009 5.5000000000000009 97.969490051269545 0.17424242943525317
decision_type=8 2 8 8 2 2 2 2 10 2 2 2 10 2 10 2 2 2 2 2 2 2 2 2 2 2 2 2 2 2 2 2 2 2 2 2 2 2 2 2 2 2 2 2 2 2 2 10 2 2 2 2 2 2 10 2 2 2 2 10 10 10
left_child=4 3 8 11 12 6 35 -8 15 10 37 17 -1 40 55 25 61 38 22 34 -12 -13 28 24 30 26 27 -3 29 -17 -11 32 -29 -31 -7 36 -5 -4 60 -38 -14 -30 59 -10 -42 -20 47 -47 -36 -50 -43 52 -52 -32 -22 -15 57 -21 -58 -23 -2 -6
right_child=1 2 9 5 16 19 7 -9 43 23 20 21 13 14 -16 18 -18 -19 45 56 54 42 -24 -25 -26 -27 -28 31 41 33 53 -33 -34 -35 48 -37 39 -39 -40 -41 44 50 -44 -45 -46 46 -48 -49 49 -51 51 -53 -54 -55 -56 -57 58 -59 -60 -61 -62 -63
leaf_value=-0.1002130938706237 -0.066583455557965798 -0.044744143262370785 0.057183456349611451 0.044444794241036367 0.019372612473247567 -0.10616870949501458 -0.08719194401214278 0.098349289834173348 -0.0079499307383357459 0.11577856490643575 -0.029715207751869355 -0.071335400013999198 -0.099013669668756701 0.044786286008485082 0.11776371396908308 -0.087714059872471384 -0.067990827554167216 0.031539109392362243 0.063230938070844414 -0.081101745675988338 0.012308329386182149 0.051164923836080761 0.12125340670192038 0.11264647018245121 0.093399191200464693 -0.024791885840978047 0.1549450486241688 -0.046261381036199527 0.084347620611954041 -0.032189477964670393 -0.099317385145950274 -0.092136074296789328 0.11007613233483673 0.13059943757610298 0.095859893910003435 0.13002855769631946 -0.079014376809820749 0.10130086477534306 -0.10114455481462595 0.017795886518834483 0.067122591754205624 -0.076202815175103744 -0.080774751982074608 0.11917717326152849 -0.073081202091297814 0.072603225333809349 0.011690525602885958 0.02469825323289521 0.033422145715585765 -0.12461146458777228 0.037581505421093633 -0.083699747828210908 0.46243217064080072 0.10434179018212258 0.090759454314488286 -0.061366029437939201 0.083480208842967349 0.077612570259068592 -0.039189155600766822 -0.041909678413142352 0.053181365305178578 0.11352535358048027
leaf_weight=291006.47063571401 12288.268426986411 9220.4255372006446 16314.60942899622 16057.115695307031 2866.2043453678489 2166.7745118103921 25005.970047887415 4902.5051484629512 1510.9726342558861 1267.6493743173778 8600.883112564683 8754.6200554706156 35370.144907886162 2023.477372970432 5277.5415568873286 1633.0662793889642 3975.9278344456106 3449.6023368835449 24746.072773706168 3128.1763524524868 5054.9438888728619 8588.3992995172739 1734.3332398571074 181629.13305193931 35690.667929656804 40808.855960488319 3186.1565571688116 2653.3151134271175 1134.6715944372118 1571.3615876697004 2563.8741765357554 1399.3456348627806 5709.7417295686901 3138.9453178755939 2297.7088702395558 2000.2980266995728 4690.9105321858078 43728.958939388394 53582.882806722075 4830.4212549179792 1600.3093726746738 10987.055114679039 2046.6994898580015 9688.7786536738276 3219.1262930855155 17324.516425825655 34650.365496851504 18940.697110205889 3030.62977899611 1491.7067117989063 401.03685468062758 1409.0948250591755 342.11489722877741 523.31803253293037 6857.6884422972798 6997.4161350484937 26548.879465602338 6706.5523146726191 2074.4723238795996 2412.2382883578539 1233.9853049367666 4894.44747158885
leaf_count=12489797 354154 114219 102820 107649 24621 19474 766238 36425 7903 8014 62419 179462 1483116 34269 32605 12619 54208 26920 148261 25759 24091 71058 9741 1712093 307562 439971 18115 28556 7794 9976 13919 8360 34233 16304 11946 12000 52998 360108 2115887 39798 29464 144965 33917 77925 90605 105584 258031 115290 16198 7693 2101 16970 2630 4581 47796 162040 150237 34619 10652 36887 20670 35676
internal_value=-0.00365059 0.0409706 0.0678698 -0.0264412 -0.0900511 0.0123732 -0.0175534 -0.0567786 0.0209402 0.0977126 0.0718962 -0.0705406 -0.0940967 -0.0614309 0.019773 0.0159226 0.0290411 -0.0859388 0.0291122 0.0486341 0.020915 -0.0207095 -0.0116227 0.107094 0.0819121 -0.00879324 0.0206572 -0.00188223 -0.0228003 0.0340703 -0.0122316 0.0386001 0.0604755 0.0762929 -0.010502 0.0249853 0.0167707 0.0893136 -0.0919779 -0.0299 -0.0903211 -0.0480737 0.0132599 0.102026 -0.0265261 0.0386301 0.0300456 0.0475833 0.019892 -0.0187057 -0.0595092 0.0257106 0.233164 -0.0647946 0.0574699 -0.037555 0.062453 0.0271296 0.0745898 0.0307554 -0.0556542 0.0787524
internal_weight=1.04894e+06 691711 494423 197289 357231 104932 57487.2 29908.5 192191 302232 80557.1 92356.7 345494 54488 14298.4 180991 11736.6 70554.7 118013 47444.9 20513.5 21802 22351.7 221675 40045.5 62977.8 22169 18982.8 20617.3 6343.37 4354.84 9762.4 8363.06 4710.31 8986.82 27578.7 25578.4 60043.6 67105.1 9521.33 40189.6 14274 13047.3 11199.8 4819.44 95661.7 70915.6 36265.2 6820.05 4522.34 13139.3 2152.25 743.152 3087.19 11912.6 9020.89 38458.1 9834.73 28623.4 11000.6 13522.3 7760.65
internal_count=22789993 8353592 4222951 4130641 14436401 1291686 1015108 802663 1579548 2643403 597234 2838955 14321896 1832099 228914 1493720 114505 2517631 850266 276578 134306 321324 223100 2046169 334076 643454 203483 185368 213359 38899 26514 71149 62789 26280 55311 212445 200445 462928 2490711 92796 1603185 174460 141862 85828 120069 627166 478905 220874 35837 23891 166666 21701 4731 18500 71887 196309 221267 60378 160889 107945 374824 60297
is_linear=0
shrinkage=0.1


Tree=20
num_leaves=63
num_cat=0
split_feature=34 8 11 18 9 1 22 9 0 0 4 9 25 0 26 34 0 4 22 25 0 9 11 33 8 18 1 4 16 25 27 11 19 22 9 8 11 25 34 8 26 32 11 2 1 27 2 1 8 0 11 33 9 2 4 0 8 3 26 9 13 18
split_gain=326770 90569.2 65171.8 25785.4 24612.9 18808 15082.8 14514 12651.6 8743.49 7994.92 5947.69 5900.39 5461.69 4644.61 4428.7 3666.23 3487.65 5701.98 4264.58 2867.73 2824.72 2753.86 2655.32 2644.98 2639.79 2484.99 2916.63 2478.73 2404.67 2336.51 6271.19 2118.81 2006.44 1961.17 1960.04 2070.1 1946.8 1847.7 1752.67 1867.78 1693.99 1692.03 1665.05 1627.61 1550.15 1535.74 1524.31 1510.11 2453.75 4340.4 1542.49 1500.2 1496.58 1727.59 1615.52 1489.09 1632.33 1464.12 1450.9 1390.34 1381.96
threshold=1.0000110864639284 62.087114334106452 1.0000000180025095e-35 4.5000000000000009 0.23611111193895343 77.849929809570327 1.0000000180025095e-35 0.89898991584777843 99.473682403564467 58.499063491821296 0.73740029335021984 0.23611111193895343 1.5000000000000002 23.132664680480961 1.5000000000000002 1.2386459708213808 18.808961868286136 0.72985523939132702 1.0000000180025095e-35 1.5000000000000002 53.889368057250984 0.64583334326744091 1.0000000180025095e-35 0.59915763139724743 62.087114334106452 2.5000000000000004 86.526824951171889 0.80001720786094677 4.5000000000000009 1.5000000000000002 1.5000000000000002 1.0000000180025095e-35 0.75892975926399242 1.0000000180025095e-35 0.47222222387790685 92.695632934570327 1.0000000180025095e-35 1.5000000000000002 0.35989663004875189 97.787567138671889 1.0000000180025095e-35 1.5000000000000002 1.0000000180025095e-35 86.319076538085952 73.942821502685561 6.5000000000000009 83.795948028564467 99.473682403564467 45.954339981079109 67.890834808349624 1.0000000180025095e-35 0.63071596622467052 0.23611111193895343 98.48450088500978 0.99772727489471447 89.943820953369155 73.92334365844728 60.188678741455085 2.5000000000000004 0.47222222387790685 1.0000000180025095e-35 2.5000000000000004
decision_type=2 8 2 10 8 2 2 8 2 2 2 10 2 2 2 2 2 2 2 2 2 10 2 2 10 10 2 2 10 2 2 2 2 2 10 8 2 2 2 10 2 2 2 2 2 2 2 2 10 2 2 2 10 2 2 2 10 2 2 8 2 8
left_child=1 4 15 7 48 6 12 9 11 13 16 39 20 58 34 26 59 18 19 -9 61 -16 52 -10 -19 -8 27 33 30 56 31 38 -29 -2 -13 36 -32 -33 -11 40 41 -4 -12 -23 -21 -25 -36 53 -1 -50 -51 -52 -7 54 55 -42 -15 -58 -3 -5 -49 -6
right_child=2 3 8 10 5 22 25 17 23 28 42 14 -14 29 21 -17 -18 24 -20 44 -22 43 -24 45 -26 -27 -28 32 -30 -31 35 37 -34 -35 46 -37 -38 -39 -40 -41 47 -43 -44 -45 -46 -47 -48 60 49 50 51 -53 -54 -55 -56 -57 57 -59 -60 -61 -62 -63
leaf_value=-0.0988218217176665 -0.10662635240275171 0.017845966746902298 -0.051669272650369191 -0.069373017034140033 0.018569741291644768 -0.038967415959964016 0.068684657126533974 0.033023943477989079 0.10394882712836886 -0.0051177299090009488 0.087114369507362593 0.13805032271629256 -0.10011366266056383 -0.067152407136086209 -0.0065050965638747378 0.10772383053161672 -0.092302399855917996 -0.010870272319517817 0.075291117394470475 -0.073147275894252836 0.066686524349365561 0.0085321719324910686 0.017592859496750754 0.09019443410384731 0.097724284062774711 -0.012834922256414067 0.086786677699330905 0.072795104131874677 -0.01974699387879891 -0.088242055408920703 0.12020824353847169 0.11903091378557069 -0.13511531724589962 0.11392026348568383 0.0074059510701663016 -0.0077050357891897542 0.019401445767847178 -0.017206477515329638 0.11143619443356488 0.06442464742873065 -0.044330646320442674 0.068825718047935025 -0.0050830689857491972 0.079301661819626362 0.076154674633963082 -0.065344849313926145 0.079677083632000587 -0.038690682156797891 -0.090478164447483536 0.1331401138608527 0.0052663285810622736 -0.086719002694843894 0.11832157330362003 -0.067098426142654904 0.12824717094841442 0.088631032172871826 -0.026906319822159547 0.099293305704372781 -0.043872290674346497 -0.00039397485214597304 0.0035613576638919352 -0.067167365222914749
leaf_weight=222722.0097955931 2118.7559641674161 14550.182648671791 1628.9558729380369 5282.5762463659048 2453.6423801332712 656.39800541847944 8426.6058539953083 15968.39547271654 17682.125150155276 1545.485717093572 3097.8034529406577 3583.5757133886218 39521.718352412805 4388.2934094816446 30426.434947909787 200626.2174801752 36548.516989408061 2529.3577863425016 20732.0314562805 6926.9320477209985 2805.9710073061287 5896.9150275066495 5884.5997759122401 1068.7135906778276 19803.169326117262 7514.8544132299721 21803.989667994902 7094.3647485524416 15000.557023422793 18339.919269027188 2660.1765836104751 1164.7632211521268 526.54112236946821 512.22752113640308 4516.4326162561774 23153.90794124268 8697.1570292040706 10543.16425733082 11340.119861742482 2581.1703297942877 7296.942041086033 4111.8419040814042 5568.9081628266722 7621.3184232860804 816.1962305251509 1600.1292617693543 8425.3325908780098 12246.628522340208 45222.31939436309 1315.659876011312 2523.288017122075 6568.5965886320919 7959.8414574861526 13172.625779559836 776.72369966283441 1044.6383914612234 3168.0532606970519 1515.0834276117384 5223.5884393490851 7212.8765934500843 21391.324261136353 8041.4170688483864
leaf_count=10439954 10280 164215 12725 129652 34173 17626 74701 88203 151622 14641 24331 21725 1794010 91518 235738 2038876 1444573 15919 131229 224101 45830 30211 107130 7583 171510 96844 206015 60982 151740 715651 18734 7522 8692 3803 24208 184621 77777 95439 82311 13489 91983 31017 44676 49356 6503 18809 68420 156641 1883222 16705 40053 262605 81458 207064 4391 5202 56469 9214 40057 51942 115519 278129
internal_value=-0.00361784 -0.049037 0.0694121 -0.00219791 -0.0808718 -0.0331712 -0.0549963 0.0157448 0.0168085 -0.00486791 -0.0606694 0.00487949 -0.0807247 -0.0385153 0.0273894 0.102209 -0.0763157 0.0531853 0.0369851 0.00349241 -0.0231138 0.0103942 0.0703249 0.0899155 0.085425 0.0302561 0.0676951 0.0270905 0.0165564 -0.0674115 0.0257701 0.0493228 0.0584302 -0.063688 0.0725836 0.00898579 0.043013 -0.0036529 0.0974568 -0.0163058 -0.0196848 0.0346352 0.0278717 0.0484306 -0.0574095 -0.00306057 0.0544558 -0.0252605 -0.0951407 -0.0804028 -0.0366241 -0.0611901 0.106339 -0.0455405 -0.0143972 -0.0276795 -0.0252978 0.0139216 0.00154201 -0.0295555 -0.0118214 -0.0471229
internal_weight=985148 607394 377754 245777 361617 83265 68764.2 188067 145072 121290 57710.7 124721 52822.7 47185.1 60470 232682 49044 66776.1 44443.6 23711.5 13301 43944.7 14500.8 20351 22332.5 15941.5 32055.9 10251.9 74105.3 27411.3 59104.8 24593.5 7620.91 2630.98 16525.3 34511.2 11357.3 11707.9 12885.6 64250.9 61669.7 5740.8 8666.71 13518.2 7743.13 2668.84 12941.8 55928.9 278352 55629.9 10407.5 9091.88 8616.24 22290.9 9118.3 8341.58 9071.43 4683.14 19773.8 12495.5 33638 10495.1
internal_count=22789339 19214988 3574351 4042548 15172440 2529901 2323687 2347374 1245703 1709909 1695174 1067689 2152142 1077124 429658 2328648 1626167 637465 450036 318807 358132 315305 206214 178014 187429 171545 289772 83757 632785 872852 481045 199913 69674 14083 114353 281132 96511 102961 96952 638031 624542 43742 69007 79567 230604 26392 92628 580800 12642539 2202585 319363 302658 99084 308640 101576 97185 157201 65683 204272 181594 272160 312302
is_linear=0
shrinkage=0.1


Tree=21
num_leaves=63
num_cat=0
split_feature=7 3 12 0 0 2 7 34 25 18 7 1 28 25 7 11 24 11 22 2 3 7 18 13 0 11 6 4 7 13 11 28 1 7 2 25 0 28 10 1 20 24 25 22 10 0 7 34 1 28 0 25 25 22 1 20 25 24 17 3 0 25
split_gain=319341 99051.3 57217.8 25874.6 15864.5 14927.9 11426.8 10693.3 9497.34 7903.8 6440.71 10668.7 5793.13 4757.75 6256.85 5706.7 5447.89 5113.92 4553.75 4331.75 4032.64 3879.95 3866.65 3834.91 4108.54 3802.16 3444.46 4042.89 3382.47 3167.89 3154.49 2910.4 2843.22 2470.33 2441.89 2347.01 2217.49 1988.62 1958.65 1955.78 1839.2 1787.17 4725.77 1688.98 1797.64 1708.79 1651.84 3618.46 1615.87 1611.04 2184.34 1819.01 1864.02 1769.9 1565.95 1341.67 1325.09 1523.6 1324.23 1302.6 1279.15 1276.17
threshold=69.255905151367202 76.277057647705092 1.0000000180025095e-35 22.361110687255863 99.473682403564467 69.028213500976577 99.781658172607436 1.376484811306 1.5000000000000002 4.5000000000000009 54.067844390869148 82.637680053710952 12.500000000000002 2.5000000000000004 69.255905151367202 1.0000000180025095e-35 2.5000000000000004 1.0000000180025095e-35 1.0000000180025095e-35 86.319076538085952 96.922348022460952 96.56854629516603 4.5000000000000009 1.0000000180025095e-35 90.815368652343764 1.0000000180025095e-35 1.0000000180025095e-35 0.84496542811393749 69.255905151367202 1.0000000180025095e-35 1.0000000180025095e-35 5.5000000000000009 88.273490905761733 98.120273590087905 44.300144195556648 1.5000000000000002 30.0684928894043 5.5000000000000009 1.0000000180025095e-35 98.529094696044936 0.37715367972850805 3.5000000000000004 3.5000000000000004 1.0000000180025095e-35 1.0000000180025095e-35 82.637680053710952 61.302095413208015 1.0000110864639284 8.5410332679748553 44.500000000000007 8.9719939231872576 4.5000000000000009 1.5000000000000002 1.0000000180025095e-35 92.718276977539077 0.93513667583465587 3.5000000000000004 3.5000000000000004 1.0000000180025095e-35 47.165775299072273 92.805381774902358 1.5000000000000002
decision_type=8 2 2 2 2 2 10 2 2 10 10 2 2 2 10 2 2 2 2 2 2 8 10 2 2 2 2 2 10 2 2 2 2 10 2 2 2 2 2 2 2 2 2 2 2 2 10 2 2 2 2 2 2 2 2 2 2 2 2 2 2 2
left_child=7 3 4 9 6 8 13 10 22 25 -1 43 30 14 29 21 17 -16 -10 23 32 -15 34 24 41 49 27 35 -6 -3 46 -31 -21 -11 36 -4 -5 -23 -19 -22 -14 -17 -43 45 -45 -12 47 -13 -27 50 -2 52 -52 -51 -37 -8 57 -41 -46 -20 -32 -40
right_child=1 2 26 5 28 -7 55 -9 18 33 11 12 40 15 16 19 -18 38 59 20 39 37 -24 -25 -26 48 -28 -29 -30 31 60 -33 -34 -35 -36 54 -38 -39 61 56 -42 42 -44 44 58 -47 -48 -49 -50 53 51 -53 -54 -55 -56 -57 -58 -59 -60 -61 -62 -63
leaf_value=-0.099466133277110472 -0.061883790582284971 -0.059388604751776708 0.10749226200074975 0.034520539200356977 0.04303517833563994 0.067786304405730871 0.10794297719691781 0.064551504793070966 -0.095196726898026843 -0.051308888158381888 -0.093553461976610464 0.61072887287273836 -0.06138486862346159 0.096752908789789649 0.086907642028084653 -0.076364672383440621 0.10753735925131924 0.0013383226415843909 -0.027253496297241886 -0.067695970802354774 -0.057094332145622588 0.05124493652757417 -0.072784083750320416 0.13188238229346236 0.13408161151352374 -0.040754170366917246 0.10978429187115644 0.088458329397568744 0.10438317484166355 0.096957603532001418 0.0061083784643126597 -0.013464776521032958 0.088521226321500113 0.035449374794504704 0.11904351415191819 -0.083383038859901004 -0.039491800110794284 -0.029835970244427929 0.071978979586220487 0.015021659842838698 0.15719633658087592 0.27510263011311514 -0.062371701419877273 -0.079939450583064578 0.15134350587967799 0.21043163597184542 0.14201730124840992 0.099765154131370964 0.019713313614050283 -0.0068056234884173398 0.057490097763257378 0.1132208180441696 -0.037308353068595944 0.08045837791877157 0.094131246588712969 0.057270889761776723 -0.03456189011333146 0.35700849351863895 -0.033248092154318995 0.10418227475683575 0.15776267969265861 0.024720000187698491
leaf_weight=237540.39404722676 2261.236767442897 10865.745838712901 1236.2298321705312 7590.7439961917698 12713.267996646464 8603.9289976153523 13565.060699619353 4392.7593291401863 65317.832398287952 17429.59808540158 33897.613312711939 263.3306241761893 5171.9886086210608 7723.0821262802929 12892.987580563873 21856.885399997234 10051.640859836712 33950.896508909762 1752.0277170855552 1396.1888677924871 8243.8630743287504 5450.2876747343689 9107.4247941188514 1097.6017823442817 1055.3624142594635 6212.8973818924278 154099.30767798796 30647.052682638168 30666.363455042243 3181.4079520590603 2624.828506456688 9558.1577137559652 7038.3194328099489 4043.3076815772802 1760.1664661318064 2889.5033771712333 8673.8628267515451 6797.5914787035435 7494.4950146172196 13869.474579334259 415.90407507121563 539.84076360799372 1793.5336014572531 2158.1931604202837 794.80160228349268 185.93388535641134 1619.3699989169836 292.5830544680357 15309.318746007979 2612.0931717716157 5672.3749107327312 2963.9557625465095 3269.8674602974206 21089.711229043081 600.16533844918013 8499.0814272724092 7197.7987915128469 131.50783141329885 760.49034409783781 1323.7065881155431 705.70769225433469 24051.493109706789
leaf_count=12206789 15560 163905 8680 79073 83071 69846 117712 35480 2898321 360379 1615152 3639 113665 64073 111067 279320 66274 251995 16998 11618 91061 39941 267087 5783 5607 71501 1719632 305014 298798 19183 54384 84441 37027 31714 12122 15746 120128 55426 43703 80994 3920 5571 24973 86342 7902 1807 10235 1628 161908 22192 33724 18398 36844 137134 6043 65394 50981 840 16483 9324 8277 148021
internal_value=-0.00348077 0.0362046 0.0614724 -0.0254173 0.0311691 -0.0583744 0.0201932 -0.0902885 -0.0697376 0.0170219 -0.0926631 -0.05961 0.0266147 0.0125216 0.0260188 -0.00544121 0.0382271 0.0293397 -0.0895974 -0.0199597 0.00169941 0.0412458 -0.0196758 -0.0511019 -0.0590575 0.0358203 0.103324 0.0751826 0.0864039 -0.0197218 0.0994147 0.0141106 0.0626621 -0.0349725 0.00715829 -0.0109093 -0.00495 0.00624491 0.0180075 -0.0157647 -0.045116 -0.0674837 0.0157051 -0.0849176 -0.0208757 -0.0918952 0.193074 0.341803 0.00225794 0.0548949 0.0282168 0.0453288 0.0228256 0.0708413 -0.0528535 0.0884241 0.000307679 0.0182339 0.0610838 0.0293126 0.0382424 0.0359475
internal_weight=926972 636148 451154 184994 261682 104130 218302 290824 95525.8 80864.4 286431 48890.7 11093.7 196238 112047 84191.3 88441.5 78389.9 68393.6 64220.4 37877.2 19971 27132.2 26343.2 25245.6 59391.5 189472 35373 43379.6 23605.3 5505.82 12739.6 8434.51 21472.9 18024.8 4725.9 16264.6 12247.9 65496.9 29442.6 5587.89 24190.3 2333.37 37797 3713.49 34083.5 2175.28 555.914 21522.2 37869.2 14167.4 11906.2 8942.24 23701.8 3489.67 22064.1 21198.8 14001 1555.29 3075.73 3330.54 31546
internal_count=22789850 8624147 4261894 4362253 2206779 3472899 1824910 14165703 3403053 889354 14130223 1923434 195748 1641804 888589 753215 621060 554786 2924643 593775 272521 159440 478410 321254 315471 497261 2055115 335483 381869 267529 78163 103624 48645 392093 211323 30469 199201 95367 443719 223876 117585 309864 30544 1727686 110727 1616959 15502 5267 233409 263852 104526 88966 70568 159326 21789 183106 132815 81834 24385 26322 62661 191724
is_linear=0
shrinkage=0.1


Tree=22
num_leaves=63
num_cat=0
split_feature=7 9 3 4 7 1 11 0 22 18 0 9 7 22 25 2 25 27 6 4 7 13 25 26 7 22 2 25 25 24 2 11 27 27 0 33 11 3 6 1 1 25 13 2 1 24 25 2 4 9 22 9 24 26 1 9 4 25 26 21 2 25
split_gain=283128 86327.6 44043.5 38621.3 9858.22 14423.9 8510.91 8362.45 7271.54 6923.42 4820.25 4803.29 4435.86 3927.74 3723.32 3662.36 4336.1 3403.9 3292.56 3620.09 2998.29 2983.87 2398.82 2397.09 2359.55 2303.63 3683.76 5362.99 2253.53 2841.9 2241.85 2209.76 2145 2103.04 2028.13 1998.59 1939.61 1926.05 3778.37 3787.29 2162.96 1799.08 1854.69 1779.92 1767.59 1746.84 1734.12 1730.19 1700.55 2470.62 1996.59 1710.69 1669.45 1624.2 1579.02 1558.02 1553.85 1501.8 1425.54 1373.7 1358.15 1346.12
threshold=69.255905151367202 0.47222222387790685 78.629974365234389 0.76775014400482189 54.067844390869148 88.273490905761733 1.0000000180025095e-35 99.473682403564467 1.0000000180025095e-35 2.5000000000000004 89.386734008789077 0.17424242943525317 99.781658172607436 1.0000000180025095e-35 2.5000000000000004 70.064933776855483 1.5000000000000002 33.500000000000007 1.0000000180025095e-35 0.87695360183715831 69.255905151367202 1.0000000180025095e-35 1.5000000000000002 1.0000000180025095e-35 75.694980621337905 1.0000000180025095e-35 71.039428710937514 1.5000000000000002 3.5000000000000004 3.5000000000000004 86.319076538085952 1.0000000180025095e-35 1.5000000000000002 1.5000000000000002 57.804552078247077 0.55502489209175121 1.0000000180025095e-35 98.386676788330092 1.0000000180025095e-35 81.661396026611342 92.718276977539077 2.5000000000000004 1.0000000180025095e-35 47.690120697021491 7.7422575950622567 2.5000000000000004 1.5000000000000002 75.93103408813478 0.76775014400482189 0.47222222387790685 1.0000000180025095e-35 0.23611111193895343 2.5000000000000004 2.5000000000000004 99.473682403564467 0.89898991584777843 0.80001720786094677 4.5000000000000009 2.5000000000000004 1.0000000180025095e-35 99.473682403564467 4.5000000000000009
decision_type=8 8 2 2 10 2 2 2 2 10 2 10 10 2 2 2 2 2 2 2 10 2 2 2 10 2 2 2 2 2 2 2 2 2 2 2 2 2 2 2 2 2 2 2 2 2 2 2 2 10 2 10 2 2 2 8 2 2 2 2 2 2
left_child=4 3 9 8 -1 48 18 12 22 25 14 33 28 15 53 16 -11 52 19 46 -20 -16 43 -14 32 26 27 -3 29 34 -24 -30 -9 -7 -5 -31 -19 38 39 -36 -39 45 -43 -2 -15 -42 -4 -41 50 -50 -6 -52 -10 -8 -44 58 -48 -38 -27 -13 -51 -54
right_child=1 2 6 7 5 11 10 24 17 13 -12 59 23 44 21 -17 -18 36 20 -21 -22 -23 30 -25 -26 55 -28 -29 31 35 -32 -33 -34 -35 37 -37 57 40 -40 47 41 42 54 -45 -46 -47 56 -49 49 60 51 -53 61 -55 -56 -57 -58 -59 -60 -61 -62 -63
leaf_value=-0.098565630300730483 -0.055571200884664287 0.035043725605347867 0.099046887776121167 -0.042412723872641549 -0.099319432382467696 0.078787895505263439 0.077411184245123804 0.11022209847790997 -0.10178484730923409 -0.0058840296485536481 0.09524045879356878 0.013695287450958167 -0.028958424521775519 -0.053202754650068719 -0.055977775539453906 0.094359003102232969 -0.094617904886371063 0.09556671637405148 -0.0061621635765175568 0.086134626667446146 0.10694314102634149 0.07485202909361266 -0.098620130689402161 0.11441925283415917 0.097080394056124231 0.055486765039675201 0.094501059096381554 -0.059026488167123796 0.041300427196682747 0.19542299798846763 0.055222487876268017 -0.040319768358994645 0.015915360647894939 -0.050783054970912261 -0.048253725743524142 0.018638137436400453 0.013335607627921435 -0.019908455941578921 0.14902930200520315 -0.029113764538592508 0.020951334709579664 -0.049689183951006771 -0.057807490282324819 0.10742321279806599 0.030326963657697128 0.099466101396199422 -0.086920600968640016 0.060708089782685416 -0.06667374732845617 0.14116241512223457 -0.076448351606239251 0.064430769758852827 -0.063766365943880091 0.015693647911041129 0.02183551200412252 0.072873193952566195 0.02886057539112076 -0.089474206789535438 -0.027655896863899812 0.13107948494126706 -0.096316673181131698 0.073640623495955987
leaf_weight=216689.60664580949 12255.691664911807 16673.21998709999 1391.5204900540411 7764.6843048315495 27270.610385546461 1699.9194748364389 10438.34403719008 3153.0554934218526 5113.5945537108928 9697.8110507912934 15136.467205040157 1254.4951856005937 1468.7218374721706 3048.411081649363 7372.1862978488207 1739.1747695468366 12743.889937018976 2452.9705757685006 2378.2884061746299 29686.038624159992 161281.0733653605 2283.1745745018125 44915.194676904008 5658.5954183004797 13709.738846085966 4941.1393723897636 5002.3647069148719 9521.2160098962486 4062.9879653062671 1376.6126640252769 967.63247605413198 18067.07340349257 10259.068144820631 4761.0244537573308 5708.5106390863657 1194.2774244789034 8859.9615438934416 27234.568535279483 2611.0743679404259 2546.6673703379929 36696.936651974916 7260.3685072958469 2939.324917294085 708.71355975233018 14994.810748202726 3070.8000514879823 2286.971149014309 13580.532197665423 4633.8709158152342 1047.9534993693233 2150.2301979642361 1438.6280420869589 1733.8768310397863 7208.8722781091928 16262.44934919104 17789.482534904033 2350.4134283065796 1692.2034444995224 3539.3735463283956 4856.09479021281 312.6751374900341 1210.8678545095026
leaf_count=12212697 402592 95328 10284 100463 1511267 26377 74103 30564 140101 120568 128484 10168 7472 22522 50653 14459 547141 13873 15095 314825 1950594 15011 2265895 52724 139628 24265 44788 265711 28696 9797 5753 186222 58400 111115 71529 9347 101859 301471 16964 27650 239681 99955 31378 9133 90378 17296 13462 77612 136706 7224 91982 18820 35202 38163 95507 124299 19115 33930 18691 36384 1949 16002
internal_value=-0.00339077 0.0343646 0.0675822 -0.00851783 -0.0893734 -0.0490731 0.0906407 0.0166199 -0.0665962 0.0116509 0.0499777 0.043421 0.00778844 -0.0190932 0.0248841 -0.045439 -0.056273 -0.0161756 0.0992962 0.0717871 0.1053 -0.0250408 -0.0846435 0.0848735 0.0679068 0.0342402 0.0158675 0.00085086 0.00413489 0.0092201 -0.0953757 -0.0253346 0.0380859 -0.016692 0.007091 0.1133 0.0154683 0.0103509 0.035341 0.0217464 0.00381444 0.0135696 -0.00663506 -0.0466609 0.0162146 0.0270141 0.00114036 0.0465242 -0.0806245 -0.0318862 -0.090092 -0.0199756 -0.0672447 0.0521996 0.0096441 0.0560586 -0.028238 -0.00315154 0.0207869 0.106981 0.0865893 -0.00726513
internal_weight=872156 606041 341504 264537 266115 49425.5 241813 184626 79910.7 99690.9 42439 12571.5 157504 42224.1 27302.6 24180.9 22441.7 21063.5 199374 35714.9 163659 9655.36 58847.2 7127.32 27121.9 57466.8 31196.8 26194.4 150377 128247 45882.8 22130.1 13412.1 6460.94 125676 2570.89 13005.1 117911 24446.8 21835.7 93464.4 66229.9 26462.1 12964.4 18043.2 39767.7 6028.91 16127.2 36854 5994.5 30859.5 3588.86 8058.34 17647.2 19201.8 26270 4637.38 10552.2 8480.51 6110.59 1360.63 2944.74
internal_count=22789324 8624635 3997939 4626696 14164689 1951992 2629789 1602356 3024340 1368150 306414 184044 1373764 795068 177930 682168 667709 340967 2323375 357686 1965689 65664 2683373 60196 228592 573082 405827 361039 1313568 1098650 2271648 214918 88964 137492 1079506 19144 149662 979043 193755 176791 785288 483817 226840 411725 112900 256977 42861 105262 1767948 145879 1622069 110802 191305 112266 126885 167255 32577 135789 42956 46552 9173 51204
is_linear=0
shrinkage=0.1


Tree=23
num_leaves=63
num_cat=0
split_feature=7 9 4 4 0 7 0 22 25 7 2 3 18 21 6 25 13 22 27 25 7 2 34 11 9 0 28 25 18 2 25 2 0 2 33 33 8 4 0 0 25 8 34 7 27 22 34 27 9 9 2 6 4 9 22 6 0 11 34 26 8 2
split_gain=250220 77392.5 42571.4 28385.6 10816.1 9669.87 13160.9 8628.47 8415.66 7493.84 7430.26 5259.48 5179.41 4822.38 4432.96 4147.52 4011.14 3730.24 3713.76 4333 3609.16 3444.43 3259.97 2965.81 2749.42 2748.31 2492.94 2410.98 2156.84 2135.21 2990.21 2052.72 1952.53 1902.26 1821.39 1802.98 1752.65 1733.92 1705.39 1704.64 2032.15 1703.45 1673.86 2267.61 1650.69 1618.33 1598.04 3010.08 1514.1 1505.59 1469.77 1418.95 1353.18 1769.69 1350.6 1611.17 1315.55 1306.3 1273.67 1263.72 1339.53 1232.33
threshold=69.255905151367202 0.89898991584777843 0.87972137331962597 0.73740029335021984 99.473682403564467 53.583101272583015 69.00656890869142 1.0000000180025095e-35 1.5000000000000002 99.781658172607436 69.028213500976577 98.539680480957045 1.5000000000000002 1.0000000180025095e-35 1.0000000180025095e-35 2.5000000000000004 1.0000000180025095e-35 1.0000000180025095e-35 33.500000000000007 4.5000000000000009 69.255905151367202 41.728857040405281 1.2096540927886965 1.0000000180025095e-35 0.15476191043853763 85.553771972656264 13.500000000000002 4.5000000000000009 4.5000000000000009 49.151567459106452 1.5000000000000002 5.4424288272857675 91.922958374023452 95.101959228515639 0.61470291018486034 0.50330621004104625 18.24123573303223 0.95558813214302074 25.14367771148682 7.7422575950622567 2.5000000000000004 95.904388427734389 1.0000110864639284 59.026268005371101 1.5000000000000002 1.0000000180025095e-35 1.1815476417541506 3.5000000000000004 0.47222222387790685 0.17424242943525317 89.009658813476577 1.0000000180025095e-35 0.69427606463432323 0.29285715520381933 1.0000000180025095e-35 1.0000000180025095e-35 7.7422575950622567 1.5000000000000002 0.38231430947780615 1.5000000000000002 60.622179031372077 91.476997375488295
decision_type=8 8 2 2 2 10 2 2 2 10 2 2 8 2 2 2 2 2 2 2 10 2 2 2 10 2 2 2 10 2 2 2 2 2 2 2 10 2 2 2 2 10 2 10 2 2 2 2 10 10 2 2 2 10 2 2 2 2 2 2 10 2
left_child=5 2 7 12 9 46 45 8 21 11 -10 14 54 -8 25 24 32 29 27 39 44 28 36 42 26 -4 58 -9 38 30 -14 -29 -17 -18 -23 -28 -5 -34 -2 40 -20 -11 43 -15 -6 52 -1 -48 -47 -25 -12 -38 -7 -54 55 -3 -19 -41 -13 -26 -61 -27
right_child=1 3 4 22 20 6 13 18 10 41 50 15 17 23 -16 16 33 56 19 -21 -22 34 -24 49 59 61 35 31 -30 -31 -32 -33 37 -35 -36 -37 51 -39 -40 57 -42 -43 -44 -45 -46 48 47 -49 -50 -51 -52 -53 53 -55 -56 -57 -58 -59 -60 60 -62 -63
leaf_value=-0.099398454831841454 0.056015527724270479 0.023508991956441426 0.004608544153970804 -0.0085567338198438148 0.10427986871132887 -0.09885231540234718 -0.053835938380628126 -0.084696057782224471 -0.095319375205413628 0.093531897835381156 -0.019123606818673658 -0.047923886028031409 -0.0069647747189240704 0.52407049969153652 0.13762075742758179 -0.057010947875299936 0.099252377133667816 -0.034247224416417539 0.081072174300751601 -0.086311605872544675 0.099305798875734652 0.090688699431229564 0.10630466428685595 -0.016115786173699905 0.092061359101333562 0.096112319116123043 0.0092872980041987536 -0.080075349286531247 -0.072568457652396154 0.047187052539046766 -0.088243673315107518 0.065244593116379146 0.16497939792776747 -0.00067373770270302358 -0.054017879771355408 -0.048649835564484295 0.061694594531738083 -0.021192123472987753 -0.031113294765034112 0.059473997246405896 -0.07542045853575581 -0.017161044985023462 0.084999196319652873 0.16951888789549133 0.013544075294839232 -0.057720703431872133 0.19177469270119885 -0.070488502888814239 0.089529468235239676 0.092268103628403098 0.075867945678878557 0.10295868256823854 -0.078879701740327837 0.055295090445102835 0.081879902804795568 0.1077635614560124 0.043743782216048903 -0.024221352799622984 0.030125263008065825 0.078622305828216416 0.02109719309735485 0.036949009729522003
leaf_weight=192299.87253218517 3374.263135144487 14248.99017845653 16154.005706666037 2478.5771115161479 2539.9011418372393 25309.968679793179 4417.636396182701 7480.3391170948744 54062.67938776128 14768.485662318766 5520.6869756095111 2272.9496561512351 10326.014995424077 206.30267581529915 4652.6810802072287 22055.591551560909 2026.7888898514211 2526.973199300468 1222.0145491957664 3416.6665728576481 24895.67211176455 4122.2546849679202 130224.17816514522 3482.5150993354619 4528.7371316254139 6695.8670225664973 10191.987656474113 1560.666980644688 7582.1457446999848 3094.9535266365856 8058.8587016593665 2577.161099832505 749.38366195559502 31722.60893740505 1102.4283303525299 11355.933302227408 20461.961084522307 1504.8930934295058 6721.1697856057435 14740.178136149421 2585.3001487273723 1534.7140334025025 2589.6531497463584 1436.0745689496398 9519.7913547828794 2606.7733977511525 519.34368640929461 2781.2738025151193 953.80860917270184 2028.0648851450533 2310.5681602247059 14059.280975624919 3512.3594533000141 1365.0362548045814 11037.223885636777 2699.6355814188719 15007.688956089318 2134.9381024744362 26097.183644935489 5248.7592004537582 17693.878817588091 7424.2706042379141
leaf_count=12055189 54035 148218 130122 15943 27352 1550730 90181 164273 2673753 142272 60355 27115 92647 3482 34488 279692 12650 17135 9881 44316 280173 32534 1735990 91801 34227 40667 71934 35834 279813 27779 373057 22408 4247 239096 20501 155101 207126 13471 140817 97472 26375 9773 22549 8624 53365 105057 3789 67522 9323 15879 14407 164486 128819 13367 81506 34372 96723 26898 176445 38757 110707 43237
internal_value=-0.00331609 0.0324861 0.00230821 0.0768268 0.028127 -0.0883521 -0.0480866 -0.0456031 -0.0629691 0.018342 -0.0821324 0.0121442 0.0218291 0.032828 0.0467442 0.00322227 -0.0169806 -0.00171907 -0.0043745 0.0180146 0.0775552 -0.0111797 0.0988623 0.0721244 0.0183789 0.0327778 0.00439616 -0.0508153 -0.032263 -0.0296567 -0.0425927 0.0104342 -0.0479505 0.00532723 0.0601551 -0.0212461 0.0726682 0.0406964 -0.00199165 0.0352489 -0.0251918 0.0831117 0.135083 0.214055 0.032654 -0.0820374 -0.0982143 -0.0292221 -0.0182753 0.0237729 0.00890312 0.0785 -0.0895581 -0.0413282 0.0546572 0.0369294 0.0325043 0.0488854 0.0238721 0.0437868 0.0342576 0.0650047
internal_weight=821881 578372 344148 234224 223634 243509 47908.2 120513 84796.2 186679 61893.9 170376 67000.3 14160.2 34926.8 135449 58059.3 39014.5 35717.3 24099.1 36955.4 22902.3 167224 9742.61 77389.4 30274.1 49918.1 11618.2 17677.6 21479.8 18384.9 4137.83 24309.9 33749.4 5224.68 21547.9 36999.8 2254.28 10095.4 20682.4 3807.31 16303.2 4232.03 1642.38 12059.7 33747.9 195600 3300.62 3560.58 5510.58 7831.26 34521.2 30187.4 4877.4 27985.8 16948.6 17534.7 16875.1 28370.1 27471.4 22942.6 14120.1
internal_count=22789857 8623545 5628563 2994982 1924891 14166312 2039812 3703672 3276215 1564001 2748515 1411956 871437 232516 248514 1163442 549156 607341 427457 204942 360890 527700 2123545 142335 614286 214026 430595 222515 474665 493483 465704 58242 297410 251746 53035 227035 387555 17718 194852 160626 36256 152045 34655 12106 80717 1807296 12126500 71311 114380 107680 74762 371612 1692916 142186 264096 182590 113858 124370 203560 183691 149464 83904
is_linear=0
shrinkage=0.1


Tree=24
num_leaves=63
num_cat=0
split_feature=7 9 4 4 7 0 0 18 7 6 22 3 25 9 22 25 2 2 6 7 25 13 24 8 35 27 25 20 0 28 3 0 24 25 0 11 2 22 27 7 28 34 28 0 6 8 11 2 28 0 24 28 18 17 0 24 0 0 34 11 34 19
split_gain=220995 68510.4 36234.2 27439.7 9565.81 11971.3 9516.33 7689.29 6399.55 5172.02 5048.03 4914.83 4914.2 4667.24 4449.11 7020.11 5738.33 4322.19 3696.46 3505.66 3456.33 3338.53 2730.19 2535.96 2388.6 2244.58 3711.09 2229.55 1934.98 1895.66 1883.09 2153.63 1792.55 3011.48 2801.78 1941.32 1708.01 1690.66 1674.64 1627.6 1620.5 1618.49 2492.46 1618.1 1586.03 1531.03 1526.75 1497.95 1480.21 1462.01 1453.01 1385.7 1363.76 1362.82 1331.45 1307.69 1272.66 1264.13 1238.35 1212.22 1181.98 1144.21
threshold=69.255905151367202 0.89898991584777843 0.88847318291664135 0.85163515806198131 53.583101272583015 63.702239990234382 99.473682403564467 4.5000000000000009 99.781658172607436 1.0000000180025095e-35 1.0000000180025095e-35 98.07621002197267 1.5000000000000002 0.17424242943525317 1.0000000180025095e-35 1.5000000000000002 71.039428710937514 86.319076538085952 1.0000000180025095e-35 71.480709075927749 2.5000000000000004 1.0000000180025095e-35 2.5000000000000004 18.24123573303223 2.5000000000000004 31.500000000000004 4.5000000000000009 0.97196012735366832 86.240703582763686 18.500000000000004 62.593282699584968 20.144927978515629 3.5000000000000004 3.5000000000000004 90.999099731445327 1.0000000180025095e-35 47.690120697021491 1.0000000180025095e-35 1.5000000000000002 81.729778289794936 154.50000000000003 1.1815476417541506 26.500000000000004 30.0684928894043 1.0000000180025095e-35 96.437637329101577 1.5000000000000002 95.101959228515639 15.500000000000002 46.709957122802741 2.5000000000000004 10.500000000000002 3.5000000000000004 1.0000000180025095e-35 26.158231735229496 2.5000000000000004 88.047618865966811 8.5867896080017108 0.37649872899055487 1.0000000180025095e-35 0.37354688346385961 0.21686726808547976
decision_type=8 8 2 2 10 2 2 10 10 2 2 2 2 10 2 2 2 2 2 10 2 2 2 10 2 2 2 2 2 2 2 2 2 2 2 2 2 2 2 10 2 2 2 2 2 10 2 2 2 2 2 2 8 2 2 2 2 2 2 2 2 2
left_child=4 2 7 9 41 37 8 14 11 10 12 18 36 48 15 39 56 61 28 38 22 32 24 51 -13 26 -12 46 -4 -26 31 -9 34 35 -22 -34 43 -6 -8 -2 -15 -1 -43 -3 55 -10 57 -23 59 54 -36 -5 -27 -39 -41 -25 -17 -16 -18 -7 -24 -14
right_child=1 3 6 23 5 13 19 30 45 -11 25 20 17 40 27 16 58 -19 -20 -21 21 47 60 44 29 52 -28 -29 -30 -31 -32 -33 33 -35 50 -37 -38 53 -40 49 -42 42 -44 -45 -46 -47 -48 -49 -50 -51 -52 -53 -54 -55 -56 -57 -58 -59 -60 -61 -62 -63
leaf_value=-0.098988836224310636 -0.041032138930797338 0.033820522764797599 0.009275708496094548 0.072639787132499939 -0.09240572298137989 0.11716894078526029 0.10492796561402823 -0.045376856290220341 0.089760194840104252 0.10178792248809093 -0.059885182758302985 0.031983781038867974 -0.07725986305800675 0.10303409103684179 -0.0036493855062320179 -0.08814115792830364 -0.086488280637916193 0.10517312128949137 0.13292563843382108 0.097905445417464321 -0.070263863728170423 0.090883181414148306 -0.01953582357682011 0.055764926830435338 0.01191929288363505 0.084193304721343065 0.083318686861555968 -0.044648071031447495 0.061670433652693861 -0.034342275531269804 -0.015536491130502343 -0.096383672067522658 0.031332614007078929 -0.051343557377423049 0.14886436346663823 0.26843377196334323 0.11186022308324128 0.057512084974635697 0.013308079888080936 0.055123741654293804 -0.030573997516081766 0.13909329563701384 -0.074265321325636569 -0.026945831976611045 0.10617775657088901 -0.02456317905312147 -0.041048999248856924 -0.00048396484521492423 -0.068331176532898552 0.079697929270084705 -0.015844359379026385 -0.080491643010233746 0.030402936756806689 -0.070120373680469514 -0.029703075829767129 0.099668866361004915 0.14442511650157897 0.057503066979725764 0.032268308398201648 -0.012679731416874965 0.094258300654311927 0.0021563238480758408
leaf_weight=174622.80012191553 3824.2100266013294 13683.220012843609 15344.434901751578 1190.4430924467742 26007.35291730985 919.66014971025288 2497.5360173806548 11640.303725804202 13699.01005423069 7784.1825028080493 4268.662451185286 30258.075447171926 12776.41940609552 6178.244607902132 4745.5007857363671 26669.501357607543 1026.8785553686321 1637.701263345778 4291.124329097569 22572.273746229708 17340.417320482433 1902.1998140104115 1079.3124905526638 12615.785386994481 23145.641270563006 13224.967446528375 3141.384136557579 5324.9693670403212 13037.349692326039 14348.93275712803 4823.9569292077795 28655.968022742309 793.02474359795451 2293.7816574051976 877.05386565253139 611.68818220868707 1972.7962435986847 1413.4685325818136 9914.762521982193 3272.8656670898199 1064.1442139744759 703.84736054390669 2465.3339565061033 6446.6222574543208 115521.74651823193 1280.956591412425 2712.2598755173385 31661.630909752101 4179.5166154298931 4404.3992622438818 1375.6921950019896 1173.4164659678936 7323.3615491017699 2049.8604590045288 4257.3230576980859 14676.59823063761 237.39250563085079 11750.874450672418 6059.0668771658093 3294.4888829896227 5916.0883103832603 2114.4623920582235
leaf_count=12053437 96740 85211 119694 6763 1641280 9807 28965 280881 140944 105848 30253 213924 478524 54286 47872 1149293 12306 17006 34137 276199 238253 11762 8799 148260 172478 105254 20935 40538 77080 163079 73496 1710961 5205 27660 5289 4479 14996 33031 55884 43955 8046 5472 65903 56082 1684622 8013 42402 238709 124236 31568 13109 8155 39667 81233 77135 181567 1430 85496 51424 88960 37503 14356
internal_value=-0.00320312 0.0306693 0.00212215 0.0740516 -0.087269 -0.0461405 0.0267245 -0.0420202 0.0174138 0.024659 0.0156428 0.0117081 -0.00778027 0.0245859 -0.0222429 -0.0394284 -0.0650046 -0.0490243 0.0464223 0.0744316 0.00308971 -0.0154921 0.0172236 0.0993552 0.0110826 0.0480075 0.000824066 0.0126075 0.0333436 -0.00578471 -0.0745811 -0.0816494 -0.044581 0.0192712 -0.056634 0.134579 0.0230625 -0.0836653 0.0317433 0.0157412 0.0834027 -0.0977035 -0.0268802 0.01436 0.101056 0.0799843 0.0284798 0.00469419 -0.0261636 0.0339332 0.0482811 -0.00337443 0.0650226 -0.0180305 0.00716543 0.0793745 -0.0860893 0.0399114 0.0150584 0.0156573 0.0767011 -0.065983
internal_weight=776097 553198 333646 219552 222899 45106.7 214241 119405 179256 74373.8 66589.6 164276 38631.2 15636.1 74285.2 49751.6 33992.8 16528.6 32672.9 34984.6 131604 56855.5 74748.1 145178 67752.6 27958.4 7410.05 24533.6 28381.8 37494.6 45120.2 40296.3 23291.7 3698.49 19593.2 1404.71 22102.6 29470.7 12412.3 15758.8 7242.39 177792 3169.18 20129.8 142814 14980 19208.6 33563.8 8393.67 11934.6 2252.75 2363.86 20548.3 3463.33 7530.19 27292.4 26906.9 16496.4 7085.95 4214.15 6995.4 14890.9
internal_count=22789852 8624161 5626662 2997499 14165691 2040879 1881165 3745497 1520117 968132 862284 1371160 666175 285335 1680159 1463851 1214453 509886 230911 361048 1140249 544466 595783 2029367 549481 196109 51188 216308 196774 335557 2065338 1991842 293995 37344 256651 9684 156289 1755544 84849 249398 62332 12124812 71375 141293 2014449 148957 175770 250471 223003 152658 18398 14918 144921 114264 121090 329827 1150723 133368 63730 98767 46302 492880
is_linear=0
shrinkage=0.1


Tree=25
num_leaves=63
num_cat=0
split_feature=7 9 3 4 1 0 7 1 1 7 22 25 9 27 25 8 13 1 24 7 32 11 2 4 7 20 7 27 24 2 2 25 24 20 25 19 1 27 25 6 20 11 4 22 9 9 8 24 27 0 27 31 24 1 8 11 25 2 1 2 1 25
split_gain=195442 62439.9 32167.3 26478.4 11945.8 9780.74 8023.61 10123.8 5885.14 5302.97 4342.75 6058.51 4219.8 3443.07 3321.02 3564.62 3525.98 3342.91 3250.35 2896.59 2758.2 2615.22 2371.85 2345.26 2242.04 2233.45 2103.44 1950.66 3272.77 1825.01 1802.83 2041.09 2141.38 1771.15 1719.07 1551.92 1509.5 1452.94 1721.7 1449.33 1386.33 1383.22 1380.29 1858.11 1796.43 1393.48 1355.12 1239.73 1227.54 1226.09 2090.6 1430.81 1225.65 1198.66 1198.58 1193.43 1176.93 4136.38 1569.9 2108.9 1751.37 1176.7
threshold=68.013607025146499 0.89898991584777843 69.631092071533217 0.86664152145385753 22.378716468811039 91.922958374023452 53.13592720031739 89.512962341308608 93.563182830810561 99.781658172607436 1.0000000180025095e-35 1.5000000000000002 0.35416667163372045 4.5000000000000009 2.5000000000000004 91.533855438232436 1.0000000180025095e-35 99.473682403564467 2.5000000000000004 98.799980163574233 10.500000000000002 1.0000000180025095e-35 59.870130538940437 0.97034999728202831 68.013607025146499 0.93513667583465587 97.789989471435561 31.500000000000004 2.5000000000000004 39.250699996948249 83.795948028564467 3.5000000000000004 2.5000000000000004 0.4210206419229508 1.5000000000000002 0.21442873775959018 30.860805511474613 35.500000000000007 4.5000000000000009 1.0000000180025095e-35 0.78622359037399303 1.0000000180025095e-35 0.76775014400482189 1.0000000180025095e-35 0.47222222387790685 0.23611111193895343 97.787567138671889 2.5000000000000004 2.5000000000000004 99.473682403564467 1.5000000000000002 0.47071298956871038 2.5000000000000004 83.43881988525392 37.850957870483406 2.5000000000000004 1.5000000000000002 74.352157592773452 81.892700195312514 90.501251220703139 90.521114349365249 4.5000000000000009
decision_type=8 8 2 2 2 2 10 2 2 10 2 2 10 2 2 8 2 2 2 10 2 2 2 2 10 2 10 2 2 2 2 2 2 2 2 2 2 2 2 2 2 2 2 2 10 10 10 2 2 2 2 2 2 2 10 2 2 2 2 2 2 2
left_child=6 2 4 8 19 9 -1 42 10 14 11 29 26 41 15 18 30 -18 21 20 37 -4 34 -19 48 -11 40 28 -12 36 -16 -32 -33 -15 -6 -13 -3 47 -39 52 49 -9 43 -8 -44 -45 -17 -2 53 51 -51 -7 -26 -5 -43 56 -23 -58 -59 -60 -61 -30
right_child=1 3 5 24 22 12 7 13 -10 25 27 35 -14 33 16 46 17 23 -20 -21 -22 55 -24 -25 39 -27 -28 -29 61 -31 31 32 -34 -35 -36 -37 -38 38 -40 -41 -42 54 44 45 -46 -47 -48 -49 -50 50 -52 -53 -54 -55 -56 -57 57 58 59 60 -62 -63
leaf_value=-0.097403997297792005 -0.084130354622228787 0.028895173354943311 0.072542169359120875 -0.096378298447314714 -0.052213993840234924 -0.0064453444342464188 -0.098560277680274838 0.15196239496941649 0.10694189051677459 0.098140407021957102 -0.085855310252233141 -0.070462304328118411 0.097430003375071184 -0.051935608361809965 -0.052405998929375509 -0.01798780200177522 -0.050582197962088342 0.090407021089471101 0.085915914372907923 0.051286213426297335 0.052350194854760335 0.040556397544819767 0.017209565248141569 0.012240975984604278 0.05491716991744703 0.015849290032274494 0.10404567775271725 0.061000390582382741 -0.0015434824366264812 0.086589687609153282 0.032248093077232858 0.20718194115692132 -0.059181886004095588 0.096311192080853161 -0.096589728414296527 0.012829358087765114 -0.033930672810331533 0.00081802010320829134 -0.090511372564331158 0.10517495087382676 0.07585705249602398 0.19771863084870653 -0.064026305971615696 -0.072836737480079031 0.070671515603996482 0.066385699086444094 0.0616466715839094 -0.01882365345995788 -0.065911163929361236 0.096769686918467032 0.022643853489700549 0.060950694197068084 0.099297809016091823 0.14814907318840295 0.022984976040967945 -0.096456530611174776 -0.078519594721897942 -0.066634965104521701 0.12059378209118804 -0.035321748078889013 0.029490072441899273 0.10029674252454046
leaf_weight=160546.65064486116 7318.5022392030805 14277.937798861414 7939.8260417785496 275.05780534446239 11413.834850181825 15326.211578115821 20523.085745538585 2305.4794693263248 7582.5623651072383 8739.799797706306 2740.2863529827446 12809.397246758454 16438.520393330604 3980.9125820547342 22774.885255555622 30431.261108993553 6157.8289484195411 5338.0342505145818 8458.2033921582624 6768.8326704818755 4491.1432805648074 11582.503060082905 2326.3871823465452 13663.54955200851 11772.559286639094 5297.144578544423 4499.8454453125596 19771.854178357869 2139.9425337053835 3952.1633462812752 6796.2171605229378 317.32970906421542 6173.6000136155635 1010.4649364678189 37122.403230194934 2710.3193138604984 5223.426912044175 14052.259564146399 2419.5248267808929 105158.75089894608 6279.0458405911922 462.4646642934531 4189.4323144704103 1688.6615318469703 1296.5489033535123 1251.9085365245119 2298.2301896177232 4821.9991284860298 1262.007985509932 5265.2168493941426 13717.282225556672 3964.9292413666844 13199.914049673826 739.22058231383562 2597.3893509954214 1019.6481187324971 5201.4653982613236 2039.558375608176 2101.0039288438857 5222.3630604706705 20677.881116624922 2414.888805180788
leaf_count=12048866 245405 91603 72658 2194 383040 112081 1507375 19930 110030 94397 23886 496538 199191 101885 327715 332310 68743 31021 65367 50807 47562 83865 29163 85082 145688 39760 51747 145391 11009 34733 58482 2168 70130 8033 2480527 20916 51959 162227 38426 1678524 54406 6792 155521 87811 9174 17545 12085 104625 8866 64555 96778 19578 177982 3327 46793 11452 65250 18125 11710 50085 120292 16799
internal_value=-0.00312252 0.0284237 0.00135364 0.0715792 -0.0493006 0.0206876 -0.0874897 -0.046995 0.023503 0.00817964 0.0139228 -0.00744773 0.0535816 0.037855 0.00295271 0.0144652 -0.0152826 0.0134492 0.0281501 -0.00831945 -0.0205073 0.0193915 -0.0814266 0.0341998 0.0983111 0.0670861 0.038887 0.0446938 0.000498194 0.0246251 -0.0353279 -0.00605512 -0.0461598 -0.0219242 -0.0861543 -0.0559165 0.0120673 -0.0319435 -0.0125973 0.100032 0.032306 0.0934676 -0.07735 -0.0879082 -0.032192 -0.0135646 -0.012396 -0.0581917 -7.69562e-05 0.0251611 0.0432043 0.00740664 0.0783758 0.0818367 0.0493941 0.0105711 0.0129017 0.00381287 0.0180685 0.0242381 0.0164218 0.0524504
internal_weight=734340 534487 328456 206030 90734.9 237721 199853 39306.3 73622.8 172230 66040.2 38973.2 65491.1 10356.7 158193 96971.9 61221.4 25159.4 64242.5 39872.3 33103.4 55784.2 50862.6 19001.6 132408 14036.9 49052.5 27067 7295.12 23453.5 36062 13287.1 6490.93 4991.38 48536.2 15519.7 19501.4 28612.3 16471.8 130131 44552.7 5365.33 28949.6 23463.7 5485.98 2940.57 32729.5 12140.5 2276.29 38273.6 18982.5 19291.1 24972.5 1014.28 3059.85 47844.4 46824.8 35242.3 30040.8 28001.2 25900.2 4554.83
internal_count=22789985 8780260 5760815 3019445 3541782 2219033 14009725 1960859 1002864 1620697 892834 695749 598336 183433 1486540 843199 643341 184846 498804 649052 598245 433437 2892730 116103 2016581 134157 399145 197085 51694 178295 458495 130780 72298 109918 2863567 517454 143562 550683 200653 2002194 347398 73515 1777426 1612731 164695 105356 344395 350030 14387 292992 161333 131659 323670 5521 53585 360779 349327 265462 200212 182087 170377 27808
is_linear=0
shrinkage=0.1


Tree=26
num_leaves=63
num_cat=0
split_feature=7 1 11 7 10 25 22 1 4 0 7 1 7 27 4 10 22 1 10 26 11 16 27 25 3 0 2 4 0 27 27 24 25 28 8 26 25 11 33 25 26 20 34 22 4 25 2 20 10 11 2 34 0 34 27 27 6 11 20 25 24 28
split_gain=172816 52001.2 30816.2 23893.4 16005.5 8594.84 10543.3 8634.13 8095.1 6538.17 6114.08 8145.02 5354.47 4998.47 3852.17 3683.58 3440.37 3028.75 2863.73 5078.44 2706.89 2465.86 2166.28 1984.05 1864.8 1749.19 1956.24 1655.13 2079 1649.27 1598.98 4208.53 2545.82 1590.39 1551 1546.91 1505.62 1487.49 1476.5 2279.58 1465.3 1587.98 1449.44 1306.85 1309.78 1296.06 1295.35 1294.52 1282.39 1276.94 1227.84 1400.1 1218.98 1218.11 2096.65 1212.33 1161.68 1149.31 1621.01 1098.81 2448.24 1073.62
threshold=65.724277496337905 86.72955703735353 1.0000000180025095e-35 65.724277496337905 1.0000000180025095e-35 1.5000000000000002 1.0000000180025095e-35 73.942821502685561 0.63109001517295849 99.473682403564467 51.73271560668946 88.273490905761733 97.789989471435561 1.5000000000000002 0.76775014400482189 1.0000000180025095e-35 1.0000000180025095e-35 8.1912217140197772 1.0000000180025095e-35 1.5000000000000002 1.0000000180025095e-35 4.5000000000000009 23.500000000000004 3.5000000000000004 7.8461537361145028 28.730158805847172 29.459980010986332 0.82033187150955211 67.890834808349624 1.5000000000000002 31.500000000000004 2.5000000000000004 4.5000000000000009 127.50000000000001 97.787567138671889 1.0000000180025095e-35 2.5000000000000004 1.0000000180025095e-35 0.54960685968399059 1.5000000000000002 1.0000000180025095e-35 0.95876392722129833 0.67851030826568615 1.0000000180025095e-35 0.76775014400482189 1.5000000000000002 15.535444736480715 0.40976989269256597 1.0000000180025095e-35 1.0000000180025095e-35 86.526824951171889 1.0000110864639284 45.867485046386726 1.1664848327636721 1.5000000000000002 32.500000000000007 1.0000000180025095e-35 1.5000000000000002 0.92843535542488109 3.5000000000000004 3.5000000000000004 5.5000000000000009
decision_type=8 2 2 10 2 2 2 2 2 2 10 2 10 2 2 2 2 2 2 2 2 8 2 2 2 2 2 2 2 2 2 2 2 2 10 2 2 2 2 2 2 2 2 2 2 2 2 2 2 2 2 2 2 2 2 2 2 2 2 2 2 2
left_child=10 4 3 13 12 8 7 -7 25 18 53 43 14 21 16 29 45 23 34 57 27 -3 -15 55 -25 46 -27 28 -9 50 31 -19 -32 -17 40 42 -21 -37 39 -16 41 -4 -18 44 -12 -2 -6 -46 -45 -41 -13 -52 -28 -1 -55 -8 -38 58 -20 60 -42 -33
right_child=1 2 9 -5 5 6 17 20 -10 -11 11 15 -14 22 38 33 35 30 19 36 -22 -23 -24 24 -26 26 52 -29 -30 -31 32 61 -34 -35 -36 37 56 -39 -40 49 59 -43 -44 48 47 -47 -48 -49 -50 -51 51 -53 -54 54 -56 -57 -58 -59 -60 -61 -62 -63
leaf_value=-0.098731777015762967 -0.053974822970535657 0.099595364798250402 0.085608533621404428 0.099939553640649853 -0.022817150365993105 -0.081228096815346679 -0.086551056497904941 0.060950189766996066 0.088275514318231788 0.082837934759450838 -0.098978694324513103 -0.044943530072812196 0.027688904937713955 0.0011484821187949322 0.051876631730344715 0.13083352699508491 -0.047575383921217698 -0.0832535553258444 0.09173115934134729 0.026040261936823007 -0.03184958433221563 -0.017872818996954927 -0.075267820883930775 0.018922885200704165 -0.12135338139993052 -0.069711301031321074 -0.0091416012839988531 0.062124073984917538 -0.13037608135440895 -0.057494487291927035 0.063162771862511985 0.062607634949681093 -0.048619474029952037 -0.031317815863411855 0.070994863928133436 0.047989745002702436 0.036638361206837201 -0.064273119274731214 -0.050906878219676821 0.065674196960990069 -0.010357152550166816 -0.052776082636886157 0.077068387759050158 -0.07719260253862914 -0.064395183476956275 -0.098344154595227606 0.043596917883514386 0.073609614298156531 0.071429305986508179 -0.043769200891813818 0.41277376995728504 0.081291236279916551 0.11104568740156406 0.24562539718704546 -0.058980276623939537 0.042739267592837242 -0.02736152426041167 0.13975460181535301 -0.0040603076274595773 -0.042832863331181997 0.20186465916173441 -0.14613730964664928
leaf_weight=140058.97817861848 8798.624140589498 7566.8279624190181 2970.6553217386827 136516.50399161316 3942.3927519330755 24972.071440152824 887.5826714579016 1142.5170557042584 22481.933368613012 12725.585322253406 18248.924314293079 465.03066527098417 9008.1746203098446 24121.634717866778 5105.8050178401172 3332.5902182171121 1589.7777160704136 3443.3503179475665 6453.5439558783546 19806.563983841799 9563.525736390613 2339.5211022477597 4383.9591646734625 1423.8948603253812 2833.6376938857138 5156.2148783802986 3474.797278190963 8338.8762608505785 1129.3326621707529 3890.0868781050667 23140.036616863683 6069.0300371944904 2234.1329066175967 739.00052895676345 2430.685917943716 1366.1394060254097 3565.990518366918 8674.9587724041194 10786.125181758776 1214.9134975019842 42926.918714898638 1150.3156396374106 2258.1124949771911 1256.958952284418 3633.3484361879528 26150.314178708941 11512.806929196231 836.11786758061498 1078.8932279460132 8702.6249698381871 171.74870916083455 493.68396453838795 1114.5567663600668 249.24261323641986 2420.0723211765289 3965.5062057338655 13857.03117766045 2724.162705777213 2432.4224626235664 11169.996672263369 550.56429120060056 256.81343735195696
leaf_count=11717241 351403 64463 18263 2182904 38036 1302858 12914 8098 270036 161262 1489586 17289 166760 154271 41648 31400 25814 45461 59675 116576 87225 15177 71007 12835 31699 89521 44486 110367 7079 148172 163437 40436 17171 6345 12771 17347 23290 218765 181610 9458 352389 8418 19553 75683 159391 1930066 101655 13869 20431 118385 3906 4319 9867 1552 71966 26099 119321 17219 17141 128611 4140 1981
internal_value=-0.00300985 0.0261101 0.0533821 0.0803353 -0.0106694 0.0103661 -0.00792075 -0.0419211 0.044652 0.0149761 -0.0883625 -0.050351 -0.0451393 0.0106618 -0.0539279 0.030723 -0.0704421 0.0267652 0.00712808 0.0251865 0.0067338 0.0718536 -0.0106038 -0.0246159 -0.0744392 0.0057349 -0.0274427 0.0415093 -0.0341578 -0.0265973 0.0400853 0.0057084 0.0533206 0.101403 -0.00728333 -0.0283398 0.00717899 -0.0489992 -0.0226791 -0.00241268 -0.0105209 0.0469803 0.0255711 -0.0797726 -0.0870959 -0.0871739 0.0266557 -0.0385782 -0.00854649 -0.0303622 0.0797243 0.166847 0.0200467 -0.0974564 -0.0305383 0.0190933 -0.0142626 0.0829301 0.0655094 -0.0148571 -0.00766974 0.0541331
internal_weight=695306 518431 297693 174928 220739 137083 89400.3 45146.3 47682.7 122764 176875 34146.4 83655.6 38411.9 74647.4 9092.14 48837.9 44254 110039 48839.7 20174.3 9906.35 28505.6 9110.62 4257.53 25200.8 9745.57 10610.7 2271.85 5020.55 35143.4 9769.19 25374.2 4071.59 61199.1 13889 37229.6 10041.1 25809.5 15023.3 58768.5 4120.97 3847.89 25054.2 22718.4 34948.9 15455.2 4469.47 2335.85 9917.54 1130.46 665.433 4589.35 142728 2669.31 4853.09 17423 11610.1 8885.97 54647.5 43477.5 6325.84
internal_count=22790118 9028968 3526898 2487822 5502070 2421261 1867660 1515627 553601 1039076 13761150 1970391 3080809 304918 2914049 211431 2562948 352033 877814 353222 212769 79640 225278 83547 44534 283565 143874 125544 15177 173686 268486 87878 180608 37745 524592 281479 259187 236112 351101 169491 511821 26681 45367 1758960 1662846 2281469 139691 173260 96114 127843 25514 8225 54353 11790759 73518 39013 142611 94035 76816 485140 356529 42417
is_linear=0
shrinkage=0.1


Tree=27
num_leaves=63
num_cat=0
split_feature=7 9 3 4 1 0 7 1 7 1 9 18 34 8 11 18 22 34 25 9 26 27 1 20 25 9 11 8 9 24 33 1 25 28 26 1 13 22 1 34 16 9 27 25 20 19 20 11 26 20 1 8 3 9 19 7 7 25 7 18 24 22
split_gain=153134 50851.4 25324.3 23950.4 10575 7888.39 6106.44 7427.02 5195.66 5023.12 3605 3511.41 3486.57 3069.26 7202.34 2633.29 2585.32 2559.94 2277.55 2127.33 4829.36 2086.95 1974.29 1957.47 1955.94 1899.05 1789.36 1761.07 1676.95 1609.8 1556.17 1505.58 1521.79 1479.92 1356.36 1342.89 1325.92 1291.58 1257.46 1241.91 1770.21 1197.7 1177.16 1720.89 1147.92 1132.64 1128.89 1249.28 1098.29 1069.82 1055.95 1044.28 1039.12 1236.81 1226.03 976.576 972.673 1194.68 1593.5 957.33 923.707 919.037
threshold=65.724277496337905 0.89898991584777843 69.631092071533217 0.87006494402885448 22.378716468811039 99.473682403564467 51.73271560668946 84.680576324462905 99.781658172607436 94.39203262329103 0.23611111193895343 4.5000000000000009 1.3978875279426577 91.256069183349624 1.0000000180025095e-35 5.5000000000000009 1.0000000180025095e-35 1.2096540927886965 2.5000000000000004 0.23611111193895343 1.5000000000000002 1.5000000000000002 77.032970428466811 0.93513667583465587 1.5000000000000002 0.64583334326744091 1.5000000000000002 97.787567138671889 0.47222222387790685 2.5000000000000004 0.63071596622467052 7.7422575950622567 2.5000000000000004 127.50000000000001 1.0000000180025095e-35 24.068965911865238 1.0000000180025095e-35 1.0000000180025095e-35 99.473682403564467 1.1664848327636721 5.5000000000000009 0.29285715520381933 31.500000000000004 4.5000000000000009 0.81045600771904003 0.23512182384729388 0.97196012735366832 1.5000000000000002 1.0000000180025095e-35 0.91799148917198192 88.493064880371108 48.107236862182624 74.813434600830092 0.23611111193895343 0.75892975926399242 57.212205886840827 99.781658172607436 1.5000000000000002 87.888435363769545 2.5000000000000004 2.5000000000000004 1.0000000180025095e-35
decision_type=8 8 2 2 2 2 10 2 10 2 10 8 2 8 2 10 2 2 2 8 2 2 2 2 2 10 2 10 10 2 2 2 2 2 2 2 2 2 2 2 8 10 2 2 2 2 2 2 2 2 2 10 2 10 2 10 10 2 10 10 2 2
left_child=6 2 4 9 15 8 39 37 13 11 30 16 21 14 50 31 18 29 45 26 28 -7 24 -10 59 51 34 36 -21 -5 -9 32 -2 55 -16 -13 -15 52 -38 -1 -41 -39 43 60 -29 56 47 -33 -25 -30 -4 -22 -8 -54 -55 -12 57 58 -3 -6 -18 -26
right_child=1 3 5 17 22 12 7 10 23 -11 33 35 -14 27 19 -17 42 -19 -20 20 25 -23 -24 48 61 -27 -28 44 49 -31 -32 46 -34 -35 -36 -37 38 41 -40 40 -42 -43 -44 -45 -46 -47 -48 -49 -50 -51 -52 -53 53 54 -56 -57 -58 -59 -60 -61 -62 -63
leaf_value=-0.098379426699232997 0.043484854666730598 0.11876682091192581 0.040613182960738507 0.044269012454608569 -0.0018328486346662184 0.10489388366358549 -0.09898295280047148 0.060971381986879271 0.094354173759894522 0.10518461900773222 0.21799734594279277 -0.00076539810888140479 0.096928312105051415 -0.034036258835845969 0.057223859007887262 -0.054839279697874659 -0.10367160541800634 0.10338411829226435 -0.056289358360386565 0.15534949406749987 0.051686416452644372 0.010308479452327678 0.0115159737578564 -0.066552526773778278 -0.099188682329549485 0.045746827218827855 -0.050883708937478324 0.090753772872201488 0.082332444326932819 0.096870405101509016 -0.058778269705265784 0.035688731484825861 -0.080739745585881456 -0.030526586231049486 -0.0052791735978541515 -0.057180890844057967 -0.034111988781787624 -0.066768383443939941 0.010378052568778051 0.12619598741632662 -0.0727580377143906 0.081373111957923808 0.071855319634535911 0.083244242232499877 -0.012579300578588784 0.10204655368921892 -0.028985595925733201 -0.038273673052042816 0.042247525855519913 0.0017504371688730415 0.093652632781470777 -0.014121015456203968 -0.078160588450198465 0.12040836164239457 -0.11132035581597813 0.092823099618701208 0.037482990196887812 -0.058339423117469091 -0.0025449799117893118 -0.066398129909880435 0.014970311887493554 -0.011253406076059127
leaf_weight=127177.36981394514 1386.2537239259109 1248.8282009074464 5679.6784607134759 13797.548972800374 3283.9347649626434 2919.9885677844286 16432.323282791302 1463.8261656397954 9468.0771272350103 6432.5903193727136 822.52975590806454 9275.3453772608191 16082.495674565434 26150.586355373263 3752.558514976874 9188.7574306549504 1217.1014615241438 87923.585473805666 4608.5040100803599 2347.0198227940127 2653.431955399923 11598.772123206407 2296.0764591218904 1153.9648048393428 31448.004999781027 8445.430079725571 8240.7698587449268 2592.9825405012816 5769.133665538393 10060.145120937377 4195.5346250860021 17858.278932391666 3416.6650481205434 768.51557507179677 46427.350255199708 7740.4544511521235 9148.059754056856 1403.7204886814579 20791.573550503701 576.22148411907256 1997.5858348784968 892.904456615448 13172.095615308732 2000.9804159160703 1836.467655684799 1587.5947928894311 4520.0428879000247 2618.5615370450541 4734.167622923851 2306.1048180405051 11068.598486177623 26435.949826243334 2497.0680223992094 751.01685495954007 328.04862171970308 2572.8055752273649 10257.650812455453 3062.4579135188833 8144.2552315816283 7637.3539689378813 1424.0437191966921 1235.2031793128699
leaf_count=11716789 16299 17078 49525 181880 70748 39651 1474196 19965 118338 111274 8823 85044 256845 349471 29282 292606 9031 1677265 137872 13470 16967 69880 32045 6125 2592787 57179 100268 13923 49685 152798 186127 219474 53727 6324 461241 285967 98587 83992 131107 5577 67923 12188 115990 15611 11757 19659 39405 55698 41964 15751 120100 200141 142561 11100 4254 20171 85242 106478 47585 332088 7081 16943
internal_value=-0.00286203 0.0246787 0.000334823 0.0667554 -0.046334 0.0175893 -0.087323 -0.0482919 0.0103207 0.0209645 0.0241581 0.0124649 0.0648569 0.00564831 0.0147119 -0.00803783 0.0266292 0.0955011 0.00816404 0.00511521 0.0207233 0.0293313 -0.0788633 0.0661986 -0.0836224 0.0040015 -0.00769733 -0.0127914 0.0809452 0.0664496 -0.0278043 0.00639338 -0.0448851 0.0947836 -0.000605066 -0.0264287 -0.0175851 -0.0801991 -0.00321589 -0.0969876 -0.0282164 -0.00917247 0.0565949 0.0132934 0.0479115 0.0203873 0.0162461 0.0262305 0.0209247 0.0593201 0.0756659 -0.00811829 -0.0883517 -0.0395013 0.0499601 0.123147 0.0146795 -0.00410015 0.0135837 -0.0469839 -0.0397027 -0.0958653
internal_weight=658325 496445 314492 181953 84889.1 229603 161879 32128.3 199002 70171.9 9823.21 63739.3 30601.3 183646 123126 38988.6 46723.5 111781 28909.3 106378 47957.1 14518.8 45900.6 15356.2 43604.5 37534.8 58420.7 60519.7 10422.3 23857.7 5659.36 29799.8 4802.92 4163.85 50179.9 17015.8 56090.2 22305.1 29939.6 129751 2573.81 2296.62 17814.2 4642.13 4429.45 24300.8 24996.9 20476.8 5888.13 8075.24 16748.3 29089.4 20008.5 3576.13 1079.07 3395.34 22713.2 12455.5 9393.08 10921.3 2641.15 32683.2
internal_count=22788922 9028932 5973077 3055855 3721820 2251257 13759990 1969701 1884881 1043912 241410 932638 366376 1718454 1113609 677209 561627 2011943 413914 943984 353193 109531 3044611 166427 3012566 274287 590791 604845 78906 334678 206092 384603 70026 35318 490523 371011 579165 1728291 229694 11790289 73500 96180 147713 31723 25680 276042 314577 275172 48089 65436 169625 217108 1632111 157915 15354 28994 256383 171141 64663 402836 16112 2609730
is_linear=0
shrinkage=0.1


Tree=28
num_leaves=63
num_cat=0
split_feature=7 12 6 4 18 0 7 0 4 3 21 6 20 0 3 7 22 11 27 25 11 27 25 2 24 7 25 2 14 0 3 0 7 22 9 4 24 25 0 26 32 22 28 33 11 25 0 2 0 2 25 0 20 24 2 8 7 27 19 31 2 9
split_gain=135425 44884.4 23072.9 21535.7 7231.53 6325.88 6035.63 6967.7 5161.13 4925.52 3886.87 3420.77 3400.81 3272.65 3929.7 3202.44 2793.49 2760.66 2188.9 2168.63 2384.12 2561 2167.44 2794.6 2135.25 1892.04 2541.68 2053.74 1738.74 1736.28 1722.14 2284.83 1564.64 1488.26 1482.44 1385.71 1384.97 3763.76 1894.88 1355.77 1538.04 1339.42 1330.22 1935.8 1366.12 1298.57 1257.58 1254.47 1221.33 1192.29 1639.49 1663.22 1163.18 1154.04 1153.99 1119.7 1109.44 1079.76 2236.32 1818.39 1483.07 1073.59
threshold=65.724277496337905 1.0000000180025095e-35 1.0000000180025095e-35 0.89524751901626598 4.5000000000000009 99.473682403564467 50.993551254272468 62.98833084106446 0.88297525048255932 98.539680480957045 1.0000000180025095e-35 1.0000000180025095e-35 0.39794358611106878 23.629112243652347 53.950103759765632 98.799980163574233 1.0000000180025095e-35 1.0000000180025095e-35 1.5000000000000002 2.5000000000000004 1.0000000180025095e-35 1.5000000000000002 1.5000000000000002 86.319076538085952 2.5000000000000004 80.096618652343764 1.5000000000000002 73.499401092529311 inf 57.804552078247077 60.922586441040046 20.144927978515629 96.56854629516603 1.0000000180025095e-35 0.17424242943525317 0.80001720786094677 3.5000000000000004 4.5000000000000009 91.922958374023452 1.5000000000000002 10.500000000000002 1.0000000180025095e-35 10.500000000000002 0.57912030816078197 1.0000000180025095e-35 1.5000000000000002 83.239700317382827 48.313756942749031 7.7422575950622567 91.476997375488295 2.5000000000000004 92.63776016235353 0.93513667583465587 2.5000000000000004 95.488464355468764 38.754844665527351 98.421009063720717 14.500000000000002 0.20187155157327655 0.82944530248641979 90.219989776611342 0.23611111193895343
decision_type=8 2 2 2 10 2 10 2 2 2 2 2 2 2 2 10 2 2 2 2 2 2 2 2 2 10 2 2 8 2 2 2 8 2 10 2 2 2 2 2 2 2 2 2 2 2 2 2 2 2 2 2 2 2 2 10 10 2 2 2 2 10
left_child=6 3 8 4 13 9 -1 33 16 11 -9 46 18 39 45 19 22 -12 -7 24 21 -21 47 35 29 -16 -27 41 54 -11 31 56 -23 -8 -19 -24 38 -38 -30 -2 -41 -28 44 -44 -31 -15 -5 -3 -18 -48 -51 -52 -17 57 -22 -36 -6 58 59 60 -10 -35
right_child=1 2 -4 5 30 12 7 10 53 15 17 -13 -14 14 25 52 48 34 -20 20 28 32 23 -25 -26 26 27 -29 36 42 -32 -33 -34 61 55 -37 37 -39 -40 40 -42 -43 43 -45 -46 -47 49 -49 -50 50 51 -53 -54 -55 -56 -57 -58 -59 -60 -61 -62 -63
leaf_value=-0.096866061009551641 0.035564926075944678 0.008184268651474402 0.10280259871531017 0.010825702079882137 -0.051439239116917924 0.10730042153912148 -0.092858493156852157 -0.06923520694406915 -0.029349819169798494 -0.063778551588424978 0.12976113033074735 0.12581036885644759 0.095875702938497245 -0.030183523200411278 -0.050137417784814842 0.09398826179311906 -0.020946856807203276 -0.031999983147115135 0.0099378361038943899 0.085921319070980662 0.099628842093371056 0.081267534544928896 -0.063707167251158964 0.095881021976381292 0.067137156049098423 0.05943597445551866 -0.049918415855025378 0.034797256641223955 -0.069863989916708627 0.056862661601252446 -0.015072774153818677 -0.094024045005508192 -0.03106836562722496 -0.071179864861029216 0.21959045510605463 0.01786058026271017 0.17199642800171819 -0.083167251133237363 0.060901162380870212 -0.023356913454119103 0.048400993618979725 0.10526387287273171 0.015952099942769492 -0.035117046137830149 0.011709950925581952 -0.091713277609692834 0.079515744908131999 0.097630731897860173 0.049770318301135874 -0.026679646748625375 -0.011279843282126134 0.10669710288819577 0.023434483094365903 0.09614401488466584 -0.012222067026555858 0.034018656140096699 0.040914475257276421 0.10620316980902561 0.083647501455058268 0.01089941486057827 -0.29560103806081978 0.065527518176488039
leaf_weight=116259.51166764647 12857.233490742743 18847.264271434397 83445.934465401806 12454.147167693824 10376.158674129285 2867.4026800394058 17935.523879823275 3775.8761500837281 428.45397702604532 3292.0395319201052 2993.3848167108372 4823.3539909385145 15621.028694592416 5050.1759412465617 8680.4752927692607 5093.0167578645051 2817.8664336074144 3199.4414414064959 11859.158789616078 4380.8810142204165 961.75796094350517 1537.5634313262999 11098.431899454445 1488.7408146858215 6484.1953227519989 6173.6498637571931 10090.768711647019 5296.4476115442812 14402.295338870957 9457.5181619636714 5478.7856147112325 22676.058573622257 6403.9414240345359 1234.418151657097 449.08494117017835 2563.8803327381611 983.4114040452987 1402.499188605696 1200.5213358495384 13386.363378159702 3844.8816412752494 588.64875485934317 18940.584332896397 12205.356102529913 22987.481088582426 10691.613817272708 8373.8498559314758 1710.2287564119324 18319.699970986694 3460.8234620466828 1910.9781821072102 3189.2810741998255 4317.7273401543498 9666.4156410768628 22546.903168698773 1178.1261282768101 1487.1874402659014 2255.0331367440522 3373.2974222116172 2501.4013880565763 408.83655487000942 1074.4666046081111
leaf_count=11628784 168889 136184 1727501 104129 301803 40517 1673847 136167 5847 41378 30988 50836 274595 134720 210718 74000 21076 158816 71324 40818 5312 16601 487884 20952 46378 45566 165948 45588 223922 85638 91096 1895783 52108 85353 4171 22915 7918 21414 9276 153177 37280 4098 142282 160621 150994 911120 63430 16149 148586 23624 13192 25558 43276 167849 170306 13506 13018 31391 54983 34456 5748 16577
internal_value=-0.00277362 0.0231732 0.0665644 0.00147656 -0.0327018 0.0213012 -0.0863013 -0.047726 0.0265015 0.0138264 0.0140836 0.0477576 0.0633726 -0.0147146 -0.0313221 0.00532799 0.0115304 0.0543138 0.0288953 0.00116304 -0.0140828 0.0245411 -0.0055251 -0.0342231 0.0123469 -0.0105653 0.00494309 -0.0161149 -0.0255519 0.00703507 -0.0671587 -0.0754208 -0.00931889 -0.0831303 0.00752301 -0.0484001 -0.0489522 0.0220047 -0.0598026 0.0109909 -0.00734526 -0.0413648 0.010701 -0.00406069 0.0248717 -0.0719737 0.0349475 0.0156255 0.040343 0.052687 0.026445 0.0624932 0.0616176 0.0721748 -0.00764616 0.0852336 -0.0398618 0.046336 0.0262224 -0.031798 -0.159356 -0.00756148
internal_weight=624861 476762 158925 317836 116678 201158 148100 31840.3 75479.6 170810 11595.9 34212.4 30347.6 76660.3 46571.8 136598 56846.1 7820.04 14726.6 127187 53819.8 12322.4 35708.5 15151.1 73367.2 30830 22149.5 15975.9 41497.4 66883 40018.2 34539.4 7941.5 20244.4 4826.65 13662.3 17988.7 2385.91 15602.8 30088.5 17231.2 10679.4 63590.9 31145.9 32445 15741.8 29389.1 20557.5 21137.6 16934.9 8561.08 5100.26 9410.74 18633.4 23508.7 1627.21 11863.3 8967.02 6711.99 3338.69 837.291 2308.88
internal_count=22767981 9019772 2881521 6138251 4178804 1959447 13748209 2119425 1154020 1573011 343648 280769 386436 1877104 1517758 1292242 853746 207481 111841 1174966 547675 109527 684084 531751 627291 471918 261200 215634 438148 580913 2301700 2210604 68709 1775777 176493 510799 262530 29332 233198 359346 190457 170046 539535 302903 236632 1045840 229933 152333 169662 125804 62374 38750 117276 300274 175618 17677 314821 132425 101034 46051 11595 101930
is_linear=0
shrinkage=0.1


Tree=29
num_leaves=63
num_cat=0
split_feature=7 9 6 1 1 25 1 7 9 1 27 18 3 3 7 8 11 9 26 27 25 24 1 20 17 1 3 25 1 3 35 2 11 1 13 2 34 1 9 8 29 24 25 7 2 11 20 24 20 8 1 1 25 27 26 4 7 8 25 2 18 32
split_gain=120127 40970.1 23168.7 20472.7 5977.34 11244 4971.25 4643.15 3809.89 8148.48 5450.85 3389.46 2670.87 6309.43 2660.1 2647.43 5955.29 2312.63 2629.13 1970.3 2647.28 2629.03 1833.87 1751.08 1695.06 1504.52 1420.4 1362.14 1337.79 1322.25 1430.15 1253.34 1235.69 1159.59 2709.66 1740.77 1388.02 1158.38 1075.76 1227.95 1067.7 1060.57 2280.16 2599.96 1032.29 946.551 1109.98 944.887 930.062 925.141 898.292 896.79 879.623 873.045 840.313 827.137 754.148 760.394 735.655 735.483 729.125 715.367
threshold=61.302095413208015 0.89898991584777843 1.0000000180025095e-35 75.809822082519545 19.399641990661625 1.5000000000000002 84.273937225341811 99.781658172607436 0.23611111193895343 84.680576324462905 3.5000000000000004 1.5000000000000002 60.188678741455085 99.333332061767592 61.302095413208015 83.15198135375978 1.0000000180025095e-35 0.15476191043853763 1.5000000000000002 35.500000000000007 4.5000000000000009 2.5000000000000004 24.068965911865238 0.92843535542488109 1.0000000180025095e-35 9.3933825492858904 53.950103759765632 1.5000000000000002 5.0316455364227304 17.028985023498539 20.500000000000004 86.319076538085952 1.5000000000000002 98.529094696044936 1.0000000180025095e-35 96.824596405029311 1.5882281064987185 27.877538681030277 0.64583334326744091 40.919662475585945 21.500000000000004 2.5000000000000004 3.5000000000000004 73.353057861328139 32.071428298950202 1.5000000000000002 0.97196012735366832 1.5000000000000002 0.46338467299938207 32.795558929443366 89.699382781982436 5.0316455364227304 1.5000000000000002 4.5000000000000009 1.0000000180025095e-35 1.0000000180025095e-35 43.344987869262702 36.07402420043946 2.5000000000000004 19.433517456054691 4.5000000000000009 3.5000000000000004
decision_type=8 8 2 2 2 2 2 10 10 2 2 8 2 2 10 8 2 10 2 2 2 2 2 2 2 2 2 2 2 2 2 2 2 2 2 2 2 2 8 10 2 2 2 10 2 2 2 2 2 10 2 2 2 2 2 2 10 10 2 2 10 2
left_child=8 3 6 4 19 12 11 15 -1 29 49 40 37 44 50 16 -5 32 -19 21 28 27 51 -9 -15 -23 52 -2 -21 30 -10 58 54 35 36 -17 41 59 39 -20 -3 -35 43 -43 -14 46 55 -46 -12 -11 -4 -13 -24 -52 -18 -30 -32 -58 -25 -6 -61 -36
right_child=1 2 14 7 5 -7 -8 23 9 10 48 22 13 24 -16 33 17 18 38 20 -22 25 26 31 -26 -27 -28 -29 45 -31 56 -33 -34 34 61 -37 -38 -39 -40 -41 -42 42 -44 -45 47 -47 -48 -49 -50 -51 53 -53 -54 -55 -56 -57 57 -59 -60 60 -62 -63
leaf_value=-0.097363484851741483 0.020661272983907644 0.013494286372220068 -0.086553517734508756 0.083409191136029903 -0.061757405908132827 -0.089331845427952639 0.067212923202641578 0.096403702370264022 -0.063820263284488407 0.33822684514220486 -0.035138113256602356 -0.11310153754872641 -0.037089706605669841 -0.069907860729838844 0.1012974460218185 0.0069752776878378555 0.060092010515787879 0.085017812278216892 0.099039861927323461 -0.096543806589058034 -0.075040377444043335 -0.061038482039172573 -0.027717301719146221 0.034488988212291384 0.024830026900072869 0.044433457522199689 0.0033955106883143587 -0.098868245627359158 0.055926905945821628 -0.091687595009855613 -0.011528326327918349 0.06482269800756206 -0.045669178745160847 -0.058856306791811544 0.048695646143386874 -0.036436106539050515 0.029436409826682015 -0.065045997723077398 0.058182074741672085 0.00076563316396560579 0.055840835747097577 -0.021866489228244516 -0.069715631160239475 0.14542654314454889 -0.049415585756752818 -0.027764856389597959 -0.017067862919426628 0.12430661491219885 0.15112222856150168 0.16500917135254106 0.10833775748268065 0.013431799633855096 -0.085927051954270417 -0.056299952180922569 -0.00024249429048212349 -0.052814085983568793 0.5241906649602126 0.15674057254830676 -0.076126239774455706 0.071763133170435908 -0.035322868412746511 0.017124957437634848
leaf_weight=104331.67264638003 1142.5641304263845 10321.691805293784 898.44140702486038 14849.274241840467 1220.3176565309986 39558.014352308586 19267.819525141269 9499.0214102249593 785.77343632187694 399.97842165548354 2746.8331439681351 576.33063277136534 492.06636740732938 4899.6357401795685 80188.749608459882 21189.97858699318 2506.0573509959504 7515.4922263575718 1362.6937573468313 869.93698976375163 3053.5506195053458 1990.8775972425938 5087.860240121372 1069.1136533478275 3073.1451892461628 4217.6016860920936 6093.5620277747512 5758.3550930758938 13373.562551880255 15710.654144321568 157.56477889046073 3650.5732359401882 5802.2743301298469 8459.9639630634338 8836.6237125620246 16375.374493934214 4259.8847233131528 7019.9377978267148 5232.8545226166025 18989.472807239741 14070.767151892185 2321.2610352504998 3128.8070693630725 1548.8560910634696 332.87722360622138 2462.5674186907709 2964.9384159278125 5267.0948393614963 297.07841346971691 1345.7366158496588 806.96462514251471 19913.210643096827 5300.5039821052924 536.0480028912425 29266.47191200871 738.11162840295583 79.246294650249183 194.64151067007333 1373.8381811464205 1699.7603938644752 1015.8002005023882 38222.095672257245
leaf_count=11395381 29986 121001 7307 186620 47092 3125035 312346 155185 51159 7746 105553 4792 12231 92644 1804899 201846 20729 73376 8904 12299 48607 41672 66597 7633 20607 64187 70297 211315 104054 1627155 10734 46825 79299 119921 70928 183560 35192 323814 43699 149576 147666 17793 46967 11633 2800 44371 18332 53597 2735 23659 3572 183431 414037 4216 311813 22758 1824 5777 8170 37437 58905 265757
internal_value=-0.00274985 0.0205135 0.0610133 -0.00102519 -0.0378527 -0.0561464 0.0229011 0.0171055 -0.0894315 -0.0513258 0.0638294 0.00898746 -0.00367958 0.0251562 0.098294 0.0127975 0.0258404 0.0137448 0.0330179 -0.00554999 0.0117998 -0.0366019 -0.0101024 0.0695633 -0.0333907 0.0106117 -0.0349345 -0.0790781 0.0247926 -0.0839082 0.0164995 0.0277225 -0.00323323 0.00210692 0.0100137 -0.0119485 -0.0211051 -0.0406983 0.0177431 0.00734565 0.0379219 -0.0350324 -0.00623522 0.0450857 0.101778 0.0301948 0.038553 0.11398 -0.0169596 0.204697 -0.00915388 0.00987266 -0.0574179 0.0426245 0.00451639 0.0502392 0.16278 0.263058 -0.0277175 0.0027276 0.0317058 0.0230533
internal_weight=595722 469673 163062 306611 101151 64578.6 80631.7 205460 126049 21717.5 4789.63 61363.9 25020.6 14064.8 82430.2 189867 85524.6 70675.3 33100.5 36572.1 23462.7 13109.4 36971.5 15592.5 7972.78 6208.48 16481.9 6900.92 20409.1 16927.9 1217.23 6093.53 37574.8 104343 66777.5 37565.4 19718.8 10955.8 25585 20352.2 24392.5 15458.9 6998.92 3870.12 6092.04 19539.2 17076.6 5599.97 3043.91 1745.72 2241.45 20489.5 10388.4 1343.01 31772.5 14111.7 431.453 273.888 2442.95 3935.88 2715.56 47058.7
internal_count=22789053 9557330 3140161 6417169 4371743 3774162 1320167 2045426 13231723 1836342 139693 1007821 649127 181879 1819994 1827613 874016 687396 275555 597581 250421 347160 739154 217813 113251 105859 550931 241301 201814 1696649 69494 62628 411841 953597 568191 385406 231506 467248 202179 158480 268667 196314 76393 29426 68628 189515 145144 56397 108288 31405 15095 188223 480634 7788 332542 126812 18335 7601 15803 143434 96342 336685
is_linear=0
shrinkage=0.1


Tree=30
num_leaves=63
num_cat=0
split_feature=7 12 4 1 7 0 1 25 22 9 1 27 11 7 27 33 22 25 18 27 25 2 3 0 14 16 0 25 9 31 0 1 1 27 4 0 22 27 25 30 7 2 2 35 25 1 3 21 32 26 9 3 0 28 35 33 8 11 28 18 27 1
split_gain=106812 36107.3 20966.1 18344.7 6651.05 5384.56 3922.44 3813.41 6848 3565.98 7088.98 4085.44 3335.66 7629.86 4032.82 3276.85 2684.37 3394.21 2618.03 2286.3 2272.07 2337.11 2571.31 2346.19 2457.19 2110.57 2032.14 2310.04 1930.63 1797.92 1560.27 1517.88 1471.05 1413.82 1382.78 1375.39 1280.81 1272.16 1978.89 1207.81 1184.48 1182.81 4114.93 2229.19 1154.04 1148.24 1100.03 1052.34 1046.3 1033.7 2357.94 1028.58 986.405 965.958 1332.53 960.323 953.897 905.414 887.264 860.423 852.935 847.171
threshold=60.771903991699226 1.0000000180025095e-35 0.85163515806198131 80.982517242431655 89.296943664550795 99.473682403564467 94.39203262329103 1.5000000000000002 1.0000000180025095e-35 0.23611111193895343 86.72955703735353 4.5000000000000009 1.0000000180025095e-35 72.787475585937514 1.5000000000000002 0.50330621004104625 1.0000000180025095e-35 1.5000000000000002 4.5000000000000009 1.5000000000000002 2.5000000000000004 86.319076538085952 96.49015045166017 90.815368652343764 inf 4.5000000000000009 20.144927978515629 1.5000000000000002 0.68333333730697643 0.78133994340896618 75.582656860351577 96.808147430419936 88.273490905761733 17.500000000000004 0.61106348037719738 51.000400543212898 1.0000000180025095e-35 31.500000000000004 4.5000000000000009 5.5000000000000009 98.799980163574233 90.501251220703139 69.614067077636733 2.5000000000000004 1.5000000000000002 90.054946899414077 87.226108551025405 1.0000000180025095e-35 10.500000000000002 1.5000000000000002 0.23611111193895343 59.516963958740241 88.982257843017592 2.5000000000000004 2.5000000000000004 0.57912030816078197 43.768491744995124 1.5000000000000002 1.5000000000000002 3.5000000000000004 23.500000000000004 5.0316455364227304
decision_type=8 2 2 2 10 2 2 2 2 10 2 2 2 10 2 2 2 2 10 2 2 2 2 2 8 8 2 2 10 2 2 2 2 2 2 2 2 2 2 2 10 2 2 2 2 2 2 2 2 2 10 2 2 2 2 2 10 2 2 10 2 2
left_child=9 3 6 4 18 12 16 35 51 -1 36 -12 13 14 25 -7 17 34 26 -17 41 23 32 24 -22 -5 57 30 -15 -4 55 -24 -23 -16 -3 49 -11 38 -18 -27 47 42 44 45 -14 -43 -20 -10 -38 50 -6 -9 -46 -33 -55 -28 -45 -2 -47 -19 -21 -39
right_child=1 2 29 5 7 15 -8 8 40 10 11 -13 20 28 33 19 37 59 46 60 21 22 31 -25 -26 39 27 -29 -30 -31 -32 53 -34 -35 -36 -37 48 61 -40 -41 -42 43 -44 56 52 58 -48 -49 -50 -51 -52 -53 -54 54 -56 -57 -58 -59 -60 -61 -62 -63
leaf_value=-0.097069561032078949 0.013637216229057959 0.0036485648582518281 0.099429135982721323 0.093024037434998194 0.01249399872182172 0.094099927897640961 0.10532956191591354 -0.095823732189417282 -0.024184219796984558 -0.090147541015586696 0.17993150464390573 -0.017484659613033991 0.049873507203508187 0.089568280649303333 -0.0090372793314243121 0.10705163579399224 -0.053072460108487277 -0.031389869310524662 -0.085447787351663224 0.02043736894869741 0.092494543269117269 -0.05573823729233255 -0.048680053636652287 0.10626844348730793 -0.053543200806794804 -0.083029437652394372 -0.0028289463653196957 -0.079667534110716642 -0.18273963369069937 0.060065027945487383 0.095627229448096873 -0.030709754410109227 0.067127656806988123 -0.076145385460729464 0.072601439199625903 0.069471750088531126 -0.070535726262518569 -0.10126648583897331 0.065939572560766574 0.043041673602408959 0.048893004598761017 -0.020222606841519278 0.08541818018732214 0.063968454221934479 -0.059443368132386556 -0.040703426726970277 0.02030964388565077 0.028821500303698275 0.11941124048152491 -0.024707572909511321 0.22230969558805375 -0.045804534310585066 0.10233139327671387 0.045216954003820795 -0.013371020365565367 -0.065270103966331705 -0.021501676181580349 -0.065501997096817213 0.042281597440528812 -0.085893252327736883 -0.047115544064316943 0.055382250290730239
leaf_weight=94306.791562633589 8355.2432422721758 17503.606695576571 70096.138129852712 5988.5245364811271 3426.1300697131082 13583.725286560133 4450.7152202762663 8648.8610909385607 8910.1399582047015 14444.658154436387 1759.2441997267306 2593.8582880580798 1738.5989560475573 17677.285602228716 16617.74182595592 2864.406318243593 3370.6343621704727 8388.1095621418208 22741.972908437252 10074.571408676915 1225.1035343818367 1117.1513045430183 7638.5703046889976 1081.418729711324 19348.139954099432 1278.0009497022256 5440.2215628409758 14271.139798301272 264.25405452772975 13904.572405535728 1076.7855467274785 6049.5897264722735 7629.3345790971071 3870.596649103798 3487.8951891623437 6751.0617977362126 615.92298799287528 353.67278698831797 2386.2473810762167 1874.5603873571381 6545.4407396670431 4161.0333499675617 8703.6323204953223 1398.8045095074922 4331.087311158888 1374.6083761379123 1027.977003607899 6461.8688501212746 548.02091118413955 4389.4387901611626 634.87262414395809 7835.8222738243639 412.83253591693938 7890.6060984330252 7641.5451693395153 4500.8023848049343 19636.709752945229 1748.1173755284399 20545.871615619399 4424.1046255379915 2294.8268032530323 14473.975023452193
leaf_count=11347759 118005 136365 1717984 45415 81765 270100 100060 865144 98656 1623172 31403 95562 14051 265790 126583 44771 24532 254539 1867298 56861 6973 8887 98031 6745 292275 10556 135362 939677 3892 240248 12600 42090 45648 76588 36613 66049 40552 1700 18657 13616 39422 37170 56802 15236 49212 7763 10844 54172 22098 80860 7250 111189 2356 50252 56760 103865 148823 49352 128932 318326 22615 125956
internal_value=-0.00252695 0.019227 0.0608487 0.000115411 -0.0320883 0.0184273 0.0150721 -0.00657418 -0.0233555 -0.0889421 -0.050545 0.0622983 0.0116329 0.0340917 0.00292756 0.0583896 0.0076861 -0.00965022 -0.0552053 0.0265472 0.00287024 -0.0110844 0.00386806 -0.0373003 -0.0448469 0.0581604 -0.0379658 -0.0531115 0.0855576 0.0929132 -0.0187141 -0.01037 0.0514345 -0.0217151 0.0151056 0.0358188 -0.082016 0.0361556 -0.00374156 -0.00806566 0.0132672 0.0162242 0.0404941 0.00840187 -0.0198223 0.027936 -0.0808741 -0.00190242 0.0188972 0.0089335 0.0452953 -0.0720476 -0.0453652 0.00318939 0.0163927 -0.0310992 -0.0158181 -5.57162e-05 0.0370777 -0.0502101 0.00790465 0.0516458
internal_weight=568187 453919 142840 311079 112766 198313 58839 53603.6 38402.1 114268 19961.7 4353.1 169496 47571 29629.4 28817.5 54388.2 33803.7 59162.3 15233.8 121925 59621.5 37966.8 21654.7 20573.2 9141.09 35392.3 25288.9 17941.5 84000.7 11017.8 29220.3 8746.49 20488.3 20991.5 15201.5 15608.6 20584.5 5756.88 3152.56 21917.4 62303.2 15186.2 47117 6482.52 26081.5 23769.9 15372 1163.94 8450.44 4061 16484.7 4743.92 21581.7 15532.2 9941.02 21035.5 10103.4 21920.5 12812.2 12369.4 14827.6
internal_count=22781829 9621283 2974980 6646303 4641510 2004793 1016748 1404507 1168583 13160546 1812787 126965 1610446 542440 272758 394347 916688 745843 3237003 124247 1068006 607661 301668 305993 299248 69587 1358861 1191504 269682 1958232 251827 247133 54535 203171 172978 235924 1685822 170845 43189 24172 192250 460345 122421 337924 65619 173865 1878142 152828 62650 169875 89015 976333 51568 149102 107012 239227 164059 167357 136695 572865 79476 127656
is_linear=0
shrinkage=0.1


Tree=31
num_leaves=63
num_cat=0
split_feature=7 12 6 3 0 0 9 19 9 0 27 7 18 28 8 11 25 24 7 0 25 20 18 13 2 25 22 32 22 25 24 2 25 31 7 11 9 20 8 2 7 8 20 13 2 7 32 26 20 33 20 2 28 27 20 2 7 21 3 2 17 27
split_gain=94780.7 31500.6 21552.9 14957 9955.72 6053.91 3858.7 3669.11 3580.72 6331.18 4204.21 3091.61 2527.22 2194.81 1651.77 3799.38 1740.08 1992.46 1537.74 1462.67 1638.4 1436.42 1411.41 1358.1 1344.88 1481.08 1283.42 1265.72 1220.01 1196.05 2268.26 1600.34 1740.64 1159.37 1139.63 1122.18 1114.77 1244.6 1100.37 1093.12 1014.82 1097.33 993.907 962.51 944.858 1002.67 934.36 1100.6 930.968 903.463 887.033 865.576 840.21 829.044 1961.94 4802.61 2399.06 1107.27 1014.52 806.836 805.698 791.663
threshold=60.771903991699226 1.0000000180025095e-35 1.0000000180025095e-35 65.419578552246108 24.417344093322757 91.922958374023452 0.35416667163372045 0.21442873775959018 0.17424242943525317 64.461452484130874 2.5000000000000004 99.781658172607436 6.5000000000000009 41.500000000000007 91.256069183349624 1.0000000180025095e-35 2.5000000000000004 2.5000000000000004 97.613353729248061 7.7422575950622567 2.5000000000000004 0.92286866903305065 2.5000000000000004 1.0000000180025095e-35 83.795948028564467 1.5000000000000002 1.0000000180025095e-35 11.500000000000002 1.0000000180025095e-35 1.5000000000000002 2.5000000000000004 83.795948028564467 4.5000000000000009 0.07934084534645082 98.799980163574233 2.5000000000000004 0.5634920895099641 0.88975995779037487 97.787567138671889 95.101959228515639 46.920478820800788 34.158597946166999 0.81045600771904003 1.0000000180025095e-35 76.253131866455092 54.595132827758796 9.5000000000000018 1.5000000000000002 0.8372633457183839 0.63071596622467052 0.81045600771904003 86.319076538085952 333.50000000000006 1.5000000000000002 1.0000000180025095e-35 92.422504425048842 53.583101272583015 1.0000000180025095e-35 99.333332061767592 49.151567459106452 1.0000000180025095e-35 1.5000000000000002
decision_type=8 2 2 2 2 2 8 2 10 2 2 10 10 2 8 2 2 2 10 2 2 2 8 2 2 2 2 2 2 2 2 2 2 2 10 2 10 2 10 2 10 10 2 2 2 10 2 2 2 2 2 2 2 2 2 2 10 2 2 2 2 2
left_child=8 3 7 4 12 11 18 13 -1 26 44 14 19 29 15 27 17 35 48 20 -2 -13 -15 51 25 59 -10 36 -27 -3 39 32 -32 -25 46 -17 -5 -38 43 -31 -12 -42 -40 -16 -11 53 47 50 61 -19 -21 -18 -29 54 55 -46 57 -57 -56 -6 -28 -7
right_child=1 2 -4 5 24 6 -8 -9 9 10 40 21 -14 22 38 16 23 49 -20 34 -22 -23 -24 33 -26 28 60 52 -30 30 31 -33 -34 -35 -36 -37 37 -39 42 -41 41 -43 -44 -45 45 -47 -48 -49 -50 -51 -52 -53 -54 -55 58 56 -58 -59 -60 -61 -62 -63
leaf_value=-0.096818878386251403 0.038861194914147017 0.014912250773486133 0.10017809101873834 0.078001607585761287 -0.050550656027201095 0.036799315800811534 0.088093744722924722 0.073473754277449801 -0.0937689968609111 0.042085702329553588 -0.065615415441244732 0.086423190081684281 -0.060892353039044625 0.054780509737550248 -0.03360871855152274 0.0060907930210640573 -0.045160965684217853 0.079218418480470953 0.093084748066526751 -0.012188548895382519 -0.079504051705773113 0.017595313449958107 0.0066255979469730629 -0.0084771169698392764 0.10964952060013584 -0.097527536666909706 0.088263855252696866 0.011014568775790604 0.0061773354739502045 -0.051734469319713067 -0.037040595721927909 0.085696501929192606 0.072733079225400246 0.061539637628767845 0.050586766491106175 -0.094238022230061294 0.029680946478783183 -0.24511465730633022 0.083825218376864213 -0.24925030316206392 0.26066815202965715 0.01004065439011341 -0.02080584229338503 -0.0050258386196142691 0.062973232233711027 0.12769821584832261 0.043940244169342051 -0.027366327524377756 0.071620932493776809 -0.027447529989458565 0.050902907815597899 -0.00045476693766233049 -0.18247963471050638 0.12733722476080006 0.8186113607216019 0.59597971847855946 0.39141994858150964 2.2333000931222551 0.21991543577664241 0.12538850388508946 -0.073701591910957584 0.0063895640566521321
leaf_weight=85007.405410382431 1693.1757056834176 15528.608534595929 64202.003236574121 10745.211881325115 8771.614066854585 13204.949837582186 13427.511981936172 10881.395664126612 12942.869473014493 427.57380337454379 2011.7104148450308 6098.6631840225309 6991.9817865593359 13582.904142265208 23245.290792872198 47020.19953049859 16116.805843582377 5378.7255097278394 3250.8939984850585 4370.259024547413 3780.4773305542767 6030.366570610553 11028.534479023889 10838.595499778166 378.09463356342167 23736.911545748357 660.43708267388865 2493.4567901715636 1191.3293719124049 9043.8860031035729 5985.6145349494182 2211.980833824724 1903.9544793083332 3024.9706385703757 6449.7233414417133 1141.9122042832896 657.08953476743773 220.00548908021301 2056.7469009729102 289.15617401152849 198.51278111338615 1455.9685358013958 1625.2958997953683 23888.712818879634 45.282611134462059 667.65867631696165 4599.2007516757585 10922.581753897946 3414.8177610840648 931.60437034443021 4546.954775526654 5922.1920009180903 246.61030380474404 189.03315859101713 30.984941201750189 4.8669462529942384 13.365077804774044 27.29012545524165 327.12673864746466 268.63396581541747 574.1319574303925 24341.384645851329
leaf_count=11254769 22098 127661 1737025 141473 412420 135208 236137 202138 1628202 25540 130161 94183 301352 166840 358762 415203 289569 45361 52755 147279 71619 62233 168677 89088 2587 2793244 27256 24750 17622 267017 235752 41209 25902 17092 55932 22022 9058 2785 11902 4259 2736 29467 11733 193276 3341 5241 58473 195654 35860 15756 57609 58161 1586 6168 851 284 87 936 2584 2939 42266 189439
internal_value=-0.0024129 0.0180237 0.0582678 0.000139929 -0.0376932 0.0131865 0.041144 0.0200776 -0.0879392 -0.0493817 0.042769 0.00357626 -0.00583302 0.0103247 -0.000215334 0.00696234 -0.000630324 0.0106348 0.0268851 0.00475413 -0.0428899 0.052203 0.033202 -0.0177221 -0.0779091 -0.0799968 -0.0844766 0.0547391 -0.0925714 -0.00577915 -0.022312 0.010526 -0.0105494 0.00680024 0.0131969 0.00371202 0.0691532 -0.0392472 -0.0150093 -0.0578539 -0.0179026 0.0401122 0.0376399 -0.0191222 0.171107 0.21336 0.00332932 -0.00608498 0.0216311 0.0634711 0.0199823 -0.0331478 -0.00640021 0.303012 0.376986 0.792146 1.51748 1.98549 0.271716 -0.0453226 0.0129424 0.0170846
internal_weight=542265 437681 134658 303023 77700.9 225322 57639.6 70456 104584 19576.8 5399.37 167682 43354.4 59574.6 155553 104737 90375 54472.4 44212 36362.4 5473.65 12129 24611.4 35902.6 34346.6 33968.5 14177.4 14362.4 24928.2 34963.2 19434.6 10101.5 7889.57 13863.6 30888.7 48162.1 11622.3 877.095 50816 9333.04 3666.19 1654.48 3682.04 47134 1733.18 1305.61 24439 19839.8 40961.2 6310.33 8917.21 22039 2740.07 637.95 448.916 90.8048 45.5221 32.1571 358.112 9040.25 1234.57 37546.3
internal_count=22788589 9628700 2976480 6652220 4138828 2513392 649399 1239455 13159889 1905120 207396 1863993 910016 1037317 1707577 1131904 952252 498342 413262 608664 93717 156416 335517 453910 3228812 3226225 1697724 179652 2810866 701800 574139 302863 261654 106180 514947 437225 153316 11843 575673 271276 162364 32203 23635 552038 45032 19492 459015 400542 360507 61117 204888 347730 26336 14251 8083 4648 1307 1220 3435 415359 69522 324647
is_linear=0
shrinkage=0.1


Tree=32
num_leaves=63
num_cat=0
split_feature=7 12 4 1 18 9 1 7 25 22 2 2 34 28 22 25 4 7 3 34 8 21 1 9 0 28 4 8 26 1 24 25 13 1 32 18 2 27 20 1 1 22 0 28 3 0 2 26 9 24 2 1 0 24 0 1 0 4 27 24 9 21
split_gain=84272.7 27983.2 19421.4 14231.6 5866.69 4796.99 3549.82 3426.73 4098.5 3295.56 3495.25 3251.67 3015.91 2370.63 2223.26 2710.59 2104.9 1992.81 1943.96 1656.51 1626.38 1937.52 1515.8 1463.06 3892.98 2096.8 1383.6 1376.33 1358.8 1241.73 1376.37 1475.31 1352.53 1238.63 1181.28 1675.5 1175.08 1173.85 1153.79 1123.67 1118.32 1676.97 1417.38 1408.18 1067.7 1037.36 1035.45 1031.03 1206.27 1028.68 1043.84 1024.75 1694.75 1037.8 1454.16 997.402 995.895 995.836 963.151 1600.99 928.515 927.426
threshold=58.47053527832032 1.0000000180025095e-35 0.87006494402885448 90.521114349365249 5.5000000000000009 0.47222222387790685 94.39203262329103 81.729778289794936 1.5000000000000002 1.0000000180025095e-35 61.651582717895515 87.895435333251967 1.152514696121216 101.50000000000001 1.0000000180025095e-35 1.5000000000000002 0.76775014400482189 97.789989471435561 87.585617065429702 1.2708274722099306 91.813587188720717 1.0000000180025095e-35 78.346122741699233 0.23611111193895343 70.801284790039077 13.500000000000002 0.6606537699699403 40.483493804931648 2.5000000000000004 99.473682403564467 2.5000000000000004 3.5000000000000004 1.0000000180025095e-35 19.399641990661625 5.5000000000000009 4.5000000000000009 75.716625213623061 10.500000000000002 0.8770810365676881 10.762548446655275 75.809822082519545 1.0000000180025095e-35 76.50690078735353 16.500000000000004 12.70161294937134 99.473682403564467 89.512962341308608 1.5000000000000002 0.23611111193895343 2.5000000000000004 91.476997375488295 66.274509429931655 64.038833618164077 2.5000000000000004 76.50690078735353 5.0316455364227304 51.000400543212898 0.94851297140121471 31.500000000000004 2.5000000000000004 0.64583334326744091 1.0000000180025095e-35
decision_type=8 2 2 2 10 8 2 10 2 2 2 2 2 2 2 2 2 10 2 2 10 2 2 10 2 2 2 8 2 2 2 2 2 2 2 10 2 2 2 2 2 2 2 2 2 2 2 2 10 2 2 2 2 2 2 2 2 2 2 2 10 2
left_child=12 3 6 4 7 17 14 40 47 10 -10 29 23 -14 15 26 33 20 22 49 27 -22 -12 -1 -25 61 -3 -5 -13 -7 32 -32 -31 -6 35 45 -24 -36 -19 44 41 42 -2 -42 -11 -29 -38 48 -9 50 -4 -17 -53 -54 -55 -16 -49 -52 59 -57 -30 -26
right_child=1 2 19 5 16 11 -8 8 9 39 18 28 13 -15 55 51 -18 38 -20 -21 21 -23 36 24 25 -27 -28 34 60 30 31 -33 -34 -35 37 -37 46 -39 -40 -41 43 -43 -44 -45 -46 -47 -48 56 -50 -51 57 52 53 54 -56 58 -58 -59 -60 -61 -62 -63
leaf_value=-0.098285531316615438 -0.076514861932839795 0.0032474244484845096 0.065390224212990594 0.078907342911474387 -0.042503736526585255 0.061947501463340028 0.10290338646425319 0.042077444547902798 -0.078656161807699021 0.0091962054291114103 -0.042575871527212858 0.085881293098912986 0.081801208694442532 -0.078120575975141174 -0.10223139251227085 -0.067384552817845944 -0.0052921014308845785 0.08785252080140496 -0.030873455756752835 0.10027230694659628 -0.044818134119208618 0.051970772891091227 -0.011950184685722714 -0.083626063488563884 -0.012168884617953244 -0.031704822132613074 0.080899294530302979 0.016735146867403117 -0.00050342736893892518 -0.089935227230987277 0.11518337592570559 -0.059058222158589684 0.12690771203104201 -0.090391932774573192 0.0098937714303152825 0.14402640852849916 0.10196699159496747 -0.022753513069988695 0.012099954512656589 0.051418096482775011 0.0062389719399171158 -0.006035248009564613 0.11698149698637783 -0.06570167288781846 -0.078563774771968131 0.089722786590911152 -0.070066415983915581 -0.018281416792401774 0.12706221344899463 0.09248404373569856 -0.15676962299912997 0.061706936452151008 -0.0053884669154886178 -0.032760534230208187 -0.23846667819691614 -0.072480023092523715 0.045148502514266518 0.017663503577974096 0.050761736885809733 0.041580157052462763 0.071047246124368302 0.23524462319982994
leaf_weight=74563.483402539976 14609.613137395587 18717.387535058893 7748.1920416653156 3016.2922317227349 8025.9285320709459 2046.4852469787002 4061.379794895649 8489.004488886334 11610.712865269743 16312.873180354945 2186.2466243216768 18346.185622077435 1796.2260523866862 1915.3286257404834 531.28813393041492 7990.5817140666768 5310.0451599825174 5172.5269824583083 18019.383198627271 51072.753438267857 10288.882207818329 2588.5409085825086 1801.1475152214989 12015.045836398844 193.03635131847113 939.92503492441028 2615.2005236595869 22478.838844845071 3679.8897734694183 2996.112971900031 1076.8410607837141 885.54670204594731 318.19355419278145 16515.207370630465 58613.64209780097 1200.8560220841318 3614.4358474258333 13561.506909915246 3289.1810650508851 6114.172083504498 8614.2844444345683 5294.0395923601463 388.63442782545462 3977.0759395021014 1515.0490503245965 2131.9756555445492 387.36154736578465 4880.3022069465369 2079.272956748493 8219.8237473275512 370.8191076181829 2006.3932433710434 1815.332481186837 812.25881117861718 595.66921701654792 1917.4017223548144 5022.8909448953345 2787.9756219610572 13673.378512889147 3435.6718391142786 3576.3221637886018 704.23170104529709
leaf_count=11076795 1076651 150343 149645 31348 274744 19338 108538 127030 929146 147352 28923 326226 29413 85296 3968 574439 59239 71635 191519 1546014 92818 22117 21376 1584261 8754 65255 38275 184860 20310 27537 13933 8381 3217 1881084 482950 11084 29863 173241 32804 46974 111261 113679 4354 80643 14116 45194 2876 81584 21186 185234 5743 18518 19412 6314 3965 17037 46732 47327 126270 23970 44949 17161
internal_value=-0.0022673 0.0163915 0.0554641 -0.000325844 -0.0228809 0.0207039 0.0127357 -0.0126209 -0.00168775 -0.0145773 -0.0330354 0.0545857 -0.089034 -0.000725602 0.00596799 -0.00928206 -0.0623786 0.0115855 -0.0126694 0.0908717 0.00810651 -0.0253622 0.0283892 -0.092741 -0.0628962 0.0726747 0.0127669 0.0123736 0.0713929 -0.00417371 -0.0298178 0.0365551 -0.069117 -0.0747306 0.0103255 0.0286858 0.0551251 0.00375944 0.0584065 0.0144251 -0.0398951 -0.0544217 -0.071501 -0.016484 0.0017382 0.0230579 0.0853147 0.0370735 0.0587979 0.06577 0.0456376 -0.044861 -0.0104463 -0.0553598 -0.119791 0.0329104 0.0138902 -0.00281365 0.036684 0.000725276 0.0347613 0.182017
internal_weight=520534 428407 128372 300036 144768 155268 58171.9 114917 82032.9 61561.4 37619.3 32925.6 92127.3 3711.55 54110.6 34552.8 29851.2 122342 26008.6 70199.6 113881 12877.4 7989.19 88415.7 13852.2 1837.19 21332.6 101003 25602.4 7323.18 5276.69 1962.39 3314.31 24541.1 97986.8 25811.7 5802.94 72175.1 8461.71 23942.1 32883.6 20292.3 14998.2 12591.4 17827.9 24610.8 4001.8 20471.5 10568.3 19126.8 10907 13220.2 5229.65 3223.26 1407.93 19557.7 9903.19 3158.79 19026.5 5353.07 7256.21 897.268
internal_count=22794221 9927286 3025012 6902274 5290332 1611942 1091049 3075265 1688677 1412145 1203703 463891 12866935 114709 982511 811266 2215067 1148051 274557 1933963 1043612 114935 83038 12752226 1675431 91170 188618 928677 391485 72406 53068 22314 30754 2155828 897329 241138 54115 656191 104439 208442 1386588 1194684 1081005 191904 161468 230054 32739 276532 148216 387949 202715 622648 48209 29691 10279 171245 128316 53070 167277 41007 65259 25915
is_linear=0
shrinkage=0.1


Tree=33
num_leaves=63
num_cat=0
split_feature=7 12 6 3 0 0 4 7 20 27 18 9 0 27 11 8 11 18 25 22 20 2 33 33 28 20 11 0 25 22 2 25 9 28 25 4 29 25 2 28 19 3 29 18 7 9 8 16 11 27 19 21 20 4 20 32 18 7 25 8 9 33
split_gain=74778.1 24732.6 20311.2 12135.3 9265.97 4888.77 3512.23 3252.9 2984.12 2350.35 2183.53 2119.28 3826.89 2293.51 1866.29 1806.33 4312.43 1791.4 1576.92 1468.81 1342.02 1333.84 1319.04 1303.46 1551.47 1260.67 3131.09 1239.91 1388.94 1186.22 1126.1 1804.26 1072.26 1045.85 1029.82 936.22 898.459 874.759 1112.05 1141.57 1527.35 946.981 870.429 861.691 853.729 851.237 849.853 877.194 1295.91 2945.44 1886.9 1080.87 858.345 809.323 798.328 794.603 2252.69 788.326 776.079 774.271 862.426 767.73
threshold=56.152366638183601 1.0000000180025095e-35 1.0000000180025095e-35 65.419578552246108 23.132664680480961 99.473682403564467 0.89240258932113659 98.799980163574233 0.39794358611106878 1.5000000000000002 5.5000000000000009 0.17424242943525317 67.890834808349624 2.5000000000000004 2.5000000000000004 91.256069183349624 1.0000000180025095e-35 6.5000000000000009 1.5000000000000002 1.0000000180025095e-35 0.92843535542488109 83.795948028564467 0.2026665806770325 0.54960685968399059 24.500000000000004 0.95876392722129833 1.5000000000000002 7.7422575950622567 2.5000000000000004 1.0000000180025095e-35 87.895435333251967 2.5000000000000004 0.5634920895099641 1.5000000000000002 3.5000000000000004 0.90002673864364635 20.500000000000004 2.5000000000000004 91.734970092773452 13.500000000000002 0.19548859447240832 88.416816711425795 17.500000000000004 1.5000000000000002 46.920478820800788 inf 97.787567138671889 5.5000000000000009 1.0000000180025095e-35 1.5000000000000002 0.38464850187301641 1.0000000180025095e-35 0.80445021390914928 0.80953791737556469 0.92843535542488109 2.5000000000000004 1.5000000000000002 94.146202087402358 1.5000000000000002 41.872640609741218 0.087121214717626586 0.75217103958129894
decision_type=8 2 2 2 2 2 2 10 2 2 10 10 2 2 2 8 2 10 2 2 2 2 2 2 2 2 2 2 2 2 2 2 10 2 2 2 2 2 2 2 2 2 2 10 10 8 10 8 2 2 2 2 2 2 2 2 10 10 2 10 10 2
left_child=11 3 6 4 17 7 10 14 9 -7 19 -1 -13 35 15 16 23 27 57 30 -9 29 25 32 45 33 -27 28 -2 -20 31 42 -5 -18 59 -14 58 38 -8 40 41 -40 -3 -44 -15 -25 47 48 49 50 -17 -50 -48 -33 -34 56 -35 -6 -29 60 -24 -61
right_child=1 2 -4 5 18 8 37 20 -10 -11 -12 12 13 44 -16 46 22 -19 21 -21 -22 -23 34 24 -26 26 -28 36 -30 -31 -32 53 54 55 -36 -37 -38 -39 39 -41 -42 -43 43 -45 -46 -47 52 -49 51 -51 -52 -53 -54 -55 -56 -57 -58 -59 -60 61 -62 -63
leaf_value=-0.097871898900133356 0.033985912802043695 0.062056464704954607 0.098422640674187892 0.082106734937561793 -0.058839279114630688 0.11079288508513581 0.064973436004647153 0.080959233547787141 0.089519190670443741 0.0040961976223628698 -0.043957684315036494 -0.085466737924278655 -0.031126119897200457 -0.060716443891974517 -0.085296894954465574 -0.026631944601045638 -0.019533890931028461 -0.053534343608467642 -0.096799379164078894 0.037564300657029571 0.020151573710318633 0.098110835566056903 -0.0046568221975098155 0.060760438143052979 -0.084725477186157749 -0.041226691897145402 0.094450878752352599 0.043681326536507595 -0.074832280183013369 0.0029913150256935107 0.096927551681585053 -0.078760838305900749 0.021330637073010805 0.032456404026910621 -0.036826471966086724 0.19549258754163545 0.022324076342634089 0.089309434685321279 -0.52573700029104564 0.083301011666103222 0.045492805220090665 -0.12143715773806751 0.018495059052681114 -0.021985663281319488 0.066117713085362378 -0.16344456082275949 0.073903993962219958 -0.027622213766675115 -0.049820027040074377 -0.019698301558191078 0.093523196765914987 0.023751064387979318 -0.028750212198419018 0.015557063096014533 -0.19602920542785157 0.020138349105840257 0.15303900638413107 0.0049590151231313183 -0.035102678974625726 -0.00065508680068402173 0.090128634802004115 -0.042702338663136746
leaf_weight=66535.145671124104 1731.5058911084197 2637.8144484348595 53936.602192973252 11420.918093261775 6580.4553805799223 2473.9636282101274 5134.4593743886799 7350.0969959357753 11493.668025601655 12476.299073903821 7843.8901366549544 10703.508712418843 227.45033925259486 1685.4776776912622 2430.6112093823031 1730.2124111810699 4387.6227264893241 6253.7695129038766 22384.405119154602 16046.246513245627 7169.9628487285227 376.96346552856266 1959.9921284578741 2908.2247945163399 1239.8061792384833 8477.2313044434413 2127.8433326929808 1598.5231633447111 3636.1469412650913 1258.1510221734643 1157.3157079843804 3990.7116753505543 757.98432194720954 8121.3085259911604 9773.1641788366251 918.35503913741559 22621.585667826701 6187.0909110717475 62.049617130309343 771.41531552001834 720.07243474386632 873.47058502957225 12299.437763078138 9185.5329398452304 774.58911493001506 179.81021292461082 2213.7283598957583 26681.635833841749 7551.4278677320108 10287.98597477749 5342.824159081094 2714.8389462064952 1288.7072610659525 1178.4228948671371 217.45056691858917 17431.895683292765 1914.5163109432906 2744.635482121259 5740.4539870223962 43045.652613869868 1881.3304037088528 4829.6448749154806
leaf_count=10829084 23426 37402 1739584 171336 422166 42278 96502 123810 278100 84144 305736 1536303 14524 116771 56265 35393 44212 285829 3163158 152650 77284 2676 49904 30472 10693 77119 17401 36818 74832 19906 22400 208170 11415 66177 134527 15028 302171 153816 853 13189 15373 11475 127610 184241 21982 2399 13338 335761 68807 107114 47657 20625 9611 13922 2540 156304 14410 59105 144388 426404 13784 109642
internal_value=-0.00231176 0.0146843 0.0525834 -0.000896913 -0.0356929 0.0108533 0.0162713 0.00539321 0.0512067 0.0217523 0.00484705 -0.0903634 -0.0554506 0.0336478 0.00173829 0.00292353 0.00988653 -0.00420181 -0.0749635 0.0130805 0.0509326 -0.0885134 0.00230401 0.0570161 0.00976765 0.0158598 -0.0140038 0.00453099 -0.0397295 -0.091489 0.000177969 -0.00364458 0.0735116 0.0258018 -0.00705666 0.150507 0.0124606 0.0614241 0.0386073 -0.0171717 -0.0639864 -0.148253 0.00784413 0.00118822 -0.0207808 0.0477054 -0.0116109 -0.0146899 -0.00220032 0.0144544 0.0641307 -0.0303647 0.0361328 -0.0572589 -0.0271247 0.0330437 0.0554597 -0.0400617 -0.0179425 -0.0014309 0.0417654 -0.0048968
internal_weight=499676 418831 122025 296807 74926.6 221880 68087.9 195436 26443.9 14950.3 54339.4 80844.5 14309.4 3605.87 180916 178486 120674 41582 33344.6 46495.5 14520.1 24019.5 103950 16724.2 4327.84 42460.4 10605.1 35328.2 5367.65 23642.6 30449.2 29291.9 12396.4 31855.3 61489.8 1145.81 29960.6 13748.6 7561.47 2427.01 1655.59 935.52 24122.8 21485 2460.07 3088.04 57811.4 54308.9 27627.3 17361 7073.04 10266.3 3502.44 5169.13 975.435 27467.7 10035.8 9325.09 7338.98 51716.6 3841.32 47875.3
internal_count=22790016 10256324 3082923 7173401 4534475 2638926 1343339 2234404 404522 126422 1052131 12533692 1704608 168305 2033310 1977045 1338739 867464 3667011 746395 201094 3185740 1109884 228855 43564 375623 94520 581635 98258 3183064 593745 571345 185291 281103 734261 29552 483377 291208 137392 40890 27701 12328 349253 311851 138753 32871 638306 615357 279596 190164 83050 89432 22949 222092 13955 236891 80587 481271 181206 599734 63688 536046
is_linear=0
shrinkage=0.1


Tree=34
num_leaves=63
num_cat=0
split_feature=7 34 11 34 11 3 1 18 0 34 1 7 6 0 27 28 11 25 3 2 0 24 7 16 3 1 1 7 22 1 22 25 4 25 1 1 28 1 2 1 6 1 27 25 27 0 2 30 1 25 10 0 7 2 28 1 1 26 10 11 25 20
split_gain=66594.1 21668.1 10711.6 12016.6 6718.78 5115.6 5455.33 3578.42 2301.87 2289.19 2035.12 1864.09 3400.68 1930.52 3302.35 1690.41 1627.03 1695.84 2286.06 2106.79 1807.45 1597.65 1546.84 1532.71 1479.47 2638.14 1479.02 1472.85 1457.56 1422.74 1694.08 1430.68 1393.7 1360.08 1335.9 1326.01 1324.12 1264.87 1239.28 1671.11 1229.88 1178.07 1165.9 1379.78 1159.37 1111.71 1073.52 1052.93 1027.57 1329.08 1002.38 2015.03 1607.01 994.259 988.57 969.746 956.611 909.165 1052.52 899.885 888.928 881.531
threshold=56.152366638183601 1.8107450604438784 1.0000000180025095e-35 1.2096540927886965 1.0000000180025095e-35 60.922586441040046 24.068965911865238 5.5000000000000009 91.922958374023452 1.137147128582001 73.942821502685561 79.18729400634767 1.0000000180025095e-35 69.282051086425795 1.5000000000000002 114.50000000000001 2.5000000000000004 1.5000000000000002 99.333332061767592 74.352157592773452 88.493064880371108 2.5000000000000004 98.799980163574233 3.5000000000000004 90.521114349365249 93.40579986572267 79.337715148925795 98.270881652832045 1.0000000180025095e-35 87.428161621093764 1.0000000180025095e-35 1.5000000000000002 0.78190237283706676 2.5000000000000004 20.169491767883304 66.274509429931655 1164.5000000000002 20.169491767883304 39.250699996948249 32.305501937866218 1.0000000180025095e-35 70.659969329833999 36.500000000000007 4.5000000000000009 30.500000000000004 99.473682403564467 95.488464355468764 4.5000000000000009 7.2508215904235849 3.5000000000000004 1.0000000180025095e-35 71.89255523681642 46.920478820800788 5.4424288272857675 2.5000000000000004 84.680576324462905 73.942821502685561 1.0000000180025095e-35 1.0000000180025095e-35 1.5000000000000002 1.5000000000000002 0.95876392722129833
decision_type=8 2 2 2 2 2 2 10 2 2 2 10 2 2 2 2 2 2 2 2 2 2 10 8 2 2 2 10 2 2 2 2 2 2 2 2 2 2 2 2 2 2 2 2 2 2 2 2 2 2 2 2 10 2 2 2 2 2 2 2 2 2
left_child=9 2 3 7 -3 6 22 11 55 50 37 13 29 34 23 -11 17 18 40 20 21 28 42 -15 26 -26 -21 -8 -19 30 31 38 -33 56 -2 -20 -5 -9 39 -13 -7 -36 53 57 60 54 -34 -25 49 -32 -1 -52 -53 -4 -27 -6 -23 -44 -59 -54 -16 -24
right_child=1 4 5 36 8 16 27 10 -10 15 -12 12 -14 14 44 -17 -18 19 35 24 -22 33 61 47 25 45 -28 -29 -30 -31 48 32 46 -35 41 -37 -38 -39 -40 -41 -42 -43 43 -45 -46 -47 -48 -49 -50 -51 51 52 59 -55 -56 -57 -58 58 -60 -61 -62 -63
leaf_value=-0.098465078151365237 0.036583802563124483 0.10093790454008916 -0.095168044369281252 0.080667144556914164 -0.073993148627361713 0.028984683701295495 -0.085466756358890492 -0.01368840152406519 0.084721170497864748 0.06955856348308663 0.062452190141542921 0.01888926742595573 0.083357329742218461 0.095567291702821022 0.081256614169390048 -0.080843593708028474 -0.083760155526666297 -0.068624854393946125 -0.062293638083450224 -0.065696074920531602 0.099663670164093873 -0.032981955355138287 0.087743610170555666 -0.059387814687989621 -0.035554196624029435 -0.023172606581600641 0.041603546883380138 0.08662381359297848 0.12442245666945524 0.054828026338224589 0.017002596242407891 -0.053256794293859093 0.021204977503239374 -0.044949384228472979 -0.069476236577507566 0.021960934430769189 -0.087350217940735941 -0.074274130496134086 0.070602886446940877 -0.053936720033294909 0.13103631513946387 -0.0084851139936748723 0.10171489848510906 -0.08128750788785688 -0.053998554123901227 0.050003725332252974 -0.49700288158176059 0.04977775598920569 0.041411116842287238 -0.16281258200880655 -0.0842503135543618 -0.031629526451815958 0.23742053022117218 -0.026717259241511571 0.0098423268281394062 0.017409065305455232 0.10342677892754651 -0.037358220088819845 0.022624910860168657 -0.076196062607828519 -0.00059967593219637991 -0.010285810082853107
leaf_weight=58836.018335326575 2610.1882349699736 32810.220626132563 3137.8646440543234 30982.617420921102 1258.0970471054316 2073.5330930692144 19168.880301967729 6093.0086600468494 5590.5865454822779 1532.6389696742408 1895.2236887384206 15247.109557110816 9003.8817798877135 5869.3267603544518 1407.0728616593406 1458.3388584991917 2403.3839790322818 12098.210300239734 2326.2212862772867 1429.1254664626904 931.45554032362998 756.9156332029961 2204.3525081928819 1277.2068383255973 20094.023709067143 11847.398353558965 12705.676349426154 510.57672511367127 404.17693972587585 8947.6512307943776 1472.0522929513827 8122.4613624433987 4387.2114889854565 2625.3212960674427 7009.3773915860802 9481.3345407969318 476.26117598265409 7931.6965397582389 3250.5520957522094 3971.6331837829202 2743.3215878242627 5777.072286513634 943.3265950512141 2036.6072163786739 3995.0347014339641 5358.6265757381916 40.343742743134499 2866.5849341149442 19142.101980091073 570.30408189725131 10179.373261097353 1300.1796323666349 437.61127362493426 6554.4336885265075 38681.501077908091 15004.036001805216 1602.6131722838618 4711.4881897931919 7716.167059963569 115.67870385106653 23216.661004015245 1571.1536129391752
leaf_count=10671710 44748 1177581 147732 890182 8321 25859 2495330 89280 94160 31248 31624 104485 203136 67896 13197 84055 60791 232743 34107 17000 6001 20728 13100 12383 254552 109382 92132 21272 3050 160994 11834 532237 52136 72985 577048 96797 7325 763795 32348 40727 28520 83714 12567 46728 77347 92104 513 27048 176410 4892 1609333 117995 10011 286951 321461 102307 15111 125536 68304 9604 160171 9015
internal_value=-0.00212304 0.0137538 0.00464967 0.0221296 0.072326 -0.0127752 -0.0403995 0.00990572 0.0293674 -0.08947 -0.0348094 0.0154592 0.0257525 0.00133132 0.0132648 -0.00377441 -0.00226037 -0.000695359 0.0290468 -0.00525099 -0.0360685 -0.0432983 -0.0127278 0.0626935 0.00104774 -0.00447865 0.0307548 -0.0810019 -0.062384 0.0177916 0.0118954 -0.00160792 -0.0286531 0.00457024 -0.028611 0.00536184 0.0781235 -0.0479528 0.0134979 0.00383947 0.0871057 -0.0419197 -0.0217043 -0.00461043 -0.00402933 0.00669438 0.0164831 0.0161306 0.0342172 -0.0332087 -0.0930867 -0.0667885 0.0291127 -0.0488781 0.00210139 0.0103379 0.0596681 0.00706868 -0.000115486 0.171851 0.00407783 0.0469493
internal_weight=480203 406343 351680 175563 54662.9 176118 48554.9 144104 21852.7 73859.8 15919.9 128184 74155.3 54028.5 38631.9 2990.98 127563 125159 16624.4 108535 18418.7 17487.2 28875.4 10013.1 90116.4 75981.5 14134.8 19679.5 12502.4 65151.4 56203.8 35019.3 12550 4984.85 15396.6 11807.6 31458.9 14024.7 22469.3 19218.7 4816.85 12786.4 25099.9 15407.6 28618.8 55887.5 4427.56 4143.79 21184.5 2042.36 70868.9 12032.8 1853.47 9692.3 50528.9 16262.1 2359.53 13371 12427.7 553.29 24623.7 3775.51
internal_count=22791653 10257697 8875328 4165470 1382369 4709858 3226535 3267963 204788 12533956 884699 2383264 1319712 1063552 358042 115303 1483323 1422532 185283 1237249 350618 344617 709933 107327 886631 777499 109132 2516602 235793 1116576 955582 762446 584886 108824 705510 130904 897507 853075 177560 145212 54379 660762 687818 253135 250715 522947 52649 39431 193136 16726 12418653 1746943 137610 434683 430843 110628 35839 206407 193840 19615 173368 22115
is_linear=0
shrinkage=0.1


Tree=35
num_leaves=63
num_cat=0
split_feature=7 34 3 0 12 11 6 18 7 0 7 0 34 9 19 13 1 25 24 34 33 25 2 4 3 2 28 21 25 24 1 4 1 24 1 1 27 25 25 24 25 3 9 4 27 34 2 0 20 11 4 2 25 2 1 22 22 24 2 0 25 8
split_gain=59179.2 19133.2 9158.73 11798.6 11084.1 6754.45 3381.32 3012.22 2384.3 2082.37 2062.64 2033.66 2004.69 1489.61 1439.54 1679.63 3625.95 1994.87 2713.85 2113.35 1795.11 2171.42 2982.76 1784.83 1411.15 1336.04 1321.32 1265 1259.75 2189.43 1159.19 1280.11 1154.19 1121.93 1032.71 999.776 978.926 1174.72 1222.64 1012.48 944.424 987.572 914.752 1812.19 1669.74 1328.85 911.532 1113.84 886.835 996.8 874.964 852.265 1100.97 840.916 1016.73 829.57 801.048 784.726 767.701 833.691 767.668 744.243
threshold=55.081142425537116 1.8107450604438784 56.635221481323249 26.747966766357425 1.0000000180025095e-35 1.0000000180025095e-35 1.0000000180025095e-35 2.5000000000000004 97.789989471435561 91.922958374023452 98.270881652832045 91.922958374023452 1.137147128582001 0.35416667163372045 0.16927243024110797 1.0000000180025095e-35 99.473682403564467 2.5000000000000004 2.5000000000000004 0.39486575126647955 0.63071596622467052 1.5000000000000002 73.499401092529311 0.97034999728202831 99.333332061767592 83.047893524169936 101.50000000000001 1.0000000180025095e-35 3.5000000000000004 2.5000000000000004 77.032970428466811 0.99772727489471447 90.366767883300795 2.5000000000000004 62.563131332397468 5.0316455364227304 35.500000000000007 1.5000000000000002 4.5000000000000009 2.5000000000000004 1.5000000000000002 15.587044239044191 0.17424242943525317 0.87695360183715831 1.5000000000000002 0.45652583241462713 71.535182952880874 77.836257934570327 0.97196012735366832 1.5000000000000002 1.0000000180025095e-35 32.305501937866218 1.5000000000000002 91.734970092773452 84.680576324462905 1.0000000180025095e-35 1.0000000180025095e-35 2.5000000000000004 89.009658813476577 79.814815521240249 5.5000000000000009 37.981754302978523
decision_type=8 2 2 2 2 2 2 10 10 2 10 2 2 8 2 2 2 2 2 2 2 2 2 2 2 2 2 2 2 2 2 2 2 2 2 2 2 2 2 2 2 2 10 2 2 2 2 2 2 2 2 2 2 2 2 2 2 2 2 2 2 8
left_child=12 2 3 7 9 -3 32 35 40 14 36 48 42 61 51 17 -17 18 20 -20 21 24 -23 -18 -16 55 -14 -10 33 -30 31 -21 -6 -27 -26 -2 37 -9 -39 -40 -5 -42 -1 56 45 -45 47 -36 -7 -50 -38 -4 57 54 -35 -19 -44 -53 59 -24 -37 -11
right_child=1 5 4 8 6 11 -8 10 27 13 -12 -13 26 -15 15 16 23 25 19 30 -22 22 58 -25 34 28 -28 -29 29 -31 -32 -33 -34 53 46 60 50 38 39 -41 41 -43 43 44 -46 -47 -48 -49 49 -51 -52 52 -54 -55 -56 -57 -58 -59 -60 -61 -62 -63
leaf_value=-0.098366563776320207 -0.085524313680645864 0.10038210958524374 -0.051419742912176963 -0.053128681629835209 0.017428037874816199 0.025099101764416033 0.090813942683489024 -0.0030756898028762754 -0.036415762801085737 0.10761173787999823 0.025485296997532797 0.080459328157481858 0.062827903965957915 0.068258253187474735 0.12274171898333436 -0.034556935488273627 0.077067623652047931 -0.053610661641804294 -0.049458455602452323 -0.049798299414749211 -0.052596876067937462 -0.081229352887125295 -0.02100455588327392 0.015894162506096404 -0.066948885369935804 -0.06788108063966676 -0.077856367322651943 0.068665097389873919 0.18960086567198475 -0.057165760927435187 0.09010846259069144 0.11841851500059192 0.062514543594498151 -0.06029253097316211 0.079834698143950431 0.026794986249134064 -0.0029346343654477235 -0.091632481485378531 -0.085671486250573331 0.051497544343332924 0.051566220945429314 -0.095163068464659106 -0.096900789342981186 -0.02289283313347612 -0.03585398277372908 0.29285979196546963 -0.0089407789415936762 -0.11687307819995303 -0.045595951302320012 0.071008064769118612 -0.074267536438008624 0.044768709332319329 0.01392235914767192 0.0040141203832215616 0.11648678239124427 0.12165890909712854 0.017532650188814437 0.13109495076444491 -0.0072881841353488706 0.097832604349805896 -0.07913304627016432 0.014102124418287008
leaf_weight=53211.128793702926 839.39363676309586 29821.113421756774 1396.6096672620624 9364.0613238252699 14500.014264892787 11087.72460022755 20041.671759658027 3541.3286178424023 4916.1929517779499 870.4765437101014 8211.7395459120162 5327.0214563682675 1390.9019974065013 6387.3055790746585 1583.8084772336297 14042.215426357463 5597.9486238737591 18309.626568366773 1912.6047425083816 1427.9254422187805 9044.8153364076279 5713.7928096870892 904.78189252363518 32227.612108375877 1179.6806348245591 1070.3389917733148 1283.7951024533249 1493.7115391688421 384.98369426652789 5442.3909903611057 5926.8656018716283 662.16600243281573 9332.117682479322 388.91062430059537 3749.7132925800979 36810.876808049623 11713.288631299045 6912.1533659403212 928.36405791575089 1280.1058704201132 469.86818533809856 19310.403788238298 7499.8318443382159 223.93463775981218 1640.8895674203523 329.26079352060333 2863.1901198476553 311.79449082026258 4210.4826822206378 887.69576482847333 2015.3966563185677 4017.6639426997863 13151.286952492315 2436.5708815869875 1990.5042320708744 274.08986682724208 666.04536232305691 1427.0265904087573 6828.5432511917315 1698.6381857609376 697.10690732486546 38320.07103584893
leaf_count=10653270 10779 1177367 64080 426119 195665 78014 703835 141456 251275 9817 90896 93959 27644 116443 24305 205232 43084 370784 54331 25926 238057 93587 8906 243866 10296 14578 82193 35751 3193 77729 54713 12114 224353 4774 30020 455378 152075 524624 48655 19305 13041 3098784 1366241 20649 155541 5634 27168 1895 25577 7111 145687 47218 202377 30016 16761 2305 62930 16620 57577 13540 8146 366416
internal_value=-0.00203564 0.0126245 0.00412432 -0.0199129 0.0152031 0.0695729 0.060541 0.00310814 -0.0671472 0.00481827 -0.0182836 0.0268654 -0.0895054 0.0234775 -0.00100807 -0.00496429 0.00883777 -0.0146246 -0.000980116 0.044994 -0.0144547 -0.000562897 -0.0242126 0.0249475 0.0364092 -0.0343537 -0.00469742 -0.0119286 -0.00790367 -0.0408632 0.0675275 0.0034948 0.0350829 0.0247258 0.0195375 0.0224108 -0.0319028 -0.0519574 -0.070937 -0.00616355 -0.0792919 -0.0916776 -0.0930736 -0.0658877 0.0147981 0.165042 0.0342712 0.0647338 0.00922683 -0.0252928 -0.0134064 0.0239201 0.0295784 0.0453074 0.0875926 -0.0510256 -0.0875671 0.0673944 0.0103276 0.0565324 0.0248263 0.0161791
internal_weight=461502 395256 343922 108504 235418 51334 43873.8 72949.8 35554.2 191544 34602.4 21512.9 66245.8 45577.9 145966 125974 51867.8 74105.7 43808.3 9929.56 33878.8 24833.9 15145.8 37825.6 9688.19 30297.4 2674.7 6409.9 11713.7 5827.37 8016.96 2090.09 23832.1 5886.32 8104.38 38347.4 26390.6 12662 9120.62 2208.47 29144.3 19780.3 63571.1 10360 2194.08 553.195 6924.7 4061.51 16185.9 5098.18 13728.7 19992.6 18596 4815.99 2379.41 18583.7 8165.88 5444.69 9431.96 2603.42 37508 39190.5
internal_count=22789682 10415580 9033552 5421971 3611581 1382028 1123853 1597001 3824970 2487728 1122698 204661 12374102 492676 1995052 1664757 492182 1172575 652435 147084 505351 267294 173610 286950 93684 520140 109837 287026 147051 80922 92753 38040 420018 66129 69379 474303 1031802 734040 592584 67960 3537944 3111825 12264265 1610995 181824 26283 59083 31915 110702 32688 297762 330295 266215 51551 21535 373089 1429171 63838 80023 22446 463524 376233
is_linear=0
shrinkage=0.1


Tree=36
num_leaves=63
num_cat=0
split_feature=7 34 9 1 1 9 12 18 0 7 25 22 1 0 0 34 7 20 26 19 0 1 25 3 8 3 2 28 0 1 29 25 22 18 0 28 33 7 21 1 1 2 2 2 9 0 7 9 22 7 21 25 0 1 8 0 29 25 24 0 2 28
split_gain=52654.4 16898.8 8245 8885.91 5952.9 5114.75 4099.94 3042.03 2318.6 2279.87 2110.84 3147.32 3377.88 2848.3 1815.07 1744.27 1650.29 2299.99 1591.19 1560.09 1467.96 1454.68 1406.6 1589.1 1259.12 1119.21 1187.33 1060.55 1026.97 1019.43 1011.97 1008.33 2289.18 998.382 976.666 968.841 1481.93 1167.91 1695.85 925.917 897.026 1147.29 894.85 850.454 815.103 1734.93 1195.4 778.004 762.565 757.748 2429.71 6673.57 3676.57 3273.58 2654.94 1060.68 952.949 733.587 2695.22 690.055 688.498 679.502
threshold=54.067844390869148 1.8372015357017519 0.23611111193895343 73.942821502685561 90.521114349365249 0.89898991584777843 1.0000000180025095e-35 6.5000000000000009 90.353595733642592 85.019683837890639 1.5000000000000002 1.0000000180025095e-35 69.920635223388686 51.000400543212898 99.473682403564467 1.137147128582001 97.789989471435561 0.91297993063926708 1.5000000000000002 0.75892975926399242 86.240703582763686 8.1912217140197772 3.5000000000000004 7.8461537361145028 47.76948547363282 82.426471710205092 73.499401092529311 114.50000000000001 77.836257934570327 98.529094696044936 17.500000000000004 1.5000000000000002 1.0000000180025095e-35 2.5000000000000004 63.702239990234382 27.500000000000004 0.55502489209175121 91.813587188720717 1.0000000180025095e-35 92.63776016235353 30.860805511474613 30.471628189086918 13.446327686309816 90.501251220703139 0.23611111193895343 64.747306823730483 46.920478820800788 0.35416667163372045 1.0000000180025095e-35 99.781658172607436 1.0000000180025095e-35 2.5000000000000004 35.368577957153327 22.378716468811039 99.797569274902358 22.361110687255863 19.500000000000004 2.5000000000000004 2.5000000000000004 63.702239990234382 1.0000000180025095e-35 36.500000000000007
decision_type=8 2 8 2 2 8 2 10 2 10 2 2 2 2 2 2 10 2 2 2 2 2 2 2 10 2 2 2 2 2 2 2 2 8 2 2 2 10 2 2 2 2 2 2 10 2 10 8 2 10 2 2 2 2 10 2 2 2 2 2 2 2
left_child=15 2 3 9 7 8 14 10 39 28 13 12 33 30 18 44 35 -18 47 -15 25 22 61 60 -20 26 34 -17 48 -8 -4 59 -33 49 -14 37 -37 -5 -39 -3 42 -42 -32 -22 -1 -46 -47 -6 -2 -12 -51 52 53 -52 -55 -56 -57 58 -27 -11 -24 -13
right_child=1 5 4 16 6 -7 29 -9 -10 31 11 21 20 19 -16 27 17 -19 24 -21 43 -23 23 -25 -26 57 -28 -29 -30 -31 40 32 -34 -35 -36 36 -38 38 -40 -41 41 -43 -44 -45 45 46 -48 -49 -50 50 51 -53 -54 54 55 56 -58 -59 -60 -61 -62 -63
leaf_value=-0.098245533951474381 -0.085985059829840838 -0.03135488175793482 0.071611188207533913 0.010248313615098235 0.13100192074976816 0.10112528088416216 0.051848308110626941 -0.041837183685611908 0.079709925656710867 -0.011287685335902889 -0.055508247801539401 -0.074540890470933471 0.054859647856574746 0.076240029678166149 0.086614422532238597 0.053219082903555204 0.082042623524423472 -0.067498800412697277 0.062671354048678837 -0.064843245048049974 0.072978905429860866 0.032031489034614329 -0.16562189997870033 -0.12073301549593203 -0.0016162187177559896 -0.045742259226032374 0.07130759420374691 -0.080108539523866457 0.1290318965303289 0.097065901932073845 -0.038327511725731893 -0.085233972278553449 -0.0067853994167255335 -0.088144600204563731 -0.048590988461704045 0.0050541217405182595 -0.045661714836197714 -0.031896524789339874 0.043528586616961837 0.025888047911485291 -0.079862234260519499 0.0060305135476426503 0.027327342620274631 -0.029118693081285698 -0.08661682141807947 -0.022643765700510372 0.17189308883451832 0.044292656713601601 -0.039731187147042824 -0.03193243359766397 0.60462926914054371 -0.089281255837715998 0.09769733706930897 1.1627649688901665 1.5659216083607195 4.7084045716840626 2.774047705006959 -0.05333896385619772 0.087071834060529735 0.072015244684431434 0.058631506429328323 0.038315172634817422
leaf_weight=48109.693913424388 17022.067079703324 3916.4154916070402 2376.409143824596 66140.443936400115 1258.7991506289691 23707.327429162338 8074.6304523907602 12065.206837008242 7204.5711355824023 5818.2558312332258 3506.8741891067475 631.31659509520978 1396.2728141653351 12526.653153903782 4258.5442729704082 1335.8274589246139 5040.1235626484267 1292.180750740692 3489.4107347233221 836.10231638839468 3793.3744305307046 29172.053396187257 159.34865627298132 2038.7083911467344 24005.860018816777 5114.7830133964308 2881.2538314522244 1078.1269114362076 246.36904326593503 13034.300183885731 2493.2186202849261 6907.7547622267157 8059.7470882739872 6832.5851247217506 2634.4950347361155 12064.239799908828 11028.431977974717 15763.267265928909 3676.1299926755019 10146.377590049058 2586.2067758501507 3900.541022202 12403.973812907003 1039.4241497125477 7173.241434819065 1252.3683130480349 422.41030792100355 5814.7974795829505 4508.3933514244854 1279.0646420079283 36.119435373693705 183.12233072565868 39.166657102294266 21.173859129659832 4.9662037752568748 3.4510503318160763 9.7199453618377429 5969.593740762677 2178.8188712722622 1199.3938189875335 972.10428539849818 3443.5845278957859
leaf_count=10621305 2254999 27946 28494 719229 9086 1061865 210472 665828 148221 175602 254101 8956 19066 256594 97698 27402 72069 11229 33264 9045 61874 253171 1955 23367 229426 58332 37912 76980 3388 500991 23615 942395 124944 773056 37614 143090 239867 170113 40786 84849 50221 46913 112849 12520 1368598 101204 14626 70926 233123 59860 456 9386 1590 1228 113 221 529 77272 37241 14775 8812 25200
internal_value=-0.00191172 0.0115665 0.00397245 -0.0126916 0.0184721 0.0691846 0.0442976 0.0058394 0.0335795 -0.051043 0.0110468 0.00121199 -0.0193608 0.0304766 0.0250132 -0.0895867 0.00190194 0.0515269 0.0174245 0.0674125 0.00151757 0.0220713 -0.0180333 -0.0679887 0.00654248 -0.0103403 0.022286 -0.00632806 -0.0739767 0.0797692 0.00970391 -0.0283266 -0.0429907 -0.0631771 -0.0127553 -0.000989686 -0.0191664 0.00391507 -0.0176331 0.00994619 0.00282412 -0.0282141 0.0163392 0.0510201 -0.0931153 -0.0652205 0.026422 0.0597232 -0.0762997 -0.0296201 0.0279567 0.285253 0.883746 1.2919 1.92336 2.81131 3.28089 -0.0273433 -0.00606668 0.00294971 0.0270487 0.0208306
internal_weight=445579 386208 341233 158767 182466 44974.7 59936.3 122530 21267.4 43762 110464 73341.4 36924.3 37123.1 38827.4 59371.7 115005 6332.3 34568.9 13362.8 25008 36417.1 7245.06 3170.16 27495.3 20175.2 6912.02 2413.95 21776.8 21108.9 23760.3 21985.2 14967.5 11916.2 4030.77 108673 23092.7 85579.8 19439.4 14062.8 21383.9 6486.75 14897.2 4832.8 56957.7 8848.02 1674.78 7073.6 21530.5 5083.66 1576.78 297.719 114.597 75.4305 39.3111 18.1372 13.171 13263.2 7293.6 7017.65 1131.45 4074.9
internal_count=22787859 10577744 9254863 5145609 4109254 1322881 1151863 2957391 261016 3749226 2291563 1763832 1442371 527731 440400 12210115 1396383 83298 342702 265639 341831 321461 68290 34134 262690 267437 94592 104382 2491510 711463 262092 1257716 1067339 1100540 56680 1313085 382957 930128 210899 112795 233598 97134 136464 74394 12105733 1484428 115830 80012 2488122 327484 73383 13523 4137 2547 2091 863 750 172845 95573 190377 10767 34156
is_linear=0
shrinkage=0.1


Tree=37
num_leaves=63
num_cat=0
split_feature=7 34 11 34 11 3 1 18 0 34 10 26 11 11 20 10 26 26 0 7 1 27 13 34 7 3 27 8 20 7 21 28 20 4 7 7 27 20 28 7 1 20 11 7 8 1 34 16 4 0 24 18 10 0 11 8 26 1 4 2 24 27
split_gain=46760.9 14829.4 7610.84 9534.34 5998.21 3533.42 4607.52 2535.21 1660.87 1615.82 1523.83 3523.29 1491.05 1429.58 1976.52 1294.37 1886.15 1302.75 1289.36 3322.53 3300.18 2108.89 2191.6 1448.1 1402.43 1466.59 1385.68 1247.44 1222.93 1448.34 1405.94 1208.09 1339.79 1184.75 971.398 964.189 938.02 885.061 855.232 852.869 851.284 808.954 856.6 801.593 795.238 793.699 776.544 773.773 755.111 1168.48 1135.17 745.391 730.541 1236.28 916.517 706.451 697.23 668.065 734.912 805.569 1064.47 707.162
threshold=53.583101272583015 1.8372015357017519 1.0000000180025095e-35 1.2246400713920595 1.0000000180025095e-35 57.359306335449226 25.14367771148682 6.5000000000000009 92.805381774902358 1.1191128492355349 1.0000000180025095e-35 1.5000000000000002 1.5000000000000002 1.5000000000000002 0.91297993063926708 1.0000000180025095e-35 1.5000000000000002 1.0000000180025095e-35 53.889368057250984 53.583101272583015 26.766168594360355 1.5000000000000002 1.0000000180025095e-35 1.0982617735862734 76.96728897094728 52.73088455200196 25.500000000000004 45.049995422363288 0.97196012735366832 97.789989471435561 1.0000000180025095e-35 433.00000000000006 0.48465618491172796 0.88847318291664135 98.270881652832045 93.917846679687514 1.5000000000000002 0.8277149796485902 8.5000000000000018 61.916847229003913 5.0316455364227304 0.97196012735366832 1.5000000000000002 97.969490051269545 41.280080795288093 91.922958374023452 0.96087807416915905 5.5000000000000009 0.86664152145385753 72.255687713623061 2.5000000000000004 1.5000000000000002 1.0000000180025095e-35 87.559524536132827 1.0000000180025095e-35 98.421009063720717 2.5000000000000004 98.386676788330092 0.80001720786094677 91.476997375488295 2.5000000000000004 14.500000000000002
decision_type=8 2 2 2 2 2 2 10 2 2 2 2 2 2 2 2 2 2 2 10 2 2 2 2 10 2 2 10 2 10 2 2 2 2 10 10 2 2 2 10 2 2 2 10 10 2 2 8 2 2 2 10 2 2 2 10 2 2 2 2 2 2
left_child=9 2 3 7 -3 6 15 18 41 52 12 13 28 14 -12 17 -17 46 20 21 40 22 47 39 -22 55 -23 -13 29 30 -7 45 -33 -9 -8 -32 -11 -31 -24 -21 -2 -6 -43 -19 -18 48 -4 -20 49 -5 -51 -42 -1 -54 -55 -26 -46 58 -25 -60 61 -61
right_child=1 4 5 31 8 10 34 33 -10 36 11 27 -14 -15 -16 16 44 43 19 23 24 26 38 57 25 -27 -28 -29 -30 37 35 32 -34 -35 -36 -37 -38 -39 -40 -41 51 42 -44 -45 56 -47 -48 -49 -50 50 -52 -53 53 54 -56 -57 -58 -59 59 60 -62 -63
leaf_value=-0.098277398729282373 -0.082280073118152025 0.099460590576724017 0.068661511258148594 0.042527595202111822 0.026118447405479663 -0.024381982258461016 -0.084602651493481187 -0.049546028223662705 0.085959529063059648 0.14729047011827465 0.072309939119331604 0.057928100409755351 -0.051593149471994115 0.13018478003698961 -0.032561164548218301 0.068373782879593156 0.11183840688079197 -0.058302958061458382 0.034174037960747937 0.15323014371640081 -0.075564008554942663 -0.0028566060521466258 0.10085975444669892 -0.067918394636126492 -0.046507058130995246 0.031701337599974642 -0.068081520579254429 -0.0080928368753225531 -0.084294459764686733 0.080482647451203426 0.0021545978020797228 -0.12253538201844977 0.073277625858378631 0.072626168170890154 0.06495928168941438 0.083024232309242663 -0.033887422150333718 -0.025847153450581618 -0.1691579977682002 0.05650151916905477 0.035594695909515014 -0.041121943348497537 0.065978887091189764 0.074910264461456308 0.0068030793647085907 0.09139128598236268 -0.065543807179552854 -0.041705548449653677 0.070887589259525638 0.040369514927096312 -0.27234287647881866 0.0073000886632369191 -0.07642351644001362 0.24907864577277677 -0.017884927755820231 0.025205520717613838 -0.041600927670401966 0.068272311476120201 0.041816106428631226 -0.13464404122159418 0.06640492165189342 0.034468523872648309
leaf_weight=42525.037993198726 815.19055986357853 23882.987868573517 1619.3063506381586 1524.9228553641587 9682.58807939291 28926.582090794574 14762.608473555651 9451.8452541339211 3452.6151470448822 331.7870047679171 6196.6857659230009 3094.1168039846234 8417.4696948453784 2321.8263486414216 2531.311656051781 3781.6309577091597 495.39320653351024 9506.3865129789338 2919.1680019213818 954.82491739653051 5235.1053811926395 25334.957187779713 4388.7045247033238 1341.101757099852 9180.4397188602015 4590.5606634211726 3737.6653028940782 38136.777317853644 1982.3681123205461 3033.9025006168522 30123.795292176306 642.65715915802866 765.80711550824344 866.51718416903168 447.42699707206339 1550.1872225156985 2059.9170528491959 1055.0514936028048 120.52168510481715 20104.382416283712 18076.464429152198 4334.4282740354538 902.22335566952825 474.24374867370352 5934.2303208336234 16936.477853318676 587.59925702959299 2490.381600478664 6012.7055816566572 204.25309333205223 268.91598514094949 19199.730585115496 8278.3545977431349 199.38712251000106 362.21914099156857 1615.4178404505365 5969.3331144801341 1715.2564457580447 3696.3387075792998 949.85584697499871 650.3539929445833 334.29015088733286
leaf_count=10384094 8031 1143105 40721 20311 68708 400553 2470219 700974 76080 2440 83625 28408 224758 19836 16821 38526 10045 519784 35951 17749 606178 188110 58012 8064 506878 69141 89187 374887 31244 23913 424266 6937 24123 17456 20028 16854 111425 7867 920 377588 201635 26630 7718 4585 103314 631704 4253 46365 217829 2850 1956 339187 1583773 6361 36024 38122 92677 53720 78000 14726 18609 6176
internal_value=-0.00184128 0.01059 0.00355007 0.0189313 0.0664157 -0.0112172 -0.0357963 0.0083894 0.023458 -0.0890989 -0.00280782 0.0103007 -0.0119346 0.0604468 0.041895 -0.0119869 0.00655166 -0.0365992 0.0122492 0.021545 0.00136623 0.00234194 0.0421578 0.0467162 -0.0308559 -0.0156444 -0.0112421 -0.00313838 -0.0069276 -0.00455674 -0.00844348 0.074037 -0.0160684 -0.0392862 -0.0802031 0.00611252 -0.00875368 0.0530469 0.0936428 0.0608872 0.0188103 0.00899387 -0.0226695 -0.0519731 -0.0123038 0.0791242 0.0329287 -0.000758468 0.0531889 -7.02934e-05 -0.137354 0.0210211 -0.09284 -0.0666831 0.0768952 -0.0357765 -0.0174703 0.0123633 -0.00139161 0.0144531 -0.0378306 -0.0906205
internal_weight=431085 377328 335073 164125 42254.8 170948 43578.2 137769 18371.9 53756.7 127370 52280.7 75089.4 11049.8 8728 28368.1 16180.6 12187.5 127451 68737.8 58712.9 38991.4 9918.78 29746.4 20621.5 15386.4 29072.6 41230.9 66671.9 64689.5 60600.6 26355.7 1408.46 10318.4 15210 31674 2391.7 4088.95 4509.23 21059.2 38091.4 14919.2 5236.65 9980.63 12399 24947.3 2206.91 5409.55 8010.8 1998.09 473.169 37276.2 51365 8839.96 561.606 10795.9 11903.6 8687.2 6971.94 5630.84 1934.5 1284.15
internal_count=22790031 10665914 9343673 4386489 1322241 4957184 3304152 3480779 179136 12124117 1653032 523577 1129455 120282 100446 813905 244562 569343 2762349 993177 1769172 418545 141248 574632 1220319 614141 277297 403295 904697 873453 841673 905710 31060 718430 2490247 441120 113865 31780 58932 395337 548853 103056 34348 524369 206036 874650 44974 82316 242946 25117 4806 540822 12010252 1626158 42385 545000 195991 179295 125575 117511 39511 20902
is_linear=0
shrinkage=0.1


Tree=38
num_leaves=63
num_cat=0
split_feature=7 34 11 34 11 9 26 3 18 9 26 26 1 11 20 1 8 7 9 20 7 1 27 1 27 13 22 25 1 2 1 34 28 9 1 27 27 24 20 7 21 1 1 25 9 7 28 3 18 24 2 2 25 20 34 24 26 34 1 7 34 2
split_gain=41761.7 13133.4 6641.41 9363.3 5208.26 3607.69 4957.71 4320.86 2459.52 1718.15 1691.78 1680.58 1512.2 1497.11 1396.88 1299.78 1250.29 1208.41 1199.65 1640.45 1144.88 3403.94 1615.18 1671.19 1510.6 1658.14 1171.74 2398.2 2803.62 2041.33 1377.04 1077.48 1613.24 1056.86 1645.99 1067 1035.6 2228.26 1008.72 1079.87 1274.43 1005.57 964.734 933.209 877.812 819.371 799.345 796.978 779.016 759.263 751.769 741.782 731.2 713.504 706.887 692.439 676.75 652.615 606.85 586.86 579.092 626.521
threshold=50.993551254272468 1.8634380102157595 1.0000000180025095e-35 1.2246400713920595 1.0000000180025095e-35 0.23611111193895343 1.5000000000000002 68.660713195800795 5.5000000000000009 0.64583334326744091 1.0000000180025095e-35 4.5000000000000009 75.162338256835952 1.5000000000000002 0.95019504427909862 18.321678161621097 40.919662475585945 97.969490051269545 0.47222222387790685 0.95019504427909862 51.73271560668946 90.054946899414077 26.500000000000004 72.834224700927749 1.5000000000000002 1.0000000180025095e-35 1.0000000180025095e-35 1.5000000000000002 69.920635223388686 34.525329589843757 32.305501937866218 1.4668341875076296 322.50000000000006 0.17424242943525317 89.512962341308608 1.5000000000000002 31.500000000000004 2.5000000000000004 0.97196012735366832 97.789989471435561 1.0000000180025095e-35 90.054946899414077 9.3933825492858904 1.5000000000000002 0.087121214717626586 93.917846679687514 7.5000000000000009 69.309261322021499 2.5000000000000004 2.5000000000000004 16.064516067504886 90.219989776611342 1.5000000000000002 0.81612330675125133 0.90179800987243663 1.5000000000000002 1.0000000180025095e-35 0.33171121776103979 5.0316455364227304 63.847667694091804 1.0415838956832888 90.501251220703139
decision_type=8 2 2 2 2 10 2 2 10 10 2 2 2 2 2 2 10 10 10 2 10 2 2 2 2 2 2 2 2 2 2 2 2 8 2 2 2 2 2 10 2 2 2 2 10 10 2 2 10 2 2 2 2 2 2 2 2 2 2 10 2 2
left_child=33 2 3 8 -3 7 18 10 20 16 -4 14 15 38 -11 -10 -8 48 -7 -20 22 26 23 -2 25 57 27 29 54 30 50 32 -5 -1 -35 -36 37 -28 39 40 -9 -6 -39 -17 45 56 -27 -18 -12 60 -22 -30 -19 -41 -29 -26 -42 -25 -38 -60 -23 -62
right_child=1 4 5 31 41 6 9 13 12 11 17 -13 -14 -15 -16 43 47 52 19 -21 21 49 -24 24 55 46 36 28 51 -31 -32 -33 -34 34 35 -37 58 42 -40 53 44 -43 -44 -45 -46 -47 -48 -49 -50 -51 -52 -53 -54 -55 -56 -57 -58 -59 59 -61 61 -63
leaf_value=-0.098149758325697806 -0.076433310024994469 0.098903325572109083 0.012912435264883721 0.062175216785868639 -0.032330777138514503 0.11580456339062295 0.05769144563795528 -0.022425823143058417 -0.0057931628029539925 0.063852554891801347 -0.043532103235074018 -0.06563891448072684 0.058948766136596789 -0.049374460570738299 -0.010132904331562905 -0.023412747010922441 -0.044749445804554602 0.34354229319315011 0.062226769271095245 -0.022109307985002435 -0.023884723941359202 0.067352321706549478 -0.065354418049878793 -0.04965143155338303 0.063685679303869633 0.099799987047514319 -0.07833167035552395 -0.089037627989138557 0.023051132158725594 0.061080075715256456 -0.057568257890942588 0.095069561170013667 -0.090883956113094883 -0.083953563284641999 0.15135216093468162 -0.020395822268506256 -0.073001475104841659 -0.031625982230766701 -0.079495242503944616 0.073388391022083818 0.069117382549817113 0.034364567233097817 0.074819778402997125 -0.095758369159357246 0.19756455766407113 0.075048089141295835 -0.11752748298674076 -0.012783973020237439 -0.085843141053837224 0.092015006580874206 0.026933672222811036 -0.072166355122259815 0.02511229367862531 -0.019149488309019969 -0.034711262892603019 -0.0065077357960779238 -0.001846616316012961 0.029767278921969634 0.19432488905302037 0.043118488611238695 0.058046307422855485 -0.036299154613100085
leaf_weight=38006.921807424631 2382.3287575454451 20923.948337905109 2848.9616260800976 12712.456618044525 2735.0556552745402 2750.3786692358553 2126.216931713745 28716.465226524975 5649.0930749976542 7445.3594870767556 6194.2839203749318 1795.4741685469635 1663.6235522539355 8970.4119984665886 3882.7243811883964 2827.6541194079909 10478.606814579107 82.88998974300921 10227.549007235561 2977.959256015718 3906.5104617753532 4111.9742166176438 3629.7369007102679 1500.392060005106 1493.3936652014963 4069.6777790789492 2530.3188684945926 5249.3210479512345 8063.8984953504987 8297.2128490216564 3262.0724883554503 12044.651124262251 728.05805906094611 6585.3255659881979 466.09160102857277 1615.4575354540721 443.2705908222124 1235.6093848152086 1809.7307046994101 2850.663963987492 1409.5756677554455 13031.420469915494 2738.4364624973387 4826.2964834519662 238.86443685274571 1592.9062863932922 176.58424899727106 30510.381720607169 14627.03422469832 5990.3499969108962 11423.158205228159 910.55390243674628 554.5936478045769 1177.3368935892358 4405.028143140953 23841.688729301561 28822.554803853389 3333.5691604414023 261.07842494733632 15239.936182410456 1341.1212369520217 1481.3300105845556
leaf_count=10142712 153076 1107855 143347 438619 17653 52589 39159 401386 83175 85435 480630 18472 31044 267029 29839 144919 573076 1340 198413 25910 38292 72785 98001 21073 15307 57718 27769 818874 117853 141555 60352 494109 10340 1369092 11142 116256 2522 8349 27115 23142 15710 135543 22756 830953 2966 15799 1289 282555 2132970 155157 116939 11847 9716 8474 236088 165754 424796 29452 3755 154025 40843 24622
internal_value=-0.0018201 0.00940825 0.00316719 0.0177143 0.0661982 -0.0105075 0.00652418 -0.0228162 0.00731068 -0.00743406 -0.0594909 0.0242472 -0.0309367 -0.0110224 0.0384939 -0.0421774 -0.0170773 -0.0691035 0.0557219 0.0432082 0.0120291 0.0188967 -0.00171224 0.00456546 0.0101724 0.0451679 0.00995123 0.000730345 -0.0268466 0.0198358 0.00142912 0.073349 0.0538842 -0.090964 -0.0594524 0.0180613 0.0286478 -0.00498008 -0.00585813 -0.00380186 -0.00712488 0.0227947 0.0417237 -0.0690312 0.00657867 0.00514521 0.0907622 -0.0209558 -0.0732557 0.0659376 0.0139835 0.0133903 0.0665167 0.0463407 -0.0642499 -0.00237014 0.00146209 0.00511685 0.0423661 0.0456652 0.0434105 0.00853021
internal_weight=417226 370552 333861 161770 36690.4 172091 72194.7 99896.3 136285 56238.8 24307.8 13123.6 14966.7 75588.5 11328.1 13303 43115.2 21458.8 15955.9 13205.5 121319 80891.2 40427.4 36797.6 34415.3 9080.22 67966.4 45517.8 18628.8 26889 18591.7 25485.2 13440.5 46673.8 8666.87 2081.55 22448.6 6504.36 66618.1 64808.4 60780.4 15766.5 3974.05 7653.95 32063.9 31825 4246.26 40989 20821.3 12924.8 15329.7 8974.45 637.484 4028 9654.35 25335.1 30232.1 4833.96 15944.3 15501 6934.43 2822.45
internal_count=22789333 11150131 9889080 4629212 1261051 5259868 1305448 3954420 3686144 1028536 2768003 133746 1090091 1186417 115274 1059047 894790 2624656 276912 224323 2596053 2054383 541670 443669 290593 109532 1760976 1541800 1184662 357138 215583 943068 448959 11639202 1496490 127398 219176 58874 919388 892273 860657 153196 31105 975872 459271 456305 59007 855631 2613600 293407 155231 129700 11056 31616 1054962 181061 440506 50525 160302 157780 138250 65465
is_linear=0
shrinkage=0.1


Tree=39
num_leaves=63
num_cat=0
split_feature=9 8 1 11 4 18 20 26 11 20 1 0 0 27 2 34 30 0 11 22 3 27 20 26 11 22 3 18 9 8 22 18 9 6 33 29 29 4 24 13 2 28 2 27 24 8 1 31 4 1 28 2 16 30 3 28 33 28 20 26 11 8
split_gain=20650.6 15883.2 13581.3 8286.89 5894.92 2999.49 2753.09 2301.67 1943.78 4883.42 1911.77 1897.91 1847.18 1606.27 1602.43 1600.06 1274.26 1258.38 1191.23 1057.12 1261.06 1055.65 1037.93 1117.97 981.112 950.219 941.331 905.273 899.7 871.119 805.923 785.033 734.96 2426.53 708.55 737.493 690.365 690.15 680.179 664.743 788.947 642.237 637.931 631.367 1348.47 635.835 612.202 609.535 1662.02 597.684 587.877 568.339 563.963 622.817 562.503 536.967 613.272 514.89 512.089 790.802 511.882 510.98
threshold=0.23611111193895343 46.920478820800788 91.010101318359389 1.0000000180025095e-35 0.76775014400482189 5.5000000000000009 0.13998643308877948 1.5000000000000002 1.0000000180025095e-35 0.38433401286602026 78.979854583740249 21.778656005859379 86.240703582763686 1.5000000000000002 93.419914245605483 1.443745017051697 11.500000000000002 99.473682403564467 2.5000000000000004 1.0000000180025095e-35 62.593282699584968 33.500000000000007 0.97196012735366832 1.0000000180025095e-35 1.5000000000000002 1.0000000180025095e-35 53.950103759765632 1.5000000000000002 0.64583334326744091 97.787567138671889 1.0000000180025095e-35 5.5000000000000009 0.89898991584777843 1.0000000180025095e-35 0.79158127307891857 20.500000000000004 18.500000000000004 0.90667888522148143 2.5000000000000004 1.0000000180025095e-35 91.476997375488295 8.5000000000000018 87.298336029052749 31.500000000000004 2.5000000000000004 45.954339981079109 99.473682403564467 0.22755485773086551 0.99772727489471447 99.473682403564467 163.50000000000003 81.872947692871108 5.5000000000000009 6.5000000000000009 97.726097106933608 1.5000000000000002 0.13268339633941653 106.50000000000001 0.97196012735366832 1.0000000180025095e-35 1.0000000180025095e-35 50.882383346557624
decision_type=8 8 2 2 2 10 2 2 2 2 2 2 2 2 2 2 2 2 2 2 2 2 2 2 2 2 2 8 10 10 2 8 10 2 2 2 2 2 2 2 2 2 2 2 2 8 2 2 2 2 2 2 8 2 2 2 2 2 2 2 2 10
left_child=1 6 5 15 11 12 -1 51 9 13 25 24 16 14 52 38 32 28 22 20 -7 46 23 -10 58 -8 -13 -18 -9 34 36 -28 47 -34 35 55 -29 61 39 40 -4 -16 49 44 -32 -45 -15 -2 -49 -30 -35 -5 -6 -54 -37 -25 -57 -12 59 -3 -27 -38
right_child=2 4 3 7 8 19 10 17 18 -11 57 26 -14 21 41 -17 27 -19 -20 -21 -22 -23 -24 29 -26 60 31 30 42 -31 43 -33 33 50 -36 54 37 -39 -40 -41 -42 -43 -44 45 -46 -47 -48 48 -50 -51 -52 -53 53 -55 -56 56 -58 -59 -60 -61 -62 -63
leaf_value=-0.091821791001602468 -0.050297803407822063 0.074740265792301239 0.057654851910359253 0.011565121724015321 0.034450206330355775 -0.074957942950825113 -0.086835737595579721 -0.0082227954844716032 0.04424103761072664 0.096482860887688801 0.033466891466806953 -0.084372100161102748 0.056397744061111477 -0.031700675202143848 0.095338597607829215 0.098369380116492072 0.027132575324851135 0.076813988970602654 -0.091236155703267416 -0.0049675597785032895 -0.006184345305766596 -0.061311745123932032 -0.062179800311529226 -0.050531483873129203 -0.071148329593542906 0.077683449755075157 0.017795552237169145 0.038679715477700882 0.080062995340308377 0.051633898773697201 -0.085919905854217951 -0.063321555041217323 -0.015517098218509828 0.087789983828991044 -0.052799456095481381 0.033902808015390334 -0.063987312267145394 0.030070084267703374 0.081887572848167473 0.084950452597657655 -0.0070524362466190945 -0.1355981081798073 0.059152440809569523 0.076893178111316518 0.029756570463094434 0.018499627570958029 0.0065073707160062015 -0.0199760479915633 0.13939510024841556 -0.045466175187290542 -0.08163379489098388 0.077252304702515803 -0.078455093494890354 0.020252988292394164 -0.0026412578183513482 0.020826486068136908 -0.019392037366028077 -0.055984291601331559 -0.065218991640582355 -0.0080909542409070556 -0.037930946038627837 -0.017243933536859487
leaf_weight=33465.830937309191 6124.5253278578166 1395.2595201705117 4000.5544173009694 1626.8721650438383 2881.0424347459339 8728.6893691048026 5606.2144906998146 23295.209788850974 4352.4827566321474 6594.4566470121499 3543.8952832261566 12745.236160963774 6805.75822700141 5308.8696634457447 3791.5017468149308 24993.838684340939 23163.707744933898 2337.276363035664 1738.0457429648377 6784.1583761759102 3838.7437228749041 3343.4135627401993 3304.7970124073327 4355.5742112200242 2704.7776551125571 540.13612740812823 1879.3369262083434 2448.3105405475944 520.7472994979471 2348.5353551991284 1679.6609966917895 3267.1492009735666 13183.148282527225 3350.6534731388092 3707.5117847053334 5288.1962860692292 2850.610869191587 2586.1054667169228 7580.1527837687172 2703.6473096287809 3561.9340441660024 124.37316927080974 3875.9856888856739 2211.5286533711478 2519.1663806922734 11891.147408481687 19961.838471367024 15591.524734816514 683.02540481183678 1396.4133990397677 218.13703680969775 6919.4781866143458 1303.9398103340063 1253.9462934995536 20697.530256850645 4543.1306887152605 22914.079969971906 786.25790418824181 1143.3725174064748 6627.3998947476503 1315.9678493165411 13021.376762319123
leaf_count=9334702 117377 21386 139657 13612 37417 1445678 1197483 197597 40334 149938 65858 2564918 144227 80409 60111 1402223 369243 61641 68514 100211 65019 91656 35884 57748 151255 18650 80337 103099 3980 19345 33777 272169 364105 153310 270972 56453 419799 47371 273812 58495 85903 982 41433 28321 21238 98335 122367 479831 13398 8782 9639 137415 29708 20383 254194 40761 254253 37485 19001 284914 109814 496138
internal_value=-0.00171557 -0.0253565 0.0199421 0.0514825 -0.009463 -0.000514718 -0.0771811 0.0187337 0.000582442 0.0170504 -0.0356321 -0.0492273 0.00596341 0.00325459 0.0392269 0.0820389 0.00258245 0.00621979 -0.00943628 -0.0367787 -0.0539509 -0.00850581 -0.00744819 -0.00479631 -0.0182254 -0.0663033 -0.0697965 0.0114586 0.00054748 -0.00813881 0.00219855 -0.0337001 -0.0115582 0.00428501 -0.0104212 -0.00770279 -0.0112156 -0.0178338 0.0591679 0.0423925 0.0271777 0.0880038 0.0358142 0.017522 -0.0165176 0.0276567 -0.00151937 -0.0234071 -0.0132874 -0.0113694 0.0774342 0.0647482 0.00410889 -0.0300657 0.0047956 -0.0179119 -0.0127374 0.0172246 -0.00260849 0.00631462 -0.00428654 -0.025639
internal_weight=403326 192834 210492 82812.1 147576 127680 45258.3 39972 117813 44563.4 11792.5 29762.5 108328 37968.9 9354.8 42840.1 101523 31425.6 73249.9 19351.6 12567.4 28614.1 71511.8 68207 11870.8 7462.32 17891.7 62371.6 29088.4 63854.6 39207.9 5146.49 39151 16751.9 61506 57798.5 20906.4 18458.1 17846.3 10266.1 7562.49 3915.87 5793.15 18301.5 4198.83 14102.7 25270.7 22399.1 16274.6 1917.16 3568.79 8546.35 5438.93 2557.89 25985.7 31812.8 27457.2 4330.15 9166.03 8022.66 1856.1 15872
internal_count=22784067 15849401 6934666 2424550 5085409 4510116 10763992 464460 1691429 592971 1429290 3393980 2899208 443033 148601 1960090 2754981 313433 1098458 1610908 1510697 294432 1029944 994060 476556 1325947 2917424 1617321 251792 953726 1248078 352506 1137660 527054 934381 663409 1066407 963308 557867 284055 225560 61093 54195 181671 55015 126656 202776 610606 493229 12762 162949 151027 87508 50091 310647 352762 295014 103343 325301 306300 128464 915937
is_linear=0
shrinkage=0.1


Tree=40
num_leaves=63
num_cat=0
split_feature=7 34 11 3 0 12 6 25 7 0 27 18 3 0 32 18 32 35 9 13 33 0 1 8 24 19 28 24 11 7 27 29 7 24 3 1 27 2 31 7 21 19 1 29 2 24 34 11 0 1 8 2 11 9 4 0 35 19 2 1 16 11
split_gain=33738 10027.6 4986.74 4736.59 8643.32 6071.99 3232.92 1742.06 1737.22 1736.29 1892.1 1693.53 1429.89 1426.15 1269.31 2248.25 1975.21 1592.85 1112.68 1403.95 1091.36 1056.4 1219.71 1091.54 1029.13 991.409 1317.26 1334.06 990.875 2259.84 1652.71 1291.66 841.112 831.236 789.731 917.005 745.992 1587.68 736.226 721.825 709.547 699.012 693.968 678.146 677.195 705.589 666.416 664.375 623.163 618.908 580.577 576.375 569.802 1439.3 568.109 565.354 554.787 545.787 562.562 535.064 533.65 528.968
threshold=50.993551254272468 1.8634380102157595 1.0000000180025095e-35 53.950103759765632 27.639257431030277 1.0000000180025095e-35 1.0000000180025095e-35 1.5000000000000002 98.799980163574233 99.473682403564467 1.5000000000000002 2.5000000000000004 15.587044239044191 91.922958374023452 3.5000000000000004 2.5000000000000004 1.5000000000000002 3.5000000000000004 0.17424242943525317 1.0000000180025095e-35 0.440793126821518 57.804552078247077 54.261501312255866 38.641853332519538 1.5000000000000002 0.22648903727531436 30.500000000000004 2.5000000000000004 1.0000000180025095e-35 81.729778289794936 8.5000000000000018 20.500000000000004 79.71521377563478 2.5000000000000004 98.303134918212905 99.473682403564467 1.5000000000000002 92.907444000244155 0.86953061819076549 80.096618652343764 1.0000000180025095e-35 1.0000000180025095e-35 76.028167724609389 17.500000000000004 80.901721954345717 3.5000000000000004 0.5616227686405183 1.5000000000000002 32.305501937866218 96.449581146240249 79.758251190185561 28.388278007507328 1.0000000180025095e-35 0.58571431040763866 0.79166349768638622 83.239700317382827 3.5000000000000004 0.19548859447240832 95.488464355468764 8.1912217140197772 5.5000000000000009 1.5000000000000002
decision_type=8 2 2 2 2 2 2 2 10 2 2 10 2 2 2 10 2 2 10 2 2 2 2 8 2 2 2 2 2 10 2 2 10 2 2 2 2 2 2 10 2 2 2 2 2 2 2 2 2 2 10 2 2 10 2 2 2 2 2 2 10 2
left_child=18 3 -3 4 8 9 25 24 11 14 -11 46 -9 -4 15 17 -17 43 -1 -20 -12 39 -23 -24 -6 26 27 38 29 30 36 50 -13 49 55 -36 37 60 57 -16 -21 -14 -28 -5 45 -27 61 -22 51 -19 -30 -26 53 -45 -18 -33 -37 58 -7 -34 -25 -2
right_child=1 2 13 5 7 6 -8 12 -10 10 20 32 41 -15 21 16 54 33 19 40 47 22 23 28 48 44 42 -29 31 -31 -32 34 59 -35 35 56 -38 -39 -40 -41 -42 -43 -44 52 -46 -47 -48 -49 -50 -51 -52 -53 -54 -55 -56 -57 -58 -59 -60 -61 -62 -63
leaf_value=-0.097457125373558356 0.052055295128584672 0.09782576186783698 0.0040489639291344292 0.035520665019112926 0.068727682082671035 -0.091256615441781846 0.0843590095159307 0.067471875914466115 0.028123858262315678 0.09129917214204801 0.074687198564705459 -0.057887512389073872 -0.094506406858519187 0.080062472873218729 -0.06039789373337983 -0.0013260786402862139 0.022003294063893744 0.030629396165025649 -0.072212419704848083 -0.079786537808452365 0.0082029069054128101 0.11653213050900818 0.04933997515195173 0.021664424118613249 -0.043619223534141605 0.037003082671952868 0.0092852997155855634 0.031843969789865041 -0.010327913891480255 0.073060875943214976 -0.050285655103840421 0.0071832311964127888 -0.050053959426762343 0.071231490688094867 -0.030600105170561137 0.020180778268129924 -0.0034684932658971459 0.088690686758656767 -0.0086182212391965659 -0.0079359680112407096 0.10199635054741954 0.026079247138854469 0.092830759711261049 0.062044336833782548 0.079611742758595727 -0.11007238861476981 0.002557231903670435 -0.10907222081722084 -0.063319005905026177 -0.036038113625918904 -0.034971004098321531 0.032812576292752929 -0.020226487472226076 -0.1999070486210266 0.13116398531301535 0.061714902412071865 -0.016335901672885903 -0.0063805654336055104 -0.29558592941396744 -0.0069241862374653275 -0.044202921643591103 -0.046166826842790026
leaf_weight=31757.684850611724 5082.8272576273885 17338.690913537517 12175.661348793656 3037.3897626458202 914.40760339051485 1844.4992452210281 14822.666293167043 594.08993463404477 19684.111383461859 4205.8562921485864 2597.8982613964472 6042.4798237085342 14938.635137432488 3095.7781282607466 5443.6676577921025 2343.8279852578416 558.16551678930409 6678.7040907423943 6661.4798366399482 297.75361973140389 12268.725248428294 861.9271735646762 3864.9547479900066 4028.3091735807247 2403.8906374180224 1995.4302854305133 1735.0815039670561 4418.2011409618426 17370.010237056063 4788.0469865938649 5529.246941804653 4400.2609092718922 3540.9226951915771 4186.7679829224944 9489.6554137489293 12124.779661527835 14763.562809932278 3269.9888374386355 3300.7393423626199 5060.9506791592576 769.98917164443992 496.70531810028479 2328.5795865487307 1938.8795696739107 4223.5399526786059 389.93250057660043 19387.146968687419 502.85990123869851 5771.1319963182323 1759.3256027605385 21263.34955832269 1673.4915497484617 19799.533364289207 235.19816885190085 3268.9298793189228 3347.5034123063087 6333.8780348850414 756.17606252687983 145.36280756816268 15327.299799484899 1770.7126748345327 614.58710975944996
leaf_count=10179961 96358 1107643 84075 34870 30333 21946 738977 14545 209300 127762 82465 653606 3428725 69002 370553 38623 21473 83431 1405789 25886 101943 17332 78033 43481 103440 31325 24593 84751 243287 98130 121999 78518 82390 52735 200445 101390 115910 39380 51181 115580 30400 42284 48103 50807 156281 5399 288477 13954 283034 21188 224527 53825 203246 3804 36831 24886 109381 11740 1488 501023 33527 33247
internal_value=-0.00152533 0.00830341 0.0611259 0.00291244 -0.0156009 0.0109196 0.0485534 -0.063872 0.00295977 0.00368613 0.0318672 -0.00694783 -0.0847665 0.0194582 0.000393018 0.0150211 0.0709682 0.00584777 -0.0891758 -0.0551494 0.0156037 -0.00478687 -0.00197196 -0.00288114 -0.0327533 0.0234448 0.00883815 -0.00992532 -0.0047417 0.00935839 -0.00102961 -0.0112198 -0.0254168 0.0348039 0.00249418 -0.00533723 0.010398 0.0329714 -0.0404449 -0.0351226 0.0513039 -0.090626 0.0571589 -0.00876839 0.0555553 0.0129608 0.0113931 0.00358539 -0.0421756 0.0167292 -0.0238912 -0.0122491 -0.0148904 0.0337057 0.115243 0.0307442 0.0076505 -0.0787006 -0.106183 -0.0150182 0.00155204 0.04146
internal_weight=391622 352135 32610.1 319525 96471.7 223053 35960.2 26792.4 69679.4 187093 19575.3 49995.3 16029.4 15271.4 167518 43806.7 6170.92 37635.8 39486.9 7729.22 15369.5 123711 113206 112344 10762.9 21137.5 14528.6 10465 108479 34149.9 29361.8 74329.4 24910.7 12624.8 35696.1 27948.3 23832.6 9069.01 6046.78 10504.6 1067.74 15435.3 4063.66 25011 6608.9 2385.36 25084.6 12771.6 9848.51 8438.03 38633.4 4077.38 21973.6 2174.08 3827.1 7747.76 18458.7 2746.04 1989.86 18868.2 5799.02 5697.41
internal_count=22788618 11146582 1260720 9885862 5820587 4065275 1175784 3956186 1864401 2889491 326124 1655101 3485554 153077 2563367 547008 96927 450081 11642036 1462075 198362 2016359 1530226 1512894 470632 436807 243802 171106 1434861 452427 354297 982434 1237019 157354 514620 411216 232298 116388 86355 486133 56286 3471009 72696 292727 193005 36724 418082 115897 440299 104619 467814 157265 257857 54611 58304 103404 210771 35174 23434 583413 77008 129605
is_linear=0
shrinkage=0.1


Tree=41
num_leaves=63
num_cat=0
split_feature=7 34 11 11 34 11 9 26 4 18 22 8 9 26 9 20 20 34 28 7 18 4 7 27 22 25 3 29 29 32 27 13 24 9 4 28 4 27 20 7 21 20 8 34 2 2 4 6 20 11 28 7 35 9 7 34 7 22 25 25 26 20
split_gain=30295 8828.12 4832.82 4109.71 6549 2544.81 1949.8 3693.63 2769.56 1657.57 1579.54 1244.59 1293.01 1264.2 1088.76 1300.29 1087.8 1074.67 1325.89 1053.84 850.804 1044.33 2126.69 1564.17 1304.06 2151.84 1365.2 1008.16 971.736 1035.68 913.364 905.94 874.191 844.423 1211.2 1004.87 834.878 721.523 696.002 719.484 991.961 680.321 665.039 658.582 799.523 653.74 703.574 626.958 615.9 907.228 610.549 608.255 603.53 598.699 579.519 573.523 869.295 568.314 628.486 548.255 561.026 542.404
threshold=49.875621795654304 1.8634380102157595 1.0000000180025095e-35 1.0000000180025095e-35 1.2386459708213808 2.5000000000000004 0.17424242943525317 1.5000000000000002 0.69844877719879161 6.5000000000000009 1.0000000180025095e-35 38.754844665527351 0.64583334326744091 4.5000000000000009 0.47222222387790685 0.95019504427909862 0.95019504427909862 1.4668341875076296 433.00000000000006 97.969490051269545 1.5000000000000002 0.88925567269325267 49.875621795654304 1.5000000000000002 1.0000000180025095e-35 1.5000000000000002 52.277431488037116 21.500000000000004 17.500000000000004 2.5000000000000004 33.500000000000007 1.0000000180025095e-35 2.5000000000000004 0.29285715520381933 0.89091506600379955 6.5000000000000009 0.89921855926513683 32.500000000000007 0.97196012735366832 97.789989471435561 1.0000000180025095e-35 0.8372633457183839 93.907737731933608 0.37649872899055487 86.526824951171889 77.032970428466811 0.94486194849014293 1.0000000180025095e-35 0.97196012735366832 1.5000000000000002 7.5000000000000009 59.026268005371101 2.5000000000000004 0.43650794029235845 54.067844390869148 1.0746952295303347 61.916847229003913 1.0000000180025095e-35 1.5000000000000002 4.5000000000000009 1.5000000000000002 0.97196012735366832
decision_type=8 2 2 2 2 2 10 2 2 10 2 10 10 2 10 2 2 2 2 10 8 2 10 2 2 2 2 2 2 2 2 2 2 8 2 2 2 2 2 10 2 2 10 2 2 2 2 2 2 2 2 10 2 8 8 2 10 2 2 2 2 2
left_child=33 3 -3 4 9 6 8 14 10 20 19 -9 45 16 -8 -16 -14 18 -6 -5 27 24 23 31 25 28 -27 47 -22 -30 -25 -23 55 -1 -35 -36 57 -12 39 40 -10 -41 -42 -28 -45 46 -13 -2 52 -50 -33 -31 -4 -26 -55 56 -24 58 -11 60 61 -39
right_child=1 2 48 5 17 -7 7 11 38 36 37 12 13 -15 15 -17 -18 -19 -20 -21 21 22 32 30 53 26 43 -29 29 51 -32 50 -34 34 35 -37 -38 59 -40 41 42 -43 -44 44 -46 -47 -48 -49 49 -51 -52 -53 -54 54 -56 -57 -58 -59 -60 -61 -62 -63
leaf_value=-0.097110412862751072 -0.0020267549227251718 0.097361543832312089 0.048177791765464419 -0.078321023764680489 0.05482574458427894 -0.087143392808040843 0.11059383927616857 0.07430183265297384 -0.020746022943584908 -0.02056857637588793 -0.059173198124872983 -0.034521677669871721 0.055788532114189854 -0.059663244004156339 0.055755353018225623 -0.020450176632592409 -0.010472954872148282 0.091979034533177462 -0.090949524579703747 0.13104973597280653 0.07231077396951803 0.010769067195625306 0.16853498975444783 -0.001830524563660005 0.05979212796044623 -0.087802337567963004 -0.080572305000586875 0.041475026192269927 -0.03077145371958186 -0.042968716065779504 -0.059988107538748815 0.091027719282943065 0.08448171156824584 -0.087066517639630595 0.13308179931325156 -0.03275675029011204 0.072641587269989316 0.049436786466279366 -0.068072232948814759 0.061855840014461067 0.0018801315689642617 -0.03168987112709936 0.095623231059532174 -0.018862623577557951 0.1017100066167114 -0.0061703133602183094 0.1077020165338549 0.081932283774251075 -0.026072356480408905 0.072127692045040201 -0.10220824759476166 0.040883764000603215 -0.013700150478455792 0.46084143709394249 0.0066339738203494416 -0.013190258949648865 0.033799918903597077 -0.010214019137665394 -0.090254701795195222 -0.082393034784524366 -0.045963660352190627 -0.046335491536687978
leaf_weight=29007.216803903691 12268.924265960464 15779.889372949488 7143.4539243411273 10979.827137663728 10191.832699540071 3988.8393754137214 2482.4883516817354 1876.3367232824676 30630.080495365663 2157.6163997580297 2732.0711157089099 17311.857612595893 6973.0114027843811 1736.9345732405782 9684.4385934150778 2912.4185042106546 3843.0207477360964 9483.1359974797815 664.6211360427551 245.78608616208658 1928.1903263612185 3883.9852498034015 534.36950572696514 25046.104387987405 2620.2247430570424 5464.3768561356701 1477.7559320512228 15808.008826557547 6742.2833550155628 1047.2786917847116 3026.7563870642334 3253.6295940820128 4773.5362889764365 3989.0347206806764 490.54568491107784 1431.9258626587689 682.61281066271476 3262.9910751003772 1803.505341630429 2859.5287747667171 33691.709594301181 1067.7292766682804 774.16691999509931 4958.061246326426 618.57706878473982 23356.487711786292 354.96112996619195 958.92918507149443 4787.4998833443969 1170.8801401797682 172.16192920319736 4972.3049723803997 2022.548328332603 28.148903048131615 13531.799477959517 2202.0806242488325 4609.524959217757 3411.164436976891 3234.1383830583654 665.19977995799854 1197.9886450360063 722.23935522814281
leaf_count=10102473 240847 1108066 76776 2237164 415262 394925 48847 34899 488389 125401 165257 732827 83726 18237 204626 25810 29950 493964 9187 9621 42247 36242 12073 189009 27020 1102490 71933 305012 68125 74275 89672 57386 131579 1089365 15984 108228 16742 55383 28962 24134 580511 7770 6967 124946 9091 187523 3067 41206 39651 18768 1426 113558 18071 1757 120647 46709 84198 37054 678866 28375 41452 6469
internal_value=-0.00132012 0.00764359 0.0586467 0.00263824 0.0146352 -0.00823997 -0.00628711 0.00618127 -0.0159902 0.00634469 -0.0490471 -0.00575213 -0.00855577 0.0195281 0.050065 0.0381365 0.0322453 0.0673847 0.0459015 -0.0737368 0.00952757 0.00476696 0.0150115 0.00262796 -0.00644868 -0.0198176 -0.0502811 0.0244297 0.0061433 -0.00385395 -0.00810095 0.0438318 0.0511648 -0.0900903 -0.055643 0.00955929 -0.033897 -0.0167462 -0.00674612 -0.00514373 -0.00765146 0.036423 0.00398577 -0.021217 -0.00548835 -0.0171493 -0.0316641 0.0040597 0.0182538 -0.00677508 0.0813167 0.0262952 0.034524 0.0160326 0.00757686 0.0295149 0.0477968 -0.0421584 -0.0623684 0.00307343 0.014042 0.0320801
internal_weight=380729 345810 30904.3 314906 149752 165154 161165 70532 90632.8 129413 19806.1 55452.6 53576.3 12553 15079.3 12596.9 10816 20339.6 10856.5 11225.6 119927 90891.2 47502.1 35382.6 43389 27208.8 12518.8 29035.9 14690.1 12761.9 28072.9 7309.78 12119.5 34918.7 5911.51 1922.47 9485.53 8580.49 70826.7 69023.2 65096 3927.26 34465.9 7054.39 5576.64 41023.3 17666.8 13227.9 15124.4 5958.38 3425.79 6019.58 9166 16180.2 13559.9 7345.98 5143.89 8802.92 5391.75 5848.42 5183.22 3985.23
internal_count=22790197 11474147 1261332 10212815 4767924 5444891 5049966 1369512 3680454 3849511 2543721 1090229 1055330 131913 279283 230436 113676 918413 424449 2246785 2991448 2404383 648294 373735 1756089 1606665 1308460 587065 298205 255958 278681 95054 274559 11316050 1213577 124212 858063 296936 1136733 1107771 1075867 31904 587478 205970 134037 923417 735894 282053 153266 58419 58812 187833 94847 149424 122404 142980 96271 841321 804267 131679 103304 61852
is_linear=0
shrinkage=0.1


Tree=42
num_leaves=63
num_cat=0
split_feature=7 1 9 7 25 22 1 0 18 1 27 25 7 24 1 0 2 3 2 9 8 1 34 4 3 18 0 27 33 4 2 25 3 1 25 1 0 3 2 9 0 8 28 25 24 1 28 29 8 11 32 19 4 3 2 2 19 27 24 2 25 1
split_gain=26918.7 7753.45 11416.3 4062.44 2426.49 2712.88 3840.91 2368.99 1845.61 1583.7 2139.57 1686.64 1575.72 1418.05 1406.96 1376.03 1620.84 1498.32 1560.51 1324.49 1236.08 1207.38 1187.54 1168.27 1162.73 1126.85 1096.71 1634.02 1091.48 1064.92 1018.11 981.994 1060.46 932.603 1053.27 1492.08 924.75 882.225 1224.45 870.708 1004.75 854.709 844.121 830.896 2229.47 795.778 873.951 775.423 766.782 981.4 725.84 722.634 1718.91 1904.64 818.589 719.827 714.208 850.493 763.441 706.222 798.78 635.197
threshold=49.875621795654304 91.476997375488295 0.89898991584777843 80.096618652343764 1.5000000000000002 1.0000000180025095e-35 73.942821502685561 48.17045974731446 4.5000000000000009 10.367218971252443 31.500000000000004 4.5000000000000009 98.799980163574233 2.5000000000000004 99.473682403564467 87.20676422119142 91.476997375488295 84.29276275634767 72.438781738281264 0.17424242943525317 36.402156829833991 32.305501937866218 1.8372015357017519 0.86664152145385753 11.882352828979494 3.5000000000000004 99.473682403564467 1.5000000000000002 0.3896824717521668 1.0000000180025095e-35 32.757078170776374 1.5000000000000002 99.333332061767592 5.0316455364227304 2.5000000000000004 7.2508215904235849 66.978191375732436 99.333332061767592 31.662488937377933 0.17424242943525317 65.142410278320327 41.68275451660157 1.5000000000000002 2.5000000000000004 2.5000000000000004 75.809822082519545 12.500000000000002 17.500000000000004 83.15198135375978 1.0000000180025095e-35 9.5000000000000018 1.0000000180025095e-35 1.0000000180025095e-35 47.165775299072273 5.1615052223205575 88.153816223144545 0.21686726808547976 14.500000000000002 2.5000000000000004 6.7231638431549081 3.5000000000000004 68.801231384277358
decision_type=8 2 10 10 2 2 2 2 10 2 2 2 10 2 2 2 2 2 2 10 8 2 2 2 2 8 2 2 2 2 2 2 2 2 2 2 2 2 2 10 2 10 2 2 2 2 2 2 8 2 2 2 2 2 2 2 2 2 2 2 2 2
left_child=39 3 12 8 7 6 25 21 19 10 13 24 20 -7 56 17 -17 18 36 45 -3 29 -18 -10 33 -6 42 -28 -29 -5 -23 32 50 -12 -35 -36 -8 38 -9 -1 -41 -33 -22 44 -19 -2 -47 -31 49 -44 -21 52 54 -54 -11 -14 57 58 -4 -15 -61 -39
right_child=1 2 14 4 5 9 15 37 23 51 11 -13 55 59 -16 16 22 43 -20 31 26 30 -24 -25 -26 -27 27 28 -30 47 -32 41 -34 34 35 -37 -38 61 -40 40 -42 -43 48 -45 -46 46 -48 -49 -50 -51 -52 -53 53 -55 -56 -57 -58 -59 -60 60 -62 -63
leaf_value=-0.097443883664478204 -0.05954571537213274 0.078636922780318974 -0.059549540453480411 -0.076584350915430255 -0.035848132925169016 -0.10373926786691444 0.032588194437356069 -0.045758029876854976 -0.07898524288009065 0.010603443339601936 -0.072398230608560141 -0.060964931060494026 0.0049690375038743623 0.03602174388228499 0.096527151140967771 0.070364162925602394 -0.059340923944435325 -0.033383870029690947 0.057082553657451497 0.063938095899155598 -0.026805774333672452 -0.075964239165252995 0.10251583849770206 0.051521205681554952 -0.062233917735281946 -0.087895668315028527 0.087140335061018079 0.076579813782825121 0.0027033522713131412 0.080298491357278637 0.0024779520426152649 0.041313174440598038 -0.0097973544815838434 0.11459689409609296 -0.087510667202243458 0.035666643100521665 -0.064045601403077426 -0.020509086643451746 0.087436316957665336 -0.085171466861238165 -0.0020580047122759132 -0.03220386736745573 0.060582888558973716 -0.050681842381210984 0.071778994116121514 0.0030775319987097309 -0.060162771582088798 0.013523421834433225 -0.0023023295565741063 0.010622983789416734 0.21007549632260922 0.12212434421187031 -0.17000869389542661 0.080960866225114517 0.066255690213454885 0.076261540499784231 0.0767486194843503 0.10096500587630626 0.058807082349165221 0.052631785172543979 -0.089699589215612316 0.043738210897067399
leaf_weight=25495.124592288397 9041.0591681280639 2465.0249481485225 1617.812279406935 1204.0593204242177 8078.0358521793969 2940.1427550236695 1637.3849257305264 763.72747888881713 10200.969857468735 4228.5534682683647 847.01625351794064 2722.5215649786405 1947.1148947170004 1725.8069976484403 19860.673754225951 4574.7890554936603 2222.2751949224621 9602.4555453211069 5013.7141760643572 1010.1194750494324 8669.4963078580331 3142.3538163187914 569.45865901838988 735.374552649213 1477.4447601120919 8575.8290268869605 3875.9223053460009 2373.7472877639811 12697.422953055706 1939.8007472027093 3494.8137235185131 2173.5861045394558 1302.7824369659647 1518.8687656642869 1054.3155496409163 14620.298181058373 2505.8496186491102 2038.0950601613149 7168.1289166966453 4173.2226453211624 2232.6584580992348 5804.4762819625903 4385.7155517309438 9585.6004453282803 2551.6168716056272 6446.1446097909939 3305.9578821996693 16803.260746552143 52335.056375633925 37998.397107987897 512.22086793533526 977.62024676240981 810.3175642779097 482.42134623788297 7048.820175931789 5194.5549614103511 3059.7735764523968 768.36931164003909 821.84774192981422 540.0808047791943 1460.7729016179219 6282.254728525877
leaf_count=9934291 1112202 48081 26550 19309 627892 92209 28972 22098 2159884 47548 8239 36652 28493 18477 1418837 78314 30304 137797 68355 51063 100945 98552 14473 9787 13246 1506748 136138 87905 125103 33729 53828 66297 19045 12525 10371 134863 45637 26240 183277 1210742 169636 351500 99052 159899 40612 133926 141047 225756 486286 464730 12474 10762 12509 4490 66913 180996 161650 23352 29665 6157 18145 104954
internal_value=-0.00134426 0.00692432 0.0231003 -0.00722271 0.000838131 -0.0078874 -0.0225634 0.0206722 -0.0351064 0.0110966 -0.00212556 0.0127696 0.0111411 -0.051816 0.0834911 -0.00511605 0.0337212 -0.0143758 0.0195552 -0.022135 0.00852694 0.00228488 -0.0263253 -0.0702098 0.0230547 -0.0626498 0.00711424 0.0292317 0.0143391 0.014578 -0.0346603 0.00576659 0.0564317 0.0300395 0.035086 0.0273814 -0.0258564 0.050749 0.0746116 -0.0891627 -0.0562037 -0.0121745 0.00306098 -0.0286679 -0.0113061 -0.0381742 -0.0183609 0.0204343 0.00579464 0.0157926 0.113109 0.0393091 0.0328683 -0.0763524 0.0453884 0.0568243 0.0421842 0.00921715 -0.0196788 -0.0108512 -0.0512808 0.0280006
internal_weight=370713 338812 158071 180741 140209 97372 54917 42836.5 40532.7 42455 28907.3 22240.5 131942 6666.8 26128.5 38263.1 7366.52 30896.6 9156.95 29596.3 124801 26584.3 2791.73 10936.3 19517.9 16653.9 122336 18947.1 15071.2 19947.1 6637.17 10803.2 2825.12 18040.5 17193.5 15674.6 4143.23 16252.2 7931.86 31901 6405.88 7978.06 103389 21739.7 12154.1 18793.2 9752.1 18743.1 94719.2 42384.1 1522.34 13547.7 12570.1 1292.74 11277.4 7141.67 6267.8 3208.03 2439.66 3726.66 2000.85 8320.35
internal_count=22789529 11474860 3417783 8057077 3999852 3232109 2739003 767743 4057225 493106 350884 215896 1757729 134988 1660054 604363 123091 481272 142964 1887554 1548240 431174 44777 2169671 179244 2134640 1500159 349146 213008 278794 152380 500379 82582 165998 157759 145234 74609 336569 205375 11314669 1380378 417797 1151013 338308 178409 1387175 274973 259485 1050068 563782 63537 142222 131460 16999 114461 209489 241217 79567 56215 42779 24302 131194
is_linear=0
shrinkage=0.1


Tree=43
num_leaves=63
num_cat=0
split_feature=7 34 11 1 12 7 25 22 1 2 1 18 2 0 3 25 24 2 1 3 25 0 0 18 13 1 1 24 31 24 25 33 28 25 25 19 10 1 19 27 3 2 7 10 1 0 3 0 8 7 5 19 27 34 7 2 25 2 16 8 2 1
split_gain=23956.7 6792.55 4639.42 3178.01 4136.19 3334.56 1950.74 2236.86 3352.58 2081.59 1799.35 1735.4 1599.09 1906.35 1579.64 1541.16 2282.48 1552.77 1389.19 2158.05 1448.46 1559.32 1232.21 1146.19 1093.45 2231.88 2132.62 1312.66 1247.56 1094.93 4052.54 2902.29 2233.62 1826.86 1075.47 1809.55 1061.67 1035.13 962.488 2319.61 935.609 923.216 873.308 865.436 886.802 859.929 1059.59 1053.81 854.299 839.588 838.645 793.029 746.364 736.895 701.043 665.255 968.672 654.906 645.376 627.345 627.103 789.799
threshold=49.875621795654304 1.8634380102157595 1.0000000180025095e-35 92.031745910644545 1.0000000180025095e-35 80.096618652343764 1.5000000000000002 1.0000000180025095e-35 75.809822082519545 23.940298080444339 24.068965911865238 3.5000000000000004 91.734970092773452 86.240703582763686 68.660713195800795 2.5000000000000004 2.5000000000000004 73.499401092529311 8.5410332679748553 8.7922706604003924 2.5000000000000004 5.5946791172027597 91.922958374023452 3.5000000000000004 1.0000000180025095e-35 99.473682403564467 97.467948913574233 2.5000000000000004 1.0000000180025095e-35 2.5000000000000004 3.5000000000000004 0.57912030816078197 50.500000000000007 3.5000000000000004 2.5000000000000004 0.48226973414421087 1.0000000180025095e-35 98.529094696044936 0.20872293412685397 12.500000000000002 82.807880401611342 1.0000000180025095e-35 97.789989471435561 1.0000000180025095e-35 84.680576324462905 48.17045974731446 99.333332061767592 30.848532676696781 41.872640609741218 49.875621795654304 1.0000000180025095e-35 1.0000000180025095e-35 31.500000000000004 1.3208404779434206 98.799980163574233 97.999198913574233 1.5000000000000002 86.319076538085952 4.5000000000000009 27.741445541381839 82.097072601318374 68.801231384277358
decision_type=8 2 2 2 2 10 2 2 2 2 2 10 2 2 2 2 2 2 2 2 2 2 2 8 2 2 2 2 2 2 2 2 2 2 2 2 2 2 2 2 2 2 10 2 2 2 2 2 8 10 2 2 2 2 10 2 2 2 8 10 2 2
left_child=43 3 -3 5 24 11 9 8 23 10 -7 36 13 15 -13 16 17 -10 19 41 21 -21 -4 -8 26 27 34 -26 42 32 31 50 33 -28 38 -36 58 -6 39 -5 -17 -9 48 -1 -45 47 -47 -11 -27 -30 -31 54 -43 -34 -20 56 -38 -19 -2 -46 61 -48
right_child=1 2 22 4 37 6 7 18 12 45 -12 14 -14 -15 -16 40 -18 57 51 20 -22 -23 -24 -25 25 28 29 -29 49 30 -32 -33 53 -35 35 -37 55 -39 -40 -41 -42 52 -44 44 59 46 60 -49 -50 -51 -52 -53 -54 -55 -56 -57 -58 -59 -60 -61 -62 -63
leaf_value=-0.097144980856647301 -0.0033830620587938318 0.096576302238703074 0.0011235002874544872 -0.097464299974583668 0.031964734089650546 0.011882956726503312 -0.031565282871619915 -0.095654581233839076 -0.065249891204225446 0.04243559838743443 -0.065265201601647102 -0.076584758521954399 -0.040486882399166382 0.057017502200089491 0.030214988788381948 0.023494782500997558 0.083318769223871089 0.057413322930829826 0.0081048658113569393 -0.14856564771866254 -0.096456721716374927 0.084227138493545572 0.075104193982009695 -0.083203182644947582 0.026197831579433825 0.075246492742733748 -0.093728385112683554 -0.065887593244611783 0.003271266229507535 0.13740614715380969 -0.058033413436531123 -0.017468060211942617 -0.03329814520615338 0.11644423572349111 0.090398709952129785 -0.058203271559220643 0.075553696816831009 0.090266026547126579 0.046700587304333546 0.12374756416153317 -0.049379672504561128 -0.076547735262969652 0.080706420595307762 -0.082293766065453675 0.13551407282962746 0.078779703598364614 -0.016418720284166435 -0.014553869220055322 0.01238658758154762 0.090276371778677686 0.037153995347830822 0.11065529336630849 0.051336696916857841 0.012161068350055025 0.041664996274058688 -0.054515875967511312 -0.0013480260047930997 -0.054100336656413998 -0.045275108570309149 -0.02414788937996358 -0.039001941119996331 0.060743555672247151
leaf_weight=22935.125690469984 5232.358818278648 13195.720205618069 12006.508605714887 1901.1672906863969 4957.4944111304358 9410.1630781572312 8666.4882927234285 578.59829688305035 3115.835786369862 6944.8579239402898 4454.1489346628077 10904.240307795117 8724.2586764553562 6277.4149053534493 1586.3815245358273 2259.8071575425565 3768.7273295014165 2515.5570707209408 21071.814500337001 396.42270523076877 3980.7548517705873 1049.4985534921288 2770.9715177807957 8528.6626624020282 2252.4920677822083 2252.7989994375966 6061.6924899877049 4949.4266941098031 1521.9619743302464 3027.5640150799882 5563.1774184845854 3138.7091920429375 6604.2028862272855 443.85585511242971 4689.8864729304332 992.94317935127765 2218.3624365350697 7895.6123525975272 2334.7966156897601 631.46806458104402 7993.4419108340517 509.70459459116682 2093.3766517601907 4131.1077357491013 283.69169482798316 7129.4676063172519 1882.0713459141552 6089.9870131881908 53661.21322428924 4088.7683292236179 1151.9124235471245 953.56529456563294 4361.2465904564597 7750.7216730955988 8833.8131582345814 1450.4598682052456 6260.5470613678917 666.10483683086932 12375.087207849137 1856.9643063100521 1269.3188305906951 4493.677782362327
leaf_count=9853894 178277 1108088 84080 13954 172250 106247 639418 10062 52395 93843 127352 2458666 125732 108145 34157 33566 58361 33530 240796 6757 69861 10170 68878 1520929 26949 45769 112511 73311 9772 37866 100925 50781 156862 6429 51591 17845 62418 517409 29586 6835 135809 18414 65149 1286559 15794 191491 23616 117995 535352 41475 16067 10775 42932 88923 83562 23679 309323 7183 1004164 161721 16519 77238
internal_value=-0.00131613 0.00632479 0.0534796 0.00198457 0.0139755 -0.00673605 0.000734456 -0.00723145 -0.0209649 0.0187506 -0.0129022 -0.0321044 -0.00333589 0.0088503 -0.0630206 -0.00603028 0.0217646 -0.0150723 0.0100496 -0.0206818 -0.0653197 0.0204032 0.0149959 -0.0571773 0.00796792 0.0156756 -0.00435612 -0.0370867 0.0216486 -0.016626 0.00629799 0.0552018 -0.0307816 -0.0793889 0.0348854 0.0644339 -0.018081 0.067779 0.000386871 -0.042309 -0.0333182 0.0237689 0.0172934 -0.0881434 -0.0552256 0.0345311 0.0510481 0.0158096 0.0149192 0.0666754 0.109775 0.0208807 0.0379547 -0.00875314 0.0180182 0.00806627 0.018772 0.0340671 -0.0328262 -0.00298859 0.0251868 0.0379659
internal_weight=361098 331891 27973.2 303918 127965 175953 135925 94251.7 52516.3 41673.7 13864.3 40027.4 35321.1 26596.9 12490.6 20319.5 10066.2 6297.5 41735.4 10876.2 5426.68 1445.92 14777.5 17195.2 115112 70820 44292.1 7201.92 63618.1 33741.8 12881.4 7318.19 20860.5 6505.55 10550.3 5682.83 27536.8 12853.1 4867.43 2532.64 10253.2 5449.55 58007.4 29206.9 6271.76 27809.4 14774.5 13034.8 55914 5610.73 4179.48 30859.2 4870.95 14354.9 29905.6 9929.37 8478.91 3181.66 17607.4 2140.66 7645.07 6375.75
internal_count=22790007 11472039 1261046 10210993 2177611 8033382 3962698 3208397 2715068 754301 233599 4070684 554721 428989 2492823 320844 151469 93108 493329 158196 86788 16927 152958 2160347 1487952 797777 690175 100260 697517 570364 205639 104714 364725 118940 119811 69436 1577861 689659 50375 20789 169375 71408 646270 11317968 1464074 520702 308864 211838 581121 51247 53933 335133 61346 245785 324358 395420 371741 40713 1182441 177515 117373 100854
is_linear=0
shrinkage=0.1


Tree=44
num_leaves=63
num_cat=0
split_feature=7 34 9 1 9 7 0 25 1 0 7 0 9 8 8 0 3 9 0 28 19 8 33 27 0 7 4 0 24 0 20 31 25 4 1 25 28 32 18 20 35 27 19 20 27 25 22 25 34 27 8 16 29 30 28 25 9 35 25 19 3 3
split_gain=21322 5816.22 4318.76 2742.11 3442.58 3429.9 2065.02 2365.53 1932.92 1782.54 1621.98 1391.79 1069.64 1025.41 957.901 943.928 1556.24 915.909 894.749 845.545 1759.7 818.69 944.869 1260.58 1163.46 953.815 774.752 1125.04 870.395 768.44 760.826 760.068 679.58 845.718 678.466 1083.72 644.76 691.228 2071.61 822.354 655.497 621.261 609.395 593.855 551.252 527.098 789.791 518.747 516.237 561.306 1011.05 713.535 693.135 500.8 486.059 478.755 474.741 466.992 463.638 460.21 637.293 669.619
threshold=49.875621795654304 1.8634380102157595 0.89898991584777843 75.809822082519545 0.89898991584777843 81.729778289794936 20.144927978515629 1.5000000000000002 98.529094696044936 75.905715942382827 98.799980163574233 92.805381774902358 0.29285715520381933 41.472446441650398 91.813587188720717 25.14367771148682 52.277431488037116 0.17424242943525317 63.702239990234382 39.500000000000007 0.21442873775959018 36.32135200500489 0.36685302853584295 9.5000000000000018 99.473682403564467 79.18729400634767 0.82033187150955211 72.255687713623061 2.5000000000000004 75.905715942382827 0.95876392722129833 0.82944530248641979 1.5000000000000002 1.0000000180025095e-35 7.2508215904235849 2.5000000000000004 1.5000000000000002 2.5000000000000004 1.5000000000000002 0.63355410099029552 2.5000000000000004 6.5000000000000009 0.19158418476581576 0.97196012735366832 33.500000000000007 1.5000000000000002 1.0000000180025095e-35 3.5000000000000004 0.3360686749219895 1.5000000000000002 46.188034057617195 3.5000000000000004 19.500000000000004 4.5000000000000009 308.50000000000006 1.5000000000000002 0.64583334326744091 2.5000000000000004 4.5000000000000009 0.75892975926399242 60.188678741455085 99.333332061767592
decision_type=8 2 8 2 10 10 2 2 2 2 10 2 10 8 10 2 2 10 2 2 2 8 2 2 2 10 2 2 2 2 2 2 2 2 2 2 2 2 10 2 2 2 2 2 2 2 2 2 2 2 10 8 2 2 2 2 10 2 2 2 2 2
left_child=17 3 11 5 14 6 13 12 19 10 15 43 29 44 21 34 32 -1 -19 20 31 -5 24 47 30 54 27 -22 -29 -8 36 42 -17 -34 35 -7 40 38 -38 -39 -23 -20 -6 57 58 -18 -47 48 -24 50 51 -50 -52 -53 -25 -51 -15 -3 -2 60 -14 -62
right_child=1 2 -4 4 8 9 7 -9 -10 -11 -12 -13 59 56 -16 16 45 18 41 -21 26 22 23 25 -26 -27 -28 28 -30 -31 -32 -33 33 -35 -36 -37 37 39 -40 -41 -42 -43 -44 -45 -46 46 -48 -49 49 55 52 53 -54 -55 -56 -57 -58 -59 -60 -61 61 -63
leaf_value=-0.096731915376152403 -0.065693611280579448 0.034503177442125034 0.098547869389927559 0.055877908561711244 -0.11579382837466974 0.019720057135847745 -0.055255210883012489 -0.09053039772221623 0.088652900507770568 0.092964233091306026 0.016993653455781341 0.083217206775059893 -0.0052720593796348079 -0.036149896822018725 -0.015360778758853055 -0.031581176953124901 0.013438653359824063 -0.083153568776833706 0.055395430775665326 0.075825524618746615 0.060281464426268284 -0.03891162248251679 -0.032890828284817229 -0.032763288952581383 0.078835042481206374 0.011034217163645162 0.068807452455797766 0.080329103257568646 -0.24750816772220385 0.14063936911295913 -0.020219717195124946 0.002463665632158571 0.060811411216819648 -0.090795157707276183 0.0030776090581580429 -0.096678640741992172 0.022169692370934909 0.049946890515846921 0.14100961794352243 0.0075629996068306438 0.029160057481751867 -0.050531720386666125 -0.0070177830976205545 -0.022496258131253697 0.095875226665593824 -0.036218611400036092 0.0929600272758873 -0.017260725967848028 0.078042256273969227 0.051066803805327313 -0.016262531917797651 -0.040301986614509885 0.030526127130390681 0.048583771870963278 -0.086037307684866546 -0.00088374064508108538 0.026954787186610759 -0.023417506845818059 0.10536480661199155 -0.13715418581582012 0.16199098572144985 0.013074527943599951
leaf_weight=21020.012694085017 499.33385517122224 5967.4508652575314 11005.694156214595 3401.3636860931292 1263.8112551635131 1439.4402227671817 4266.7158100150991 10809.4713687615 7282.0419777897187 1981.3261643021833 27991.645877010887 2627.7521242648363 1269.5323362844065 5017.509637268493 21301.445849943906 6608.6549069834873 7782.0188078898937 3507.0697982716374 1019.1273848665878 2753.3423547053244 588.81503989780322 3838.7747646993957 2773.3729813571554 8335.4391405784991 2779.6639357539825 4568.8625292666256 5025.099148588255 112.12595932092518 291.58223903086036 210.10730676655658 6288.8488495387137 3995.5945733268745 397.49115985212848 4951.0446639191359 31784.800533083035 1800.2385820252821 7721.4740765362512 5442.8534488189034 1810.8416550052352 28803.412469713017 2240.1058926924597 1212.3210946789477 869.27948309248313 5263.6167944958434 1387.079689174192 5734.4279086980969 515.87131798546761 8751.5186694285367 4590.5443895352073 1899.1520383611787 6272.1030252340715 1061.9915433048736 6393.8146047962364 1572.3643863522448 2155.4751996553969 26901.054361739662 1563.6868839408271 1815.5068951034918 232.09942084923387 147.9732483252883 680.07782900915481 543.08567799231969
leaf_count=9932908 36700 55575 1044872 71235 19341 20665 464538 2859484 517936 78647 534121 102200 112106 315911 246476 201796 116308 1202627 55621 81935 7146 48630 55619 251183 121376 51761 233989 1837 1899 4244 84007 84124 11400 1372226 561614 42643 89123 51100 24427 344884 29834 122797 17002 44268 32824 186700 5437 112485 70871 25070 78052 13906 79512 20422 71845 284028 35517 14903 7212 2276 13317 6652
internal_value=-0.00125841 0.00579816 0.0505334 0.00180239 0.00952405 -0.0100864 -0.0416541 -0.0610542 0.0464278 -0.000848369 -0.0029367 0.0168201 -0.016288 -0.00167764 0.00437261 -0.0120802 -0.0265194 -0.0870652 -0.0516564 0.0257907 0.0144487 0.00742741 0.00619942 -0.00122449 0.0156832 -0.0271009 0.0528609 -0.0278758 -0.156455 -0.0460614 0.0125567 -0.0232673 -0.0530282 -0.0795281 -0.00136583 -0.0449609 0.016691 0.0209286 0.0447456 0.0142992 -0.0138268 -0.00215361 -0.0714653 0.00344686 0.0588331 -0.00393077 -0.0255568 0.00524711 0.00907457 0.0114649 0.0243844 0.0542357 0.0073566 0.0127511 -0.043709 0.002542 -0.0211563 0.0209922 -0.0114131 0.0341879 0.0443592 0.0958719
internal_weight=352138 325380 26680 298700 181086 117614 26626.7 17927 22181.7 90987 89005.6 15674.3 7117.49 8699.71 158904 61014 25989.5 26758.5 5738.52 14899.7 12146.3 137603 134202 75275.7 58926 15059.8 6017.62 992.523 403.708 4476.82 56146.3 6128.69 11957.2 5348.54 35024.5 3239.68 49857.5 43778.6 9532.32 34246.3 6078.88 2231.45 2133.09 13046.6 2118.51 14032.3 6250.3 60215.9 51464.4 48691 19890.8 7224.9 12665.9 2634.36 10490.9 28800.2 6581.2 7782.96 731.433 2640.67 2492.7 1223.16
internal_count=22789164 11475211 1261818 10213393 3191055 7022338 3890781 3462617 965209 3131557 3052910 216946 603133 428164 2225846 2518789 1893867 11313953 1381045 447273 365338 1979370 1908135 1114754 793381 374789 244871 10882 3736 468782 672005 120467 1585422 1383626 624922 63308 587998 509534 113550 395984 78464 178418 36343 114746 76736 308445 192137 739965 627480 571861 262763 105199 157564 34328 323028 309098 351428 70478 43912 134351 132075 19969
is_linear=0
shrinkage=0.1


Tree=45
num_leaves=63
num_cat=0
split_feature=9 8 0 0 1 11 20 25 22 3 0 11 20 1 0 26 3 33 34 2 1 25 27 13 11 0 1 26 1 2 11 2 27 24 25 28 25 20 32 18 1 34 29 24 22 1 26 20 33 9 27 2 32 2 25 25 0 28 29 8 29 33
split_gain=8165.55 8574.82 7066.88 3083.58 2952.3 3447.87 2001.46 1495.87 2774.76 3286.84 1638.82 1433.07 3415.51 1412.42 1355.81 1278.63 1260.58 1331.92 1200.55 1108.33 1019.74 1529.52 912.922 964.603 908.116 899.985 872.842 838.336 828.46 823.64 798.281 761.329 745.784 2361.87 1744.3 958.341 731.237 720.421 919.575 3014.42 718.427 713.412 712.9 701.018 690.931 676.679 634.94 691.405 1041.08 633.765 591.291 585.176 574.583 570.051 829.069 527.138 675.914 519.145 511.316 506.238 505.472 533.694
threshold=0.23611111193895343 44.489427566528327 99.473682403564467 55.338146209716804 91.010101318359389 1.0000000180025095e-35 0.13998643308877948 1.5000000000000002 1.0000000180025095e-35 53.950103759765632 46.709957122802741 1.0000000180025095e-35 0.40411648154258734 22.378716468811039 86.240703582763686 1.5000000000000002 99.333332061767592 0.52076691389083873 1.5130249857902529 34.525329589843757 7.2508215904235849 2.5000000000000004 1.5000000000000002 1.0000000180025095e-35 2.5000000000000004 30.848532676696781 78.979854583740249 2.5000000000000004 64.051280975341811 7.2077922821044931 1.5000000000000002 15.535444736480715 31.500000000000004 2.5000000000000004 4.5000000000000009 5.5000000000000009 1.5000000000000002 0.99999985098838817 3.5000000000000004 2.5000000000000004 9.7167587280273455 0.94050404429435741 17.500000000000004 2.5000000000000004 1.0000000180025095e-35 5.0316455364227304 1.0000000180025095e-35 0.69978588819503795 0.30041521787643438 0.64583334326744091 47.500000000000007 5.1615052223205575 2.5000000000000004 6.2019231319427499 3.5000000000000004 4.5000000000000009 9.8563041687011737 7.5000000000000009 17.500000000000004 45.478595733642585 18.500000000000004 0.76950746774673473
decision_type=8 8 2 2 2 2 2 2 2 2 2 2 2 2 2 2 2 2 2 2 2 2 2 2 2 2 2 2 2 2 2 2 2 2 2 2 2 2 2 8 2 2 2 2 2 2 2 2 2 10 2 2 2 2 2 2 2 2 2 10 2 2
left_child=1 6 4 13 7 18 -1 10 9 41 25 12 22 30 27 -7 19 -18 43 -12 21 29 23 -5 37 31 44 -11 36 45 -3 -2 33 55 59 40 -15 38 39 42 53 -9 52 -6 -8 51 -40 48 -48 -17 -24 -10 -13 -35 -55 -22 -57 -25 -33 -34 -50 -62
right_child=2 3 -4 11 5 15 26 8 20 14 16 24 -14 28 -16 49 17 -19 -20 -21 32 -23 50 57 -26 -27 -28 -29 -30 -31 -32 58 34 35 -36 -37 -38 -39 46 -41 -42 -43 -44 -45 -46 -47 47 -49 60 -51 -52 -53 -54 54 -56 56 -58 -59 -60 -61 61 -63
leaf_value=-0.086626228745916786 -0.024946352297497455 0.0013039825882602372 0.090986119810051946 0.0066888596077871584 0.022893586160250175 0.049287343518735462 -0.080524134304829825 -0.095163304313980748 0.068668031666960436 -0.010483031223390425 -0.02804551027860816 0.099264403035345047 0.090590923121071865 -0.040847434554041322 0.035323141128362094 -0.0081744014685349344 0.040594119204656255 -0.062347407747954969 0.092867586074913647 0.093909773121500117 -0.099759408703903124 -0.094152584543797505 -0.00044942177447916296 0.088656155023045177 -0.083843835489019705 -0.030652561484662749 0.017816971141729802 -0.05367001226384243 -0.012437690464477846 -0.18663819035426765 -0.064366896566970713 0.084005223025893958 0.07873744425017043 0.064738387470164568 -0.052110486461776087 -0.15391029492136205 -0.092236252012402056 -0.056254411002149132 0.043431624190561763 0.13536818844903173 0.063072321968064324 -0.035653996028233458 -0.009664300072067018 0.069274163091892049 0.0077905892138436864 0.094036544423304225 0.035474336431795948 -0.036032528894641355 -0.034216028623163044 0.030174346961263632 -0.053401703533218714 -0.15310798673226761 0.00048515064061093436 0.090947285206602002 -0.092911593120296967 -0.10817477238219005 0.068943218748142271 -0.092958327489661763 0.017829511369280123 0.030017733372802807 -0.00017460827357908222 -0.042973203100112295
leaf_weight=19074.627210161882 4113.382020697929 9085.0546567009296 11059.398430041969 5006.4744310276583 7817.0218593161553 6191.0435699645896 2905.6414920939133 6773.042439302546 226.85958196036518 20184.071421963628 864.93871962791309 1193.9367835484445 5197.851256279042 4663.3162498595193 5317.6895816633478 22772.717871991452 4943.3941734149121 1685.409717871109 7194.4942857823335 5382.5857469078619 2401.8902607520577 2134.2283688888419 25076.884169016732 2817.9413220506394 1570.8218487531412 6667.435916733928 2897.7753945824225 5782.5423688881565 3012.2512802962447 158.04964906070381 2324.6461923291208 1295.1107374208514 2399.4741709956434 668.73652538401075 2544.2539303137455 272.24991392157972 6816.4742868734756 2843.0354269986274 2021.1156171362381 1868.5414237253135 3886.8962322392035 2867.3551490738755 11899.090450355201 5588.5875813211314 1274.4048578620423 1149.297618341865 4929.191746461438 10837.892551547382 8863.0087276070844 5315.366122467909 2302.3962420733878 250.182680682512 1161.9860291543882 323.68884658580646 1012.1774350011256 385.06891711521894 489.16470808070153 166.70514472317882 11858.636788309552 19188.41538877436 20506.494659429765 3396.1566857526777
leaf_count=9066856 72455 384993 833395 81886 273157 96952 959920 2195061 2074 437891 25773 10103 162277 445967 107830 197953 108246 71626 672683 176039 60844 38724 212810 59924 108419 216726 80488 105126 145568 2762 171281 25028 34023 5461 26158 3175 2452725 48629 33462 27654 33868 341596 124355 298151 107389 11477 57149 156186 174172 54499 76475 4381 10910 2747 11629 10074 5952 1364 188806 183726 330433 362718
internal_value=-0.00109995 -0.0172865 0.0135274 -0.00730769 0.00849141 0.0275808 -0.0697747 -0.000600373 -0.00840693 -0.0264114 0.0160293 -9.66869e-05 0.0149002 -0.0383935 -0.0106795 0.00814999 0.0447963 0.0144207 0.0599142 0.0770257 0.0112467 -0.0370264 0.00377708 0.0335145 -0.00865466 0.000553254 -0.0243601 -0.0201004 -0.0591135 0.0312997 -0.012076 0.0126029 0.0168813 -0.00694917 0.0262032 0.0295181 -0.0713611 -0.00695576 -0.00485373 0.0159409 0.0379944 -0.0774634 0.00028641 0.0422289 -0.0535989 0.0524792 -0.0114859 -0.0137729 -0.00737293 -0.000917316 -0.00490232 -0.0476414 0.0505446 -0.0106313 -0.0483614 -0.0755592 -0.00907098 0.0785122 0.0243451 0.0354329 -0.0138188 -0.00625555
internal_weight=344879 163714 181165 137561 170105 54879.2 26152.4 115226 78415.3 40924.7 36810.9 111660 40568.3 25901.7 31284.3 34279.1 12876.3 6628.8 20600.1 6247.52 37490.6 3918.62 35370.4 7991.12 71091.3 23934.6 7077.82 25966.6 14492 1784.39 11409.7 17267.1 33572 9439.87 24132.1 6163.75 11479.8 69520.5 66677.4 16123.6 5891.5 9640.4 14255 13405.6 4180.05 1626.34 50553.9 48532.7 37694.9 28088.1 27379.3 477.042 2355.92 2004.6 1335.87 3276.12 874.234 2984.65 13153.7 21587.9 32765.7 23902.7
internal_count=22790181 15854113 6936068 5639460 6102673 1593395 10214653 4509278 3624579 3187504 884699 2038926 594736 3600534 650847 349404 381684 179872 1243991 201812 437075 59418 432459 143174 1444190 503015 1147797 543017 3044260 20694 556274 286289 377657 133750 243907 56880 2898692 1335771 1287142 173022 53705 2536657 145368 571308 1067309 17932 1114120 1080658 924472 252452 289285 6455 21013 19837 14376 76870 16026 61288 213834 217749 867323 693151
is_linear=0
shrinkage=0.1


Tree=46
num_leaves=63
num_cat=0
split_feature=9 8 0 0 2 12 20 19 5 18 27 0 24 11 33 30 26 20 27 3 11 27 16 0 27 20 11 25 3 30 22 8 20 32 18 18 0 22 13 0 31 33 24 29 27 9 20 8 26 20 33 25 3 20 26 32 29 35 19 24 31 3
split_gain=6730.63 7780.08 6285.52 2687.09 2006.43 2434.34 1993.73 1894.72 1575.62 1426.87 1285.46 1178.23 1176.1 1099.56 3048.86 982.189 871.934 1119.41 873.401 831.725 809.527 771.709 931.898 728.301 723.306 745.861 683.114 667.712 803.979 658.54 645.938 639.073 626.951 736.969 2513.88 609.116 572.859 571.997 736.836 742.256 559.833 553.802 550.465 547.914 530.754 529.98 547.385 527.712 504.971 610.422 750.914 481.543 478.497 476.999 519.764 453.553 445.873 444.228 443.759 437.181 407.855 407.17
threshold=0.23611111193895343 45.179513931274421 99.473682403564467 55.338146209716804 79.743591308593764 1.0000000180025095e-35 0.13998643308877948 0.20872293412685397 1.0000000180025095e-35 6.5000000000000009 12.500000000000002 23.132664680480961 2.5000000000000004 1.0000000180025095e-35 0.47138953208923345 11.500000000000002 1.5000000000000002 0.33536016941070562 1.5000000000000002 53.950103759765632 2.5000000000000004 1.5000000000000002 3.5000000000000004 64.747306823730483 209.50000000000003 0.5669493079185487 1.5000000000000002 2.5000000000000004 88.273490905761733 4.5000000000000009 1.0000000180025095e-35 83.15198135375978 0.99999985098838817 3.5000000000000004 2.5000000000000004 1.5000000000000002 20.144927978515629 1.0000000180025095e-35 1.0000000180025095e-35 89.769756317138686 0.82944530248641979 0.56690508127212536 1.5000000000000002 17.500000000000004 57.500000000000007 0.35416667163372045 0.91799148917198192 72.885120391845717 1.0000000180025095e-35 0.7218911647796632 0.27865120768547064 1.5000000000000002 89.725547790527358 0.97196012735366832 1.0000000180025095e-35 2.5000000000000004 18.500000000000004 1.5000000000000002 0.19158418476581576 1.5000000000000002 0.55379116535186779 92.031745910644545
decision_type=8 8 2 2 2 2 2 2 2 10 2 2 2 2 2 2 2 2 2 2 2 2 8 2 2 2 2 2 2 2 2 10 2 2 10 8 2 2 2 2 2 2 2 2 2 8 2 10 2 2 2 2 2 2 2 2 2 2 2 2 2 2
left_child=1 6 4 11 8 16 -1 10 9 15 12 26 40 14 -5 27 17 18 -6 51 32 22 -16 30 -9 -26 53 28 -2 -24 -8 61 33 34 43 -17 -11 38 39 60 58 42 -30 55 59 -19 -47 -21 -35 50 57 -13 -38 54 -3 -15 -52 -50 -7 -23 -29 -18
right_child=2 3 -4 13 5 7 23 24 -10 36 -12 19 -14 20 21 35 31 45 -20 47 -22 44 29 -25 25 -27 -28 37 41 -31 -32 -33 -34 48 -36 -37 52 -39 -40 -41 -42 -43 -44 -45 -46 46 -48 -49 49 -51 56 -53 -54 -55 -56 -57 -58 -59 -60 -61 -62 -63
leaf_value=-0.085020753415448805 -0.015134431102814656 0.062287362914986225 0.088433985960987435 0.090636687611358055 0.096522574306078468 -0.16112232504678448 -0.077404377423021517 0.082055523992776574 0.11584394317291868 -0.011036320209125544 0.094857788772539919 -0.041315579777117382 0.050430302141800901 0.087676388036520933 0.06604240090258566 0.022665287064080646 0.048227628900855836 0.10883913305481302 -0.062684884803061808 -0.052670411087278907 -0.080951365827657273 0.051943427438489467 -0.056604590076205864 0.012522438713231568 -0.14914728263568736 0.08827041357348768 -0.062286361189205101 -0.10089380134951181 -0.07214088603164058 0.027497667128182753 0.0059073367853244617 -0.012947120329466386 -0.052313405408668023 0.039277018540471803 0.12873242083096906 0.001808627925055801 -0.070477830994211621 -0.0059868412198689422 0.11109818742700622 0.086960188388780613 -0.024643640539844858 -0.032672022872221325 0.053744873803715211 -0.0075067100176147879 -0.060489387163584075 0.068393915323331042 0.0039661302460596423 0.0090676253399647987 -0.010753963317736407 -0.035854229206927893 -0.030155076623364221 -0.095520302905500953 0.010379993868743633 -0.063487534960774514 -0.0040099393232920942 6.7185546216405454e-05 -0.0046411034802042277 0.05237828539405897 -0.017638876796654879 -0.0040323762249559114 -0.046297231662578035 0.0084203253494587234
leaf_weight=17781.455421819934 11918.667783784796 1436.0869614128023 10250.171216246439 4553.8301643368322 440.81072543933988 709.10399879841134 2887.6446227722336 11181.406098501058 1145.4738877112977 4610.9377330122516 1260.7759348270483 2407.8491193939699 1539.1003839040641 1218.0770725207403 3897.1083896781784 21746.247686951654 2977.0738342478871 1520.0617188413162 1578.3840127012227 3425.1503945830045 1456.2082399151986 1480.2186428543646 1444.6179597276496 3209.2006048720796 281.08975607017055 250.01606669928879 2225.4283245545812 1893.5700033016037 376.03051089309156 2618.8490092386492 1373.1861362982308 15027.147178092971 2758.3671214077622 2024.4358653249219 1733.4087536879815 39323.529560147086 4883.779128524824 5775.3234350127168 280.49277896271087 354.53522456530482 1789.420163853094 1159.0733323059976 4555.3716681331862 11927.879500839743 1582.1458433251828 3227.9221409936436 2229.5305355279706 2323.8103562367614 1717.1823044894263 8593.1412163617788 9441.5454106769757 5132.2674729798455 860.88265285152011 1064.5974105342757 6697.7690935963765 1147.6954191001132 24948.593010314973 3175.9524212158285 309.68266576295719 24314.363151298836 4932.3956828369992 18769.087078048848
leaf_count=9153455 452612 23747 832796 154038 4358 8307 997547 923185 68633 121790 44172 322615 61952 10455 74006 405681 33494 17054 45413 357684 101225 18816 27310 109723 10698 25544 175168 60239 5593 45143 112977 138773 48609 32083 26016 1547582 1058418 65697 7822 9414 33724 52783 123212 124954 51174 68719 50688 61445 17079 127589 177213 2185846 14572 20731 363262 10930 663130 39082 5174 220282 365972 272782
internal_value=-0.00100202 -0.0158694 0.0124254 -0.00632346 0.00775748 0.021822 -0.0668084 0.0537534 -0.000789732 -0.00209099 0.0059555 -0.0361211 -0.0198273 0.00036894 0.0136245 0.0018574 0.00973832 0.0376429 -0.0279283 -0.0563658 -0.00716973 0.00370019 0.0311051 -0.0234561 0.0766395 -0.0373838 -0.012571 -0.0125631 -3.05859e-05 -0.00240183 -0.0505546 0.00291137 -0.0056055 -0.00365128 0.0150047 0.00923545 -0.037289 -0.0296147 -0.0479042 -0.0541153 -0.0583336 0.0295267 0.0441458 0.00121275 -0.00426859 0.0566183 0.0420733 -0.027715 -0.00964316 -0.0117117 -0.0064306 -0.0782107 -0.0583607 -0.000543161 0.0076953 0.045175 -0.0116458 0.0302228 -0.117507 -0.000820212 -0.0614427 0.01387
internal_weight=337155 159998 177157 134747 166907 63090.6 25251.5 17320.6 103816 102671 5608.08 24713 4347.31 110034 39891.1 92315.2 45770 8996.71 2019.19 13289.1 70142.5 35337.3 7960.58 7470.03 11712.5 531.106 11423.9 31245.5 18009.1 4063.47 4260.83 36773.3 68686.3 65927.9 16027.1 61069.8 10355.6 13236.3 7460.99 7180.5 2808.21 6090.48 4931.4 14293.7 27376.7 6977.51 5457.45 5748.96 49900.9 47876.4 39283.3 7540.12 5744.66 9198.45 8133.86 2365.77 34390.1 4893.13 1018.79 25794.6 6825.97 21746.2
internal_count=22790187 15853334 6936853 5479632 6104057 1744037 10373702 1112756 4360020 4291387 153329 3510498 109157 1969134 590769 3096607 631281 186232 49771 2927590 1378365 436731 146459 1220247 959427 36242 582908 1143344 634200 72453 1110524 445049 1277140 1228531 172355 1953263 1194780 509144 443447 435625 47205 181588 128805 146339 290272 136461 119407 419129 1056176 1024093 896504 2508461 1072990 407740 387009 21385 840343 56161 13481 239098 426211 306276
is_linear=0
shrinkage=0.1


Tree=47
num_leaves=63
num_cat=0
split_feature=7 34 9 7 0 1 12 7 6 4 0 9 1 1 0 3 8 1 3 25 0 25 2 17 8 21 8 8 25 3 2 6 7 8 2 0 30 1 13 2 4 25 24 25 20 25 28 9 2 7 24 20 28 4 26 7 22 7 32 1 27 13
split_gain=15778.6 3958.06 3579.05 2091.85 2608.88 3365.12 1928.53 1202.92 1201.86 1129.74 1022.21 919.433 906.229 901.491 1345.64 891.245 889.201 843.736 1033.25 1020.94 1106.6 754.562 814.036 721.466 687.932 701.837 781.305 646.868 607.356 641.51 791.265 605.587 578.11 934.922 735.113 549.565 544.794 977.513 1364.31 1201.92 831.197 762.293 792.517 1124.87 893.579 633.911 633.107 632.333 597.616 567.229 737.383 527.138 803.83 525.955 514.85 513.886 510.847 500.065 497.554 496.357 495.946 485.268
threshold=49.875621795654304 1.8872035741806032 0.89898991584777843 98.799980163574233 51.000400543212898 25.14367771148682 1.0000000180025095e-35 79.18729400634767 1.0000000180025095e-35 0.99772727489471447 92.805381774902358 0.15476191043853763 49.089704513549812 75.809822082519545 79.814815521240249 51.66851997375489 39.168048858642585 8.1912217140197772 8.4219856262207049 2.5000000000000004 5.5946791172027597 1.5000000000000002 25.723738670349125 1.0000000180025095e-35 91.813587188720717 1.0000000180025095e-35 97.787567138671889 38.754844665527351 1.5000000000000002 99.333332061767592 63.702239990234382 1.0000000180025095e-35 44.389709472656257 32.151830673217781 7.7296488285064706 29.679679870605472 11.500000000000002 98.529094696044936 1.0000000180025095e-35 97.01425933837892 0.98544973134994518 2.5000000000000004 3.5000000000000004 4.5000000000000009 0.31590703129768377 2.5000000000000004 108.50000000000001 0.43650794029235845 92.422504425048842 75.694980621337905 2.5000000000000004 0.42584973573684698 116.50000000000001 0.86250701546669017 2.5000000000000004 50.133689880371101 1.0000000180025095e-35 96.313285827636733 12.500000000000002 84.680576324462905 17.500000000000004 1.0000000180025095e-35
decision_type=8 2 8 10 2 2 2 10 2 2 2 8 2 2 2 2 8 2 2 2 2 2 2 2 10 2 10 8 2 2 2 2 10 10 2 2 2 2 2 2 2 2 2 2 2 2 2 10 2 10 2 2 2 2 2 10 2 8 2 2 2 2
left_child=11 3 10 4 5 17 12 -7 -8 61 59 -1 -6 14 28 21 58 18 60 20 -20 22 -9 32 36 26 -26 -19 29 31 -31 -14 -13 34 -34 -24 37 39 41 -18 -40 49 48 44 -44 46 -41 -42 55 -39 -51 52 -10 -25 -49 -43 -30 -38 -15 -3 -2 -5
right_child=1 2 -4 9 6 7 8 15 51 -11 -12 23 13 16 -16 -17 24 27 19 -21 -22 -23 35 53 25 -27 -28 -29 56 30 -32 -33 33 -35 -36 -37 57 38 40 45 47 42 43 -45 -46 -47 -48 54 -50 50 -52 -53 -54 -55 -56 -57 -58 -59 -60 -61 -62 -63
leaf_value=-0.096021334266331332 -0.07978099586912106 -0.068992446321724549 0.097499868718950444 0.017258815837907497 0.095548651963321143 -0.078963881217468002 0.015289788972663216 -0.072368016784919151 0.060693295170302579 0.095043008171827148 0.082648714918414884 -0.041123269703375598 -0.00099104049057904364 0.063993518189590926 0.10657171326715727 0.00032702752936799071 0.0057304857779212912 0.058018991891365813 -0.11630450339700438 -0.09303004527856773 0.067854199753726266 -0.082359581145025687 0.049358436260890627 -0.097924018195651302 -0.036991861406686428 0.022274032471348071 0.024481448661936543 0.0010189369979837323 -0.062281965489562087 0.0088614742792403247 -0.076860828155995098 0.12743130091460084 1.7406738695832473 0.018991593300561539 0.30804986311039262 -0.029485024551740586 0.027562894868213131 -0.023773628788564871 0.065940134583936175 -0.0072038281030678128 0.010241893853467212 0.059166114611405932 -0.0020529662651766877 -0.069103351806877891 0.1889331693456181 -0.056148691061529303 -0.077797345322150019 0.087940715070568193 -0.00061881505508962708 0.0082263730193784124 0.10847554965285032 0.083494794146784762 -0.12036610506099682 0.35256787460273431 0.0069364437266657385 -0.081144021517250642 0.067329015573865975 -0.018256171265268611 -0.013731727074552455 0.0082575535123237866 0.031979814529250847 0.10551926872285221
leaf_weight=16057.162656017696 472.64611492818221 905.92558593302965 8322.0921676158905 38638.238464887021 1010.0190098022576 8435.7908862582408 10307.208719005575 2399.5423000045121 891.81665496854112 2038.005636180751 1828.243485183455 2457.6729401608463 1069.0672583770938 3542.8447153562447 732.59157992340624 5494.940364146838 18215.817242989666 2114.3851835717214 485.88703725149389 3212.9537839337718 993.38952925987542 4167.7720720915822 1489.3384007592686 2157.4262455952121 12173.927447175607 3683.4867192446254 2490.4690277401824 34110.484574014088 5717.4068095098482 2345.3244321097154 1990.8465607181424 559.29533288918901 3.7456496462691566 645.31222605262883 81.830889384495094 2175.3769828891382 14883.895360638155 5027.0885531407548 3194.7796572099905 9604.2503752913326 45581.958143984666 277.51358069933485 496.32842370413709 773.3110857878346 483.75043921568431 6364.6572086061351 1464.0862674782984 1973.1350096119568 1519.7667808583938 6012.2602899875492 835.71013224218041 5364.6863954979926 338.1827147770673 26.231501370901242 1302.6281185559928 4394.3196964247618 321.17631666106172 2835.7819812358357 1073.04959803971 10159.536038128659 2482.8073296932271 633.15297040343285
leaf_count=9858450 32528 6287 1027757 896064 59491 2495707 272544 105567 41275 136338 82056 392962 38222 74401 16297 166825 255653 73985 15111 110925 17512 1384444 30490 984272 141405 38564 23636 1062108 527694 54331 62619 11093 405 76088 4476 72949 199996 121631 26103 182893 439242 1964 5990 14323 5516 113182 40909 74462 30209 66091 10626 455328 6514 569 16200 98671 5687 30245 32369 90247 37660 33374
internal_value=-0.00105735 0.0046899 0.0463756 0.00162118 -0.00186376 -0.0185308 0.00447635 -0.0484987 0.0366196 0.0224491 0.0133781 -0.0840402 0.00112174 0.000529143 -0.0250018 -0.0321574 0.0027231 -0.00202596 -0.0322078 -0.0613794 0.00736495 -0.0496026 -0.0270898 -0.0482295 0.00133431 -0.0167496 -0.0265518 0.00434594 -0.0330322 -0.0103986 -0.0304958 0.0431183 -0.0179028 0.060178 0.370755 0.00255692 0.00398362 0.00130616 0.00802129 -0.0122324 0.016523 -0.0143064 -0.0382826 0.0210673 0.0922146 -0.0310019 -0.0165417 0.0132917 -0.0550898 0.00173482 0.0204605 0.0699571 0.0109118 -0.0925124 0.0557288 -0.0728094 -0.0553883 0.0202302 0.0459249 0.00193312 0.0141066 0.0186818
internal_weight=330842 309413 21215.8 288197 246888 68035.3 178852 24162.8 16901.9 41309.4 12893.7 21429.4 161951 160941 12735.7 15727 148205 43872.6 7647.68 4692.23 1479.28 10232 6064.26 5372.22 143589 18347.9 14664.4 36224.9 12003.1 5964.53 4336.17 1628.36 3188.56 730.889 85.5765 3664.72 125241 107521 71872.5 35648.8 52052.5 19820 7944.99 1753.39 980.079 17433 11068.3 48857.7 6191.6 11875.1 6847.97 6594.69 1230 2183.66 3275.76 4671.83 6038.58 17719.7 4615.89 11065.5 2955.45 39271.4
internal_count=22790532 11473310 1206347 10266963 9201187 5605811 3595376 4255982 775661 1065776 178590 11317222 2819715 2760224 715943 1760275 2044281 1349829 213736 143548 32623 1593450 209006 1458772 1937511 203605 165041 1136093 699646 166265 116950 49315 473931 80969 4881 103439 1733906 1503665 911028 592637 556007 355021 156673 25829 11506 336984 223802 529904 130844 198348 76717 503117 47789 984841 90662 100635 533381 230241 106770 96534 70188 929438
is_linear=0
shrinkage=0.1


Tree=48
num_leaves=63
num_cat=0
split_feature=9 0 11 1 12 1 22 25 20 25 22 3 2 1 11 20 20 0 1 34 1 25 27 2 27 2 2 13 1 24 25 25 19 4 34 2 20 25 24 24 2 21 4 26 0 27 24 25 28 26 0 9 11 9 33 35 35 19 27 27 3 27
split_gain=4785.66 5147.52 4868.59 2025.12 2685.2 1954.81 1734.93 3066.2 1170.43 1097.47 2106.57 2584.21 1346.44 1442.94 1074.99 3021.55 2471.37 1035.97 1019.44 970.444 851.243 1261.24 842.517 936.484 816.932 864.789 734.248 885.995 1015.37 1208.85 2177.63 921.47 726.888 1145.39 714.01 656.119 655.513 698.04 1346.86 702.605 799.168 632.792 625.447 620.734 602.201 600.432 2028.74 1466.55 790.389 586.536 578.334 570.455 733.402 563.223 551.761 536.848 527.664 524.003 726.704 518.118 513.067 510.891
threshold=0.23611111193895343 99.473682403564467 1.5000000000000002 91.010101318359389 1.0000000180025095e-35 75.809822082519545 1.0000000180025095e-35 1.5000000000000002 0.24882553517818454 1.5000000000000002 1.0000000180025095e-35 52.277431488037116 27.072835922241214 26.766168594360355 1.0000000180025095e-35 0.36883136630058294 0.17532896995544436 87.841831207275405 99.473682403564467 1.2096540927886965 7.2508215904235849 3.5000000000000004 1.5000000000000002 94.474967956542983 2.5000000000000004 88.416816711425795 88.153816223144545 1.0000000180025095e-35 99.473682403564467 2.5000000000000004 3.5000000000000004 3.5000000000000004 0.75892975926399242 0.96002480387687694 0.94050404429435741 7.2077922821044931 0.97196012735366832 3.5000000000000004 3.5000000000000004 2.5000000000000004 72.438781738281264 1.0000000180025095e-35 1.0000000180025095e-35 2.5000000000000004 75.582656860351577 31.500000000000004 2.5000000000000004 4.5000000000000009 4.5000000000000009 1.5000000000000002 9.8563041687011737 0.64583334326744091 1.0000000180025095e-35 0.087121214717626586 0.61470291018486034 12.500000000000002 12.500000000000002 0.19873649626970294 12.500000000000002 1.5000000000000002 12.70161294937134 40.500000000000007
decision_type=8 2 2 2 2 2 2 2 2 2 2 2 2 2 2 2 2 2 2 2 2 2 2 2 2 2 2 2 2 2 2 2 2 2 2 2 2 2 2 2 2 2 2 2 2 2 2 2 2 2 2 10 2 10 2 2 2 2 2 2 2 2
left_child=2 3 5 9 26 6 7 8 -1 12 11 34 13 42 15 22 24 43 57 -4 21 35 23 -7 25 -16 27 28 -5 31 -31 -30 33 -14 -11 -12 37 38 53 40 -39 -27 -2 -13 -10 46 -22 -47 50 54 60 52 -51 56 -28 -8 -18 58 -6 -56 -48 -24
right_child=1 -3 19 4 18 14 55 -9 44 10 20 17 32 -15 16 -17 36 -19 -20 -21 45 -23 61 -25 -26 41 49 -29 29 30 -32 -33 -34 -35 -36 -37 -38 39 -40 -41 -42 -43 -44 -45 -46 47 48 -49 -50 51 -52 -53 -54 -55 59 -57 -58 -59 -60 -61 -62 -63
leaf_value=-0.063144016194295827 -0.071898372198694036 0.084499654916817435 -0.075893372691791139 0.03619589961693475 -0.026864887860035366 0.0048122370847822234 -0.026251625029578632 -0.083695714784062555 0.0060701929963100426 -0.09432190202690692 0.020658493274553033 -0.0092816608605378308 0.028029410209992157 -0.060210085092110892 -0.074463105575523408 0.088817235570091163 -4.6785002335827366e-05 0.040689504372952143 0.085931529963207146 -0.020012233172098964 -0.073322272755309975 -0.11961677588044368 -0.0014716101297171473 0.078557980396061849 -0.081535292691618244 -0.032896671769154749 0.067370434909312923 0.10155545933115058 -0.088395601463271467 0.11252531717395216 -0.073040042501550759 0.092569060734043515 -0.034958070481662204 0.1115521428571053 -0.031181567277823893 -0.1606596792470365 -0.052150971427745697 0.0082680832317077544 0.14222246662575211 -0.027962262306087948 0.41161597893311996 0.099558797746773647 0.015976520533956592 -0.045704757492514493 0.12762124542462069 0.031453062170196479 0.013604947143488647 -0.049219169853205146 -0.11339905027831845 0.056891933203185779 0.060330932143157684 0.04749979987897824 -0.0024387986096054011 0.17337686021810514 0.11583679351774477 0.026253013131583458 0.041459893965624696 0.061663966947584019 0.09714345540872904 -0.045893421910481014 -0.1313231807508653 -0.047846400971547687
leaf_weight=2748.0505958473077 875.87618119514082 8937.9210740872659 13606.495346889831 2218.8833619134966 2231.3501972230151 4644.1425985363312 2997.251622076612 10509.56796903396 7240.4419060652144 5552.4693809144665 2267.7481441061245 21222.523382521933 16412.340360537171 4007.6044171543326 1290.008322883863 4542.6049936778145 42461.16566820594 3472.1700806256849 7578.9857172677293 4027.6080141020939 3082.9334017955698 1214.7285162348999 25050.431802219595 2736.6973409972852 5599.1626986664487 673.04792390507646 3798.3905894132331 616.21926011936739 3844.6320529964287 1171.8916063571814 1373.6988999587484 303.60002647270449 1549.4521177881397 1824.4097059960477 2643.7274500285275 218.83008274261374 2444.8643345149467 133.75421432300936 712.47750065033324 9342.8670239172643 77.633938704850152 777.14083186839707 10761.730750868563 6002.3438362358138 431.90378506854177 21196.589339110302 1831.46566611249 2521.52379081049 379.31247463542968 2359.7252389178611 3555.1772307341453 3644.4106509145349 17795.06479685544 194.73063056648243 252.38984051533043 5559.7239737171913 3300.9225791193312 2586.3314925930463 599.52773134363815 920.57630449533463 281.8621590109542 2624.4264339010697
leaf_count=970467 14661 832884 4619972 25715 52121 97786 121806 4144810 515414 2163813 27568 496887 381801 160839 561318 151787 451850 77082 807919 57091 76832 27696 385555 62913 2785697 105148 98088 7576 58800 21357 20398 4077 53790 116401 336333 4308 31191 4075 8030 137138 935 114175 157983 115282 9962 217674 17791 26145 4507 91320 31536 53138 122658 2190 2437 240229 44855 179994 24619 22462 3023 227791
internal_value=-0.000885838 0.010619 -0.0136914 0.00654706 0.0229762 -0.00728545 -0.0300737 -0.0455833 -0.00714483 -0.00105381 -0.0078719 -0.0240708 0.0134638 -0.00845864 -0.000982292 0.0120805 -0.00870174 -0.0107514 0.062253 -0.0631302 0.00936541 -0.0360983 0.00213672 0.032156 -0.0596397 -0.0148996 0.00964841 -0.0144106 -0.0224284 -0.0418613 0.0123871 -0.0751512 0.0307982 0.036385 -0.0739556 0.00470168 -0.00146121 0.000743016 0.00578456 -0.0238832 0.156401 0.0380848 0.00936283 -0.017312 0.0129127 0.0144881 -0.00730195 0.0228766 0.0263526 0.0176168 0.0357041 0.0110911 0.00450765 0.00366934 0.0488573 0.00786221 0.00294719 0.0291255 -0.000602208 -0.0110936 -0.00572464 -0.00586936
internal_weight=324836 171108 153727 162170 51295.7 136093 29486.9 20930 10420.4 110875 75443.4 38893.2 35431.4 15645.2 106606 39598.3 67007.8 30697 12996.2 17634.1 36550.2 3701.31 35055.7 7380.84 8339.36 2740.2 38299.5 9528.93 8912.71 6693.82 2545.59 4148.23 19786.2 18236.8 8196.2 2486.58 58668.4 56223.6 46669.3 9554.26 211.388 1450.19 11637.6 27224.9 7672.35 32848.9 9130.75 23718.1 6047.82 28770.6 5668.51 23799.2 20154.8 45956.8 4971.36 8556.98 45762.1 5417.21 2830.88 1172.97 2113.33 27674.9
internal_count=22789700 6937515 15852185 6104631 1592679 11175122 6002688 5640653 1495843 4511952 3626477 3189397 885475 333483 5172434 925832 4246602 689251 1064653 4677063 437080 59572 774045 160699 3566338 780641 528026 137923 130347 104632 41755 62877 551992 498202 2500146 31876 680264 649073 506925 142148 5010 219323 172644 612169 525376 377508 133689 243819 56857 390103 52350 267116 213978 498895 122987 362035 496705 256734 76740 24899 20814 613346
is_linear=0
shrinkage=0.1


Tree=49
num_leaves=63
num_cat=0
split_feature=7 0 9 7 0 0 12 13 6 27 9 7 9 20 32 3 20 32 18 35 1 26 9 9 18 8 1 25 3 2 2 1 0 34 6 33 7 34 17 25 29 8 33 27 7 27 35 34 8 7 26 4 35 8 19 31 4 27 25 25 4 25
split_gain=12940.2 3035.52 2790.72 2174.27 1776.46 2890.41 2028.56 1204.46 1152.51 1091.58 1088.61 977.248 916.911 887.461 859.884 699.051 672.567 1357.31 4261.55 867.532 669.093 621.109 676.391 922.953 600.324 557.082 733.746 919.273 1193.28 737.99 675.407 698.606 574.248 545.271 542.778 838.43 539.534 535.032 528.376 492.315 479.505 472.288 483.793 1021.52 484.363 464.726 457.737 432.033 429.78 536.989 425.539 398.383 381.128 423.117 376.036 485.038 357.094 357.077 1005.08 1300.51 545.852 630.804
threshold=49.875621795654304 99.473682403564467 0.29285715520381933 98.799980163574233 49.151567459106452 25.14367771148682 1.0000000180025095e-35 1.0000000180025095e-35 1.0000000180025095e-35 1.5000000000000002 0.89898991584777843 77.563388824462905 0.29285715520381933 0.94228670001029979 10.500000000000002 45.222154617309577 0.97196012735366832 2.5000000000000004 1.5000000000000002 2.5000000000000004 5.0316455364227304 1.5000000000000002 0.26136364042758947 0.47222222387790685 1.5000000000000002 83.15198135375978 80.982517242431655 1.5000000000000002 99.333332061767592 35.926244735717781 67.099567413330092 68.801231384277358 63.453348159790046 0.60611212253570568 1.0000000180025095e-35 0.55502489209175121 63.182720184326179 0.61653053760528576 1.0000000180025095e-35 1.5000000000000002 17.500000000000004 36.610511779785163 0.59256738424301159 6.5000000000000009 75.06613922119142 11.500000000000002 12.500000000000002 1.0000001788139345 30.389873504638675 40.783086776733406 1.0000000180025095e-35 0.80001720786094677 4.5000000000000009 75.060974121093764 0.21442873775959018 0.85794678330421459 0.89921855926513683 36.500000000000007 1.5000000000000002 4.5000000000000009 1.0000000180025095e-35 4.5000000000000009
decision_type=8 2 10 10 2 2 2 2 2 2 8 10 10 2 2 2 2 2 10 2 2 2 8 10 10 10 2 2 2 2 2 2 2 2 2 2 8 2 2 2 2 8 2 2 8 2 2 2 10 10 2 2 2 8 2 2 2 2 2 2 2 2
left_child=12 3 9 4 5 20 16 34 -5 36 13 -7 -1 -10 56 39 17 18 19 40 -2 22 -18 -24 33 26 27 28 29 -19 31 -30 -33 -22 45 -36 47 -27 -35 -13 -6 -28 46 51 -45 54 50 -3 49 -16 -43 -44 -11 -54 55 -8 -14 58 -26 -60 61 -59
right_child=1 2 -4 8 6 11 7 -9 10 52 -12 15 14 -15 48 -17 21 25 -20 -21 24 -23 23 -25 57 37 41 -29 30 -31 -32 32 -34 38 35 -37 -38 -39 -40 -41 -42 42 43 44 -46 -47 -48 -49 -50 -51 -52 -53 53 -55 -56 -57 -58 60 59 -61 -62 -63
leaf_value=-0.093453744714331918 -0.076326090082615705 0.59420246964112111 0.090935934436638277 0.01265697961934815 0.048563437298273983 -0.079473591391488074 -0.050022057835610173 0.093503679102137721 0.062712714177307935 0.018000994142184711 0.086660416305836985 -0.033099533092833214 -0.097074216207166109 -0.015964737420198761 0.032946234020860991 -0.0091272711540836896 -0.034336803518943332 -0.0748040822930056 0.13307440015290736 0.039416847953534985 0.040973427437213307 -0.044476125207385191 0.10348911329436208 -0.021421125289518783 0.017077348521363309 0.058928213459453684 0.047441335872441794 -0.047561136207719179 -0.038232331817231159 0.10836749366655213 -0.068144648112385922 0.12818148611747066 -0.019437663729449967 -0.049406088081764776 0.073122344514229262 -0.058870749330216202 0.068236606560318491 -0.014624457559843075 0.011359412531193647 -0.08464112906979214 -0.01944245984210409 0.060648860528630555 -0.068383770969804525 -0.075388857043915236 -0.020576971162199614 0.054402782459712966 0.048643421635062106 0.17300404713930068 -0.022581589559742231 0.29230875316453536 0.0061288389473496572 0.007381054403123307 -0.089389312678789482 -0.0054801869315698089 0.029868850474884013 0.01150915317682279 0.2193996092572654 0.01480307984692826 -0.078112876884973981 0.015972204524544623 -0.055034215193923847 -0.055580012744483126
leaf_weight=14593.521553345025 1175.7681808050256 32.488145759794861 7171.0852752705105 32851.497042659903 1168.9048252189532 6473.5000126447994 2302.2315848033177 2970.9911743230186 2748.383431547787 8052.693438372924 4674.4990977225825 4769.8072189413942 1771.0929678904358 2997.055915730074 436.18854877073318 6723.8733782194322 2400.7605472785654 261.17503269726876 3111.2772530622315 4873.455623816466 5403.0426257626386 6492.4290340894368 1182.481548053911 1183.6746407300234 3836.7885230067186 1015.6991822179407 2598.8071731048403 6272.0394134242088 1220.1046672704397 1393.6688735695789 1750.9535522670485 684.23459175776225 428.5802399776876 1678.7099126914982 3420.5577573303599 560.0351705676876 2063.2454744600691 37580.601238107309 9696.0980150426039 3030.7740077264607 9174.9454932103399 1498.3578924799804 714.14435522898566 2212.4925996626262 5942.2136110190768 1964.0953140953789 3112.1101196771488 97.246542477980256 1680.2002852737205 97.709019515663385 32140.671019305359 24616.487330089207 696.19345199095551 4392.9772339449264 2765.8427739075851 2888.3811832744395 36.386348159052432 11700.231601002975 4468.8987320989836 2188.7246410880471 1582.0649588472443 1428.8899710145779
leaf_count=10135554 48680 480 788353 679793 11025 2304779 33871 359688 88796 122021 500606 177968 939469 36266 55416 452585 48702 31721 51796 65499 123893 95291 29032 10807 151454 11783 53536 602881 51187 28235 68656 15645 9109 24818 296394 12857 93895 430025 123726 1195222 97819 17628 19791 153243 127487 54419 34621 874 179843 4919 359126 283265 24066 25972 93563 70552 788 140674 494188 70832 140035 34627
internal_value=-0.000901155 0.00412157 0.0394419 0.00125526 -0.00255185 -0.0167291 0.00280164 0.0357094 0.0218483 0.0153616 0.0508262 -0.0471593 -0.0818031 0.0216713 -0.0395253 -0.032757 -0.000826552 0.00104173 0.0264347 0.00463149 -0.00192405 -0.0243508 0.00305939 0.0410025 0.000159613 -0.00272859 0.00180231 -0.0210981 0.00782431 0.0794585 -0.0212029 0.0140288 0.0713287 0.0148162 0.0233574 0.0545521 0.0806744 -0.0126888 0.00239156 -0.0531251 -0.0117575 0.00557866 0.0040297 -0.00466504 -0.0354482 0.0108407 0.0119518 0.278481 0.00225391 0.0804124 0.00855728 0.00524502 0.00446283 -0.0169589 8.70996e-05 -0.0157822 -0.0907033 -0.00959642 -0.0236886 -0.047182 0.00045639 0.00714303
internal_weight=318452 299837 22505.9 277331 234060 64157.2 169902 16872.1 43271.4 15334.8 10419.9 20998 18615.1 5745.44 4021.58 14524.5 153030 141771 18328.6 15217.3 43159.2 11259.3 4766.92 2366.16 41983.4 123442 84846 12010.8 5738.72 1654.84 4083.87 2332.92 1112.81 16777.9 13901.1 3980.59 2192.98 38596.3 11374.8 7800.58 10343.9 72835.3 70236.5 33485.3 8154.71 9920.55 36751.1 129.735 2214.1 533.898 33639 25330.6 13141.9 5089.17 7956.46 5190.61 1807.48 25205.6 10494.4 6657.62 14711.2 13129.1
internal_count=22789846 11473857 1055661 10418196 9112735 5483481 3629254 921344 1305461 267308 625668 4130554 11315989 125062 1180435 1825775 2707910 2524078 226139 174343 1352927 183832 88541 39839 1304247 2297939 1856131 807434 204553 59956 144597 75941 24754 272437 561656 309251 95249 441808 148544 1373190 108844 1048697 995161 583786 280730 252405 411375 1354 240178 60335 376754 303056 172059 50038 197986 104423 940257 1031810 716474 565020 315336 175301
is_linear=0
shrinkage=0.1


Tree=50
num_leaves=63
num_cat=0
split_feature=11 34 20 11 18 16 27 28 35 4 32 20 11 4 8 27 18 1 0 25 27 13 20 27 0 6 32 17 17 3 34 28 32 27 20 34 18 32 18 28 8 21 25 9 24 4 6 2 0 19 24 25 24 19 0 16 1 22 16 30 33 3
split_gain=3561.23 8245.94 6009.67 1312.58 1015.28 983.118 1032.12 970.06 1301.74 1359.69 895.466 830.61 1265.69 686.937 705.478 795.918 587.955 797.791 1073.42 1088.97 956.107 1724.99 1428.78 808.915 780.528 774.057 606.307 635.091 580.14 1519.69 576.673 561.641 539.801 535.956 576.581 526.173 1080.73 1081.87 665.466 521.388 516.821 516.775 503.224 479.172 470.319 454.645 452.641 431.641 495.502 404.069 423.166 399.32 420.884 1435.82 730.195 570.894 425.048 397.697 392.162 441.749 381.816 544.009
threshold=1.0000000180025095e-35 1.443745017051697 0.15901100635528567 2.5000000000000004 6.5000000000000009 2.5000000000000004 2.5000000000000004 2.5000000000000004 2.5000000000000004 0.99772727489471447 3.5000000000000004 0.95876392722129833 1.5000000000000002 0.99772727489471447 71.241439819335952 1.5000000000000002 1.5000000000000002 71.535182952880874 26.158231735229496 1.5000000000000002 1.5000000000000002 1.0000000180025095e-35 0.38433401286602026 58.500000000000007 63.453348159790046 1.0000000180025095e-35 2.5000000000000004 1.0000000180025095e-35 1.0000000180025095e-35 98.539680480957045 0.61126834154129039 8.5000000000000018 10.500000000000002 1.5000000000000002 0.95876392722129833 0.85604432225227367 2.5000000000000004 2.5000000000000004 1.5000000000000002 44.500000000000007 67.615768432617202 1.0000000180025095e-35 1.5000000000000002 0.29285715520381933 1.5000000000000002 0.80953791737556469 1.0000000180025095e-35 74.352157592773452 23.132664680480961 0.19158418476581576 2.5000000000000004 5.5000000000000009 2.5000000000000004 0.19158418476581576 88.047618865966811 1.5000000000000002 95.861873626708999 1.0000000180025095e-35 6.5000000000000009 7.5000000000000009 0.54960685968399059 67.117115020751967
decision_type=2 2 2 2 10 8 2 2 2 2 2 2 2 2 10 2 8 2 2 2 2 2 2 2 2 2 2 2 2 2 2 2 2 2 2 2 10 2 8 2 10 2 2 10 2 2 2 2 2 2 2 2 2 2 2 8 2 2 10 2 2 2
left_child=1 4 5 7 16 6 13 42 9 -9 11 35 -13 -2 15 -15 25 18 26 24 21 45 23 44 60 39 27 -18 29 30 -12 -23 -31 34 -11 -10 37 38 -37 -1 -7 -29 -4 -14 -22 -19 -32 48 -6 50 -47 52 53 -44 -55 -54 -56 -21 -51 -60 61 -20
right_child=2 -3 3 -5 47 40 -8 8 10 33 28 12 43 14 -16 -17 17 20 19 57 22 31 -24 -25 -26 -27 -28 41 -30 32 46 -33 -34 -35 -36 36 -38 -39 -40 -41 -42 -43 51 -45 -46 49 -48 -49 -50 58 -52 -53 55 54 56 -57 -58 -59 59 -61 -62 -63
leaf_value=0.0025544514227343555 -0.069483684519409478 0.086360360429286798 0.01486930459179792 -0.075534840459995561 -0.012044777053122424 -0.080191800646100916 -0.075458395396549055 -0.029265119531425611 -0.0017606123714909204 0.059295755875613525 0.075435607724438025 -0.033620280100529525 -0.014136111651545139 0.15095074436666905 -0.042041957875922784 -0.016544734343699297 -0.20656959704718358 -0.036691420044062568 -0.022701687604012227 -0.071709791449626456 0.046233581841055985 0.094789826878241362 0.046858779013206495 -0.06288640529067073 0.073190765727430426 0.066241973179305844 0.018683823107816393 0.010031572256725874 -0.021039074343574084 0.13944437219730399 0.0089806909558289797 -0.10703821521597252 -0.017786877147658437 0.01722329461652676 -0.0027713342678870505 0.037736113606762038 0.10878580160371054 -0.014681311496113748 0.13510584884399349 0.032723221373367584 0.0039307751309038434 -0.037969692301731688 -0.092896372366755436 0.11340917895427383 -0.0061741291368119788 -0.066723531918602072 0.13741491802835334 0.04979241196305853 -0.062692057611597865 0.039930665933273581 0.026814335038862314 -0.095727779269775437 -0.031439251435292651 -0.030995532544087552 0.082137768105702294 0.0046731552327631525 -0.0027234802130898439 0.021975255720456183 -0.068360436200344266 0.056374133502412771 -0.066969882953490253 0.05471197093321295
leaf_weight=17439.980391769554 614.72348727402277 13189.815290262923 4319.123787823366 2511.2689758915221 3937.5709460809594 13884.873797742999 1980.0628288899316 5224.8081457583467 5404.5965260278899 7167.1966444673017 2605.8178236373933 6607.7129434151575 433.40311708080117 833.3657515712548 546.67199971154332 430.13103130960371 170.15431525744498 1721.1057855186518 4987.9676807360956 5429.693471748149 1827.9677581435535 3808.7334454576485 5711.8738514141878 2434.0615582019091 1038.2336252384121 2984.016968412092 12402.32124665333 4984.0760438141879 31657.248852348654 220.93598529335577 4455.7033998413244 143.05696745379828 18665.498398627155 20949.944618612644 1891.762759802863 4213.9730856647948 1734.6055323327892 4207.6831034343923 842.18302089744247 8530.6648088683141 770.86928722693119 4077.8602560467552 3104.7867125287885 919.40379873453639 27082.633849574486 999.839521138696 292.41361933527514 620.56705854949541 3791.8633416728117 6234.4511545622954 936.83088751416653 709.22012264048681 7409.5735381654231 6876.8905437811045 1015.7560632338282 10698.446324255434 1408.9004467236809 494.3751952724997 765.99013609322719 451.14752629969735 1373.7666589377914 1109.7175459775608
leaf_count=428464 273181 1641020 180643 368473 177019 7765037 1105908 89139 317889 79000 130845 142012 38499 30255 3635 135803 2280 67379 188979 1628732 44057 118913 182614 169211 57750 225925 429001 71369 2182838 2425 92795 1942 307847 225726 20928 48370 39104 50947 11523 171480 12578 62170 468652 14849 520247 15965 4049 19281 1179830 163086 26816 20538 83302 111783 8704 582820 19138 6300 24224 12252 161998 21571
internal_value=-0.000817023 0.0111463 -0.0103187 -0.00382447 0.00324089 -0.0633162 -0.0218908 -0.00264774 0.00173117 0.0178143 -0.00515748 0.0109263 -0.0155782 0.0218502 0.0528667 0.0939304 0.00564235 0.0015828 -0.00985061 -0.0309712 0.00949531 0.0307407 0.000860412 -0.00752178 -0.00805345 0.0180063 0.00424033 -0.0151629 -0.0119256 -0.000930776 0.0376355 0.0874835 -0.0159476 0.0260112 0.0463344 0.0237891 0.0363441 0.0227798 0.0539546 0.0124641 -0.0757671 -0.0115689 -0.0171233 0.0725471 -0.00286048 0.0105563 0.0168903 -0.0304488 -0.036891 0.0192179 -0.0214762 -0.0215488 -0.0198247 -0.0340134 -0.0143587 -0.0101036 0.0328273 -0.0638916 0.0297944 -0.022126 -0.0193432 -0.00861318
internal_weight=313290 138680 174610 155549 125491 19060.7 4404.96 153038 117495 35233.7 82261.2 24363.6 7960.52 2424.89 1810.17 1263.5 117141 88185.9 36068.2 14433.8 52117.7 15061.2 37056.5 31344.7 8509.69 28954.7 21634.4 9232.09 57897.6 26240.4 7353.93 3951.79 18886.4 30008.9 9058.96 16403 10998.4 9263.84 5056.16 25970.6 14655.7 9061.94 35542.7 1352.81 28910.6 11109.4 4748.12 8350 7729.43 9388.26 1936.67 31223.6 30514.4 12406.3 9301.55 18108 2424.66 5924.07 7451.59 1217.14 7471.45 6097.69
internal_count=22789110 7819875 14969235 5642838 6178855 9326397 1548782 5274365 3798785 414793 3383992 663193 195360 442874 169693 166058 4802725 3976856 2630150 2065330 1346706 430577 916129 733515 430298 825869 564820 135819 2720799 537961 227689 120855 310272 325654 99928 467833 149944 110840 59893 599944 7777615 133539 1475580 53348 564304 309722 96844 1376130 1356849 242343 42781 1294937 1274399 608277 139625 666122 27842 1635032 199562 36476 372548 210550
is_linear=0
shrinkage=0.1


Tree=51
num_leaves=63
num_cat=0
split_feature=7 0 9 7 0 1 12 13 27 4 7 9 28 1 25 3 35 32 8 8 3 0 25 17 11 32 20 11 29 1 8 6 33 28 8 35 1 31 4 35 34 28 27 13 3 7 28 34 17 4 3 32 28 7 7 1 31 29 13 19 0 1
split_gain=10525.1 2394.22 2543.55 1625.38 1476.69 2684.51 1482.03 1087.76 987.213 956.503 927.122 708.649 662.915 628.609 945.173 678.167 623.388 595.783 552.26 541.171 510.983 504.954 503.544 488.883 463.35 461.855 1147.72 1289.08 856.745 444.186 442.431 429.518 689.838 442.553 428.888 427.22 702.42 640.571 701.393 478.837 526.365 449.353 830.029 424.2 419.724 415.532 414.154 414.087 511.437 403.914 402.915 396.466 395.071 393.358 383.883 400.043 381.376 377.015 368.802 419.91 743.892 487.444
threshold=47.774400711059577 99.473682403564467 0.47222222387790685 98.799980163574233 48.17045974731446 25.14367771148682 1.0000000180025095e-35 1.0000000180025095e-35 1.5000000000000002 0.99772727489471447 77.563388824462905 0.17424242943525317 1.5000000000000002 7.7422575950622567 2.5000000000000004 8.081632614135744 2.5000000000000004 14.500000000000002 41.103500366210945 45.049995422363288 45.222154617309577 6.9366478919982919 1.5000000000000002 1.0000000180025095e-35 2.5000000000000004 3.5000000000000004 0.97196012735366832 1.5000000000000002 16.500000000000004 5.0316455364227304 28.996570587158207 1.0000000180025095e-35 0.50330621004104625 127.50000000000001 67.615768432617202 11.500000000000002 99.473682403564467 0.40469129383564001 0.99772727489471447 3.5000000000000004 1.1191128492355349 3.5000000000000004 1.5000000000000002 1.0000000180025095e-35 1.0000000180025095e-35 70.031848907470717 122.50000000000001 0.35497264564037329 1.0000000180025095e-35 0.94287380576133739 11.269841194152834 2.5000000000000004 166.50000000000003 85.019683837890639 72.082550048828139 95.293468475341811 0.73682653903961193 20.500000000000004 1.0000000180025095e-35 0.20508184283971789 89.943820953369155 94.957626342773452
decision_type=8 2 10 10 2 2 2 2 2 2 10 10 2 2 2 2 2 2 8 8 2 2 2 2 2 2 2 2 2 2 10 2 2 2 8 2 2 2 2 2 2 2 2 2 2 8 2 2 2 2 2 2 2 10 8 2 2 2 2 2 2 2
left_child=11 3 8 4 5 13 12 31 45 43 -7 -1 16 14 29 21 57 19 -15 46 22 -16 -12 30 -20 26 28 -28 -21 -2 -13 52 -33 -34 -19 36 37 54 58 41 -41 -38 -43 -5 -23 -3 49 -37 56 -14 -31 -30 -8 -10 -27 -56 -49 -6 59 -39 61 -61
right_child=1 2 -4 9 6 10 7 -9 53 -11 20 23 17 18 15 -17 -18 34 24 25 -22 44 -24 -25 -26 35 27 -29 51 50 -32 32 33 -35 -36 47 39 38 -40 40 -42 42 -44 -45 -46 -47 -48 48 -50 -51 -52 -53 -54 -55 55 -57 -58 -59 -60 60 -62 -63
leaf_value=-0.094643600449049584 -0.051457518824367499 0.18228471256055942 0.095037615179913271 0.012473074737861231 -0.054730234476887768 -0.07954873309654148 0.0042734242638378583 0.091402092848453159 -0.00091459223676585355 0.062603083634097376 -0.029455333678657682 0.060072093684145768 0.0042939668362271637 0.044479573322513018 -0.074720288539537813 -0.097972996622834707 -0.0012224290098148537 -0.058630538534041668 0.0007557859160950616 0.077727541267253536 -0.010490343673617258 -0.13945540788169772 -0.083567820321373387 -0.092555572956426524 -0.10005297734962959 -0.083472986870202021 -0.033725818812594087 0.068214784326229932 0.027360248930886608 0.087255038005738167 -0.041191218257293424 0.07017806897207432 0.024030123190192734 -0.14165933145081219 -0.0074002332212625603 -0.020123645499345134 -0.0085867238816960956 -0.03192986262212763 0.12630798200617674 0.0051373119784934923 -0.028347194588037278 0.069046887873768795 0.010649268442717722 0.10418527840072925 0.086828111392186547 0.059087796284669869 -0.045303053291655689 0.026071353282083834 -0.0021444231544529022 0.055287828574184794 -0.03428893446779873 0.00054600398875252168 0.088541714070191332 0.051659184515657347 -0.023141527049751868 -0.10289475724454229 0.081366976495633847 -0.0045856614564146279 -0.097318289410566347 -0.0079908522833114157 0.071257664786540761 0.16953900466795119
leaf_weight=11248.802740446641 573.26107955130283 317.38557331170887 5390.117413663771 37147.099715200951 5436.7239391491748 5918.1149639618816 9360.7945195890497 2533.4317919122986 12007.250394301489 4478.5632298691198 4584.0738743992988 547.11259076790884 2431.0311990091577 2951.0244006963912 565.14131455367897 2219.5453670277493 8378.9710565311834 2643.5338575135684 33865.505542302853 2523.3208327743923 6045.8372494151117 95.873333865078166 2752.0610636239871 1435.1100780062843 462.16755350388121 1329.7532228566706 8132.644328898401 1463.7323864232749 13384.410370414145 981.97960432292894 2041.1104705203325 2964.8263423629105 404.49664746341296 268.01602244423702 4279.7142334058881 2814.3557834615931 7756.778333780705 3682.3130204358604 411.38564693776425 10752.157438476686 8332.9229197291424 2915.0131010073237 14746.801660016994 511.27326478343457 565.2680648858659 1992.8407514123246 674.70210139278788 4312.2881098515354 4601.1436883531278 4302.0885771282483 377.61996870778967 9377.394522720133 591.50307700969279 1614.5035054557957 12616.736479950487 661.93837840249762 1754.8962399451993 2070.3521062594373 430.38065844471566 7818.9481481080875 1548.6452479560394 157.78250392479822
leaf_count=9584405 19664 3984 754492 896144 75768 2480468 243272 359550 141204 376117 175821 74174 168127 126917 20125 94861 261471 155272 1044440 26629 429704 3802 1184481 874496 57766 87406 129853 28853 161829 14229 312424 293295 12741 5686 67001 98905 62535 145238 10313 164443 89959 21741 149406 33382 11167 106943 40239 82503 213304 142379 11075 130678 19027 68379 218365 6160 27284 27986 2920 144534 13154 1357
internal_value=-0.000825407 0.00338916 0.0356575 0.000859272 -0.00245097 -0.0156451 0.00241885 0.0312444 0.015568 0.018914 -0.046591 -0.0817609 -0.000643934 -0.00164384 -0.0336022 -0.064998 -0.0199729 0.00161624 0.00296722 0.00315077 -0.0320156 -0.00531396 -0.049755 -0.0457424 -0.000601444 0.00155123 0.0112673 -0.0181768 0.0224421 0.0223689 -0.0197856 0.0200295 0.0494369 -0.042002 -0.0269617 -0.0023603 -0.00537471 -0.0175852 -0.00233997 0.00248816 -0.00948268 0.0114762 0.0202876 0.0137182 0.0540143 0.0760129 0.0293913 0.0139969 0.0229981 0.0368762 0.053497 0.0163133 0.00928181 0.00531666 -0.0322471 -0.0271172 0.0420653 -0.040901 -0.00622057 -0.0032521 0.00783413 -0.00447925
internal_weight=308555 293282 21322.1 271960 229823 61957.5 167866 16123.1 15932 42136.9 19300.1 15272.1 151743 42657.4 5378.69 3445.83 15886 135857 37278.7 128934 13382 1226.28 7336.13 4023.33 34327.7 121526 34881.5 9596.38 25285.1 1932.86 2588.22 13589.6 3637.34 672.513 6923.25 86644.2 73161.6 28657.9 14049.5 44503.7 19085.1 25418.6 17661.8 37658.4 661.141 2310.23 7407.82 13482.7 10668.3 6733.12 1359.6 22761.8 9952.3 13621.8 14608.4 13278.7 6067.18 7507.08 13638.1 13207.7 9525.38 7976.73
internal_count=22789847 11944348 1075002 10869346 9563703 5674520 3889183 933571 320510 1305643 4270474 10845499 2955612 1404046 174923 129955 365225 2590387 1229123 2368114 1790006 35094 1360302 1261094 1102206 2017369 477842 158706 319136 44968 386598 574021 311722 18427 222273 1539527 1117531 629447 317516 488084 254402 233682 171147 929526 14969 110927 350745 421996 323091 310506 25304 292507 262299 209583 311931 224525 109787 103754 307203 304283 159045 145891
is_linear=0
shrinkage=0.1


Tree=52
num_leaves=63
num_cat=0
split_feature=7 0 9 11 7 1 0 0 25 22 12 13 1 27 3 3 9 4 3 6 4 1 8 21 1 25 11 8 1 24 32 8 25 4 1 3 3 34 27 24 25 3 13 30 8 30 35 35 8 26 34 29 16 13 27 24 25 1 13 25 0 1
split_gain=9342.69 2028.18 2372.54 1451.75 1255.75 1142.97 1595.31 1933.31 1737 1367.41 1134.11 991.456 832.273 824.276 743.589 849.206 658.553 644.804 1018.46 1101.17 652.07 679.105 561.993 680.42 558.509 846.993 539.944 534.788 510.766 475.566 473.111 471.217 466.101 1726.88 607.745 807.655 576.653 530.895 525.603 900.885 511.969 500.356 424.688 414.094 406.784 443.995 853.599 678.997 527.757 514.157 529.396 450.727 437.579 662.997 594.789 421.208 1240.62 763.81 649.891 641.886 515.164 488.995
threshold=47.229200363159187 99.473682403564467 0.47222222387790685 2.5000000000000004 98.799980163574233 71.535182952880874 72.438781738281264 24.417344093322757 1.5000000000000002 1.0000000180025095e-35 1.0000000180025095e-35 1.0000000180025095e-35 91.476997375488295 1.5000000000000002 89.725547790527358 98.07621002197267 0.15476191043853763 0.48894993960857397 99.333332061767592 1.0000000180025095e-35 0.89342591166496288 60.660173416137702 91.813587188720717 1.0000000180025095e-35 7.2508215904235849 2.5000000000000004 1.0000000180025095e-35 97.787567138671889 98.529094696044936 2.5000000000000004 10.500000000000002 45.049995422363288 1.5000000000000002 1.0000000180025095e-35 10.762548446655275 13.563218116760256 11.882352828979494 0.99423140287399303 31.500000000000004 2.5000000000000004 4.5000000000000009 47.690120697021491 1.0000000180025095e-35 11.500000000000002 35.192592620849616 3.5000000000000004 3.5000000000000004 2.5000000000000004 46.440092086791999 2.5000000000000004 0.23288983851671222 16.500000000000004 2.5000000000000004 1.0000000180025095e-35 1.5000000000000002 2.5000000000000004 3.5000000000000004 96.449581146240249 1.0000000180025095e-35 3.5000000000000004 93.563182830810561 94.185260772705092
decision_type=8 2 10 2 10 2 2 2 2 2 2 2 2 2 2 2 10 2 2 2 2 2 10 2 2 2 2 10 2 2 2 8 2 2 2 2 2 2 2 2 2 2 2 2 8 2 2 2 10 2 2 2 8 2 2 2 2 2 2 2 2 2
left_child=16 3 13 4 5 6 7 24 17 14 22 -12 43 -3 -10 -16 -1 -9 19 30 21 -20 44 27 25 -2 28 -24 -14 -23 -19 -26 37 34 35 38 -36 41 39 -34 -40 -33 -18 -6 -7 46 51 -47 52 50 -49 -46 54 -54 -48 57 61 -52 59 -59 -58 -57
right_child=1 2 -4 -5 12 10 -8 8 9 -11 11 -13 26 -15 15 -17 42 18 20 -21 -22 29 23 -25 31 -27 -28 -29 -30 -31 -32 32 33 -35 36 -37 -38 -39 40 -41 -42 -43 -44 -45 45 47 48 49 -50 -51 55 -53 53 -55 -56 56 60 58 -60 -61 -62 -63
leaf_value=-0.09441384597291283 0.014814388812938459 0.071425167873415144 0.093848927475223609 -0.074584139186535253 -0.0059808611634760119 0.043947382572387228 0.092272605710298869 -0.04784260276785475 -0.079678485939923632 0.036011902956304735 0.01882572944436529 0.090799736811248824 0.025467931655336253 0.0052204046757662326 0.104039786803048 -0.071322925355308112 -0.062252852027368091 0.0010399628748752746 -0.054279481131810858 0.12666614277625166 -0.082263840495803986 0.067210599041268276 -0.033306297850399742 0.019822579918073083 0.034316048819859439 -0.081799903928389373 0.012573954666360436 0.015607651156986516 0.088577673098535259 -0.1414342943042618 0.1086578400700591 0.061221958661081127 -0.092682101864185087 -0.095356725533028666 -0.012188538048208197 -0.10201718894170897 0.054233379164698427 -0.010540752785278329 0.013759404824116318 0.0036825809243745339 -0.044056545072639737 -0.039481578165169846 0.021418033762168779 0.017996416644552312 0.037868635805839379 -0.026488591879951225 0.057698896649122491 -0.042998019791882593 -0.032739673301169586 -0.014578932559128061 0.02428671719995561 0.0029025056886010786 -0.068817327395229069 -0.0034006441746746371 -0.0088071775140628628 0.034899400915733104 -0.012950500341749396 -0.048660156636830813 0.068058464736993229 0.12485166388110863 0.096669326327623498 0.078210161328950631
leaf_weight=10036.086167602334 1687.0384452255676 2182.9135833275504 4934.0027688364498 2527.3606506511569 10610.679400291061 2432.3628763812594 1444.744754756568 3847.5264106868999 10603.713777842524 1315.9661269428907 10452.595970909228 2342.9086644905619 2079.2708196113817 13578.741804447141 493.88469191035256 626.36556093057152 3011.753786377958 6920.1380238940474 1397.1021610253956 865.09894454898313 1972.2095691717695 1133.0442174682394 12651.17224786384 4429.0458438269561 4464.3901202094858 1963.4798189965077 3195.1444538678043 2714.8562291194685 3346.2752000563778 120.90010366728529 434.12917464552447 3393.8387064145645 1612.1697319333907 2011.5656145799439 2064.538332132739 864.71808764489833 3562.3611049979227 2756.2967463479144 11915.448628272745 2436.0579794259975 1757.5236473201076 577.31909499876201 759.63103510276414 22426.027059231186 4016.3019105771091 4414.5241291687125 2248.6919787632069 1308.7197188229766 11422.593203352764 5140.4999490164919 11439.687797720078 44899.168453094317 1978.8431349175517 7137.3401194002945 3345.2439982516225 6112.6683080617804 5326.1124180991901 3780.9646556166699 662.27283099631313 225.94715526036453 466.24310105433688 4545.1912113575963
leaf_count=9420829 38541 111281 753837 434709 284861 67102 67982 275261 4219467 22955 447911 360269 109759 216574 8067 22376 1199495 322248 61858 31223 85367 30199 145234 44761 198339 81754 47641 20634 426714 8850 21312 131272 87599 348197 34058 16627 50381 21175 130869 37967 31893 21984 59296 435326 41065 66719 32499 32193 228702 76385 197286 544881 87528 109673 52281 93018 92339 71551 6404 3499 4531 55376
internal_value=-0.000655077 0.00316344 0.0333332 0.000850224 0.00156322 -0.00138068 -0.0117529 -0.0138757 -0.0332976 -0.0606436 0.00350095 0.0320045 0.0175158 0.0143894 -0.0714927 0.00598923 -0.0810261 -0.0119323 -0.00117386 0.0199464 -0.0387221 -0.00632989 0.000908767 -0.0147105 0.000184682 -0.0371509 0.0451861 -0.0246642 0.0643917 0.0470939 0.00739275 0.00382733 -0.00030335 -0.00632718 0.00106926 -0.00764801 0.0298628 0.0231782 -0.0030432 -0.0346938 0.00632774 0.0465819 -0.0453999 0.0102954 0.00346606 0.00263492 -0.00202171 0.010683 -0.0166128 0.0148897 0.0193625 0.00577347 -0.00409007 -0.0176006 0.0179274 0.0218691 0.0331244 0.0103752 -0.0237085 -0.0388759 -0.00412689 0.0533699
internal_weight=304423 290616 20695.7 269920 267393 225736 72241.6 70796.8 29730.1 13039.9 153494 12795.5 41657.4 15761.7 11724 1120.25 13807.5 16690.1 12842.6 8219.37 4623.26 2651.05 140698 19795.1 41066.7 3650.52 8620.69 15366 5425.55 1253.94 7354.27 37416.2 32951.8 26224.4 24212.8 18585.9 5626.9 6727.45 17721.2 4048.23 13673 3971.16 3771.38 33036.7 120903 118471 75048.2 43422.8 26132.7 39008.3 33867.8 48915.5 14710.1 9116.18 5593.94 32559.1 16450.2 16108.9 4669.18 4006.91 5792.36 10657.9
internal_count=22789984 12110364 1081692 11028672 10593963 9289662 6407821 6339839 5109183 4272865 2881841 808180 1304301 327855 4249910 30443 10679620 836318 561057 374783 186274 100907 2073661 210629 1230656 120295 584114 165868 536473 39049 343560 1110361 912022 737591 389394 304955 84439 174431 288328 125566 162762 153256 1258791 720187 1863032 1795930 1096629 699301 510683 632582 556197 585946 281981 197201 84780 524004 245264 278740 81454 75050 96870 148394
is_linear=0
shrinkage=0.1


Tree=53
num_leaves=63
num_cat=0
split_feature=7 34 9 11 1 12 2 0 4 7 9 1 0 30 25 1 24 25 0 9 4 19 28 8 11 4 25 4 3 7 26 9 13 1 19 8 25 7 28 32 10 25 27 3 4 1 0 8 19 3 27 8 2 3 33 25 24 24 25 28 2 28
split_gain=8365.44 1746.05 2642.73 1415.02 876.102 1265.87 1229.34 2229.86 1179.58 897.031 1132.6 726.32 713.094 643.813 696.134 801.146 859.241 761.065 680.036 633.17 621.639 1507.53 721.738 618.133 871.461 547.47 547.327 761.784 1010.61 595.264 492.443 622.326 450.088 930.078 464.402 439.85 426.7 405.239 411.934 396.156 394.21 377.68 419.877 368.719 556.377 366.291 404.86 365.943 378.968 364.137 360.648 358.244 352.466 453.399 351.863 405.488 730.483 444.029 826.571 446.469 342.292 342.184
threshold=47.229200363159187 1.8872035741806032 0.89898991584777843 2.5000000000000004 92.718276977539077 1.0000000180025095e-35 92.422504425048842 87.841831207275405 0.99772727489471447 80.096618652343764 0.087121214717626586 99.473682403564467 90.353595733642592 11.500000000000002 2.5000000000000004 71.148777008056655 2.5000000000000004 1.5000000000000002 75.134407043457045 0.17424242943525317 0.99772727489471447 0.75892975926399242 106.50000000000001 80.08438873291017 1.0000000180025095e-35 0.90667888522148143 1.5000000000000002 1.0000000180025095e-35 56.635221481323249 54.067844390869148 1.5000000000000002 0.73214286565780651 1.0000000180025095e-35 97.467948913574233 0.54455122351646434 48.662948608398445 1.5000000000000002 69.255905151367202 100.50000000000001 10.500000000000002 3.5000000000000004 2.5000000000000004 14.500000000000002 18.393234252929691 0.72985523939132702 94.804317474365249 94.185260772705092 63.05327224731446 0.36306773126125341 94.494949340820327 107.50000000000001 31.437556266784672 95.488464355468764 92.390407562255874 0.62265679240226757 2.5000000000000004 2.5000000000000004 3.5000000000000004 4.5000000000000009 95.500000000000014 87.026645660400405 46.500000000000007
decision_type=8 2 8 2 2 2 2 2 2 8 10 2 2 2 2 2 2 2 2 8 2 2 2 8 2 2 2 2 2 10 2 10 2 2 2 10 2 10 2 2 2 2 2 2 2 2 2 10 2 2 2 10 2 2 2 2 2 2 2 2 2 2
left_child=19 3 12 4 6 23 7 8 9 10 43 41 -3 14 15 -11 17 18 49 -1 36 -22 -23 24 50 -19 47 29 -29 -28 -15 40 33 -26 -34 -31 -8 38 -13 -21 -32 42 -7 -2 -45 -14 -47 48 -12 -17 -6 -36 53 -38 55 56 -35 59 -59 -57 -27 -9
right_child=1 2 -4 -5 5 11 20 61 -10 13 26 37 45 30 -16 16 -18 25 -20 39 21 22 -24 -25 32 60 27 28 -30 35 31 -33 34 54 51 -37 52 -39 -40 -41 -42 -43 -44 44 -46 46 -48 -49 -50 -51 -52 -53 -54 -55 -56 57 -58 58 -60 -61 -62 -63
leaf_value=-0.093938076733918408 -0.013086136411564489 -0.0043347359302233065 0.094848190928292983 -0.073942782036176061 0.063799921407958676 -0.030276913726289351 0.1197506210860257 0.049102087000727303 0.1088496595831324 -0.015144578977152059 -0.006768523020430248 0.071111132050211578 0.11353581976020453 0.013972812766503889 -0.026193401105275078 -0.12173942474569135 0.06149089443950867 -0.06246670149604603 -0.055592797685960899 -0.090211332514994913 0.11918722136821452 -0.016429476842258865 -0.07938606965789341 -0.00042158984101455904 0.047423649433943865 0.055422840718741706 0.23813254013487303 -0.096971209860603397 0.00086132410658920655 0.042270831584689646 -0.012359995266185321 0.012250322235096284 0.077472669067463917 -0.0024708092189666929 0.10644135399804172 -0.025240479308998601 -0.13011098824030584 0.088608158665027192 -0.092530033597528705 -0.020526192317797995 -0.10071853050394382 0.054339076762565254 0.093928759413829999 -0.085011887665432384 -0.026742161537812767 -0.0088528937703004993 0.08469677492439931 0.084449584145689038 0.15102431866547184 0.065175052025074051 -0.023010715578685403 0.013368982183831542 -0.10981068799883009 -0.016599838193819338 -0.048107932344573945 -0.060866889488687195 0.11133725946489624 0.16615047833002522 -0.057407623605320812 0.026524247475388701 -0.060519176730965685 0.11506014402113085
leaf_weight=9117.3032693752903 2109.9254201274016 9417.7457237038761 5027.2663337802514 2497.7850151445018 4466.32243845216 1847.6547109396197 120.08634797972627 5204.3164178791922 942.38105437660124 13654.766511809081 1535.9448973835679 362.09431114466861 750.99063562555239 36146.099903633469 16030.226303359959 108.67970214295201 3565.3405607100576 2182.2158184190048 664.75964260334149 1243.2803966053762 755.7985684289597 12410.978786502848 2134.0562689385843 64983.787035929505 2853.5455741845653 860.76853762520477 118.13930410635658 1943.3276694333181 2312.1758061499568 2035.5047393786954 18637.99408377998 15390.250499696122 1299.7083919956349 3887.4362744627288 423.56700883479789 1835.085637407843 464.46528516733088 3570.0675369617529 267.45486373081803 2372.6961554210866 518.98956736002583 1422.3539656796493 319.18759098323062 3971.5727252198267 2789.6095955508645 1086.1436001136899 805.84507765434682 1026.15923501621 168.94636885647196 2543.701596244704 535.99183535017073 17503.061353544588 1423.0462972247042 1451.7838481130311 2678.3291033090791 2841.8624019814888 659.68567646085285 307.93849843635689 357.26354665716644 735.99846835492644 361.60323878191411 926.58307842037175
leaf_count=9432583 205886 81090 1027348 443968 171938 48458 1722 109935 65649 579040 141814 14287 8777 1269379 574525 1850 59291 44711 8301 853995 43392 317582 90289 757412 32478 13342 10971 986913 59171 23752 826895 249310 16655 39564 7044 34324 4842 512450 4384 393021 9879 91591 15799 2118891 215975 16427 72007 37166 2866 51981 11604 275128 16459 17184 155220 58861 6553 2788 6957 10573 4221 23832
internal_value=-0.000579659 0.00293618 0.0339364 0.000975424 0.00167453 0.00845451 -0.00315305 0.000121319 -0.00262802 -0.00343296 -0.0230099 0.0473329 0.00854657 7.79005e-05 -0.0100655 0.000732868 0.0218081 0.000759613 0.0348491 -0.0798948 -0.0271668 -0.0185113 -0.0256665 0.00552971 0.0155616 -0.0324543 -0.00153261 -0.0143856 -0.0438151 0.0170121 0.00581329 -0.00272386 0.00975591 -0.00366427 0.0197529 0.010263 -0.06545 0.0755637 0.00159055 -0.044486 -0.0147538 0.014301 -0.0119807 -0.0495814 -0.0609703 0.0544466 0.0309922 0.0372669 0.00886797 0.0575163 0.0544983 0.0155681 -0.0721102 -0.044113 -0.0163757 -0.00670709 0.0140402 -0.0289411 0.046083 -0.0428897 0.0211248 0.0590705
internal_weight=299988 287254 17088 270166 267669 111323 156345 137585 131454 130512 19846.4 7788.81 12060.7 110665 39972.1 23941.8 10287.1 6721.73 3317.14 12733.3 18760.2 15300.8 14545 103534 38550.7 3404.59 10975.3 8244.23 4255.5 3988.73 70693.3 34547.2 33548.4 14322.1 19226.3 3870.59 3459.38 4199.62 629.549 3615.98 19157 3589.2 2166.84 8871.11 6761.18 2642.98 1891.99 2731.05 1704.89 2652.38 5002.31 17926.6 3339.3 1916.25 11468.5 8790.18 4547.12 4243.06 665.202 3577.86 1222.37 6130.9
internal_count=22790300 12110701 1205649 10905052 10461084 2239744 8221340 7729870 7596103 7530454 3837729 686969 178301 3692725 1337262 762737 183697 124406 62132 10679599 491470 451263 407871 1552775 795363 62274 1296977 1115131 1046084 69047 2355463 1086084 611821 312994 298827 58076 40207 531121 18671 1247016 836774 155848 64257 2540752 2334866 97211 88434 181846 144680 53831 183542 282172 38485 22026 280516 125296 46117 79179 9745 69434 17563 133767
is_linear=0
shrinkage=0.1


Tree=54
num_leaves=63
num_cat=0
split_feature=11 9 4 8 9 10 26 13 20 33 1 26 9 11 9 0 20 0 2 20 2 26 25 20 26 26 9 6 2 4 9 11 34 4 3 1 2 24 3 2 13 22 1 29 25 22 18 27 20 1 4 20 4 18 1 25 9 25 24 27 33 8
split_gain=2108.53 1754.93 3553.38 1155.76 2456.41 1041.5 849.232 823.636 771.263 714.596 1033.77 889.014 1206.58 1093.89 893.474 873.205 854.708 854.557 785.258 657.009 652.467 652.259 600.098 587.241 544.285 533.45 727.292 502.158 736.732 1111.96 674.734 863.468 792.802 498.559 902.512 786.3 588.332 715.439 693.863 562.881 474.996 464.274 596.287 633.927 544.306 455.993 450.693 442.142 581.668 439.897 431.239 424.761 423.617 420.242 402.343 591.414 396.793 416.826 521.761 409.38 418.232 393.778
threshold=2.5000000000000004 0.64583334326744091 0.99772727489471447 42.674797058105476 1.0000000180025095e-35 1.5000000000000002 2.5000000000000004 1.0000000180025095e-35 0.094115942716598525 0.23684960603713992 68.801231384277358 1.5000000000000002 1.0000000180025095e-35 1.0000000180025095e-35 0.35416667163372045 22.361110687255863 0.97196012735366832 73.375530242919936 60.943256378173835 0.90783199667930614 42.462121963500984 4.5000000000000009 1.5000000000000002 0.99999985098838817 1.0000000180025095e-35 4.5000000000000009 0.81666666269302379 1.0000000180025095e-35 93.788581848144545 0.97342556715011608 0.89898991584777843 1.0000000180025095e-35 1.1664848327636721 0.916710525751114 80.277778625488295 54.653680801391609 91.476997375488295 2.5000000000000004 88.273490905761733 94.474967956542983 1.0000000180025095e-35 1.0000000180025095e-35 73.401363372802749 16.500000000000004 2.5000000000000004 1.0000000180025095e-35 1.0000000180025095e-35 209.50000000000003 0.5669493079185487 92.031745910644545 0.82033187150955211 0.95019504427909862 0.97680914402008068 2.5000000000000004 7.7422575950622567 3.5000000000000004 0.47222222387790685 3.5000000000000004 2.5000000000000004 9.5000000000000018 0.62265679240226757 72.354423522949233
decision_type=2 10 2 8 10 2 2 2 2 2 2 2 8 2 8 2 2 2 2 2 2 2 2 2 2 2 10 2 2 2 10 2 2 2 2 2 2 2 2 2 2 2 2 2 2 2 10 2 2 2 2 2 2 10 2 2 10 2 2 2 2 8
left_child=1 3 7 4 8 9 -7 25 -1 11 15 12 13 20 -14 53 24 22 -13 -16 -5 47 -17 -20 51 27 -27 33 30 -30 31 32 -29 34 41 -36 -35 38 -38 -40 45 42 43 -3 46 -6 -45 -4 -49 -31 -21 -15 -41 -11 55 -43 57 59 -59 -12 -61 -62
right_child=-2 2 21 5 40 6 -8 -9 -10 10 56 18 14 16 19 17 -18 -19 23 50 -22 -23 -24 -25 -26 26 -28 28 29 49 -32 -33 -34 36 35 -37 37 -39 39 52 -42 54 -44 44 -46 -47 -48 48 -50 -51 -52 -53 -54 -55 -56 -57 -58 58 -60 60 61 -63
leaf_value=-0.074262710110927291 -0.078857691059834381 0.05710782688859866 0.075685596710002967 0.0096809274842208758 -0.01901959112958132 0.063154972517307714 -0.037749266555493578 0.10487427469875028 -0.021625006573020286 0.020691470409733331 0.00443691773302376 -0.031480398161439591 0.10371654920535861 0.054840543744589798 0.058191372282308002 -0.029999151855938763 -0.044818709329073017 0.098467434010241217 0.016829479024737921 0.035089658157879747 0.094550689874482077 -0.031586251444849875 -0.082318189707086251 -0.038181035721558343 -0.0014229754094880476 -0.10675818490977251 0.0025212539417527307 -0.026299580332684987 -1.8530325036171629 -1.4345850586347044 0.059138410572544667 0.012281478234501417 -0.39159361413900173 0.056453118603767866 0.092227013284199605 -0.057806863840889448 -0.23161434806214137 0.063317529528572808 0.017258102338631665 -0.19720279753451983 0.054048317209686274 0.013948052725246747 0.034548684648741126 0.013076349361323254 -0.062721432732710344 0.038510203836312026 -0.019726761912785887 -0.10196602842840036 0.084263712200451535 -0.10767364043204751 -0.012853629034471249 -0.014101299319185388 -0.036239564668958453 -0.023174595908177886 0.020861450418096558 -0.086456019157120076 0.037304292464807473 0.10804461291438733 -0.02211776985217968 0.0012538969195554734 -0.065276613492238053 -0.015552069485677453
leaf_weight=7881.328571637976 3411.6400137530291 1278.5568694494432 10106.686425468652 1638.5099515466718 4107.4411516360124 900.39818385080434 11324.259176425519 803.0469557044562 4303.6081307006534 3758.3015853674733 62020.365193136211 9043.2338419179432 1891.4472354386235 3368.0447234304738 4961.5652622411144 4583.5031890962273 3919.2639914294123 378.34306431363802 10697.347427306755 3779.536068505724 2025.7905141070369 664.91332992259413 4202.2880915959831 2370.5858729432803 21383.765392502479 1029.838690252509 1490.4131311151432 136.50692694797181 4.62763149710372 2.6999887535348526 4018.4122760656755 2608.5185636569513 105.19936888571829 3401.9796748878434 382.235450289445 4055.0166482336354 163.97912267968059 1137.2897990276106 1473.6627823528834 245.06632379349321 2237.6289263258222 1639.3449000837281 3207.6539522706298 5908.5308399136411 2183.5761503292015 2073.1512976986705 14387.1591994185 332.91197489970364 337.9943324602209 33.467417445965111 3725.3580230521038 1216.4414498256519 491.2448525163345 5213.5103436614154 15495.235913041397 913.61211873067077 2642.6328784095822 315.86301488400204 12315.852157763438 9021.909060938633 2288.511343566759 5237.4112465548096
leaf_count=7624831 1549141 105745 1365013 260478 711946 14279 213989 70219 880267 105695 1010074 754966 44601 38421 140683 478372 111484 14133 176712 51496 105509 22169 2296122 47798 631150 15985 23512 2627 138 75 371039 18513 1573 117133 5393 60361 2732 67511 30358 3781 74075 17236 50464 93366 650970 64495 710969 14396 57078 2140 92944 10626 10025 349787 175825 11105 75375 10154 214768 127660 300523 129921
internal_value=-0.000696139 0.000214375 0.0130579 -0.00445123 -0.0269715 -0.00206229 -0.0303172 0.00421288 -0.0556716 -0.000164441 -0.00511942 0.00775964 0.0154145 0.00503309 0.0396738 -0.0269756 -0.00128926 -0.0486867 -0.00882655 0.0299571 0.0566008 0.0645369 -0.0550236 0.00685031 0.00528043 0.00298425 -0.0421331 0.00478132 0.0302256 -0.393481 0.0327421 -0.00447298 -0.185289 0.00166223 -0.00185426 -0.0448826 0.026816 -0.00189881 -0.033142 -0.0184154 0.0145703 0.00238728 -0.00592132 -0.0113854 -0.0152811 0.000277583 -0.010177 0.0704671 -0.00814578 -0.206731 0.0112911 0.0365476 -0.0898129 -0.00479905 0.014801 -0.021983 -0.000895515 -0.0020024 -0.018863 0.000708339 -0.0132662 -0.0306725
internal_weight=296278 292867 78039.4 214827 20603.2 194224 12224.7 66596.9 12184.9 181999 111978 70020.9 47909.7 33551.8 14357.9 18135.9 29887.5 9164.13 22111.2 12466.5 3664.3 11442.5 8785.79 13067.9 25968.3 65793.8 2520.25 63273.6 6909.43 40.795 6868.64 2850.22 241.706 56364.1 49450.9 4437.25 6913.22 3511.24 2373.95 2209.97 8418.22 45013.7 26965.5 23757.8 22479.3 6180.59 20295.7 10777.6 670.906 36.1674 7504.89 4584.49 736.311 8971.81 18048.2 2552.96 93842.5 91199.9 12631.7 78568.2 16547.8 7525.92
internal_count=22789926 21240785 4077451 17163334 9355614 7807720 228268 2618795 8505098 7579452 5112584 2466868 1487392 1157668 329724 3244109 791681 2788627 979476 285123 365987 1458656 2774494 224510 680197 2548576 39497 2509079 396105 2353 393752 22713 4200 2112974 1881434 65754 231540 114407 46896 44164 850516 1815680 1611514 1561050 1455305 776441 804335 1436487 71474 2215 144440 49047 13806 455482 204166 28341 1868475 1793100 224922 1568178 558104 430444
is_linear=0
shrinkage=0.1


Tree=55
num_leaves=63
num_cat=0
split_feature=7 0 9 18 1 32 7 32 21 7 7 27 8 32 35 3 11 13 7 0 8 5 9 8 8 1 34 7 11 20 25 25 34 2 11 20 25 34 7 8 35 11 11 11 3 27 33 13 7 9 28 11 34 19 3 25 22 0 1 3 1 0
split_gain=6865.79 1505.56 1944.56 1050.79 965.373 1378.4 812.452 793.585 746.138 1323.13 804.098 667.969 644.662 615.474 684.886 625.187 1127.73 779.312 715.128 693.709 626.857 592.616 589.355 578.859 661.061 557.786 556.025 564.343 552.039 704.747 505.555 466.504 453.155 429.429 418.36 403.133 413.744 471.809 401.402 377.027 364.597 413.636 358.677 351.623 348.434 339.271 326.454 321.363 310.44 305.937 303.676 301.266 295.256 291.691 322.327 290.863 327.567 405.31 318.805 311.148 295.624 287.961
threshold=46.920478820800788 99.473682403564467 0.47222222387790685 6.5000000000000009 71.535182952880874 7.5000000000000009 98.799980163574233 4.5000000000000009 1.0000000180025095e-35 70.740001678466811 97.15900039672853 1.5000000000000002 33.014287948608406 14.500000000000002 14.500000000000002 52.277431488037116 1.0000000180025095e-35 1.0000000180025095e-35 93.364780426025405 28.730158805847172 73.92334365844728 1.0000000180025095e-35 0.17424242943525317 97.787567138671889 92.11072158813478 21.483516693115238 0.99999985098838817 61.302095413208015 1.5000000000000002 0.95876392722129833 2.5000000000000004 1.5000000000000002 0.35497264564037329 77.485187530517592 1.0000000180025095e-35 0.97196012735366832 1.5000000000000002 0.89164823293685924 70.031848907470717 30.807500839233402 4.5000000000000009 1.0000000180025095e-35 1.0000000180025095e-35 1.0000000180025095e-35 20.256410598754886 1.5000000000000002 0.1602696776390076 1.0000000180025095e-35 95.782062530517592 0.23611111193895343 122.50000000000001 1.5000000000000002 0.28221516311168676 0.40631924569606787 99.333332061767592 1.5000000000000002 1.0000000180025095e-35 88.273490905761733 24.068965911865238 52.73088455200196 10.762548446655275 63.702239990234382
decision_type=8 2 10 10 2 2 10 2 2 8 8 2 10 2 2 2 2 2 10 2 10 2 8 8 10 2 2 10 2 2 2 2 2 2 2 2 2 2 8 10 2 2 2 2 2 2 2 2 10 10 2 2 2 2 2 2 2 2 2 2 2 2
left_child=22 3 11 6 25 7 8 -6 9 12 13 38 -2 14 15 19 17 26 20 35 30 47 -1 24 33 49 27 -17 29 -20 50 61 -12 55 -9 36 -10 44 -3 -24 -13 -42 -7 -23 -38 -25 -22 51 -35 -5 53 -8 -16 -18 -55 58 57 59 -11 -57 -58 -27
right_child=1 2 -4 4 5 42 21 34 10 23 32 40 -14 -15 52 16 18 -19 28 -21 46 43 39 45 -26 31 -28 -29 -30 -31 -32 -33 -34 48 -36 -37 37 -39 -40 -41 41 -43 -44 -45 -46 -47 -48 -49 -50 -51 -52 -53 -54 54 -56 56 60 -59 -60 -61 -62 -63
leaf_value=-0.093141171103808165 0.088509928913324626 0.17747796963626311 0.091571684809300558 -0.05025598610174889 0.0031592926201268433 0.057859934061159302 0.0090908282868738619 0.031529912254682706 0.05471295038033204 0.052696024088957627 -0.052573027376287218 0.018154302400261651 -0.061624194945091526 -0.037373313459973426 0.084728510286354336 0.18113801195848089 0.0061619334378832736 0.081848681285380823 0.040998152278583708 -0.04581604620517335 0.0039301452532888815 0.086580141660133281 0.014237699872870858 0.037280882957543622 -0.027709399526241265 -0.041134168096820481 0.010507065560977153 0.044254136061790364 0.09567230199425969 -0.023611971648443971 -0.0078016961395038446 -0.089598138571170827 -0.0079150452193137658 0.011317198380391457 0.18375657254972827 -0.017196212589697366 -0.0032108212542098051 0.054809352025938674 0.048964691975644521 -0.062520801790725264 -0.0043864158190829753 -0.0868298493298989 -0.022784851649202811 0.024867043403489941 -0.088144305773729198 0.0039302330394355347 -0.02031702321641702 0.10224937986123173 -0.01418382935344914 -0.0031761596167358382 -0.021151997959696855 0.070476556479357216 0.027442533549195236 0.15081953424862973 0.038699078589722484 -0.088215578144986484 -0.016939049209746409 0.065133512940311541 -0.0048315167296259127 -0.03115012466494696 0.019528401349631408 0.083894336652410875
leaf_weight=7686.7806637322647 301.9166928952327 282.8840889998246 3986.4985255082138 2116.8078721424681 666.03739337768639 605.40577415499138 33091.201127387816 241.51198442175519 2096.8063450403861 1224.5682823997922 2674.1207060610177 8349.2759239507141 5426.6697388229659 2848.5309286399279 979.26642568246461 330.04271900176536 3114.3505969392718 2847.5402548920247 5277.6054836090188 4169.6309860359761 8498.2270156533923 1732.0615357495844 857.83912967942888 4437.3958128514932 13428.306234732852 2205.1708522107219 9012.8443006961606 3445.0795189192286 1111.8563824747689 2482.2760332386242 7446.0825315594557 3046.234790689603 15118.281861017225 21672.159944106825 715.09323869022774 6396.7558152448037 3033.3630552084069 1238.0525271787192 1725.7049456192181 2518.9122734738048 4437.487183494959 705.28871725394856 6194.7018005544669 1977.1652608071454 574.49685933813453 9757.7996426308528 16019.808005935396 386.73641789937392 6122.3779124128632 3966.8316943901009 1227.0144253561157 819.28724534180947 11074.286155870592 266.73209453147138 6622.82269585022 1151.98800936318 9361.4647754738107 380.94263690942898 4515.5653535730671 5601.2271620060783 2915.1807062162552 201.00184287456796
leaf_count=9366822 24637 4020 754021 225763 24812 25070 804886 9952 82092 22785 88137 155229 946049 178539 92545 24381 141943 298809 60286 984540 86925 333532 219668 87052 252225 283519 382033 74888 12882 27060 174407 1796186 311036 316910 12195 106221 75885 16482 107107 1003634 28181 37232 80574 34815 220060 98656 171354 32701 69415 96306 54162 9037 662878 6562 151308 572270 144782 5597 123898 154253 33926 6917
internal_value=-0.000569972 0.00246537 0.0292821 0.00047206 -0.0215824 0.00415607 0.00228941 0.0869706 -0.000209211 -0.00727477 0.00496221 0.0132623 -0.0537116 0.00844364 0.00978544 0.00662942 0.0109854 0.0345373 0.00391284 -0.0102138 -0.00139844 0.0157141 -0.0778437 -0.00397303 -0.00789293 -0.0403746 0.0240023 0.0562213 0.0297726 0.0203303 0.012404 -0.0636016 -0.0146269 -0.00286698 0.145324 0.000914664 0.0176013 0.00154329 0.0670641 -0.0430209 0.00525276 -0.0156928 -0.0156051 0.0536846 -0.0167352 0.0143556 -0.0119127 0.0116077 0.00570002 -0.0195576 0.0258004 0.0105739 0.0320966 0.0315593 0.0430399 -0.0123344 -0.0181824 -0.0352235 0.00744109 -0.0408846 -0.00827958 -0.0306898
internal_weight=292719 281656 19487.1 262169 19958.8 8422.75 242210 1622.64 204203 86297.6 117906 15500.6 5728.59 100113 97264.9 85211.4 67702.3 15635.5 52066.8 17509.1 43195 38006.5 11063.5 80569 66373.8 11536 12788 3775.12 8871.74 7759.88 18677 5452.41 17792.4 52945.5 956.605 13339.5 6942.72 4845.91 2008.59 3376.75 13492.1 5142.78 6800.11 3709.23 3607.86 14195.2 24518 34297.2 27794.5 6083.64 11230.9 33910.5 12053.6 10003.9 6889.55 25150.9 19410.8 7134.16 5740.13 6753.22 12276.6 2406.17
internal_count=22790049 12199925 1085790 11114135 2561294 152603 8552841 46959 7337870 2852455 4485415 331769 970686 4086242 3907703 3152280 1667000 780111 886889 1485280 786661 1214971 10590124 1881769 1696061 2408691 481302 99269 100228 87346 528382 2086622 399173 1443836 22147 500740 394519 312427 111127 1223302 220642 65413 105644 368347 295945 185708 258279 846624 386325 322069 353975 813923 755423 299813 157870 1057511 910828 732120 146683 726523 178708 290436
is_linear=0
shrinkage=0.1


Tree=56
num_leaves=63
num_cat=0
split_feature=7 1 12 18 30 1 25 27 19 19 9 2 13 1 24 25 20 25 9 26 2 2 7 25 33 8 21 7 25 11 6 25 19 27 2 1 1 24 1 28 33 2 28 1 25 1 2 27 22 25 1 29 2 18 4 2 1 25 27 1 1 31
split_gain=5954 1163.31 2711.28 1147.66 1145.31 1124.16 687.338 743.777 804.878 755.941 570.905 530.996 1104.25 933.817 1481.25 2690.24 2099.37 1425.39 756.19 696.759 641.279 574.242 518.709 501.308 626.097 499.642 492.567 447.761 434.935 431.958 416.143 1004.63 756.272 1041.99 650.613 996.939 411.929 822.559 408.015 394.136 390.366 403.767 383.457 377.088 375.576 364.741 355.641 404.457 343.3 784.123 1482.09 715.274 682.541 626.633 591.301 590.733 671.799 539.066 833.166 741.642 460.252 383.177
threshold=45.954339981079109 92.718276977539077 1.0000000180025095e-35 6.5000000000000009 11.500000000000002 99.473682403564467 1.5000000000000002 21.500000000000004 0.40004523098468786 0.75892975926399242 0.15476191043853763 90.219989776611342 1.0000000180025095e-35 99.473682403564467 2.5000000000000004 3.5000000000000004 0.31590703129768377 3.5000000000000004 0.47222222387790685 2.5000000000000004 70.678733825683608 83.457714080810561 69.255905151367202 1.5000000000000002 0.52537578344345104 34.158597946166999 1.0000000180025095e-35 78.135349273681655 2.5000000000000004 2.5000000000000004 1.0000000180025095e-35 2.5000000000000004 0.21152965724468234 12.500000000000002 97.01425933837892 97.01425933837892 99.473682403564467 2.5000000000000004 5.0316455364227304 101.50000000000001 0.57912030816078197 21.164613723754886 1.5000000000000002 94.957626342773452 5.5000000000000009 98.529094696044936 1.0000000180025095e-35 161.00000000000003 1.0000000180025095e-35 1.5000000000000002 66.274509429931655 18.500000000000004 93.788581848144545 2.5000000000000004 0.90667888522148143 23.940298080444339 23.769168853759769 2.5000000000000004 32.500000000000007 7.2508215904235849 80.982517242431655 0.9999997913837434
decision_type=8 2 2 10 2 2 2 2 2 2 10 2 2 2 2 2 2 2 10 2 2 2 10 2 2 8 2 10 2 2 2 2 2 2 2 2 2 2 2 2 2 2 2 2 2 2 2 2 2 2 2 2 2 8 2 2 2 2 2 2 2 2
left_child=10 3 11 4 6 -4 7 8 40 -10 -1 12 13 21 17 16 -16 23 25 -20 -19 -3 26 24 -15 -13 -7 -5 -18 38 31 32 33 -27 45 -36 37 43 -6 -25 41 -2 -38 -32 46 -33 47 -40 49 51 53 -48 54 -51 -52 56 -53 58 -50 -59 -56 -61
right_child=1 2 5 27 29 22 -8 -9 9 -11 -12 18 -14 14 15 -17 28 20 19 -21 -22 -23 -24 39 -26 30 -28 -29 -30 -31 36 34 -34 -35 35 -37 42 -39 44 -41 -42 -43 -44 -45 -46 -47 48 -49 57 50 52 55 -54 -55 60 -57 -58 59 -60 61 -62 -63
leaf_value=-0.092819954659488446 -0.023118042015256454 0.073696358606590559 0.01329209952226674 -0.06348126039816189 -0.058984739084424677 -0.14169424533323127 -0.017103841255808393 -0.050637705678229561 0.091996610764067552 0.0047705298592272882 -0.040791562313778416 0.07358990000167269 0.062329932540279132 0.13992737162223257 -0.012581743622397777 -0.059371518688792035 0.10398328523956213 -0.040291516650143105 0.056643677423881225 0.0046359801262908949 0.18052201638790777 -0.016984529480367966 0.090999276679249841 -0.09127909621775307 -0.078931201027504561 -0.10123177309821972 0.05376996969889021 -0.02099729912940795 0.21312455638239999 -0.080822969101801811 0.044755058549034492 0.10985788762044742 0.053393860582387334 0.13155094115335364 -0.12576250023098853 0.04378468840443047 -0.035182111605859115 -0.053384192395228292 -0.093914274552007446 -0.024673214071381525 -0.038736141041283 0.019301506626235098 0.0053550940934898534 -0.070320332194027738 -0.066491771635852223 -0.061397984547057805 0.071617939962264468 -0.002607425687941472 -0.12369348939754916 -0.011090232342207001 -0.0062068843991074469 0.010520878551349082 -0.074027845926519328 -0.075931125140821315 -0.019129822810223424 0.0259719878154085 -0.054182019171746122 -0.064852064742844634 0.084016799598512104 0.069487961928976924 0.044783799670487595 0.015827207590808478
leaf_weight=6838.1348231162992 3082.7350468351506 1639.5667495614034 3615.2052094095852 3180.0727663890575 895.36209364939714 185.36563527863473 46306.163551811303 2123.995497607626 2137.8719863384613 1856.2367548043258 3049.5946332145832 1046.3189621589845 1920.500786081946 241.94091376109282 2122.9592413104256 3703.6757228904753 1618.4545269813389 215.0149093074142 5796.8390236455016 4636.2910858583637 338.6963658015593 1216.4537193762371 6180.1632949432824 5209.8709326058743 284.31848424958298 1348.0988836154575 423.40293430746533 11282.452932597254 471.50138754269574 549.8910499769263 1731.9819858787232 1743.1305387708126 761.33749929821352 224.28466112486785 391.65124881238444 3028.8312087845406 2421.1256751636975 3565.0023740390316 675.1811578386114 1071.0715309075895 2148.2062496417202 8246.050127078197 64479.675628070021 340.78910176089266 654.72983852395555 133.9181857475196 2290.8425449066563 1723.5977748848381 212.24036047485424 2515.0692092329264 7774.2179870526888 5171.5922976954607 954.14780230587348 3658.4651889686356 1378.8331159570371 12452.453854678024 2326.6201449549408 1104.4519727337174 2143.0234418003238 1412.0917705088505 6161.5976380876382 23091.566251714423
leaf_count=9133169 69134 19042 188693 1495241 23865 3833 2288762 96220 114465 68965 1151351 34430 21770 2671 40705 87614 27684 4919 256071 60470 3850 16031 1399718 113997 23229 9278 15582 1047211 5905 145339 29164 16485 7410 2549 3760 27580 25587 73290 25150 16858 165708 178633 942862 4462 29560 1176 57048 23013 6472 377801 181749 75035 12786 1581669 23425 320253 100957 26334 23754 19197 123737 318437
internal_value=-0.000510943 0.00218582 0.00951151 -0.00349333 -0.000779167 0.0583369 -0.0104604 0.00523902 0.0120321 0.0514588 -0.0767732 0.00496387 -0.00977541 -0.017412 -0.0272237 0.00280138 0.0574591 -0.0595154 0.00818902 0.0335324 0.0947766 0.035073 0.0823239 -0.0720658 0.0216862 0.00493337 -0.00574747 -0.0303388 0.128606 0.00749095 0.00403732 0.0262501 -0.0284159 -0.0680277 0.0503321 0.0243712 0.00170048 -0.0242586 0.00812496 -0.079921 0.000347346 0.0077585 0.00388806 0.0258352 0.00891871 0.0976396 0.00957662 -0.0283074 0.0108275 0.00538944 -0.00779814 0.0186961 0.00803229 -0.0495152 0.0131449 0.0126193 -0.00955578 0.0195173 0.0652994 0.0153066 0.0330966 0.0189196
internal_weight=289505 279617 122107 157510 143047 10404.1 65901.3 19595.1 17471.1 3994.11 9887.73 111703 20054 18133.5 15277.5 7916.59 4212.92 7360.91 91649.3 10433.1 553.711 2856.02 6788.93 6807.2 526.259 81216.1 608.769 14462.5 2089.96 77146 80169.8 7631.25 2333.72 1572.38 5297.53 3420.48 72538.6 5637.77 76596.1 6280.94 13477 11328.8 66900.8 2072.77 75700.7 1877.05 75046 2398.78 72647.2 44683.8 22442.3 22241.5 16268.8 6173.53 15314.6 19950.7 7498.21 27963.4 2355.26 25608.1 7540.43 24503.7
internal_count=22791115 12506595 3486675 9019920 6477468 1607826 2981887 693125 596905 183430 10284520 1878849 384275 362505 327432 161908 74294 165524 1494574 316541 8769 35073 1419133 156755 25900 1178033 19415 2542452 33589 3495581 1143603 68238 19237 11827 49001 31340 1075365 106916 3350242 130855 413475 247767 968449 33626 3326377 17661 3296817 48163 3248654 2854460 2301167 553293 341697 1959470 328911 496245 175992 394194 30226 363968 147162 337634
is_linear=0
shrinkage=0.1


Tree=57
num_leaves=63
num_cat=0
split_feature=7 0 32 11 27 9 18 30 29 32 11 2 32 32 0 1 12 2 13 25 28 24 25 11 0 28 8 4 33 18 19 25 11 17 29 19 19 24 13 0 31 0 4 27 25 11 32 29 25 17 25 31 2 2 18 11 0 8 8 18 32 25
split_gain=5250.15 1115.01 1762.61 808.442 734.522 654.019 641.09 732.473 746.235 1410.06 964.17 671.907 780.704 768.58 683.847 622.44 1287.03 685.345 1126.96 722.042 628.443 624.749 699.255 774.047 574.929 536.273 531.005 530.218 530.277 506.45 491.053 466.697 454.936 435.096 417.296 803.275 906.852 576.47 541.733 509.839 476.12 565.792 452.464 422.686 415.054 412.266 412.071 409.586 403.975 394.4 376.965 373.438 359.398 350.331 346.985 344.734 344.254 339.032 334.707 322.441 563.15 321.651
threshold=46.920478820800788 99.473682403564467 10.500000000000002 2.5000000000000004 1.5000000000000002 0.15476191043853763 6.5000000000000009 12.500000000000002 16.500000000000004 5.5000000000000009 1.0000000180025095e-35 46.709957122802741 7.5000000000000009 4.5000000000000009 23.132664680480961 98.529094696044936 1.0000000180025095e-35 97.825057983398452 1.0000000180025095e-35 2.5000000000000004 125.50000000000001 3.5000000000000004 4.5000000000000009 1.0000000180025095e-35 88.047618865966811 50.500000000000007 36.610511779785163 0.90834408998489391 0.69351047277450573 4.5000000000000009 0.20872293412685397 2.5000000000000004 1.0000000180025095e-35 1.0000000180025095e-35 20.500000000000004 0.19548859447240832 0.16927243024110797 2.5000000000000004 1.0000000180025095e-35 89.943820953369155 0.40469129383564001 89.943820953369155 0.99772727489471447 42.500000000000007 2.5000000000000004 1.5000000000000002 4.5000000000000009 27.500000000000004 1.5000000000000002 1.0000000180025095e-35 2.5000000000000004 0.07934084534645082 85.145786285400405 94.474967956542983 3.5000000000000004 1.0000000180025095e-35 90.353595733642592 99.797569274902358 30.242328643798832 1.5000000000000002 1.5000000000000002 2.5000000000000004
decision_type=8 2 2 2 2 10 10 2 2 2 2 2 2 2 2 2 2 2 2 2 2 2 2 2 2 2 8 2 2 10 2 2 2 2 2 2 2 2 2 2 2 2 2 2 2 2 2 2 2 2 2 2 2 2 10 2 2 8 10 8 2 2
left_child=5 3 -3 6 -4 -1 7 8 9 29 -11 14 13 -13 -8 20 17 18 19 27 26 57 23 -23 47 30 -10 -17 -29 46 31 -26 -15 -22 35 36 37 48 39 59 50 42 61 44 -41 -6 54 -9 -28 58 56 -19 -38 -50 -2 -14 -37 -21 -7 -36 -61 -42
right_child=1 2 4 -5 45 49 11 24 15 10 -12 12 55 32 -16 16 -18 51 -20 21 33 22 -24 -25 25 -27 34 28 -30 -31 -32 -33 -34 -35 38 40 52 -39 -40 43 41 -43 -44 -45 -46 -47 -48 -49 53 -51 -52 -53 -54 -55 -56 -57 -58 -59 -60 60 -62 -63
leaf_value=-0.091717899034151909 0.033451132540191095 0.08226933458691027 0.07531088122072932 -0.062777368180333193 0.0048839862011778182 0.048822802590515219 -0.013455148462639666 0.013544172414634671 0.039016068898403602 0.034668924172137315 -0.045032562346806616 -0.013443866555453016 0.053597867380830923 0.011956459352367861 -0.066834894434527559 -0.044365893631290954 0.071126330617871811 0.004212393166503332 0.0708699925477108 -0.074360640324798083 -0.086717161346556645 -0.018339550268164712 -0.065312745490860885 0.19595504385986967 -0.040154595234778094 0.093669885301817801 -0.015202575600023192 0.098365077338846807 -0.0099995381259590493 0.10742336443839884 0.068537778569045041 0.054083068634161735 0.1575078844902531 -0.016831091273568084 0.016235981561275179 -0.015895843466668759 -0.050101180208037645 -0.0029206262945940999 -0.024500968419483314 -0.020012852498818224 0.011269536915979756 0.05468342745855545 0.10861903407590237 0.12714668283256755 0.069172834512470943 -0.087944500725736008 -0.015242279180213878 -0.0064337126793028235 -0.048672822114597752 -0.090085553493351414 -0.043964444522586854 0.047820070490711887 -0.14404687851047665 -0.15452602500589843 0.095437139432944074 -0.019776029437361009 0.042561548890061605 0.042307052414822167 -0.037554410292698855 -0.043199237411388806 0.0015937200710559873 -0.020967067277397583
leaf_weight=6417.3261225327733 8500.9997121268534 4238.5184907498187 1496.6101489951834 2017.2751989652752 12514.852305900073 630.41274889890337 6029.8796642369125 42038.982431514596 2441.7381563495728 2272.6019213581458 4570.0759006087901 797.42245315515902 713.65566809941083 299.00990700838156 3986.7470735630486 1209.875104635139 2747.4111525181215 49789.94857555686 1164.0891126935603 4826.3329787236289 1683.3174129335093 368.73267430561827 652.87619053194067 310.48731959867291 1450.045662953693 1507.4426418972434 4555.5506328780903 854.87913851387566 957.18736987642478 973.60688012070023 1445.5690932116704 824.22697314765537 761.9753614225192 1892.2926457044086 9613.9039968139259 5190.6612711483031 755.86337171826744 8091.4798497117008 7733.9937938813819 988.4819305643905 7064.5031087045209 2251.8550433958299 374.97693130001426 528.55404451064533 1105.2838868601248 497.44238655816298 1571.3221839001635 13576.581161516486 6178.580549061764 940.62403627514141 3893.5863514217781 2044.4156347792014 882.82820079039084 329.32326068315888 1010.4126405697898 6231.7783812121488 1249.9945453393739 262.63482878170907 1555.5457195714116 3388.5732093342231 16346.884974902612 5508.7266948124743
leaf_count=9357884 316184 783641 97108 441884 178485 97095 358285 1800049 148881 86925 138996 28568 33406 14976 1893594 33405 566365 627775 11583 118000 93463 3986 14183 4082 19673 43251 105106 14998 11830 50888 39318 20887 13813 70784 196361 120518 11946 585537 219409 17240 234323 57995 35370 19474 23256 28565 46979 513426 553463 820453 92470 21209 8717 2786 37707 87775 31146 2304 316495 101733 795154 174409
internal_value=-0.00052419 0.00199222 0.0255388 0.000280028 0.00896595 -0.0734457 0.000777304 0.0021881 -0.0010794 0.0176953 -0.018562 -0.0169871 0.00316707 0.0607357 -0.034701 -0.00333597 0.00414048 0.00119311 -0.0219664 -0.0334108 -0.00863065 -0.0523807 0.00858649 0.0796195 0.0116475 0.043355 -0.0069696 0.00689677 0.0411237 0.0382733 0.0229652 -0.0060016 0.116488 -0.0497319 -0.00827473 -0.0147223 -0.029314 -0.0232058 -0.000751868 0.00499307 -0.00283959 0.00841974 0.00037391 0.0472395 0.0270676 0.00133528 0.0321986 0.00866728 -0.0380418 -0.035942 -0.0194003 0.00593234 -0.100713 -0.0540294 0.040036 -0.0122367 -0.0045505 -0.0683396 -0.0126439 0.00121842 -0.00609722 -0.00285433
internal_weight=286111 276567 18747.4 257819 14508.9 9543.91 255802 236982 176139 18899 6842.68 18820.5 8803.84 1858.41 10016.6 157240 65188.9 62441.5 10607.1 9443.01 92051 6421.06 1332.1 679.22 60842.8 5227.28 88475.3 3021.94 1812.07 12056.3 3719.84 2274.27 1060.99 3575.61 86033.6 46327.9 20793.6 19154.9 39705.7 31971.7 25534.3 15200.1 12948.2 2622.32 2093.77 13012.3 11082.7 55615.6 11063.5 3126.58 10334.2 51834.4 1638.69 6507.9 9511.41 6945.43 6440.66 5088.97 2185.96 29349.4 19735.5 12573.2
internal_count=22795571 12203644 1087799 11115845 304158 10591927 10673961 8243544 5806940 677679 225921 2430417 178538 57357 2251879 5129261 1429720 863355 214371 202788 3699541 142555 22251 8068 2436604 123129 3535294 60233 26828 451758 79878 40560 28789 164247 3386413 2013786 1267555 1246892 1372627 1153218 746231 502097 444102 59970 40496 207050 400870 2313475 661355 1234043 244134 648984 20663 556249 353891 121181 151664 120304 413590 1093248 896887 408732
is_linear=0
shrinkage=0.1


Tree=58
num_leaves=63
num_cat=0
split_feature=7 0 34 32 18 2 25 0 4 3 24 2 34 0 22 3 27 9 25 4 2 1 3 3 4 9 2 19 32 32 2 3 31 13 24 25 25 24 0 2 1 2 9 35 0 8 2 32 9 0 35 19 3 25 27 9 1 24 9 27 25 25
split_gain=4589.27 964.977 1594.58 680.134 724.628 623.357 622.439 980.373 929.102 2024.84 886.568 2576.49 1201.23 859.212 731.421 723.715 679.299 600.174 588.597 2366.68 1066.26 1194.79 727.359 674.318 570.265 565.877 791.466 565.103 623.799 616.842 554.911 980.622 724.573 769.917 648.679 1145.6 554.978 731.296 564.096 513.906 591.652 670.802 503.598 491.67 466.139 456.588 447.561 419.518 417.204 413.202 408.142 822.561 905.306 839.822 1011.87 550.753 452.738 870.828 445.092 405.14 1283.17 804.273
threshold=45.954339981079109 91.54584121704103 1.911498546600342 13.500000000000002 6.5000000000000009 84.680576324462905 2.5000000000000004 6.9366478919982919 1.0000000180025095e-35 47.165775299072273 2.5000000000000004 47.690120697021491 0.38835145533084875 11.483516693115236 1.0000000180025095e-35 14.459930419921877 31.500000000000004 0.29285715520381933 1.5000000000000002 0.91315466165542614 87.298336029052749 83.43881988525392 77.849929809570327 97.999198913574233 1.0000000180025095e-35 0.89898991584777843 69.028213500976577 1.0000000180025095e-35 7.5000000000000009 4.5000000000000009 83.795948028564467 89.725547790527358 0.58817833662033092 1.0000000180025095e-35 3.5000000000000004 3.5000000000000004 3.5000000000000004 2.5000000000000004 68.323558807373061 11.269841194152834 27.877538681030277 27.842377662658695 0.29285715520381933 2.5000000000000004 86.240703582763686 37.529342651367195 68.614070892333999 10.500000000000002 0.37980769574642187 79.814815521240249 12.500000000000002 0.19548859447240832 96.49015045166017 2.5000000000000004 6.5000000000000009 0.35416667163372045 99.473682403564467 2.5000000000000004 0.89898991584777843 39.500000000000007 4.5000000000000009 4.5000000000000009
decision_type=8 2 2 2 10 2 2 2 2 2 2 2 2 2 2 2 2 10 2 2 2 2 2 2 2 8 2 2 2 2 2 2 2 2 2 2 2 2 2 2 2 2 10 2 2 8 2 2 10 2 2 2 2 2 2 10 2 2 10 2 2 2
left_child=17 3 5 4 6 -3 10 -8 13 -10 14 39 -13 15 18 59 -16 -1 24 22 23 -22 25 -21 -2 26 -20 42 29 -29 32 44 33 34 -11 -36 38 46 -34 -12 -41 -42 -6 -23 48 -7 -38 -19 -32 -24 51 53 -53 54 58 56 57 -54 -47 60 -9 -61
right_child=1 2 -4 -5 27 45 7 8 9 30 11 12 -14 -15 16 -17 -18 47 19 20 21 43 49 -25 -26 -27 -28 28 -30 -31 31 -33 36 -35 35 -37 37 -39 -40 40 41 -43 -44 -45 -46 50 -48 -49 -50 -51 -52 52 55 -55 -56 -57 -58 -59 -60 61 -62 -63
leaf_value=-0.088789532484875963 -0.05816007180030857 0.069009587809395451 0.081189238918047815 -0.024882583419520415 -0.05648443524472449 0.075196234007084153 -0.084799829835153218 -0.052497216291141249 -0.09125939156551785 -0.075046751128880249 -0.082746157282433036 -0.023757299928024424 0.076588631508083607 0.049016538856316481 -0.10321157560174021 -0.093693423050151173 0.063019897322768054 -0.088500617638962942 -0.072592890054262574 0.077074421106297031 -0.063441603813397904 0.016760362877330983 -0.091262998249027033 -0.082884385288144818 0.013882180495030936 0.015269384242079027 0.0291058970724993 -0.010662608364065726 -0.010993333834635598 0.13073613344526233 0.01040282020832263 -0.0072337848682603153 0.017279425449573577 0.062675353027308867 0.10276067641241277 -0.082946343289467761 0.044567445759232063 -0.0088053182960143288 -0.033754100552087371 0.0201877057277417 -0.083095980545470752 -0.002526914978137302 -0.013695875403061043 -0.0061516262576727411 0.099319501341916416 -0.13205947632614456 0.16171240732845021 0.0013760794845470328 0.079031273532593191 -0.034415863837532645 0.054716303628188835 0.062334725051791356 0.021284777659761053 0.041922882149786782 0.086736716433067435 0.045613449327109305 0.0050803092736181246 -0.065121275871545384 -0.045823223033903404 0.021108491821610727 0.03564054361289614 -0.040174145266632197
leaf_weight=6214.2213115189224 1137.5622975788428 1707.5771107469918 3357.9338031497318 11196.982387977769 4939.7554684942006 971.27208625001367 1489.8374026832171 3875.6532140087802 2985.2674496957916 4575.1317733244505 821.01798584038625 1386.1683972576866 8559.2139088197728 4881.5512330976781 267.97312215773854 745.92268371122191 2974.9502092425246 786.39238858188037 2873.643813425093 2805.4175124855246 2673.5724184592254 19487.918278331694 3599.8863516838173 290.86523346195463 32210.261012473842 2515.6623207557714 1042.9927845771308 553.5542402996216 4894.0720771236229 696.97376341267955 3936.2564460948925 20673.5319503395 3084.572444309073 589.66434868861688 625.94767472625244 707.80242286692373 1185.900085754809 2561.575132697646 7272.4903820965555 6073.5849134659511 1467.5019477828173 3493.1666700468049 6206.675954291888 18032.069394957274 1040.3722442346625 1291.7034974584822 449.85916217294289 1529.356416833587 1143.0375004929956 1982.9484821304795 1642.678389394132 2867.1810177661828 2028.9075668810401 914.46526779152919 364.25224744901061 2886.5095034174155 26388.409449185943 2743.7100875459146 1115.264459701255 17167.828968630114 2878.7455373337143 2446.768131437886
leaf_count=9352001 34317 42899 681453 545922 1746444 44509 50312 101625 1286381 154553 23551 71198 252963 67632 12954 11274 34229 719540 889366 51064 67790 517807 79151 4146 900134 194675 15943 16995 79274 12590 41324 461171 246282 13578 16816 25783 74191 102780 164646 223901 174299 458900 743784 351477 24885 9076 12601 213574 63288 28001 23818 87279 33154 28997 12407 316659 413170 52580 14324 212182 44483 38954
internal_value=-0.00035993 0.0018825 0.0147181 -0.00085347 0.000396168 0.0097494 0.00211049 -0.00440001 -0.00295384 -0.0113567 0.00693871 0.0250686 0.0626026 0.0103955 0.0026377 0.00344243 0.0492837 -0.0725969 0.000931391 -0.00539585 0.00550245 0.00114651 -0.0446618 0.0620479 0.0114247 -0.0217397 -0.0455107 -0.019236 0.00511264 0.0681451 -0.00637136 0.00317488 -0.0185205 -0.0462839 -0.0571573 0.00420857 -0.00612405 0.0245501 -0.0185551 -0.00641865 -0.000739398 -0.0263615 -0.0326584 0.00574888 0.0383376 0.00740778 0.0767841 -0.0291447 0.0258469 -0.0710717 0.00584916 0.00387201 0.00836958 -0.0411743 -0.0685953 0.00382512 -4.58192e-05 -0.0283888 -0.0921021 0.00619019 -0.0149326 0.013464
internal_weight=283312 274782 48279.9 226502 215305 44921.9 198014 84317.7 82827.9 50831.4 113696 21800.7 9945.38 31996.5 91895.7 27114.9 3242.92 8529.97 88652.8 55305 43289.8 40193.6 12015.1 3096.28 33347.8 6432.3 3916.64 17291 6144.6 1250.53 47846.1 26793.2 21052.9 6498.55 5908.88 1333.75 14554.4 4197.33 10357.1 11855.3 11034.3 4960.67 11146.4 37520 6119.67 43214.4 1635.76 2315.75 5079.29 5582.83 42243.1 40600.4 36914.7 3685.69 2771.22 34047.5 31161 4772.62 2406.97 26369 6754.4 19614.6
internal_count=22791056 12505941 1760325 10745616 10199694 1078872 7600607 3214741 3164429 2688279 4385866 1204812 324161 476150 3181054 408518 47183 10285115 3133871 2199420 992284 937074 1207136 55210 934451 1099984 905309 2599087 108859 29585 1401898 590668 811230 210730 197152 42599 600500 189572 410928 880651 857100 633199 2490228 869284 129497 1035973 86792 933114 104612 107152 991464 967646 902842 64804 35807 815563 498904 85734 23400 397244 146108 251136
is_linear=0
shrinkage=0.1


Tree=59
num_leaves=63
num_cat=0
split_feature=7 11 0 32 27 7 21 7 7 22 8 9 4 8 2 20 7 11 4 26 9 1 11 9 8 8 10 34 11 10 30 18 20 18 20 27 7 2 11 7 34 7 28 8 9 3 32 8 7 32 4 10 19 31 0 13 15 8 35 20 8 34
split_gain=4083.68 900.909 893.088 1522.37 616.161 555.665 616.594 1327.69 602.423 568.855 563.456 474.994 474.085 467.34 550.676 464.65 1155.74 881.828 778.304 748.407 811.263 588.313 583.509 886.995 489.874 482.917 457.216 394.226 371.31 343.995 330.786 328.785 413.436 322.473 321.287 378.85 309.74 309.495 309.447 306.965 304.496 298.224 287.607 285.557 328.252 437.295 553.964 491.913 294.79 284.881 279.579 273.974 273.098 336.382 272.118 271.616 269.229 263.82 262.275 277.49 259.21 253.449
threshold=44.389709472656257 2.5000000000000004 99.473682403564467 7.5000000000000009 1.5000000000000002 98.799980163574233 1.0000000180025095e-35 70.031848907470717 97.15900039672853 1.0000000180025095e-35 97.787567138671889 0.15476191043853763 0.99772727489471447 91.813587188720717 74.352157592773452 0.97196012735366832 92.60501861572267 1.0000000180025095e-35 0.83031708002090465 1.0000000180025095e-35 0.64583334326744091 91.010101318359389 1.5000000000000002 0.89898991584777843 35.192592620849616 62.529621124267585 1.5000000000000002 0.34634870290756231 1.5000000000000002 1.5000000000000002 11.500000000000002 8.5000000000000018 0.81612330675125133 1.5000000000000002 0.84713184833526622 1.5000000000000002 95.67297744750978 12.632978916168215 1.0000000180025095e-35 70.031848907470717 0.26766946911811834 97.311748504638686 21.500000000000004 89.296943664550795 0.47222222387790685 60.188678741455085 10.500000000000002 75.690944671630874 57.212205886840827 12.500000000000002 0.93321427702903759 1.5000000000000002 0.20872293412685397 0.82944530248641979 68.323558807373061 1.0000000180025095e-35 1.0000000180025095e-35 37.414712905883796 4.5000000000000009 1.0000000180025095e-35 28.996570587158207 1.9399994611740115
decision_type=8 2 2 2 2 10 2 8 8 2 8 10 2 10 2 2 10 2 2 2 10 2 2 8 10 10 2 2 2 2 2 8 2 8 2 2 10 2 2 8 2 10 2 10 10 2 2 10 10 2 2 2 2 2 2 2 2 10 2 2 10 2
left_child=11 2 5 -4 39 6 7 9 15 42 13 -1 30 14 50 16 17 21 33 -19 24 25 23 -20 -21 26 40 -10 34 43 55 -32 -33 54 35 -12 -16 -27 -14 -5 -8 -37 -2 44 45 46 -26 48 -47 56 -9 -18 53 -25 -17 -7 -42 -11 -6 -60 -13 -40
right_child=1 -3 3 4 58 12 8 10 27 57 28 60 38 -15 36 18 51 19 22 20 -22 -23 -24 52 29 37 -28 -29 -30 -31 31 32 -34 -35 -36 41 -38 -39 61 -41 49 -43 -44 -45 -46 47 -48 -49 -50 -51 -52 -53 -54 -55 -56 -57 -58 -59 59 -61 -62 -63
leaf_value=-0.09198426300640733 -0.051093684275787712 -0.064089950931601414 0.08287622680193861 0.15833736080012711 0.013878444042323128 -0.0080270752285766713 0.084072941815660773 -0.015904199798112646 -0.052515632314100794 0.087806674041711566 0.042504429500671272 0.020353817855699445 0.08192600597644023 -0.024153843064063565 0.010674214276338675 -0.0038726750741445541 0.044022421278598033 0.056118087936853835 -0.029596625850408672 0.041796228787672134 0.054650041592679277 0.059144098720197338 0.089304929871436678 -0.044961468008025703 -0.056144518257814018 -0.0071992121239762607 0.059139939188863136 -0.0082454835185499214 0.21482072920299969 -0.040117942134039963 0.017840753155415681 0.020931429557302504 -0.084445712899641659 -0.042719993088900829 -0.039176730848471321 -0.0018273794799652675 -0.01374506811698176 0.050123021069200614 0.063248901958485357 0.046856166467929561 -0.018615946889136793 0.05039179306759313 -0.1029666655976578 0.019258286182692895 0.02907109341687672 -0.046796614676288255 0.036224005298076969 -0.019601610184468952 0.0079667990604064334 -0.085396677495792064 0.074340589300145282 0.012457124784920975 0.064301042506561976 0.038307732176959819 -0.071769302591353876 0.096124697661074759 0.05572781747700957 -0.020409520855617244 -0.0067922452151740562 -0.07978010254571799 -0.05629073636432011 -0.0097461442272554072
leaf_weight=4919.1317290706502 3022.8476948266034 2079.7836580580915 3480.2852123620687 313.37079815269681 7915.1236802996718 11441.266392045538 306.17682783614146 25876.269528902252 2316.5742074893788 313.90834520431235 3935.721529860748 581.59567389334552 1457.440335232066 14744.369073189795 23044.102727530757 6598.5140278936597 10209.899282074184 2118.7580554228625 3697.0653316540411 1962.1853016369278 2217.8685381062096 3756.5658451805357 948.98759276722558 685.87115514208563 3807.9803297380568 1224.5391113836668 1019.7756896471838 15275.041625015787 90.979196226107888 3343.3957161976141 22259.283345262869 760.14682983141392 729.74907375185285 5125.8388601677143 1123.0732755500358 7892.4251667395583 6705.9336809997912 4080.9011343264719 822.22352725919336 1166.0763812023215 4746.6596090803505 1269.5884456536733 1653.5156888996717 3826.3716363431304 2110.2601245472324 1048.040248896461 782.74478451593313 16813.862166906707 15827.380166500807 569.95661889994517 347.904539211886 3763.2413901707623 1991.7202248051763 1657.6116917193867 648.2769452771754 255.99538569897413 542.8225998391863 797.91449189331615 4639.8646939796163 586.76252634334378 1828.6259893722599 1128.5470147477463
leaf_count=8676841 1093109 529716 761370 8051 166962 351063 19710 1494479 81607 14092 83188 153325 340132 326276 345704 134754 220433 110464 44428 182913 32870 194453 11739 17894 1269630 18775 40829 324434 629 75617 516663 15449 19060 249731 13229 75196 80403 310837 22913 99131 1059004 18302 389577 61507 87048 519320 151188 178074 246636 23467 13697 68150 329510 67614 8744 27268 19442 68003 71553 14004 827209 12887
internal_value=-0.000503753 0.00147473 0.00197828 0.0234352 0.00928643 0.00044126 -0.00155758 -0.00780731 0.00305604 -0.0541495 -0.0046527 -0.0741648 0.0114423 -0.00831474 -0.00414251 0.00591441 0.00925996 0.00402572 -0.00725845 -0.00213423 -0.00451966 0.0244455 0.0151493 0.00638806 -0.0071696 0.01401 -0.00288571 -0.0140753 0.0134425 -0.00918978 0.00801707 0.0147967 -0.0306822 -0.0235242 0.0121541 0.0165555 0.00516988 0.0368926 0.0470652 0.0704697 -0.0131446 0.00540868 -0.0694355 -0.00685118 -0.00932466 -0.0114413 -0.0403952 -0.00749585 0.00456574 -0.0182246 -0.014707 0.0355213 0.0370758 0.0139372 -0.00994651 -0.00574771 -0.0109866 0.0101439 0.00239866 -0.0149862 -0.0377961 0.0210203
internal_weight=280209 272879 270800 18101.5 14621.2 252698 213843 90818.6 123025 5788.19 85030.4 7329.35 38854.7 70718.6 55974.2 105433 84079.4 70106.2 21353.9 53858.8 51740.1 16247.4 8981.26 8032.27 49522.2 12490.8 7185.39 17591.6 14311.8 47560 35446.4 23749.2 1489.9 12372.6 14220.8 13097.7 29750 5305.44 3408.21 1479.45 6165.62 9162.01 4676.36 44216.6 40390.3 38280 4590.73 33689.3 16875.4 5859.44 26224.2 13973.1 4335.2 2343.48 7246.79 11697.3 5289.48 1111.82 13141.8 5226.63 2410.22 1950.77
internal_count=22790303 13132928 12603212 1121071 359701 11482141 10176706 4015884 6160822 1564781 2451103 9657375 1305435 2260559 1934283 5754781 4890367 4601784 864414 2915267 2804803 1686517 471185 459446 2771933 1492064 1162452 406041 190544 2589020 929503 551172 34509 393229 189915 176686 426107 329612 375932 107182 1121623 93498 1482686 2513403 2451896 2364848 1420818 944030 765956 1101913 1508176 288583 415018 85508 143498 378331 1078446 82095 252519 85557 980534 35800
is_linear=0
shrinkage=0.1


Tree=60
num_leaves=63
num_cat=0
split_feature=11 1 12 34 18 11 22 1 0 30 1 35 27 0 29 28 35 26 9 3 24 11 0 27 14 27 31 29 33 4 0 29 2 24 0 4 28 34 20 11 20 1 9 9 2 32 8 29 2 24 14 2 2 26 20 35 0 24 33 35 31 14
split_gain=1216.64 814.915 1942.39 1012.23 940.505 863.088 759.409 1149.24 894.608 700.333 654.397 646.877 600.871 522.898 498.039 432.721 608.174 429.086 632.399 414.511 655.461 517.002 533.712 494.684 531.822 435.117 900.023 411.343 384.814 369.458 364.647 362.616 349.952 345.551 342.295 504.361 338.916 338.382 390.476 380.398 374.155 335.719 334.753 332.126 330.537 330.522 329.332 328.242 314.318 313.826 300.695 323.264 299.351 298.125 296.877 295.983 289.032 288.719 291.667 275.746 328.43 363.304
threshold=2.5000000000000004 91.476997375488295 1.0000000180025095e-35 1.4905153512954714 5.5000000000000009 1.5000000000000002 1.0000000180025095e-35 68.801231384277358 72.834224700927749 11.500000000000002 26.766168594360355 16.500000000000004 6.5000000000000009 9.8563041687011737 16.500000000000004 1.5000000000000002 2.5000000000000004 1.5000000000000002 0.64583334326744091 98.539680480957045 2.5000000000000004 1.0000000180025095e-35 78.979854583740249 1.5000000000000002 inf 14.500000000000002 0.79029440879821788 17.500000000000004 0.60692709684371959 0.94070005416870128 91.54584121704103 20.500000000000004 87.298336029052749 2.5000000000000004 60.640108108520515 0.80001720786094677 7.5000000000000009 0.59079545736312877 0.95876392722129833 1.5000000000000002 0.85054129362106334 94.570026397705092 0.5634920895099641 0.43650794029235845 94.474967956542983 10.500000000000002 49.238500595092781 18.500000000000004 86.70682525634767 1.5000000000000002 inf 96.60919570922853 89.825496673583999 2.5000000000000004 1.0000000180025095e-35 6.5000000000000009 63.453348159790046 1.5000000000000002 0.52076691389083873 4.5000000000000009 0.45837804675102239 inf
decision_type=2 2 2 2 8 2 2 2 2 2 2 2 2 2 2 2 2 2 10 2 2 2 2 2 8 2 2 2 2 2 2 2 2 2 2 2 2 2 2 2 2 2 10 8 2 2 8 2 2 2 8 2 2 2 2 2 2 2 2 2 2 8
left_child=1 4 15 50 9 6 7 8 10 14 45 13 34 -8 -1 -3 27 37 -19 20 25 23 49 24 36 26 29 -17 -14 -18 41 47 -29 -15 -9 -36 -21 -11 40 -40 -39 44 -26 -34 52 -6 -13 -16 -27 -23 -4 -52 -22 -45 -43 -28 -12 -25 -59 -24 -61 -62
right_child=-2 2 3 -5 5 -7 11 12 -10 17 56 46 28 33 31 16 19 18 -20 21 30 22 59 57 42 48 55 32 -30 -31 -32 -33 43 -35 35 -37 -38 38 39 -41 -42 54 -44 53 -46 -47 -48 -49 -50 -51 51 -53 -54 -55 -56 -57 -58 58 -60 60 61 -63
leaf_value=0.019324891389936323 -0.069337503279750287 -0.019841501744501305 0.087732269800942148 0.091572691723379229 -0.025617385792618626 -0.056099890797469666 -0.048060438104688609 0.041237643816552629 0.093725849486731516 -0.032300163563403622 -0.065365481127283173 0.050170599306982568 -0.0090337499342016247 -0.019662592637142848 -0.0084325927033889903 0.040680025802484254 -0.018888022464282134 -0.018842459097048323 0.011990374453894722 0.084637735651873908 -0.044231600958529634 -0.029365288808188075 -0.012689349130163438 0.041771104495679064 0.00383153513165153 -0.031212146889470258 -0.11381137714309122 -0.037510995564159842 -0.062508726652258595 0.078734833474444058 0.073453329931466541 -0.00049424874230717404 0.0079815835991051288 0.055300784921360008 -0.065856282703031566 0.0030897544813935749 -0.090840947263975402 0.018556555335305574 0.0047894205567783768 0.096424239250609931 0.052812066442235642 -0.008920851629242969 -0.28726439396335607 0.058267586975622267 -0.11033039912266446 0.049064517880242159 0.009736506181813924 -0.034924417207035 0.11281866311826619 0.020174271496088338 0.026851394383830048 -0.042223970742738315 0.10708746996043875 0.0099823112310249984 0.051351992274487668 -0.034933867011121895 -0.0085501901567453294 0.057166630381724176 -0.0049923528390501222 -0.051324883044801421 0.11436516151117826 -0.019292906373039622
leaf_weight=5071.9212400198448 2534.8429852625704 8009.3628944755765 674.33278211322613 3554.5597207723185 2546.2255117277964 4682.0654410161078 2792.5725312104332 2094.1974414903671 470.4028562149615 1372.3595860895293 8823.7092524037871 3424.5148852728889 2796.0923794048722 1326.687562915904 8484.8441549422569 5161.1037381775677 815.43795875977958 11481.312800021959 15815.626372116036 1899.6937363268225 337.75158234254923 1608.6389159575338 17364.974809040839 1577.3859656616114 1471.0657554123318 239.04382890026318 967.73705509008141 1462.1298355530016 2594.2816078801407 739.00052200315986 1866.5431012185873 11463.871883747954 26206.722703682724 1146.1440979220788 1139.9982091406127 15314.653625371109 116.83240138035035 9059.3458698647737 15007.413015042024 467.11999139242107 4920.2774134232313 1149.1846772905556 40.595157233532518 2746.1821191053605 346.31282104167622 772.3729616983328 4891.8480562432087 10421.688295780797 413.79896901105531 6235.4811016264139 4756.5161910627503 790.0322915869765 213.2976676877006 2392.9080655078869 2828.8807012372999 935.72226400283398 996.51794465724379 784.8180052844109 19790.061316442967 4902.1791516932426 218.00471034250222 3028.7009266862296
leaf_count=217181 1549714 225881 91920 1191473 614127 2018135 108415 334169 55787 258712 4529470 174858 79121 41042 410351 115666 28610 773912 272124 89893 10295 157157 1136853 41251 29985 4315 7408 28853 745452 10524 31053 378236 775802 15120 214510 772927 2165 840665 319316 16340 108590 98184 771 162181 16135 153753 68694 502326 12524 661723 346481 39077 3627 33308 30405 24349 169281 41347 367875 1108647 14687 105078
internal_value=-0.000375019 0.000260597 0.00619589 0.0490026 -0.0047317 -0.0150055 -0.0112424 -0.018572 -0.0417753 0.00139664 -0.0466265 0.00902119 -0.00538122 -0.0184061 -0.00968256 0.00258447 0.00424975 0.00815248 -0.000978164 -0.00128486 0.0166772 -0.00458673 -0.0127974 0.00607867 0.040856 -0.0147958 -0.0289323 0.0144375 -0.0347702 0.0275232 0.035867 -0.0145269 0.0103093 0.0150825 0.00315935 -0.00168691 0.0744709 0.0162377 0.0184992 0.00755554 0.0306131 0.0214772 -0.00398575 0.0125398 -0.033773 -0.00823587 0.0263865 -0.0230355 0.0600806 0.0100149 0.0246784 0.0170125 0.0143403 0.0357846 0.0339404 -0.075036 -0.0596001 0.0005397 -0.00262133 -0.019811 -0.0349869 -0.0103182
internal_weight=277558 275023 125645 9775.44 149378 55812.3 51130.2 37548.5 13609.2 93565.8 13138.8 13581.8 23939.2 5265.4 35442.3 115870 107860 58123.5 27296.9 69891.1 10852.7 59038.4 33358 25680.5 3528.19 4110.74 3457.9 37969 5390.37 1554.44 6741.97 30370.4 32807.9 2472.83 18548.8 16454.7 2016.53 30826.5 29454.2 15474.5 13979.6 4875.43 1511.66 31345.8 897.362 3318.6 8316.36 18906.5 652.843 7844.12 6220.88 5546.55 551.049 5139.09 3978.07 1903.46 9820.23 22152.3 20574.9 25513.9 8148.88 3246.71
internal_count=22787831 21238117 7045503 1668951 14192614 10094861 8076726 7668597 5522418 4097753 5466631 408129 2146179 164577 1508094 5376552 5150671 2589659 1046036 4034861 277429 3757432 3184145 573287 122814 87730 70891 1115810 824573 39134 189699 1290913 1000144 56162 1321606 987437 92058 1543623 1284911 335656 949255 158646 30756 971291 30057 767880 243552 912677 16839 818880 477478 385558 13922 195489 128589 31757 4698751 450473 409222 2365265 1228412 119765
is_linear=0
shrinkage=0.1


Tree=61
num_leaves=63
num_cat=0
split_feature=7 0 20 27 1 3 11 7 21 7 22 7 10 20 7 11 11 29 16 7 7 26 20 32 4 12 1 4 20 32 3 0 18 7 25 4 20 25 11 6 30 25 24 0 7 26 25 3 11 0 7 10 26 2 11 33 29 27 10 30 18 27
split_gain=3440.05 645.038 1326.17 538.814 518.258 505.31 498.038 457.859 491.872 1058.24 520.246 471.134 453.047 450.154 936.538 701.871 669.453 624.208 483.428 394.01 386.609 375.412 377.265 408.565 368.2 577.308 354.671 349.956 338.813 317.91 365.584 635.867 439.563 403.778 376.461 542.155 317.539 309.09 303.596 300.039 299.486 294.832 337.258 347.7 290.792 288.676 315.29 284.349 280.761 280.639 322.234 340.658 278.69 276.196 271.584 264.661 264.037 259.158 251.575 250.708 264.187 245.05
threshold=44.389709472656257 99.473682403564467 0.72755306959152233 1.5000000000000002 5.0316455364227304 7.8461537361145028 2.5000000000000004 98.799980163574233 1.0000000180025095e-35 69.255905151367202 1.0000000180025095e-35 96.915149688720717 1.0000000180025095e-35 0.97196012735366832 93.557819366455092 1.0000000180025095e-35 1.5000000000000002 20.500000000000004 4.5000000000000009 92.349498748779311 93.767654418945327 1.0000000180025095e-35 0.45270518958568579 13.500000000000002 0.78190237283706676 1.0000000180025095e-35 77.032970428466811 0.99772727489471447 0.88544887304306041 12.500000000000002 53.950103759765632 27.639257431030277 8.5000000000000018 63.182720184326179 1.5000000000000002 1.0000000180025095e-35 0.7237171232700349 1.5000000000000002 1.0000000180025095e-35 1.0000000180025095e-35 4.5000000000000009 3.5000000000000004 3.5000000000000004 72.834224700927749 72.082550048828139 2.5000000000000004 1.5000000000000002 99.333332061767592 1.5000000000000002 27.639257431030277 96.788921356201186 1.0000000180025095e-35 1.5000000000000002 4.1241495609283456 1.5000000000000002 0.1388739347457886 18.500000000000004 3.5000000000000004 1.0000000180025095e-35 12.500000000000002 8.5000000000000018 4.5000000000000009
decision_type=8 2 2 2 2 2 2 10 2 8 2 8 2 2 10 2 2 2 8 10 10 2 2 2 2 2 2 2 2 2 2 2 8 10 2 2 2 2 2 2 2 2 2 2 8 2 2 2 2 2 10 2 2 2 2 2 2 2 2 2 8 2
left_child=12 4 3 44 5 53 7 8 9 10 61 13 -1 14 15 18 24 41 57 26 -18 -19 23 54 -15 -26 28 59 58 30 31 34 -32 40 -20 -36 -16 -33 -29 -27 -34 42 -17 -44 -3 46 49 -31 -5 50 -21 -52 -38 -2 -23 -24 -13 -10 -11 -9 -61 -6
right_child=1 2 -4 48 6 -7 -8 27 11 19 -12 56 -14 16 36 17 20 21 29 45 -22 22 55 -25 25 39 -28 38 -30 47 32 37 33 -35 35 -37 52 -39 -40 -41 -42 -43 43 -45 -46 -47 -48 -49 -50 -51 51 -53 -54 -55 -56 -57 -58 -59 -60 60 -62 -63
leaf_value=-0.090674651225002456 -0.051973576058123451 0.14405282058249902 0.086920485411937157 0.0050576699102661436 -0.046291186465590328 -0.11220404811558377 -0.053304106871284077 0.00012176110374907135 0.083066262345013631 -0.034086420966865545 0.013757622508973472 0.011031187847875481 -0.035789359233507782 -0.024575691479078756 0.066228089157712972 -0.0082472957260710956 0.0038389095188929565 0.066157589331451369 0.064786353783237313 0.028496079116848889 0.11251983689777723 0.048610803840398065 0.019985513340248728 -0.011173400776733813 -0.024420125868319792 0.011902603625571717 0.0092498111859867695 0.080486163186919937 0.019171622643851055 0.018157316223780473 0.061792101771997558 0.00063922317824566949 0.0025531030478152528 -0.014364392698478652 0.020562626170992609 -0.092819182312261217 0.044957150343516432 -0.081643093199846528 0.017280936313382119 0.070291339484743073 0.13689272464694999 -0.033108451012904404 0.0056880925933471098 0.16525409851527426 0.04096199834841438 -0.031014968493197383 -0.011173604775212087 -0.084310062833774568 -0.069805442920327865 0.0057886241822264423 0.3550723234204719 0.092450952724246763 0.0059894058416396414 0.1011413142382218 -0.015990045714742246 -0.0066665368012493583 -0.018065289763130783 -0.011445671884979266 -0.0045364262328951048 0.020467765634601492 -0.03288809287932664 -0.096034130246388197
leaf_weight=4321.9540615683072 257.43679148060619 350.52525564725511 2523.2500946160872 13091.413339713996 2398.2716720389726 798.00409180598217 1716.9091049483977 18770.726493758615 1776.4444814083108 5207.6682444692124 996.39875988359563 3989.2271854687133 2306.5771597190178 10789.222204666876 2780.6448986982577 21700.71051364491 618.68525007815333 1141.8227886324166 1530.7673592172214 533.59176074713469 695.00534921872895 4954.9589525715273 5015.6644324426306 2133.0563752844464 3834.6768387177726 2976.4249401250854 28157.933832282783 1271.7404871941544 3161.5221842359169 517.0484833883238 3514.9635541868047 820.64063534216257 306.24009614478564 2010.5465409409371 3273.1794155121897 484.10664906146121 3888.5682032267796 1028.9500306086265 1888.4370775665157 1249.5429538160097 362.23605309042614 5008.5507100892428 339.87976292826352 228.28070556506282 1247.0619245765265 6147.3295905895648 30523.087553488731 568.68799293626216 520.89006965249428 3751.2640086326282 69.224496617913246 172.40331517113373 3475.8372450575116 217.21291541971732 749.16321688544122 14489.094114787906 14293.017718642484 346.76276884105755 6448.7352300368366 14990.023410201538 989.24187369109131 1686.9910292879213
leaf_count=8646290 9994 11977 710019 249149 971867 41292 509766 545550 115162 692110 73482 98746 1012019 320893 60723 1071023 50691 55343 75799 14838 12884 302719 149610 213742 53757 112225 380414 339814 89162 27308 146336 109793 11362 51469 45269 227590 83791 839399 35822 285234 21460 230096 78300 3633 120310 114790 719621 16687 45051 71780 1517 1292 64649 3296 121907 723773 338508 19511 381577 356987 23502 477077
internal_value=-0.000408051 0.00134706 0.0197793 0.00864092 4.50611e-05 -0.0636072 0.000369383 0.00074088 -0.00108388 -0.00671441 -0.0510305 0.00307311 -0.0715758 0.00570818 0.00898371 0.00499136 -0.00768514 -0.000374799 0.0230816 -0.00403897 0.0613363 0.00997904 0.00763298 0.026164 -0.0124954 0.00367414 0.00265968 0.0108561 -0.00986329 0.016521 0.0207587 0.00533251 0.0385351 0.00802123 0.0229846 0.00595397 0.0374364 -0.0451354 0.0427164 0.0291671 0.0753495 -0.0111865 -0.00625602 0.0698 0.0635811 -0.0110269 -0.00752119 -0.0355131 0.00219295 0.0171079 0.0718813 0.16769 0.0265652 0.0180961 0.0401263 0.000187059 -0.0117164 0.0676305 -0.0177383 0.00795867 0.0171646 -0.0668323
internal_weight=275408 268780 17733.1 15209.9 251047 1272.65 249774 248057 210147 89254.4 5081.66 120893 6628.53 102610 82446.8 72301.8 20163.6 55761.2 16540.6 84172.8 1313.69 28483.8 27341.9 7837.18 18849.9 8060.64 42975.9 37910.2 14817.9 14417.4 13331.6 7137.64 6193.99 2679.02 5288.05 3757.29 10145.1 1849.59 3160.18 4225.97 668.476 27277.4 22268.9 568.16 1597.59 41196.9 35049.6 1085.74 13612.3 4526.48 775.22 241.628 7364.41 474.65 5704.12 19504.8 18282.2 2123.21 11656.4 34750 15979.3 4085.26
internal_count=22789757 13131448 1136506 426487 11994942 54582 11940360 11430594 10128919 3989527 1522426 6139392 9658309 5702138 4866454 4657291 835684 2950146 1707145 2467101 63575 1567094 1511751 638368 772109 451216 1543263 1301675 1162849 1572472 1528477 1297850 230627 84291 348658 272859 209163 949192 375636 397459 32822 1383052 1152956 81933 132287 923838 809048 43995 294200 89427 17647 2809 148440 13290 424626 873383 437254 134673 1073687 926039 380489 1448944
is_linear=0
shrinkage=0.1


Tree=62
num_leaves=63
num_cat=0
split_feature=7 0 34 2 9 11 25 2 1 4 3 0 3 27 24 12 25 34 24 32 25 2 4 3 1 0 24 4 25 3 25 2 3 3 18 3 4 0 1 3 6 24 4 2 2 1 0 2 29 1 0 2 1 1 25 0 7 21 25 25 1 2
split_gain=2970.09 567.956 1095.24 593.833 483.239 478.121 484.052 945.061 762.291 1570.02 3095.11 975.289 1316.03 910.141 1721.14 792.622 787.832 682.331 677.506 633.331 627.349 578.067 663.941 926.4 1229.69 687.136 964.739 805.102 657.125 638.421 597.638 588.724 575.291 571.73 542.898 540.083 568.589 505.777 871.827 774.759 824.297 655.651 643.08 810.843 527.05 672.031 640.066 522.699 519.661 511.441 498.996 630.183 492.459 456.989 411.886 441.311 401.862 1145.3 1214.9 399.51 768.888 527.212
threshold=44.389709472656257 90.353595733642592 1.911498546600342 83.047893524169936 0.17424242943525317 2.5000000000000004 1.5000000000000002 14.415584564208986 93.957649230957045 1.0000000180025095e-35 49.56140327453614 10.762548446655275 13.563218116760256 31.500000000000004 2.5000000000000004 1.0000000180025095e-35 4.5000000000000009 0.96087807416915905 1.5000000000000002 12.500000000000002 4.5000000000000009 91.734970092773452 0.89921855926513683 90.070423126220717 79.337715148925795 72.834224700927749 2.5000000000000004 0.8480106294155122 3.5000000000000004 92.031745910644545 2.5000000000000004 73.499401092529311 95.311355590820327 11.882352828979494 4.5000000000000009 31.662488937377933 0.58337977528572094 45.035211563110359 32.466217041015632 99.333332061767592 1.0000000180025095e-35 2.5000000000000004 0.82033187150955211 38.165266036987312 55.646631240844734 66.274509429931655 74.862636566162124 32.757078170776374 18.500000000000004 51.316701889038093 82.207000732421889 79.743591308593764 70.659969329833999 14.415584564208986 3.5000000000000004 6.9366478919982919 99.781658172607436 1.0000000180025095e-35 2.5000000000000004 2.5000000000000004 7.2508215904235849 5.1615052223205575
decision_type=8 2 2 2 10 2 2 2 2 2 2 2 2 2 2 2 2 2 2 2 2 2 2 2 2 2 2 2 2 2 2 2 2 2 8 2 2 2 2 2 2 2 2 2 2 2 2 2 2 2 2 2 2 2 2 2 10 2 2 2 2 2
left_child=4 5 3 -3 -1 6 7 35 9 11 17 12 13 14 -8 18 59 -11 -10 37 54 22 25 24 -24 34 28 -28 -27 -23 -25 -26 -21 -13 -12 53 -37 38 48 40 42 44 43 49 46 -46 -41 -40 -9 -39 -20 -52 -36 -2 55 -16 -19 -58 -59 -15 -61 -62
right_child=1 2 -4 -5 -6 -7 8 19 15 10 21 33 -14 16 20 -17 -18 56 50 32 -22 29 23 30 31 26 27 -29 -30 -31 -32 -33 -34 -35 52 36 -38 39 47 41 -42 -43 -44 -45 45 -47 -48 -49 -50 -51 51 -53 -54 -55 -56 -57 57 58 -60 60 61 -63
leaf_value=-0.089520559410774317 0.035194332574826424 0.062162157732723371 0.066850900095587654 0.0047426212341441249 -0.03100621162103738 -0.058680539057701847 -0.092716903357679736 0.052668822689211449 -0.069663973151747979 -0.095717459149020176 0.015015375821925797 0.0032912937934611863 -0.10235612602445979 0.060601401862645732 -0.099667590291286801 0.056993115249425047 -0.038511047962384144 -0.070843783068683983 0.014935531498218513 0.071760560314910599 0.053999743011317436 -0.094473202639427378 -0.053193141283917993 0.020479563629455393 -0.052192840006974321 -0.024292953114509019 -0.13805744294778935 -0.028294948396075759 0.10867715829366476 -0.020002029393781172 -0.027484592377301127 0.065236743697339797 -0.049100207114022298 0.054598540484535524 -0.059409027575983424 -0.10304155805753648 0.077376264362803704 0.07247030359173405 -0.066329227328854795 0.068514404405349311 0.11163587623876935 -0.13460899688762568 -0.036136802044453534 0.093410307881360816 -0.070371596211650039 0.015172371093024679 -0.097597987742252701 -0.0033464262674745555 0.0080244619550906542 -0.068604644650529817 -0.073426644789792925 -0.0010648557050950936 0.0016218699547715619 -0.043838457617245793 -0.051881171847687493 0.096612372991925266 -0.070927507034155166 0.25882154205957514 -0.087408449301486307 -0.058593675575617947 0.025654424894216689 -0.030981114199383031
leaf_weight=3995.2869173237123 1287.8926654895477 1869.0000264692935 3230.8045486640185 49599.134560784587 2182.2506014152896 1430.0498361634964 2643.3284237029147 3233.6830313046812 1249.0070187206147 5602.0711008437502 7650.3841270950797 3477.5266523738101 1244.8735373691306 2035.1299725433637 154.71718575817067 2875.8100610987749 2742.3475929958513 1221.5488855328877 25746.075457275205 462.75811536380206 1847.7369947892148 1245.9888888917922 1230.1663453381625 4373.5084844930971 461.7730084307841 4000.7333248490468 1462.3780696095782 1230.5947001940804 409.71646622166736 15123.374070376361 6398.2608178610972 5658.1093348718423 2644.3750245656993 5784.6253447696217 2458.011281474377 1440.3176352756273 198.78697583480971 417.94067644345341 2250.8737061728607 2731.3013795980951 1907.822136544477 289.85357856043265 1033.924305637629 1966.3670130340906 1019.9286914844706 9221.4674796098552 253.49289973638952 3178.2177443303517 13459.410455395962 667.24491439166013 1258.6579736181884 27465.305828553537 2860.9938119178405 1693.9116102311236 1583.279074833903 441.21667724521831 662.45088421716355 287.24064665683545 156.59954258543439 1355.2347959277686 15442.5059170819 1839.4243206345127
leaf_count=8716683 24073 48417 725959 1234745 943903 500842 172302 112207 17299 4088573 283736 64725 28038 24954 6897 594809 51859 280332 441257 25874 22613 18949 24831 88924 8414 73959 27484 26009 6465 449738 138014 107802 188931 102202 703672 66071 4195 19050 176709 73649 154688 24653 18779 27744 46851 244664 3456 143934 358921 32793 29980 405972 125522 79079 33529 6381 70686 6354 15931 24818 197763 22611
internal_value=-0.000299098 0.00128595 0.010373 0.00682774 -0.06885 -0.00105345 -0.000662958 0.00800479 -0.00330914 -0.00848594 -0.0184321 0.00682677 -0.00160122 0.00256788 -0.0300197 0.0057984 0.0118513 -0.0768086 0.0031561 0.0124518 0.0111354 -0.00994808 -0.00320978 0.0106663 0.0380377 -0.0157372 -0.0407373 -0.0878998 -0.0119405 -0.0256706 -0.00801039 0.0563761 -0.0310999 0.0353349 -0.00204439 -0.0350501 -0.0811609 0.0157022 0.00535139 0.0274393 0.0573657 0.0141694 0.0320228 0.0551166 0.0174299 0.00665315 0.0544068 -0.0294588 0.0166727 -0.014272 0.00482588 -0.00423568 -0.0265816 -0.00970283 -0.025209 0.0456539 -0.0313034 0.0123566 0.136662 0.0185323 0.0139384 0.0196263
internal_weight=273347 267169 54698.9 51468.1 6177.54 212470 211040 49359.6 161681 103086 62493.9 40591.9 31329.8 30084.9 6670.28 58594.9 23414.6 7929.91 55719 44738.7 4026.95 54564 38194.6 18121.8 7350.05 20072.8 7103.42 2692.97 4410.45 16369.4 10771.8 6119.88 3107.13 9262.15 12969.4 4620.91 1639.1 41631.5 22122.2 19509.3 5993.3 13516 4085.48 3051.55 13226.2 10241.4 2984.79 5429.09 16693.1 1085.19 54470 28724 5319.01 2981.8 2179.21 595.934 2327.84 1106.29 443.84 20672.3 18637.2 17281.9
internal_count=22790274 13129688 2009121 1283162 9660586 11120567 10619725 1826321 8793404 7304087 6545395 758692 591765 563727 241722 1489317 322005 4461876 894508 1652903 69420 2083519 1614832 367985 141047 1246847 133917 53493 80424 468687 226938 116216 214805 166927 1112930 173418 70266 1438098 791771 646327 253054 393273 98366 79587 368620 291515 77105 320643 471128 51843 877209 435952 829194 103152 46807 13278 373303 92971 22285 270146 245192 220374
is_linear=0
shrinkage=0.1


Tree=63
num_leaves=63
num_cat=0
split_feature=7 8 7 7 21 3 3 4 32 33 9 13 26 8 9 9 2 1 32 11 18 20 2 11 20 9 32 18 35 18 32 1 11 9 20 17 11 25 18 32 8 7 20 25 19 7 25 7 8 32 11 26 29 8 17 35 32 2 29 11 32 8
split_gain=2585.47 539.985 895.437 590.946 1346.72 959.303 777.566 851.989 523.9 497.307 491.381 473.127 437.4 937.249 1272.09 679.512 2222.3 563.844 446.241 612.167 1067.64 1188.87 960.314 531.594 934.324 759.327 622.464 2702.36 499.892 453.851 1579.83 1440.08 732.456 412.794 391.823 662.746 558.244 385.872 385.406 363.529 400.541 373.765 453.287 361.655 377.937 358.898 344.658 340.289 339.411 337.68 334.038 737.95 525.798 474.116 356.754 403.505 362.699 295.98 295.632 281.939 279.151 277.642
threshold=44.389709472656257 32.698354721069343 59.026268005371101 69.255905151367202 1.0000000180025095e-35 63.245613098144538 99.333332061767592 0.91315466165542614 10.500000000000002 0.49044516682624822 0.15476191043853763 1.0000000180025095e-35 2.5000000000000004 55.013227462768562 0.73214286565780651 0.37980769574642187 98.332870483398452 90.054946899414077 3.5000000000000004 1.0000000180025095e-35 2.5000000000000004 0.99999985098838817 46.709957122802741 1.5000000000000002 0.97196012735366832 0.29285715520381933 2.5000000000000004 1.5000000000000002 2.5000000000000004 3.5000000000000004 4.5000000000000009 69.160839080810561 1.0000000180025095e-35 0.61250001192092907 0.91297993063926708 1.0000000180025095e-35 1.0000000180025095e-35 1.5000000000000002 2.5000000000000004 11.500000000000002 69.705627441406264 97.613353729248061 0.74838292598724376 1.5000000000000002 0.20872293412685397 98.799980163574233 1.5000000000000002 98.799980163574233 86.217220306396499 12.500000000000002 1.0000000180025095e-35 1.0000000180025095e-35 20.500000000000004 79.319980621337905 1.0000000180025095e-35 11.500000000000002 10.500000000000002 76.533164978027358 15.500000000000002 1.5000000000000002 10.500000000000002 98.421009063720717
decision_type=8 8 10 8 2 2 2 2 2 2 10 2 2 10 10 10 2 2 2 2 10 2 2 2 2 10 2 10 2 8 2 2 2 10 2 2 2 2 8 2 10 10 2 2 2 10 2 10 10 2 2 2 2 10 2 2 2 2 2 2 2 10
left_child=10 2 60 4 -3 8 7 46 -6 -8 -1 -11 15 59 33 18 34 -18 19 38 23 22 48 24 26 61 27 28 -21 32 31 -31 -20 47 36 -36 43 -38 -5 41 -41 50 -43 45 -45 -17 -7 -15 -22 -42 53 -52 -53 -32 55 56 -54 -48 -34 -14 -2 -25
right_child=1 3 -4 12 5 6 9 -9 -10 11 -12 -13 13 14 -16 16 17 -19 29 20 21 -23 -24 25 -26 -27 -28 -29 -30 30 39 -33 58 -35 35 -37 37 -39 -40 40 49 42 -44 44 -46 -47 57 -49 -50 -51 51 52 54 -55 -56 -57 -58 -59 -60 -61 -62 -63
leaf_value=-0.088837156892138669 0.0036370145509134096 -0.059036898000023541 0.014755734481625801 0.055951075638220563 -0.074034440305770083 0.20357861848165429 0.058221663500262005 0.16052356087974851 0.022816243091528486 -0.03778170113556148 -0.028647110960921873 0.02655755506461668 0.024558751601162082 -0.034905147489516335 0.0059918332807568945 0.04114697907638469 -0.0032546133490309898 0.072429177607046688 0.059984794281892753 -0.019612858585071911 -0.02662506009345449 -0.02229274744770135 0.12350769326256315 -0.0045782042193577956 -0.050259585248795181 0.098019464595653277 -0.022292415795286763 0.14117539599459519 0.024810538048482288 -0.0064968159205593158 -0.001599742532048008 0.15165597911495532 0.052930107892058646 -0.077459851730266205 -0.1044712797557184 0.0010052698509650355 0.089896409425616525 0.028589178961360952 -0.0040968435285825616 -0.0021448404313065129 0.043265757195227794 0.05703452411446968 -0.018927440983685723 -0.016453856877581857 0.035255597836221467 -0.022331863129826685 -0.050277133180583161 0.032001354278636616 0.11020808697179801 0.0042334422964261835 0.053632027058969925 -0.028065520933510436 0.13782307235169849 0.085501227834781701 -0.021161511102317548 0.050176805332178886 -0.0049087272941769726 0.087670585896895317 -0.040127457580058978 -0.053265587614651611 0.16695209441815964 0.21434786886173174
leaf_weight=3626.9240458005224 126.70686281943927 5323.0483030006872 2959.0878543992294 4000.9262827850762 2023.8090683550399 85.395866593258688 1354.5857182531036 753.84051430554246 771.42047294188524 2703.0042105169559 2166.5599970720941 1980.3045282190724 8214.692901686125 11551.070781744667 12371.763590651681 3911.8799677320058 1150.7871151301078 6806.4333264348097 891.61022417561617 6816.3396921355161 785.96437983366195 1587.9872326481855 2061.0423647875432 2440.7210917284247 4477.3124802219681 1177.2802557090763 7555.9831049517379 1474.6565142779727 4031.1713484827778 1056.1370924834046 16303.753752440156 1265.7930890339776 358.12246534676524 2206.0556577495299 605.01199327688664 38749.196649130958 1275.5938314046944 5260.4168313116534 1458.5104572702548 22337.197082543862 4260.9784441753291 1858.1393198596779 1360.9144359160564 7418.7284997014794 1746.1241974071017 1153.2305227860343 515.12803950218949 813.72144820308313 235.62179489369737 4619.2593043770175 1512.5297489630175 21643.537106398493 181.88201560848393 649.84931548085297 7806.9778777335887 1800.0664852640475 8416.4109094678424 222.81246916626696 7305.7410212604445 493.46816288813716 601.54114176699659 59.336505257058889
leaf_count=8679847 77710 1644299 98072 202873 1522652 12563 30122 27427 213220 507188 980243 191574 210138 419683 342046 94609 49389 1359598 50877 71427 128153 97300 21619 75196 85678 26780 129965 29974 79973 167441 390249 21360 5203 53751 15009 1076887 24867 100081 97690 361500 59336 47021 44658 414759 80273 18404 138044 14323 21329 69968 66236 918009 3610 38427 613225 35025 94992 17646 177275 58767 83334 425
internal_value=-0.000243204 0.00120188 0.0392025 0.000665541 -0.0181223 0.00279842 0.02119 0.0837122 -0.0473058 0.00485835 -0.0663282 -0.0105763 0.0018695 -0.00837135 -0.0175893 0.00360912 0.0118211 0.0614837 -0.000333635 0.00891078 0.003736 0.0480012 0.0842124 -0.00363914 -0.00899002 0.0318004 0.000305447 0.0141625 -0.00310416 -0.00373802 -0.0017528 0.0797197 -0.025799 -0.0376116 0.00524801 -0.000616274 0.0163616 0.0405541 0.039909 -0.00379238 0.00499721 -0.00825151 0.0249202 0.00524964 -0.00660197 0.026694 0.0133842 -0.0305021 0.00493456 0.0229622 -0.0100826 -0.0149282 -0.0175305 0.00173893 -0.0050058 0.00712374 -0.00188948 -0.00862544 -0.035779 0.0201487 0.138537 0.000617799
internal_weight=270734 264941 3687.34 261253 15733.3 10410.3 7615.07 1577.18 2795.23 6037.89 5793.48 4683.31 245520 35650.8 26942.6 209869 68077.4 7957.22 141792 38162.9 32703.4 4670.62 3082.63 28032.8 24355.5 3677.34 19878.2 12322.2 10847.5 103629 95073.4 2321.93 8555.47 14570.8 60120.2 39354.2 20766 6536.01 5459.44 92751.5 31217.4 61534.1 3219.05 14230 9164.85 5065.11 823.336 12364.8 1021.59 8880.24 58315 41361.4 39848.9 16953.6 18205.3 10398.4 8598.29 737.941 7663.86 8708.16 728.248 2500.06
internal_count=22789319 13129229 259116 12870113 4304735 2660436 924564 195680 1735872 728884 9660090 698762 8565378 1098708 829803 7466670 3233876 1408987 4232794 1068382 767819 268401 171101 499418 397017 102401 311339 181374 151400 3164412 2931057 188801 233355 487757 1824889 1091896 732993 124948 300563 2742256 490804 2251452 91679 608045 495032 113013 168253 434006 149482 129304 2159773 1731097 1664861 428676 746852 133627 98602 155690 182478 268905 161044 75621
is_linear=0
shrinkage=0.1


Tree=64
num_leaves=63
num_cat=0
split_feature=7 9 0 9 1 3 0 25 31 32 28 2 3 0 1 25 3 22 4 25 34 25 1 2 19 4 3 0 3 3 6 1 2 0 0 24 3 1 2 1 2 2 28 35 9 3 25 2 1 24 2 0 24 3 24 3 27 2 1 1 18 27
split_gain=2254.29 487.017 463.555 1187.47 443.396 426.868 415.182 514.159 433.888 406.2 423.468 413.905 654.311 1058.56 997.34 987.996 610.983 574.224 769.024 1500.8 1231.42 868.626 879.212 891.607 701.495 974.005 1473.16 631.806 919.337 627.471 1177.93 848.799 618.586 741.57 902.031 782.948 712.05 608.64 727.938 566.033 564.124 537.877 526.396 548.534 521.733 519.378 509.327 599.227 636.859 617.845 467.526 843.84 628.715 463.931 458.31 528.894 458.047 445.238 497.793 464.18 438.076 409.374
threshold=44.389709472656257 0.17424242943525317 99.473682403564467 0.47222222387790685 5.0316455364227304 7.8461537361145028 96.684982299804702 2.5000000000000004 0.017493054270744327 13.500000000000002 22.500000000000004 1.0000000180025095e-35 8.081632614135744 8.5867896080017108 8.8562092781066912 3.5000000000000004 33.06010818481446 1.0000000180025095e-35 0.58189582824707042 1.5000000000000002 0.90179800987243663 1.5000000000000002 80.982517242431655 80.243904113769545 1.0000000180025095e-35 1.0000000180025095e-35 44.636014938354499 30.848532676696781 47.690120697021491 99.333332061767592 1.0000000180025095e-35 61.633426666259773 74.352157592773452 88.493064880371108 73.375530242919936 2.5000000000000004 88.067794799804702 91.715686798095717 91.476997375488295 11.852501869201662 31.180555343627933 25.15822792053223 1.5000000000000002 1.5000000000000002 0.89898991584777843 9.1966171264648455 2.5000000000000004 5.1615052223205575 7.2508215904235849 2.5000000000000004 64.075469970703139 75.134407043457045 2.5000000000000004 56.635221481323249 2.5000000000000004 49.56140327453614 31.500000000000004 94.201679229736342 94.957626342773452 94.957626342773452 1.0000000180025095e-35 161.00000000000003
decision_type=8 10 2 10 2 2 2 2 2 2 2 2 2 2 2 2 2 2 2 2 2 2 2 2 2 2 2 2 2 2 2 2 2 2 2 2 2 2 2 2 2 2 2 2 8 2 2 2 2 2 2 2 2 2 2 2 2 2 2 2 8 2
left_child=1 -1 4 -4 5 -2 9 -8 -9 11 -11 61 14 15 56 16 46 18 19 27 -21 29 23 53 25 39 -27 28 -15 30 54 -31 33 34 35 -24 37 38 -34 -19 -29 -30 -38 44 60 -17 -14 48 -48 -49 51 52 -33 -23 -20 -56 -13 59 -59 -39 -44 -6
right_child=2 -3 3 -5 6 -7 7 8 -10 10 -12 12 13 17 -16 45 -18 24 21 20 -22 22 32 -25 -26 26 -28 40 41 31 -32 50 36 -35 -36 -37 42 57 -40 -41 -42 -43 43 -45 -46 -47 47 49 -50 -51 -52 -53 -54 -55 55 -57 -58 58 -60 -61 -62 -63
leaf_value=-0.087866769846063231 0.013342608618792124 -0.026184534582027987 0.0063558150036010317 0.083088654062389744 -0.090773439277886725 -0.10943426691826286 -0.083755184315493392 -0.1258433958343857 0.039978532467246274 -0.0065694564085775151 -0.049321421107132085 -0.085736405848094499 0.049660604590553298 0.017158220851026577 -0.063333694158092493 -0.02837071179327709 -0.17939984224528627 0.010545199274780079 0.0032155616187109753 -0.084500086753234449 -0.0019659443164676458 -0.076602217070828538 -0.030110996790374885 -0.075087500078001357 0.10063580547378043 -0.16347823778570092 0.062675596393143976 -0.057523103846104345 -0.094651094432755309 -0.053227824421645746 0.10977776843335817 0.067063631782912497 0.055603168275282035 0.063630051975240715 -0.054449731743919295 0.049294151154315492 -0.021742986444378515 0.018293137032385519 -0.095126034193026815 0.051315741541486576 0.0064538064897239102 0.0075042764492981862 -0.017223973667188953 0.00050180156785588738 0.076413289576057253 -0.11165995332969361 -0.13576319741122742 -0.13621593217450098 0.066747809215815412 0.043780936479851394 0.0041669211373752115 -0.085042732836467724 -0.087850333398049887 -0.0053970625331754354 -0.02432482796668587 0.090480253101016164 0.070257025486464383 -0.092966177889936608 0.041818395859764233 -0.063569335598965632 0.023070698652802066 -0.010255710791663731
leaf_weight=3344.7420538221777 466.55954007274704 2073.6193625711603 14833.535712468351 2334.1452358131064 930.17690728188609 720.46781118519721 1301.5688179578574 192.681100260932 871.52597386215348 9460.0041519507067 3068.4123223458591 199.06388235290069 1552.0601376259292 14876.884180550609 771.62705000059213 1234.7812748485303 185.09478287500679 21292.058426277596 4304.3629155720409 4672.0504083865962 2948.6757886623673 998.37682357346057 2905.9220379701874 2687.3120736129349 943.34289650563733 734.76678446785081 473.74105524166953 3236.3074816168519 1264.6824441266945 1927.6849395282043 2000.2692073972721 3998.7320222893031 6412.1811840594164 993.94250053231372 5575.917821157258 2168.3140198028996 8308.939796957653 1308.88015632116 337.25756007037126 4053.5352996063011 2400.5961912890489 869.97617060621269 3380.0174063332379 68553.323649502679 1504.6717830782291 1901.878034742811 193.17406706913607 667.10142613085918 791.85721212768112 267.03517824874143 8920.5934643703222 464.16460879100487 280.35013930578134 10959.362044615962 543.6226462769846 1532.5158044876589 3459.8184515776229 301.84037669055397 2971.9965577988187 1471.2174277216836 13372.901324683509 1966.1922430219129
leaf_count=8715119 13313 943137 380207 755690 58960 41471 20288 3096 27535 419751 243416 17373 26332 416288 14713 34382 5392 353087 103580 3986242 467537 755093 73151 71547 12648 27201 6601 267680 42231 115740 167322 128438 122225 22433 126346 66102 178924 27986 5881 58005 107245 24143 37739 1497693 501006 68854 6546 19233 12076 7855 265823 7671 28521 474860 27174 31497 47369 4463 75406 27228 164330 30791
internal_value=-0.000412746 -0.0642608 0.000901062 0.0167885 -0.000206996 -0.061177 8.8446e-05 -0.0416009 0.00995547 0.000494991 -0.0170401 0.00144986 0.00192878 0.00117189 0.0399818 -0.037697 -0.00237389 0.00239455 0.000424819 -0.0141784 -0.0525653 0.0032192 8.74089e-05 -0.0230392 0.0158941 0.0128836 -0.0748248 -0.00126206 0.00835232 0.020753 0.04282 0.00889148 0.00292004 -0.0189777 -0.0266871 0.00382028 0.00528263 0.0274223 0.0480715 0.0170657 -0.0302772 -0.0530179 0.00230258 0.00460405 0.0200071 -0.0788722 0.00706559 -0.0273817 0.0270335 -0.0847615 0.0176552 0.0430226 0.0569142 -0.0113421 0.021829 0.0604193 0.0617701 0.00440084 0.0293916 -0.0250282 0.014941 -0.0361142
internal_weight=268738 5418.36 263320 17167.7 246152 1187.03 244965 2365.78 1064.21 242600 12528.4 230071 227175 222744 4430.51 6792.98 3656.32 215951 188454 30269.2 7620.73 158185 134212 14645.1 27497.4 26554.1 1208.51 22648.4 17011.5 23972.3 8380.77 15591.5 119567 11644.1 10650.2 5074.24 107923 12803.4 6749.44 25345.6 5636.9 2134.66 95119.9 86810.9 18257.6 3136.66 3471.23 1919.17 985.031 934.137 13663.8 4743.25 4279.08 11957.7 6380.5 2076.14 3658.88 6053.93 3273.84 2780.1 16752.9 2896.37
internal_count=22789986 9658256 13131730 1135897 11995833 54784 11941049 50919 30631 11890130 663167 11226963 11137212 11057757 79455 180670 77434 10877087 10419545 5311366 4453779 5108179 4232413 1301500 457542 444894 33802 857587 482662 875766 329573 546193 2930913 288032 265599 139253 2642881 263189 128106 411092 374925 66374 2379692 2200768 703075 103236 72042 45710 18622 27088 430453 164630 156959 1229953 162251 58671 64742 135083 79869 55214 202069 89751
is_linear=0
shrinkage=0.1


Tree=65
num_leaves=63
num_cat=0
split_feature=7 9 11 8 7 8 11 25 0 34 2 1 25 7 10 9 21 28 31 1 7 20 9 11 5 18 9 0 35 25 31 22 9 20 28 25 26 24 31 11 1 1 9 11 22 22 2 25 24 2 34 1 27 24 2 2 13 31 24 25 0 25
split_gain=1931.57 461.994 440.961 423.644 725.012 391.892 438.426 380.88 371.894 644.408 539.461 535.312 564.183 529.803 557.11 633.43 478.34 476.395 849.822 475.587 486.574 474.683 647.749 1064.97 566.766 502.041 477.28 439.926 432.629 428.715 379.878 376.225 372.565 519.209 362.939 358.776 528.033 448.656 391.758 343.382 578.169 325.899 361.807 313.195 304.633 298.552 1689.43 391.901 915.287 635.058 523.369 361.036 382.098 749.067 429.04 355.706 340.043 433.687 344.086 362.71 318.475 367.875
threshold=44.389709472656257 0.13392857462167743 2.5000000000000004 32.698354721069343 56.152366638183601 98.421009063720717 1.5000000000000002 5.5000000000000009 89.386734008789077 1.8872035741806032 93.419914245605483 96.449581146240249 2.5000000000000004 69.255905151367202 1.5000000000000002 0.64583334326744091 1.0000000180025095e-35 49.500000000000007 0.79812839627265941 99.473682403564467 97.613353729248061 0.95876392722129833 0.89898991584777843 1.5000000000000002 1.0000000180025095e-35 2.5000000000000004 0.29285715520381933 51.316701889038093 9.5000000000000018 1.5000000000000002 0.53148785233497631 1.0000000180025095e-35 inf 0.63504463434219371 18.500000000000004 1.5000000000000002 1.5000000000000002 1.5000000000000002 0.38065230846405035 1.0000000180025095e-35 94.804317474365249 99.473682403564467 0.89898991584777843 1.5000000000000002 1.0000000180025095e-35 1.0000000180025095e-35 44.300144195556648 2.5000000000000004 2.5000000000000004 73.499401092529311 0.31974039971828466 10.762548446655275 31.500000000000004 2.5000000000000004 6.7231638431549081 81.120250701904311 1.0000000180025095e-35 0.55671870708465587 3.5000000000000004 3.5000000000000004 68.614070892333999 3.5000000000000004
decision_type=8 8 2 8 10 10 2 2 2 2 2 2 2 8 2 10 2 2 2 2 10 2 8 2 2 8 10 2 2 2 2 2 8 2 2 2 2 2 2 2 2 2 8 2 2 2 2 2 2 2 2 2 2 2 2 2 2 2 2 2 2 2
left_child=1 -1 3 4 -2 7 41 8 13 10 11 12 17 14 16 -16 -5 18 -10 28 -21 32 23 -23 25 44 -25 31 29 -12 -14 -18 35 -34 -29 36 38 -37 -15 -11 -41 -7 -43 -38 -24 46 -39 48 49 -48 -50 52 53 -47 -55 56 57 58 -49 -60 -59 -62
right_child=2 -3 -4 5 -6 6 -8 -9 9 39 19 -13 30 21 15 -17 27 -19 -20 20 -22 22 24 26 -26 -27 -28 34 -30 -31 -32 -33 33 -35 -36 37 43 45 -40 40 -42 42 -44 -45 -46 51 47 55 50 -51 -52 -53 -54 54 -56 -57 -58 60 59 -61 61 -63
leaf_value=-0.086423591508750577 0.14049846387670148 -0.025216398884783789 -0.050282812939224014 -0.05951539601533952 0.016190705357508297 0.0094346028895290323 0.21328537069508691 -0.049778030871870715 0.058124846894155403 0.092787858165624404 0.11182587703203964 -0.019778080405875181 -0.01352316470241696 -0.0035151483766207893 -0.047158309143875442 0.13137454683833813 -0.072252883236878951 0.096696901967943491 -0.043645952200650678 0.0037544594613380423 0.080349290066176082 -0.034937041076078638 -0.0014484709895208109 -0.023995354033251089 0.082240707363156418 -0.025146494907690133 0.074091272517400164 0.027352658757073042 0.042711110579311033 -0.028741092799588794 0.089584276117382872 0.012432186855411087 -0.062834404464883503 0.02001000023604935 -0.032783619887236548 -0.035374982162635182 0.0033894863027475633 -0.071257950452573091 0.03706790561086417 0.10360299728360167 -0.0065425645766425955 0.0045921999485822899 0.094857587570656932 -0.055651695080491316 0.028278393447145823 -0.091303597437144404 -0.048623992527405957 -0.082172384679569666 -0.031885169344646178 0.0053076924252220062 0.051282443044589558 0.034013916509558165 0.012314303938011988 0.063952128710107956 -0.029522304438847749 0.0011677602982116315 0.043199007790987544 0.020938412319482735 0.071928799712749278 -0.074305021497280438 -0.041044952301425595 0.019002037607227122
leaf_weight=3008.7157141580537 551.87604902600287 2089.7162365124386 1678.1605303591932 3512.8093919435341 3131.5331116627785 11267.242408053658 113.33433625998441 1543.0688079915417 1461.2373291880649 1176.6262954187114 222.21457790068234 1892.8303930513794 419.22542563886964 3108.6872500858735 342.86523250158643 472.73092574544717 1779.6930658277997 616.10698626298108 1871.2261346800078 34605.890892991651 849.73810339253396 14620.943774846324 13329.682750386652 761.4026497855084 811.77832406538073 7112.6141656018444 1423.630907988234 2732.3314073868969 1034.2366566914134 9195.5997169990442 2420.0172369970242 743.88429909641854 1992.8142820215435 1219.4328717747121 1586.2277194001072 3382.1686862196657 11039.948274014983 3296.5782033461146 10128.644335601595 678.72739431401715 1599.9733527349308 791.62730808206834 1011.363552309107 978.0729269431904 4649.8183044665493 1143.9597594084917 2345.3666278553428 1955.2116859559319 861.74785165628418 31608.849047848373 6204.7066481997608 5584.3800455323653 12290.243816473638 851.48863334185444 1159.9532018592581 21149.991056587314 763.58107954775915 1959.7295389547362 347.07401299843332 331.73258633969817 4090.2801615271019 1359.3537671628874
leaf_count=8637296 140380 1025920 529686 1403458 108596 247548 848 88827 39703 571875 6248 40567 8471 55886 19029 35109 1590038 19527 23970 745665 85302 283993 379559 51469 285842 215510 25067 307781 16229 213729 63051 74170 43433 32569 273338 203914 282048 2125013 328660 8434 57939 9580 318243 50024 76144 95017 105622 66245 21460 433221 105938 73677 138998 13228 26264 321547 8991 102157 5478 10790 90128 27898
internal_value=-0.00037722 -0.0613363 0.000812811 0.00114326 0.0348154 0.0006584 0.0174494 -0.000253991 6.29981e-05 0.00703761 0.00438668 0.0272478 0.0403613 -0.00214878 -0.0232519 0.0563218 -0.0295194 0.0159142 0.00097908 6.38982e-05 0.00559015 -0.000777156 -0.00991617 -0.0252056 3.30608e-06 -0.00265723 0.0399117 -0.0141192 -0.0186823 -0.0254244 0.0743601 -0.0472899 0.00224502 -0.031385 0.00526431 0.00310278 0.0137598 0.000429665 0.0275373 0.0489178 0.0262651 0.0157513 0.0552254 -0.00141551 0.00623942 0.00167419 -0.00123435 0.00192878 0.00839685 0.00158239 0.0411402 0.0122232 0.0043448 -0.0266963 0.0100475 -0.00637377 -0.0211331 -0.0260241 -0.0608763 0.000464374 -0.0136343 -0.0260669
internal_weight=266265 5098.43 261166 259488 3683.41 255805 13183.6 242621 241078 58043.7 54588.3 8680.64 6787.81 183034 11170.5 815.596 10354.9 3948.57 3332.46 45907.7 35455.6 171864 42709.9 16806 25903.9 25092.1 2185.03 6842.14 10452.1 9417.81 2839.24 2523.58 129154 3212.25 4318.56 125942 25255.4 100686 13237.3 3455.33 2278.7 13070.2 1802.99 12018 17979.5 97304.2 76274.2 72977.6 41020.7 33954.2 7066.45 21030 15445.6 3155.4 2011.44 31957 10807 10043.4 2634.02 678.807 7409.36 5449.63
internal_count=22796347 9663216 13133131 12603445 248976 12354469 576219 11778250 11689423 1900710 1262462 195289 154722 9788713 3702923 54138 3648785 83200 63673 1067173 830967 6085790 1317584 360529 957055 671213 76536 2245327 236206 219977 71522 1664208 4768206 76002 581119 4692204 716618 3975586 384546 638248 66373 575371 327823 332072 455703 3771672 3424488 1299475 666241 538843 127398 347184 273507 134509 39492 633234 311687 302696 82513 16268 220183 118026
is_linear=0
shrinkage=0.1


Tree=66
num_leaves=63
num_cat=0
split_feature=7 9 32 8 7 8 28 29 0 0 12 34 3 25 2 4 3 6 24 8 4 2 11 9 22 0 2 0 0 3 2 3 0 25 0 3 0 25 2 0 2 2 27 13 9 26 6 28 17 15 3 4 24 27 0 24 25 4 19 25 9 34
split_gain=1700.97 415.963 410.624 428.666 608.432 381.193 369.685 547.387 410.55 1077.1 646.327 1306.48 561.567 391.92 546.355 520.538 427.771 536.596 517.598 412.766 394.197 495.829 392.088 491.15 378.981 416.525 340.238 496.658 356.417 338.935 345.171 548.917 1042.83 868.44 653.763 422.739 369.085 533.754 907.011 485.533 456.605 376.381 340.355 319.992 308.809 312.93 304.896 460.375 429.005 422.866 380.786 562.715 450.153 452.89 412.157 792.269 462.485 461.244 411.668 352.61 304.173 296.926
threshold=43.344987869262702 0.17424242943525317 15.500000000000002 29.860438346862797 59.588558197021491 67.615768432617202 1.0000000180025095e-35 20.500000000000004 45.035211563110359 30.848532676696781 1.0000000180025095e-35 1.5130249857902529 49.56140327453614 1.5000000000000002 62.145593643188484 0.92225828766822826 99.333332061767592 1.0000000180025095e-35 2.5000000000000004 83.15198135375978 0.82033187150955211 35.585998535156257 1.0000000180025095e-35 0.68333333730697643 1.0000000180025095e-35 87.20676422119142 55.646631240844734 72.438781738281264 57.804552078247077 71.535182952880874 1.0000000180025095e-35 7.8461537361145028 8.2762556076049822 3.5000000000000004 8.5867896080017108 33.06010818481446 5.5946791172027597 2.5000000000000004 4.9390244483947763 6.9366478919982919 6.2019231319427499 5.7556936740875253 31.500000000000004 1.0000000180025095e-35 0.13392857462167743 1.5000000000000002 1.0000000180025095e-35 169.50000000000003 1.0000000180025095e-35 1.0000000180025095e-35 75.181159973144545 0.90910807251930248 2.5000000000000004 14.500000000000002 68.323558807373061 2.5000000000000004 2.5000000000000004 0.77440893650054943 0.20508184283971789 2.5000000000000004 0.47222222387790685 0.99999985098838817
decision_type=8 8 2 8 10 8 2 2 2 2 2 2 2 2 2 2 2 2 2 8 2 2 2 10 2 2 2 2 2 2 2 2 2 2 2 2 2 2 2 2 2 2 2 2 8 2 2 2 2 2 2 2 2 2 2 2 2 2 2 2 10 2
left_child=1 -1 3 4 -2 -4 7 -5 9 29 13 46 -11 16 15 24 17 20 26 22 21 -10 23 43 25 -15 27 -18 -28 30 -8 34 33 35 42 36 41 -38 39 -39 -40 -33 -32 61 -24 60 47 50 49 -48 -12 54 53 58 55 56 -52 -56 -53 -57 -46 -16
right_child=2 -3 5 6 -6 -7 8 -9 10 12 11 -13 -14 14 19 -17 18 -19 -20 -21 -22 -23 44 -25 -26 -27 28 -29 -30 -31 31 32 -34 -35 -36 -37 37 38 40 -41 -42 -43 -44 -45 45 -47 48 -49 -50 -51 51 52 -54 -55 57 59 -58 -59 -60 -61 -62 -63
leaf_value=-0.086103245124064226 0.14156684375237297 -0.024574945730912123 -0.05787437547415656 -0.042780429766977511 0.016540226547716814 -0.0046573724077175463 -0.033294140618936881 0.013338269641319395 -0.035053802381264369 -0.054584824295780626 0.02773904037788992 0.08430828243904856 -0.0085677787752728995 -0.047846299098456745 0.045671480578519046 0.10284482452350091 0.05940262707997114 0.099013833170634058 -0.12504715490895862 -0.003329335971992536 -0.039903722291308258 0.085651717037750319 -0.0017742265736195081 -0.17007734645303618 0.039437042518918976 0.074368604144617309 -0.039691887554371391 -0.072252247890910434 0.010450502453024021 -0.095926121152879906 -0.09148882130026384 0.0047053545100595069 0.0052284470156020411 -0.088133036046579627 -0.048337361200183483 -0.17127149913502937 0.06343548354085253 -0.1412963285009759 -0.15689648294460484 0.08924743533345543 0.013779720277555372 -0.14266942633650795 0.074767301796833677 0.066331874879420591 0.096875167251905842 0.0087428350011949634 -0.059385015251384836 0.07918621678798235 0.059627904574331619 0.063316702108632439 -0.11504431816132964 -0.039224339061968573 0.05886501316683003 0.099955217583015843 -0.1230388157741031 0.10853877116080118 0.05825959612800044 -0.033298590317585725 0.042574559780879144 -0.013014579992911134 0.025929133243731462 -0.010120683035841344
leaf_weight=2689.807408781664 505.37427200860111 1857.5686433087103 2252.028402541735 4515.8609182885266 1693.6614730977453 3345.6010176429409 2795.7780404963414 2825.7148268826713 499.86790701182326 5938.2067227027437 3496.9526255343517 2805.3173646396026 4791.9948611212312 5502.834802091209 1952.4937741037284 292.34203263031668 2324.1845174843329 1264.5390508302953 286.16320994799025 73843.412484618602 779.58877898016362 1066.1571332362073 27999.177519908757 118.02936853701249 639.97911031264812 293.75048943562433 1642.4406400189619 326.83296509605134 10354.479712666711 363.02153314874158 129.85666874673916 359.03877604226 47069.155531097436 2260.5578520015988 622.44625269970857 153.15407752338797 1242.5467415396415 107.60626125682029 506.01038105387124 604.71263317155535 227.09027537642396 334.96931076640612 2378.3590689986595 2194.8622153331526 769.21794443545514 17644.810165875446 744.68464591982774 768.06258205545601 2520.2961472547613 450.94779270340223 626.15109707979718 2446.2564291339368 1455.7223340860801 357.11799348751083 844.94200743851252 596.40911813476123 204.20457818760769 1777.8273247121833 821.98519313707948 397.84531629597768 2818.9464729572064 1865.0958876674413
leaf_count=8399192 75795 875324 278521 331706 52584 68167 78242 135230 59275 2564183 130879 1268402 593982 965582 39114 3636 65279 64027 33807 1001864 8647 17913 1066233 3309 9898 3055 95722 4803 255789 28248 13158 9261 2642413 102562 11761 4870 20067 3852 16195 9178 7990 13585 33185 165743 15491 211923 38553 32129 360075 60143 7670 39457 119526 18299 6279 9271 1980 39217 45757 7528 68394 75699
internal_value=-0.000337647 -0.0609694 0.000723545 0.00131346 0.0452734 -0.0260675 0.000929878 -0.0211808 0.00159331 -0.00488494 0.00418338 0.0209518 -0.0340341 0.00197826 0.000117872 -0.0276627 0.0156154 0.0465061 0.00814795 0.00156465 0.0181988 0.0471231 0.00809232 0.0319408 -0.0335902 -0.0416529 0.0107501 0.0431714 0.00358575 0.000402523 0.000997328 0.00270945 0.00030004 -0.0397256 0.0433952 -0.00877116 -0.00141227 0.0153738 -0.0259422 0.0544204 -0.104027 -0.0664264 0.0661598 0.0359066 0.00512266 0.0142173 0.010801 0.00395183 0.036225 -0.0131065 -0.000484471 -0.0108425 0.0118931 -0.00696795 -0.0368177 -0.000319261 -0.0724247 -0.062209 -0.0186514 0.0598999 0.0411383 0.018414
internal_weight=264364 4547.38 259817 254219 2199.04 5597.63 252020 7341.58 244678 69884.5 174794 20314.7 10730.2 154479 135935 6728.91 18544.3 3610.15 14934.1 129206 2345.61 1566.03 55362.6 6130.48 6436.56 5796.59 14647.9 2651.02 11996.9 59154.3 58791.3 55995.5 52864.8 5795.69 3130.66 3535.13 3381.97 2687.97 1445.42 712.319 733.101 694.008 2508.22 6012.45 49232.2 21233 17509.4 13793.5 3715.93 1195.63 13025.4 9528.46 5081.08 3625.36 4447.38 1824.61 830.356 2622.77 3268.24 994.254 3588.16 3817.59
internal_count=22789619 9274516 13515103 13168415 128379 346688 13040036 466936 12573100 6152732 6420368 2185165 3158165 4235203 3629941 982171 605262 149862 455400 2647770 85835 77188 1645906 283865 978535 968637 421593 70082 351511 2994567 2966319 2888077 2829973 187560 58104 84998 80128 57282 37215 13030 24185 22846 46343 280556 1362041 295808 916763 457992 458771 98696 425863 294984 223039 103513 71945 26449 9650 45496 85214 16799 83885 114813
is_linear=0
shrinkage=0.1


Tree=67
num_leaves=63
num_cat=0
split_feature=7 9 11 1 12 34 32 18 35 8 11 25 29 0 9 26 18 27 9 1 29 1 8 3 21 1 0 0 32 20 25 0 1 18 11 35 7 34 17 7 1 9 35 1 7 21 33 3 24 0 20 19 22 25 25 3 25 28 19 3 25 19
split_gain=1440.33 434.432 412.605 372.68 835.25 744.484 432.615 426.296 403.641 368.621 397.928 361.413 600.537 463.787 375.695 403.033 373.416 461.959 345.401 329.347 325.654 307.143 302.838 354.305 297.062 295.031 284.905 278.131 278.119 519.165 315.304 273.553 292.168 270.451 385.366 379.231 324.98 268.768 264.833 262.333 270.317 261.322 260.558 238.358 396.69 282.426 238.25 237.1 235.922 317.344 298.209 328.148 270.694 494.358 425.592 424.345 288.682 228.913 233.084 469.556 420.062 261.244
threshold=43.344987869262702 0.29285715520381933 2.5000000000000004 91.476997375488295 1.0000000180025095e-35 1.5373472571372988 12.500000000000002 7.5000000000000009 13.500000000000002 80.08438873291017 1.0000000180025095e-35 1.5000000000000002 17.500000000000004 47.478813171386726 0.73214286565780651 2.5000000000000004 3.5000000000000004 41.500000000000007 0.41428571939468389 48.808847427368171 27.500000000000004 33.520599365234382 70.740001678466811 98.386676788330092 1.0000000180025095e-35 60.660173416137702 80.972057342529311 57.804552078247077 10.500000000000002 0.7597067952156068 4.5000000000000009 70.064933776855483 9.7167587280273455 1.5000000000000002 1.0000000180025095e-35 3.5000000000000004 89.808139801025405 1.1815476417541506 1.0000000180025095e-35 75.694980621337905 74.849395751953139 0.17424242943525317 4.5000000000000009 99.473682403564467 75.694980621337905 1.0000000180025095e-35 0.54436513781547557 99.333332061767592 2.5000000000000004 85.553771972656264 0.8131195902824403 0.12079749628901483 1.0000000180025095e-35 5.5000000000000009 2.5000000000000004 58.434959411621101 4.5000000000000009 47.500000000000007 0.19548859447240832 99.333332061767592 1.5000000000000002 0.16927243024110797
decision_type=8 10 2 2 2 2 2 10 2 8 2 2 2 2 8 2 8 2 10 2 2 2 8 2 2 2 2 2 2 2 2 2 2 10 2 2 8 2 2 8 2 10 2 2 10 2 2 2 2 2 2 2 2 2 2 2 2 2 2 2 2 2
left_child=1 37 3 6 9 43 7 8 11 10 24 12 47 21 15 39 17 31 -17 -15 28 33 23 -8 46 -23 27 -12 30 -30 -10 32 42 34 36 -35 -14 -1 -3 40 -13 -4 -16 57 45 -45 -5 -2 49 -41 -51 -52 54 56 55 -50 -54 58 59 61 -61 -6
right_child=2 38 41 4 5 -7 22 -9 20 -11 26 14 13 19 16 18 -18 -19 -20 -21 -22 25 -24 -25 -26 -27 -28 -29 29 -31 -32 -33 -34 35 -36 -37 -38 -39 -40 48 -42 -43 -44 44 -46 -47 -48 -49 52 50 51 -53 53 -55 -56 -57 -58 -59 -60 60 -62 -63
leaf_value=-0.085101382217180138 0.052773962876448123 0.010402352151321246 -0.073590292941418847 0.03766538103988798 0.0038171174102836756 0.088029702020991349 -0.015522640402854613 -0.024482069387618519 0.013352058647329405 -0.0014398524769011004 -0.030900632495393557 -0.071106809406749225 0.067888859568165344 0.079128297953185267 -0.00067254678027199512 -0.0050063680303494822 -0.019133581286246277 0.031178206136438277 -0.05468868835865829 0.012428980261580635 -0.0078687202142880639 -0.046471135580486746 -0.0043545516653897103 -0.073733702814039126 0.057384392981441802 0.055512736384468769 0.0014720411001859285 0.026618006955290235 0.041514010840182421 -0.085261495609188498 -0.045105000070853274 -0.021259401076681419 0.019966986621577962 -0.064185025775094481 0.083412647582602306 -0.0057549356361150513 -0.0043759584496077383 0.14365795673400142 -0.086348874641781717 -0.018747442154180321 -0.0089587880956077653 0.017706482218727698 -0.099630712815413316 -0.12637759824247979 0.07456888281547995 0.024731148182082358 -0.042073201434363772 0.0044407817455860551 -0.083531411110385603 -0.010785447852960062 -0.077968092898484914 0.069439968909699959 0.010222855234148766 -0.090629037468701767 -0.016698962741354389 0.040947500151180261 0.092269350027780819 0.076703363290400645 0.029060246215754256 -1.8055897563307459 -0.3052391767469782 -0.074167052310266338
leaf_weight=2753.1216943010804 3387.3181173766498 1116.9396927653579 1193.5804674427491 860.75070140240132 1437.9517078334466 2081.8462851798395 2164.3542302561691 7364.0343654626049 14166.822877724277 70174.141690163524 925.90230500450707 1318.8330532518739 696.92494406085461 812.54218582887552 770.68079367844621 2181.873289803043 5875.1334600237315 6503.1266459174803 3901.5693485184747 8327.1495052495156 7079.8997082887508 2998.1974717385892 3691.1349175969081 2022.8334167237044 2929.5551173100539 313.30732755461941 25693.818248668016 9133.8091418824624 5920.7726353291946 341.66469128883909 986.97279364845599 4540.7889360729605 5604.6544235226756 1360.627577297535 662.58416424403549 6049.3606265436683 5811.9912879578769 52.33576149342116 378.88844327884726 15959.450625375583 1491.2299186929013 425.21114745747764 406.36924797296524 184.14028664678335 1408.1289295883616 376.7527398231905 663.59355835698079 1449.1505350969383 303.9416513722972 1818.7038651390467 172.70907709514722 1202.398061667569 745.00160316983238 258.66720040049404 6365.6012285533361 2766.9618978369399 1010.5366907236166 380.1793865354266 1243.5734695538413 1.9794436707161356 32.581156977917999 612.56443041097373
leaf_count=8571982 134406 194949 517615 73464 39164 1153739 304317 1711672 1069280 928231 65563 1003819 15391 36918 6716 229295 445984 152641 95971 308460 445854 133262 128678 231222 146083 12639 676598 240495 353620 7084 51606 141410 287459 21961 17001 190911 35972 10354 498581 735812 134218 52848 4353 5980 305202 16915 20255 52837 192112 26686 1735 13004 16494 2754 337726 37208 8611 28948 102172 113 2000 8222
internal_value=-0.000236092 -0.0576278 0.000718629 0.0010357 0.00516379 0.0368765 -0.00247783 -0.00110837 0.000284635 0.00293443 0.0105689 -0.00284454 0.00583813 3.17642e-05 -0.00722297 -0.0131955 0.00273037 0.0099365 -0.0368697 0.0183587 0.010724 -0.0093296 -0.0252364 -0.0436444 0.0387552 -0.0368223 0.00705763 0.021324 0.0168705 0.0345974 0.00954473 -0.00226377 0.010455 -0.00308592 0.0107576 -0.0164839 0.00336161 -0.0808339 -0.0141044 -0.00888537 -0.0381264 -0.0496092 -0.0348372 0.0181206 0.0462407 -0.0248776 0.00295274 0.0382919 -0.00620045 -0.0129892 0.0157846 0.050926 0.00515491 0.0384344 -0.00194854 0.0286272 0.0574511 0.00319163 -0.00520446 -0.0256405 -0.391171 -0.0194796
internal_weight=262867 4301.29 258566 256947 118141 7759.7 138806 130928 123564 110382 40207.4 95067.4 31869.2 27032.7 63198.2 39497.5 23700.8 17825.6 6083.44 9139.69 28496.1 17893 7878.32 4187.19 4453.9 3311.5 35753.5 10059.7 21416.2 6262.44 15153.8 11322.5 6781.7 14581.5 7171.5 7409.99 6508.92 2805.46 1495.83 33414 2810.06 1618.79 1177.05 5677.85 1969.02 560.893 1524.34 4836.47 30604 19153.3 3193.81 1375.11 11450.7 2014.21 9436.5 3070.9 1755.54 3708.83 3328.65 2085.08 34.5606 2050.52
internal_count=22796572 9275866 13520706 12950243 3813144 1662455 9137099 8472882 6761210 2150689 1222458 4833766 959758 772515 3874008 2835445 1038563 592579 325266 345378 1927444 427137 664217 535539 239802 145901 982656 306058 1481590 360704 1120886 439938 298528 281236 68364 212872 51363 8582336 693530 2510179 1138037 570463 11069 508716 328097 22895 93719 187243 1372142 777237 41425 14739 594905 27859 567046 229320 25105 180619 151671 49499 2113 47386
is_linear=0
shrinkage=0.1


Tree=68
num_leaves=63
num_cat=0
split_feature=7 10 29 32 18 29 29 7 30 19 24 31 25 30 25 7 33 25 17 32 32 2 0 13 25 35 3 25 4 1 18 32 19 34 7 21 35 7 7 21 8 29 2 32 27 2 4 8 24 2 18 27 16 26 35 2 0 1 18 21 2 6
split_gain=1295.99 511.686 363.078 1082.85 459.429 371.186 476.446 490.623 455.583 659.486 786.066 721.092 386.374 358.555 344.841 341.614 339.837 320.67 320.66 315.552 315.507 311.722 310.781 339.082 307.17 306.451 305.971 571.504 359.074 302.071 279.546 277.385 275.273 258.138 360.014 295.048 294.367 303.444 267.845 254.631 254.607 247.977 247.073 246.53 245.032 244.812 242.805 241.42 231.418 294.266 230.526 223.494 222.022 220.366 291.073 213.478 210.441 204.282 332.185 201.309 197.375 195.428
threshold=45.954339981079109 1.0000000180025095e-35 16.500000000000004 5.5000000000000009 4.5000000000000009 20.500000000000004 27.500000000000004 81.270160675048842 13.500000000000002 0.19548859447240832 2.5000000000000004 0.82944530248641979 4.5000000000000009 11.500000000000002 2.5000000000000004 99.781658172607436 0.48214980959892279 5.5000000000000009 1.0000000180025095e-35 4.5000000000000009 4.5000000000000009 81.120250701904311 89.943820953369155 1.0000000180025095e-35 1.5000000000000002 1.5000000000000002 60.188678741455085 2.5000000000000004 0.82298949360847484 27.072835922241214 3.5000000000000004 2.5000000000000004 0.19158418476581576 0.99999985098838817 48.110782623291023 1.0000000180025095e-35 4.5000000000000009 78.135349273681655 98.120273590087905 1.0000000180025095e-35 27.192233085632328 19.500000000000004 83.457714080810561 2.5000000000000004 1.5000000000000002 95.488464355468764 0.99772727489471447 42.506038665771491 2.5000000000000004 58.397436141967781 1.5000000000000002 4.5000000000000009 1.5000000000000002 1.5000000000000002 20.500000000000004 59.317129135131843 68.323558807373061 70.087718963623061 2.5000000000000004 1.0000000180025095e-35 25.866189002990726 1.0000000180025095e-35
decision_type=8 2 2 2 10 2 2 8 2 2 2 2 2 2 2 8 2 2 2 2 2 2 2 2 2 2 2 2 2 2 10 2 2 2 10 2 2 8 10 2 10 2 2 2 2 2 2 8 2 2 10 2 8 2 2 2 2 2 8 2 2 2
left_child=1 -1 3 4 19 8 25 16 9 10 11 42 26 14 47 -5 -8 -14 40 30 -10 22 23 56 41 -7 29 60 -29 -12 -2 -6 -33 34 -27 38 50 -38 -36 61 -3 -13 -4 -32 -17 -26 53 -11 -49 -50 -35 -15 -23 -37 -55 -20 -16 58 -9 -42 -28 -18
right_child=2 18 5 15 31 6 7 57 20 13 12 24 17 51 21 44 39 -19 55 -21 -22 52 -24 -25 45 33 27 28 -30 -31 43 32 -34 36 35 46 37 -39 -40 -41 59 -43 -44 -45 -46 -47 -48 48 49 -51 -52 -53 -54 54 -56 -57 -58 -59 -60 -61 -62 -63
leaf_value=-0.081946004465434971 0.027620073612567055 0.081962311048812395 -0.053866683912356654 -0.024416643542614365 0.028729598890259153 0.021125607173430774 -0.0010944684796595819 0.0060593196582704135 0.049444713546758404 0.043337376051536758 -0.0035057596457916951 0.0079930724546789702 0.066991426873045434 0.040372299187854385 -0.0093759057433854386 0.054778431847432855 -0.013912733172306707 -0.053674101428113824 -0.095941480631287407 -0.015416916980102164 -0.0089793247137772408 -0.017213224219534997 0.078760657186740565 0.062306737063490082 -0.033900287871548078 -0.023504029347984748 -0.035186631784339326 -0.097946926467075993 0.005644805423236466 -0.050490057770750323 0.032733192496484001 0.035530437862363429 0.17085394984208013 0.0093540961902754682 -0.0026135755854623569 0.030304855820646421 -0.055479513006738645 -0.0077089040260054061 0.022512000065369013 -0.03023053341617701 -0.080387184297478501 -0.035413509596358271 -0.11853597800247138 0.1331245185061298 -0.011275102439250551 -0.12743868641528752 0.12853463945044497 -0.00095086962423447717 -0.055200162023351762 0.038056186985385335 -0.0075961604549427634 -0.031919264827290357 0.0032999356168901019 0.0018889791128156906 0.050345034992417548 0.28850272262090892 -0.056924299538462522 0.0040770652032421284 -0.033381958765330684 0.0078786050870124791 0.079089672462341679 -0.10020502558214538
leaf_weight=2592.8061407945788 8216.2955131282506 340.20861230444279 1245.9015543485002 6668.7816188918077 420.11985857787658 11743.064022317209 2108.575341300515 4053.7406553699402 2493.5852366407053 1486.3606392263027 3872.9984139172302 3760.5149848534202 1317.6332955788239 2983.6209894389031 1257.1548862709897 1087.0512853253749 332.68274425980053 264.43769293950754 507.41922893864103 1529.3592347671802 1468.7795696823159 9624.3779868849088 238.37070815742481 316.16581176847103 8156.3690250944055 3053.9115589994763 171.75943672884023 437.19206930825021 1425.9994875562261 2115.9646400925121 477.60841502127005 213.26609543876839 509.29732273408445 26032.370812011999 16028.575191432465 9856.9611798854894 1466.8720638911182 14220.502564321272 5770.1532926926739 2395.5775323260459 347.81851105368696 2024.7872030073777 1123.5529487380991 501.41657949899673 1161.8542444698978 289.7434658119746 207.36159109888831 27275.37663265469 383.11339582587243 2896.7996559321764 11598.364930635173 499.20558376703411 11679.112219811912 8314.7983148393105 1456.878987545264 14.867147239070617 3585.6146410057845 17802.602394073794 4512.386655345792 1004.9924060856865 1259.0174053783121 1243.1498043965839
leaf_count=9096456 441679 59444 109015 484425 28262 533566 316916 82994 93355 111049 209747 135922 41849 79778 126104 35683 38860 12697 752611 54476 279105 274977 6102 7220 1144470 239415 4071 9001 31325 808417 30860 41227 14846 629796 1112883 844373 150383 302249 135881 214566 101389 70398 8924 20530 8704 2565 5768 850444 56106 81547 305067 12855 312562 560002 74090 1780 116502 391630 234892 271223 35898 140376
internal_value=-0.000354107 -0.0517919 0.000609584 0.0132798 0.0330658 -0.000507012 0.0027125 -0.00793291 -0.00539535 -0.00686132 -0.019768 -0.0334542 0.00114342 -0.00116438 -0.00301274 -0.0130507 -0.0335405 0.0468226 -0.0164994 0.0266433 0.0277879 -0.011406 -0.0328723 -0.0380304 -0.0249501 0.00585993 -0.00664159 0.0178385 -0.0186627 -0.0201058 0.0336388 0.0933441 0.130913 0.00403081 0.0096366 0.0120675 -0.000667683 -0.0121758 0.0040372 -0.0507674 0.004632 -0.00719872 -0.0845317 0.0841495 0.0206531 -0.0371091 0.0208923 0.00398147 0.002067 0.0271633 0.00412977 0.0300105 -0.00596739 0.0197552 0.00911339 -0.0849981 -0.044581 -0.00202843 -0.0147172 -0.0148152 0.0653712 -0.0819874
internal_weight=261445 4808.11 256637 20785.1 11867.4 235852 142199 32448.7 93653.5 89691.1 27465.9 16600.9 10865 62225.3 58742.4 8917.69 6079.99 1582.07 2215.31 10724.7 3962.36 26700.8 5397.31 5158.94 14231.4 109750 9282.93 3293.97 1863.19 5988.96 9195.32 1142.68 722.563 98006.8 44688.6 41634.7 53318.1 15687.4 21798.7 3971.41 1693.02 5785.3 2369.45 979.025 2248.91 8446.11 19836 32041.7 30555.3 3279.91 37630.7 3482.83 21303.5 19628.6 9771.68 522.286 4842.77 26368.7 8566.13 1352.81 1430.78 1575.83
internal_count=22789307 10282903 12506404 1160692 631880 11345712 6313707 1420234 5032005 4659545 2624299 1471294 1153005 2035246 1942613 528812 710718 54546 1186447 547545 372460 843467 255928 249826 1353355 4893473 1098459 80295 40326 1018164 493069 84335 56073 4359907 2972412 2732997 1387495 452632 1248764 393802 432056 206320 117939 51390 44387 1147035 1484233 1099146 988097 137653 934863 92633 587539 1478465 634092 754391 242606 709516 317886 372612 39969 179236
is_linear=0
shrinkage=0.1


Tree=69
num_leaves=63
num_cat=0
split_feature=7 11 28 7 1 3 8 7 28 7 21 3 33 28 22 2 22 24 28 1 3 26 8 9 9 9 2 6 7 4 22 27 17 20 27 4 28 28 24 4 34 1 29 29 11 16 3 1 26 8 33 7 20 27 26 11 9 9 34 20 33 26
split_gain=1158.49 399.932 359.488 351.5 330.99 374.443 329.821 502.863 297.694 339.164 811.698 364.037 631.264 394.372 387.614 323.938 544.951 513.286 372.17 367.542 322.893 266.457 466.468 558.845 337.791 280.363 1260.64 264.61 272.161 261.987 290.206 452.949 262.504 293.412 262.417 252.985 368.39 249.908 249.027 311.457 237.338 237.009 226.414 218.655 242.343 397.337 218.029 217.992 208.626 408.759 288.464 458.692 357.206 438.884 327.847 573.321 553.108 386.37 515.4 257.658 498.685 362.898
threshold=42.674797058105476 1.0000000180025095e-35 1360.0000000000002 77.563388824462905 5.0316455364227304 7.8461537361145028 33.772006988525398 62.538343429565437 2.5000000000000004 65.133895874023452 1.0000000180025095e-35 63.245613098144538 0.54436513781547557 16.500000000000004 1.0000000180025095e-35 4.9390244483947763 1.0000000180025095e-35 2.5000000000000004 1.0000000180025095e-35 9.3933825492858904 10.62030076980591 3.5000000000000004 54.592315673828132 0.76388889551162731 0.73214286565780651 0.58571431040763866 98.332870483398452 1.0000000180025095e-35 88.737056732177749 0.92004612088203441 1.0000000180025095e-35 31.500000000000004 1.0000000180025095e-35 0.86510983109474193 14.500000000000002 0.87369275093078624 6.5000000000000009 8.5000000000000018 1.5000000000000002 1.0000000180025095e-35 0.99999985098838817 44.033897399902351 17.500000000000004 20.500000000000004 1.0000000180025095e-35 2.5000000000000004 99.333332061767592 23.294573783874515 2.5000000000000004 52.655075073242195 0.22261640429496768 97.613353729248061 0.77882501482963573 1.5000000000000002 1.5000000000000002 1.0000000180025095e-35 0.23611111193895343 0.47222222387790685 0.96087807416915905 0.97196012735366832 0.098317801952362074 1.0000000180025095e-35
decision_type=8 2 2 10 2 2 8 10 2 8 2 2 2 2 2 2 2 2 2 2 2 2 10 10 10 10 2 2 10 2 2 2 2 2 2 2 2 2 2 2 2 2 2 2 2 8 2 2 2 10 2 10 2 2 2 2 10 10 2 2 2 2
left_child=1 35 4 -4 5 -2 7 -6 15 10 -10 14 40 -14 -12 -8 18 -18 -17 20 -19 25 -23 24 -24 48 27 28 -27 30 38 37 33 -33 -31 -1 41 -32 47 -40 -13 -37 -20 44 45 -44 -29 -30 50 -50 52 -52 53 -11 55 -54 59 -58 -59 60 -57 -62
right_child=2 -3 3 -5 6 -7 8 -9 9 21 11 12 13 -15 -16 16 17 19 42 -21 -22 22 23 -25 -26 26 -28 46 29 34 31 32 -34 -35 -36 36 -38 -39 39 -41 -42 -43 43 -45 -46 -47 -48 -49 49 -51 51 -53 54 -55 -56 56 57 58 -60 -61 61 -63
leaf_value=-0.061346018123352719 0.015306067227491716 -0.077673129128205315 -0.093704375688631936 -0.012731091456996985 0.079332975769717623 -0.10453891578734126 -0.066300025094515561 0.0059068233109674639 -0.062669056589978747 0.063793449745977615 -0.082729089798116634 0.1448462348794356 0.034060861832002499 -0.037702437780831231 0.029986341354916225 -0.032490500849803643 -0.083014928414436154 0.037276782770879556 0.01312662833580827 0.050449164529305472 -0.05925845717640265 0.02457789744951307 -0.044069882542968314 0.0029634861971872604 -0.15678608425935683 0.024053527727504267 0.063361925943219335 0.10015227397262799 -0.025153240444417871 0.014199252045082534 -0.021877574774921024 -0.001291495833407213 0.02297503091914678 -0.16888769598194342 0.093735595861950127 2.7441736943633912 -0.014452515680211338 -0.12870931943072503 -0.11073380978062669 -0.013689024750339266 0.048490261613902727 0.14489018887179927 0.050344061091744829 0.00087125346227111006 -0.023074011518219084 -0.010771400083957392 0.02267090839162476 0.053463803581011271 0.015294481879997688 -0.025828328330590657 -0.0017114242606515303 0.039238421205094638 0.047730361500070172 0.014398934965933134 -0.0093910918243588493 0.021541016663846627 0.083856407541077066 0.064978800555862568 -0.0010433011470743498 -0.033429098308808053 0.045214874355059914 -0.029335498531292688
leaf_weight=484.45025484143116 448.86597917800827 2547.8187247791793 753.93054994667182 1855.4285495799268 1352.179915155255 621.9122001829528 864.89943743505864 3006.6675001337135 2649.2206750359619 2427.2086858542752 828.06812550834729 408.44696800288511 1444.6465630745806 1629.581211053388 483.07802102771529 5499.2265933525632 405.26253743599227 708.2462836158229 6017.9289411428326 3685.1124055329565 678.34466048516333 2505.433601734956 3349.104972893314 3497.6855928467703 288.80031057196902 5270.8722039889544 4236.5974032053491 407.21268155926373 540.43339107278734 2731.4489000171889 954.82822718913667 343.74437691085041 7750.949389978312 150.06200563162565 489.10042999917641 0.35143552713270665 464.94447353966825 284.12483579013497 338.32954537915066 14693.139732054551 683.23702488763956 193.64464225404663 1276.0684063062654 16232.504386113476 12826.287957217632 6394.8598415220767 3358.4573579541175 1015.3436710812966 3749.6638251036929 6801.7244969371241 75499.615480376233 2838.2025454670656 3722.6327500674233 6948.4056685418764 10700.437546585104 5749.8813505002472 1071.1641802875674 1675.6436544258031 4016.8897888185456 2752.2338976789324 747.99222902438487 5139.2902089566051
leaf_count=731533 13360 7799959 101635 67699 312908 42260 57966 100133 1167749 78448 1026943 21031 291969 536090 65856 438178 26668 15415 403292 44657 16640 76303 112113 97522 5425 231171 1124102 76028 5782 100180 9830 5384 104503 1582 29278 356 364930 3330 3509 320454 16578 83178 149643 1035294 702300 506327 256762 23110 105669 239307 2176263 87972 213544 258318 408547 85771 30081 28684 89740 81961 9961 168484
internal_value=1.63051e-06 -0.0556225 0.000801162 -0.036127 0.00118024 -0.0543004 0.00141494 0.0286847 0.000937116 0.00277133 -0.0172262 0.00475428 0.0192177 -0.0039793 -0.0412003 -0.00558722 -0.00460981 0.0252825 -0.00800317 0.0339362 -0.00994995 0.0036448 -0.0125434 -0.0255773 -0.053018 0.00452952 0.0115988 0.00587714 0.00313453 -0.000629747 -0.00395371 0.00999945 0.0184712 -0.052222 0.0262783 -0.00648694 0.0338452 -0.0463769 -0.0119314 -0.0158733 0.0845413 0.149599 -0.00485302 -0.00779887 -0.0146651 -0.000604767 0.0310496 0.0261544 0.00228133 -0.0112144 0.00343632 -0.000227799 0.00982182 0.0271864 0.00524561 0.0115417 0.00517299 0.0287586 0.0183908 -0.00591336 0.000594219 -0.0198637
internal_weight=260492 3691.21 256801 2609.36 254191 1070.78 253121 4358.85 248762 194173 8126.28 5477.06 4165.91 3074.23 1311.15 54588.7 53723.8 5476.97 48246.9 5071.7 1386.59 186047 9641.02 7135.59 3637.91 176406 42564.6 38328 34562.4 29291.5 26071 9483.71 8244.76 493.806 3220.55 1143.39 658.941 1238.95 16587.2 15031.5 1091.68 193.996 42747.6 36729.7 20497.2 7670.93 3765.67 1555.78 133841 10551.4 123290 78337.8 44951.8 9375.61 35576.2 24875.7 21153.1 6763.7 5692.53 14389.4 11637.2 5887.28
internal_count=22789665 8979956 13809709 169334 13640375 55620 13584755 413041 13171714 9775334 3126216 1958467 865668 828059 1092799 3396380 3338414 103380 3235034 76712 32055 6649118 291363 215060 117538 6357755 2295005 1170903 838113 606942 477484 124629 111469 6966 129458 1179997 448464 13160 352855 323963 37609 83534 2796856 2393564 1358270 655970 332790 28892 4062750 344976 3717774 2264235 1453539 336766 1116773 708226 494682 148505 118424 346177 264216 178445
is_linear=0
shrinkage=0.1


Tree=70
num_leaves=63
num_cat=0
split_feature=7 9 1 12 34 2 4 2 1 6 18 8 25 4 2 1 2 11 30 29 35 29 18 31 13 27 17 32 25 4 2 9 4 22 27 28 25 25 18 2 1 7 35 28 35 34 27 28 35 20 34 27 29 31 4 2 25 1 32 21 33 34
split_gain=968.449 408.446 328.067 630.31 690.112 560.477 768.485 391.234 647.165 439.041 345.655 344.981 344.049 336.434 660.925 422.861 321.685 310.478 307.834 321.1 282.096 293.385 312.663 266.83 265.146 243.616 243.391 242.908 236.987 235.087 335.61 287.176 229.373 227.793 454.036 704.575 505.867 413.902 279.997 278.944 224.28 316.774 222.055 215.921 233.463 528.62 304.745 234.295 388.763 221.782 215.889 233.292 215.523 212.945 277.074 612.803 225.861 431.191 213.963 211.73 210.492 204.223
threshold=44.389709472656257 0.29285715520381933 91.476997375488295 1.0000000180025095e-35 1.5373472571372988 91.476997375488295 0.94287380576133739 71.039428710937514 84.273937225341811 1.0000000180025095e-35 7.5000000000000009 80.08438873291017 5.5000000000000009 0.99772727489471447 97.999198913574233 81.892700195312514 84.273937225341811 1.0000000180025095e-35 12.500000000000002 19.500000000000004 17.500000000000004 17.500000000000004 2.5000000000000004 0.9999997913837434 1.0000000180025095e-35 1.5000000000000002 1.0000000180025095e-35 7.5000000000000009 2.5000000000000004 0.87972137331962597 96.34091949462892 0.84523808956146251 0.80953791737556469 1.0000000180025095e-35 31.500000000000004 7.5000000000000009 4.5000000000000009 4.5000000000000009 4.5000000000000009 22.903981208801273 98.529094696044936 70.031848907470717 4.5000000000000009 2.5000000000000004 2.5000000000000004 1.3208404779434206 1.5000000000000002 3.5000000000000004 3.5000000000000004 0.97196012735366832 1.0982617735862734 1.5000000000000002 31.500000000000004 0.86953061819076549 1.0000000180025095e-35 30.877573013305668 2.5000000000000004 7.7422575950622567 11.500000000000002 1.0000000180025095e-35 0.65144410729408275 0.32470427453517919
decision_type=8 10 2 2 2 2 2 2 2 2 10 8 2 2 2 2 2 2 2 2 2 2 10 2 2 2 2 2 2 2 2 8 2 2 2 2 2 2 8 2 2 10 2 2 2 2 2 2 2 2 2 2 2 2 2 2 2 2 2 2 2 2
left_child=1 50 5 11 40 6 10 -8 16 -10 12 17 18 29 -15 -16 -9 24 20 -20 21 28 61 -24 -4 -26 -3 -12 -2 -7 -31 -32 -30 38 35 37 53 42 39 -21 -5 59 -35 -13 46 -46 49 -47 -49 -45 -1 -52 -19 -36 56 -56 -55 -58 -59 -42 -27 -23
right_child=2 26 3 4 -6 13 7 8 9 -11 27 43 -14 14 15 -17 -18 52 19 33 -22 22 23 -25 25 60 -28 -29 32 30 31 -33 -34 34 36 -37 -38 -39 -40 -41 41 -43 -44 44 45 47 -48 48 -50 -51 51 -53 -54 54 55 -57 57 58 -60 -61 -62 -63
leaf_value=-0.081515535703603009 0.019439641174328202 0.012703581493867751 0.01328325895781499 0.0010458085074586368 0.086918530362005281 0.042432985737977109 0.092902055498484404 0.020674052664805986 0.077719958111531762 0.0069286185756663766 -0.047293672740949547 -0.014356320051161784 -0.059091921148402497 0.10319276070082058 -0.052357378035892715 -0.0078909771603326347 -0.075330284075288356 0.0091017744458856877 0.035424833223230152 -0.01738272798639896 0.023898207681848832 -0.055907976015026332 -0.00013659787044465412 -0.031389237334101455 0.10476838620332847 0.079913624535653094 -0.082814616328931542 -0.008370079905302719 -0.042954609050874164 -0.041547662858988407 -0.10233384268090043 -0.3305651278167715 0.010358662250225284 0.026782986162069346 0.10016488392650619 -0.1156960385025788 -0.035774452101575503 0.054717845801398907 -0.020965876930609612 0.011474401543623263 -0.11569292314386399 0.069354755190908543 -0.06631035216841201 0.042445179457743454 0.0031059356942232876 -0.058984485738407769 0.0026533382805997542 0.0047297674388771787 -0.038432548738862982 -0.013907316711793669 0.47168968328318983 0.010434400493341106 -0.021869644296920322 0.05954098787235329 -0.17619193295349989 0.073842823479614225 -0.03675977679799116 0.028114878918029024 -0.022451554581957064 0.021912397677371576 -0.0084659751917003263 -0.0034064277025829129
leaf_weight=2275.1187628608313 6857.5449479591625 1166.057234808628 2377.2772856002557 3635.6310441894457 1793.4529101945227 264.95764616283122 971.11081898128032 617.92303498418187 1975.6497026869329 1574.1008632339945 2698.4785162068874 11098.02558993164 998.83141097967746 475.71261630332447 2670.7600696785958 10733.57334327689 802.02101892014616 33578.29990967593 3418.6053022642154 4608.5030585757631 3217.9159642158629 758.46837045361463 3789.0618470715417 9791.4019951684459 813.57489422993967 500.95596842287341 345.90081384207588 3950.5014216409763 1449.6497549384949 2602.310878938908 417.00809195075999 63.530508717056364 1820.3559561941656 377.93638697592542 345.45888319535879 671.12415417609736 1641.3569166745001 868.99545417717309 6404.9650783216784 12263.811942005414 167.05876804690342 1337.4427253691247 795.63985952097573 3839.270754812751 30664.660201295046 1563.6638931478374 13647.479882116779 4182.4248259706656 4164.7026782080065 853.68648587260395 12.998308809968874 70.104343088605674 2407.96352723366 1518.0769449891668 214.44064467452699 180.55177984258626 1264.3616262954893 11699.567748380709 901.24562851461815 338.16034954565112 583.21915099734906 31991.383721933598
leaf_count=8851317 453733 206685 85639 178368 1155226 7181 89049 27204 46560 32774 624790 171352 63339 46376 184079 375550 14522 819853 315590 187684 257943 171265 195866 1310581 82146 46511 571244 1128396 292759 31936 5066 1043 51530 5714 5006 34880 30241 14762 1153902 718230 3834 315136 31860 65727 335393 20337 201490 57815 56552 23449 304 31936 151804 19275 3934 2260 21216 146553 28211 10309 19254 1202841
internal_value=-7.22067e-05 -0.0497205 0.000680683 0.00456074 0.0330769 -0.00263231 -0.000219091 0.0348489 0.0235049 0.0463283 -0.00203861 0.00268033 -0.000674373 -0.019503 -0.0126399 -0.0167507 -0.0335517 0.0100561 -0.000128289 0.00590863 -0.00490056 -0.006542 -0.00991236 -0.0226695 0.0355344 0.063408 -0.00914876 -0.0241672 0.00887633 -0.0479574 -0.055726 -0.132508 -0.013276 0.00360256 0.011295 -0.0268025 0.0171146 0.00240514 -0.00316507 0.00359237 0.0154505 0.0438715 -0.0363307 -0.00156108 0.000849172 -0.00338302 0.0102123 -0.0234603 -0.0168056 0.0321942 -0.0757329 0.0825806 0.00702937 0.0224986 0.0207981 -0.0619006 0.0229215 0.0189121 0.0244982 -0.023589 0.0323709 -0.00462233
internal_weight=259084 3870.18 255214 117547 7271.75 137667 120439 5940.81 4969.69 3549.75 114498 110275 107849 17227.9 13880 13404.3 1419.94 40261.3 106850 47174.6 59675.8 56457.9 46330.3 13580.5 4275.03 1897.75 1511.96 6648.98 10127.6 3347.81 3082.85 480.539 3270.01 43756 20478.8 2713.7 17765.1 2042.57 23277.3 16872.3 5478.29 1842.66 1173.58 70013.9 58915.9 40575.5 18340.4 9910.79 8347.13 4692.96 2358.22 83.1027 35986.3 16123.7 15778.2 394.992 15383.3 13865.2 12600.8 505.219 1084.18 32749.9
internal_count=22795382 9661486 13133896 3800195 1662873 9333701 8682470 210109 121060 79334 8472361 2137322 6719175 651231 606005 559629 41726 1205207 6655836 2719318 3936518 3678575 2880553 1506447 233550 147911 777929 1753186 798022 45226 38045 6109 344289 2403728 343912 87216 256696 52336 2059816 905914 507647 329279 37574 932115 760763 470097 290666 134704 114367 89176 8883557 32240 971657 226455 221449 6194 215255 195980 174764 14143 65765 1374106
is_linear=0
shrinkage=0.1


Tree=71
num_leaves=63
num_cat=0
split_feature=7 9 0 34 8 2 0 25 2 27 6 4 1 32 8 25 2 1 4 2 19 7 21 25 22 1 25 1 2 18 0 4 24 24 25 2 33 25 4 7 4 24 2 1 6 4 25 24 2 1 4 24 7 25 13 34 25 1 1 13 1 19
split_gain=862.048 347.204 339.259 598.987 363.027 292.489 290.811 628.076 485.504 267.319 258.944 291.352 286.811 258.922 272.599 255.197 626.658 720.218 389.052 2086.99 922.717 580.549 993.749 948.386 526.715 499.034 487.939 442.922 474.264 453.408 449.881 612.859 650.438 484.834 899.977 632.878 483.975 473.621 449.516 403.713 397.144 382.852 373.726 560.82 437.286 741.68 533.219 763.541 483.519 903.425 571.488 468.181 620.429 386.869 363.803 356.856 345.549 338.692 337.887 334.342 333.394 332.923
threshold=42.674797058105476 0.13392857462167743 91.922958374023452 1.911498546600342 38.521554946899421 84.680576324462905 6.9366478919982919 3.5000000000000004 7.2077922821044931 2.5000000000000004 1.0000000180025095e-35 0.95007002353668224 93.957649230957045 14.500000000000002 65.559993743896499 1.5000000000000002 19.433517456054691 19.399641990661625 1.0000000180025095e-35 39.250699996948249 1.0000000180025095e-35 98.799980163574233 1.0000000180025095e-35 2.5000000000000004 1.0000000180025095e-35 11.852501869201662 2.5000000000000004 77.849929809570327 77.849929809570327 4.5000000000000009 77.836257934570327 0.80001720786094677 2.5000000000000004 2.5000000000000004 2.5000000000000004 79.118217468261733 0.54960685968399059 2.5000000000000004 0.84496542811393749 96.67456436157228 0.61551034450531017 1.5000000000000002 78.08689117431642 99.473682403564467 1.0000000180025095e-35 0.92594298720359813 3.5000000000000004 2.5000000000000004 89.512962341308608 91.010101318359389 0.92004612088203441 3.5000000000000004 56.62047195434571 3.5000000000000004 1.0000000180025095e-35 1.0000001788139345 2.5000000000000004 95.101959228515639 86.526824951171889 1.0000000180025095e-35 85.053192138671889 0.43319091200828558
decision_type=8 8 2 2 8 2 2 2 2 2 2 2 2 2 8 2 2 2 2 2 2 10 2 2 2 2 2 2 2 8 2 2 2 2 2 2 2 2 2 8 2 2 2 2 2 2 2 2 2 2 2 2 10 2 2 2 2 2 2 2 2 2
left_child=1 -1 6 4 9 10 7 8 -2 -4 -6 -12 -13 15 -15 16 17 -8 25 20 21 -20 -23 -24 27 26 -17 28 29 55 33 32 56 35 36 37 -35 -29 -39 -37 -22 -19 43 -33 48 -46 51 -48 50 -50 -44 -47 -53 -52 -49 -21 -32 -34 -38 -45 -36 -40
right_child=2 -3 3 -5 5 -7 13 -9 -10 -11 11 12 -14 14 -16 18 -18 41 19 24 40 22 23 -25 -26 -27 -28 30 -30 -31 31 42 57 34 60 39 58 38 61 -41 -42 -43 44 59 45 46 47 54 49 -51 53 52 -54 -55 -56 -57 -58 -59 -60 -61 -62 -63
leaf_value=-0.081896440484905811 0.011618937873969788 -0.017053280156727645 0.12437567941512502 0.06631713174378967 0.0035431837348801447 0.0029791677340772465 0.007026362655916156 -0.10591679379950057 -0.11374637881224821 0.022682051239156231 0.10751989744158374 0.066946874560021324 -0.50255556708130478 -0.0459766790315871 -0.0039565389441963764 0.085184169984211244 0.012017978742960641 0.036492383928426374 -0.085738347611929916 0.03892605979445013 0.078017401915049966 -0.068947316656313234 0.19601987849642069 -0.09218754067278509 0.084986903590505522 0.038656082828468961 0.00079264567893639357 -0.064086821875135688 -0.06947386363089017 -0.040293315934968932 -0.061629227786532494 -0.0062272206011146454 -0.17034080162421084 0.080510037678277399 -0.037747191402749104 0.024220156406020911 0.086735701511159072 0.06000514133699611 -0.0052316183794728415 -0.011612464046652539 -0.036148619419674809 -0.062641996758117199 -0.0036567800276836454 -0.081883144559241242 0.11535289677511787 -0.003544392832562273 0.18717964346882707 -0.062256469487042644 -0.039269281171852681 0.051142710971076172 0.075421468202919131 -0.033601329592331218 0.15053704094108586 -0.0048944224711352053 -0.011055581963598871 -0.015096017897874526 0.090607080513076199 0.026391075631982421 -0.011166983272033601 0.073173243169306498 0.013485974468525359 -0.081782682180081917
leaf_weight=1729.6563354469254 2219.0547183511517 1580.1574873634818 431.63116128489492 1727.3655164125375 613.35754793141678 37704.630087344092 5035.0220441756101 828.55485006759409 358.87334535135597 644.39374274856527 664.35873431974323 19.974985728375032 15.867968023900174 2535.9317476164433 3946.4584956200852 701.10941919656761 37686.558943503172 441.80427900278301 5047.4777600495436 2070.7620696531521 662.17052407740266 1156.9320258339867 337.72229914029595 172.49135684128851 704.04398433050665 4418.9091912502627 30045.754747880026 2224.8529777649819 1724.6888762031012 3377.3635075040365 357.67052083209273 4393.1410417990846 573.77816372080997 3258.5437460393732 1515.8497926506097 8784.4341656681645 485.19063539725903 810.49951874677208 2368.4328499583498 4897.0526550193317 564.42396816224209 3294.8304772795964 2266.1822419459932 1842.7966129971901 509.04523268288176 42487.825815721997 151.46874910347105 3239.2017593122146 3039.1277767647407 1736.7943300030456 3071.5833287134592 308.2172061939782 450.32654638483655 745.24861583308666 2427.9334273813438 2986.0443116285023 255.68142288540548 103.25791238657257 1289.1890811374906 150.41352756525157 7836.2308156656218 747.40407116732968
leaf_count=8125811 54976 854273 18709 666120 15135 1018366 101386 61160 14289 81591 21327 2804 161 393170 93134 11861 1580374 21315 4464404 222653 68298 223140 8074 18173 10228 106843 591143 49982 57739 818582 7784 84197 10259 102834 42683 299777 16647 48038 60178 133866 38241 226609 40662 52811 15314 1146020 3546 99185 41837 42596 70044 5277 16455 14487 54263 46601 11606 13619 30444 3811 211190 24942
internal_value=-0.000233475 -0.0509393 0.00042605 0.00865942 0.00617537 0.00459519 -0.00119324 -0.0301764 -0.00583317 0.0634749 0.0509819 0.0925369 -0.185177 -0.00072138 -0.020395 -9.23869e-05 0.00641484 -0.0176585 -0.00202661 -0.0047148 -0.0542704 -0.0688395 -0.0176761 0.0985837 -0.00123807 0.00723308 0.00271699 -0.00177774 -0.0216931 -0.0119224 0.000199409 -0.00450033 -0.0727604 0.00955416 0.0235309 -0.000583458 0.057627 -0.0272248 -0.00633703 0.0113945 0.0254833 -0.0509208 -0.00318212 -0.0261878 -0.000750951 -0.00473214 -0.00597801 -0.0343986 0.0174243 -0.00639039 0.0361217 -0.00215415 0.0757166 0.0597395 -0.0403208 0.00702602 0.00183188 -0.140336 0.0156038 -0.0701821 0.00518175 -0.0235941
internal_weight=257776 3309.81 254466 41821.6 40094.2 39018.2 212644 3406.48 2577.93 1076.02 1313.56 700.202 35.843 209238 6482.39 202755 46458.2 8771.66 156297 121131 7941.22 6714.62 1667.15 510.214 113190 35165.8 30746.9 112486 10158.9 8434.17 102327 68109.7 1290.39 34217.7 14385 19832.7 5032.92 6151.19 3926.34 13681.5 1226.59 3736.63 66819.3 6386.35 60433 49574 49065 5818.6 10858.9 4775.92 6083.01 43246.4 758.544 3816.83 5667.14 5056.81 613.352 677.036 1774.38 1993.21 9352.08 3115.84
internal_count=22791044 8980084 13810960 1824213 1158093 1057793 11986747 130425 69265 100300 39427 24292 2965 11856322 486304 11370018 1929684 349310 9440334 8730487 4820330 4713791 249387 26247 3910157 709847 603004 3899929 1145575 1087836 2754354 1733773 43268 1020581 403798 616783 149925 183140 133158 433643 106539 247924 1690505 140819 1549686 1340060 1324746 156994 209626 84433 125193 1167752 21732 84531 153448 269254 19390 23878 47091 56622 253873 85120
is_linear=0
shrinkage=0.1


Tree=72
num_leaves=63
num_cat=0
split_feature=7 11 11 28 8 8 7 29 32 18 11 30 19 12 19 18 1 25 28 24 2 13 24 6 18 32 3 25 1 2 2 3 1 3 24 7 13 2 9 1 7 4 32 24 25 3 9 26 9 1 4 3 4 27 4 32 26 24 25 19 3 18
split_gain=718.054 357.981 312.697 294.797 319.285 280.338 390.985 267.684 617.482 330.183 315.863 305.096 468.763 903.501 578.404 552.378 394.062 407.345 378.816 365.994 338.625 335.294 316.107 315.761 290.685 392.353 279.79 277.413 274.03 323.202 345.758 330.208 581.287 304.34 389.073 311.766 298.247 335.984 295.087 269.821 268.526 244.077 237.304 227.969 396.876 256.949 225.586 221.831 421.861 215.379 213.793 497.685 213.189 310.695 230.662 212.226 211.625 208.241 212.124 202.746 197.516 192.111
threshold=42.674797058105476 1.0000000180025095e-35 2.5000000000000004 1360.0000000000002 70.740001678466811 35.192592620849616 63.847667694091804 15.500000000000002 5.5000000000000009 4.5000000000000009 1.0000000180025095e-35 12.500000000000002 0.19873649626970294 1.0000000180025095e-35 0.16927243024110797 1.5000000000000002 68.801231384277358 2.5000000000000004 112.50000000000001 2.5000000000000004 82.446311950683608 1.0000000180025095e-35 3.5000000000000004 1.0000000180025095e-35 6.5000000000000009 6.5000000000000009 97.825057983398452 3.5000000000000004 94.570026397705092 96.60919570922853 86.319076538085952 90.521114349365249 86.319076538085952 98.539680480957045 2.5000000000000004 73.353057861328139 1.0000000180025095e-35 94.826045989990249 0.35416667163372045 99.473682403564467 65.724277496337905 0.90002673864364635 11.500000000000002 2.5000000000000004 4.5000000000000009 60.188678741455085 0.17424242943525317 2.5000000000000004 0.73214286565780651 99.473682403564467 0.96274891495704662 99.333332061767592 0.87006494402885448 1.5000000000000002 1.0000000180025095e-35 10.500000000000002 2.5000000000000004 2.5000000000000004 3.5000000000000004 0.4354866892099381 96.60919570922853 1.0000000180025095e-35
decision_type=8 2 2 2 10 8 10 2 2 10 2 2 2 2 2 10 2 2 2 2 2 2 2 2 8 2 2 2 2 2 2 2 2 2 2 8 2 2 10 2 10 2 2 2 2 2 10 2 10 2 2 2 2 2 2 2 2 2 2 2 2 8
left_child=1 52 3 5 -5 6 55 8 9 -7 -10 12 14 16 15 -9 50 18 61 20 -16 22 -15 40 47 -26 -25 -24 29 30 -19 32 -32 34 -30 -36 38 -38 -35 -39 -17 -29 -8 -42 45 -45 -4 -13 -49 -40 -14 -52 54 -54 -1 -2 -48 -33 -59 -37 -31 -18
right_child=2 -3 46 4 -6 7 42 11 10 -11 -12 24 13 21 19 23 17 28 -20 -21 -22 -23 27 26 25 -27 -28 41 33 60 31 57 -34 36 35 59 37 39 49 -41 43 -43 -44 44 -46 -47 56 48 -50 -51 51 -53 53 -55 -56 -57 -58 58 -60 -61 -62 -63
leaf_value=0.11190830809928515 -0.014317337097407488 -0.071708589361122441 -0.069100202733237998 -0.074944176545469907 -0.0030191841502139184 0.029543579377279416 0.020299929683222841 0.0044718340983400133 0.028876215337902873 0.10520952212417994 -0.029289348894668221 0.013346390855309455 -0.046273760955162696 0.033840713837624985 -0.027786112702165633 -0.076055637829531536 -0.014791714497677539 -0.020642591788791596 -0.017132939205063723 -0.0018908781661260939 -0.10175437774501783 0.076368631482129801 0.042387133593918137 0.13975458986717598 -0.041402478765965797 0.0013662325824105599 0.009794179121295668 -0.15865709367849501 -0.086011653542027611 -0.10988464479042162 -0.093797570065256408 0.098665836665083495 0.099955473153592059 -0.012911916280782844 0.14394698548005488 0.050506893018998467 0.060503616384131265 -0.054330085256948372 0.10698086645853018 -0.00050304306615885975 -0.026338159662119026 -0.0027547689547964618 -0.037937061774794528 -0.027149816036304533 0.04532534917278571 0.020372938596539492 0.059164657953337543 -0.030637847918486991 0.015443468608918884 -0.070121109522808825 0.093416331514806314 -0.069243629752201927 0.15917223859214225 -0.0032370529262058835 -0.088974646161299714 0.077560125047188982 -0.10294469544184277 0.016533066419320338 -0.06302870706352004 0.0014769156290803495 -0.034084961907082427 0.0089277046095597064
leaf_weight=68.281364779410069 302.89652386649686 2085.4739399187965 1085.4720432796457 1064.7791414500098 1468.2450707619428 5060.601816504859 2580.6329397460213 20137.452631441134 1340.6834306730598 650.87946062762057 3074.8600330415793 36701.715240809048 2840.9277030967205 4335.6331324240891 1080.353482349441 846.74433635669993 3632.8913536967011 6077.121409891246 6960.166502515669 1138.8125698175863 1449.0261564141692 1621.0668299428071 250.63972262426978 206.04324711853405 2595.0871597227524 12367.023276429158 845.1481329119124 232.129558239365 297.57226275109861 372.70125124296464 188.0630636777787 166.27320254818187 876.60794318166154 5667.9862377025711 236.48448257321434 1632.4679139917716 872.34869077510666 970.3249712055258 71.980394535232335 23135.891135510436 13500.75877697143 176.98455091996584 959.97050477485755 4553.0519384285144 1314.8118460112601 1516.7576056878897 311.22602749278303 3568.5563392296317 4481.5541435255145 1492.393742259359 383.66158018790884 369.03026523820881 154.22363275043608 498.62829034720198 350.9290953239688 1479.0144426427869 108.63860735649359 731.03736809485417 618.72815944575996 1744.8296717207413 4428.5984554686002 56834.250886795635
leaf_count=51158 197268 7797599 546528 111651 53309 279727 102435 694265 112380 42135 153594 1882714 475020 545244 22104 1041671 61562 189263 228162 29303 13481 915017 19310 8529 371530 1169295 18285 7218 6945 4350 3206 2113 10193 188729 7099 19795 9883 21776 1247 366610 1036210 22324 18873 638079 35646 28744 37496 173478 78323 26549 25536 50042 62258 391414 674878 239048 16748 9510 9435 18686 143027 1269537
internal_value=-0.000174453 -0.0475671 0.000417003 0.000688984 -0.0332535 0.00103431 0.0237377 0.000538358 0.016455 0.0381665 -0.0116286 -0.000151892 -0.00227053 0.0008722 -0.0108523 -0.00759492 -0.00110169 -9.99373e-05 0.00495963 -0.0489661 -0.0701609 0.0368516 0.0240278 -0.0182603 0.00601478 -0.00605174 0.0352676 -0.0404585 -0.0069806 -0.0191598 -0.00761986 0.0230464 0.065731 -0.00244264 0.0238982 0.0329486 -0.0056412 -0.000463435 -0.0235238 -0.00266969 -0.0208495 -0.0912131 0.00451002 -0.0186113 -0.00448492 -0.0152746 -0.0450242 0.010049 -0.00498405 -0.0619722 -0.033719 0.0136673 -0.000604914 0.035129 -0.0562547 0.0619424 0.0172194 -0.00692981 -0.0199378 0.0251763 -0.0399689 0.00750263
internal_weight=256167 3157.54 253010 251504 2533.02 248971 5322.51 243649 10127 5711.48 4415.54 233522 173808 127219 46589 42920.8 120602 117009 67427.3 3668.19 2529.38 6616.45 4995.39 22783.3 59713.9 14962.1 1051.19 659.754 49581.4 13459.1 8657.83 2580.71 1064.67 36122.3 3911.35 3613.78 32210.9 24978.6 7232.36 24106.2 21732.1 409.114 3540.6 20885.4 7384.62 6069.81 1505.34 44751.8 8050.11 1564.37 3593.62 752.692 1072.06 652.852 419.21 1781.91 419.865 1516.04 1349.77 3377.3 4801.3 60467.1
internal_count=22787544 8977307 13810237 13209465 164960 13044505 557624 12486881 587836 321862 265974 11899045 8223705 4657388 3566317 3501429 3148275 2597677 1559261 64888 35585 1509113 594096 2807164 3675340 1540825 26814 48852 1038416 371097 223720 34457 13399 667319 52525 45580 614794 398269 216525 388386 2780350 29542 121308 1738679 702469 666823 600772 2134515 251801 27796 550598 75578 1179708 453672 726036 436316 54244 21058 18945 38481 147377 1331099
is_linear=0
shrinkage=0.1


Tree=73
num_leaves=63
num_cat=0
split_feature=7 8 0 25 3 8 11 20 11 9 4 11 26 9 9 9 9 11 26 9 10 26 9 33 7 9 18 13 28 7 13 27 7 26 9 25 0 33 7 7 0 9 20 12 17 10 7 8 28 25 26 7 17 28 7 8 0 16 9 8 13 34
split_gain=633.158 344.634 253.362 579.663 417.696 257.321 376.688 306.671 551.658 964.859 742.338 541.154 513.755 699.314 415.017 382.567 323.456 431.508 593.042 449.943 401.846 527.74 362.936 355.87 476.467 359.571 320.516 313.509 299.328 380.241 292.447 297.363 325.9 291.822 345.18 277.922 290.482 277.728 643.076 519.78 1024.4 264.251 263.404 511.119 367.514 345.117 439.795 365.674 293.995 254.995 248.363 347.761 244.559 243.722 241.112 222.437 221.467 219.681 219.431 216.936 216.338 214.562
threshold=42.674797058105476 25.078616142272953 6.9366478919982919 3.5000000000000004 10.62030076980591 98.421009063720717 1.5000000000000002 0.95876392722129833 1.5000000000000002 0.89898991584777843 0.99772727489471447 1.5000000000000002 1.5000000000000002 0.23611111193895343 0.58571431040763866 0.29285715520381933 0.61250001192092907 1.0000000180025095e-35 4.5000000000000009 0.81666666269302379 1.5000000000000002 2.5000000000000004 0.087121214717626586 0.22261640429496768 97.613353729248061 0.52777779102325451 1.0000000180025095e-35 1.0000000180025095e-35 181.50000000000003 72.787475585937514 1.0000000180025095e-35 1.5000000000000002 56.152366638183601 2.5000000000000004 0.17424242943525317 2.5000000000000004 49.151567459106452 0.84198424220085155 52.198066711425788 48.397369384765632 74.862636566162124 0.23611111193895343 0.77882501482963573 1.0000000180025095e-35 1.0000000180025095e-35 1.5000000000000002 71.480709075927749 61.024906158447273 125.50000000000001 1.5000000000000002 1.0000000180025095e-35 96.67456436157228 1.0000000180025095e-35 36.500000000000007 71.480709075927749 96.788921356201186 83.239700317382827 1.0000000180025095e-35 0.43650794029235845 58.550062179565437 1.0000000180025095e-35 0.31708203256130224
decision_type=8 10 2 2 2 10 2 2 2 8 2 2 2 10 10 10 10 2 2 10 2 2 10 2 10 8 8 2 2 10 2 2 8 2 10 2 2 2 10 10 2 10 2 2 2 2 10 10 2 2 2 8 2 2 10 10 2 8 10 10 2 2
left_child=1 60 3 4 53 7 -7 11 9 55 26 16 13 -13 33 -10 20 27 -19 -20 21 23 30 50 25 28 -11 42 35 -30 -23 32 37 34 -14 36 54 -32 39 40 -39 -24 45 -44 -45 47 -47 48 -18 -49 51 -4 -28 -2 -25 -9 -27 -52 -22 -48 -1 -38
right_child=2 -3 5 -5 -6 6 -8 8 15 10 -12 12 14 -15 -16 -17 17 18 19 -21 58 22 41 24 -26 56 52 -29 29 -31 31 -33 -34 -35 -36 -37 61 38 -40 -41 -42 -43 43 44 -46 46 59 49 -50 -51 57 -53 -54 -55 -56 -57 -58 -59 -60 -61 -62 -63
leaf_value=-0.00029212013514685794 -0.068383030549405574 -0.057843687572696437 0.051647796047634392 -0.10288574463848639 -0.083020033909023294 0.013319763817564171 0.19894641252999656 -0.025977860817108806 -0.014321958105978992 0.01421205449297437 0.080868037406237436 -0.011677796619918841 -0.063022624341804168 0.076408642408972688 0.07801091083887457 0.067171370173783468 -0.013568008198189716 0.046124374695326986 -0.089253553457723789 0.049595930816773687 0.04039337095605873 -0.019083811360937897 0.10405118547913719 -0.060350519500046843 0.036614104260596816 -0.055688387035989412 -0.09269467469972914 0.061980358435740013 -0.058977295577930036 -0.0070909967440960413 0.29332124070131088 0.015072890991648652 0.096843740274069223 -0.069263103602378778 -0.0055017733273604787 -0.0066184741732304934 -0.030790968745240305 1.0511890589157962 0.6998713319448977 2.5475308291027194 15.895347495440312 0.035809813290765657 -0.099846170968884221 -0.13213452255253769 0.0010188075654547696 0.12879463408697653 0.059878422532163036 0.057812334695212277 -0.099804847671607716 -0.0015768085009253753 -0.016226542690903397 -0.012386652295690991 -0.0079393442513444636 0.030837478174597938 -0.0049164366087656505 -0.069545331833590393 0.0048342331976570065 0.0091160612954787126 -0.027160699324372407 0.0028629635387995419 0.17884381657797399 0.0087044572671059577
leaf_weight=240.70818947337102 288.74095689154638 2657.5698249017296 2844.0247583007731 771.90697697173164 530.14479487588687 12090.120909523859 110.31801390997134 14663.511274067117 893.47720198561728 8349.0169789501815 1131.8180847305339 5300.1201907413051 1617.2816863677726 1085.9257853352174 307.64567103461013 1621.4642623654508 2493.9696027841128 6215.0516927539429 620.63335965157603 374.03500060382066 520.43665771564702 2342.6719039322779 662.43169670811039 1136.0843625645066 3079.5170594723022 2060.1696773575968 347.41219619961339 916.22388104506535 2008.5068348268251 4758.7615775506711 2.9201552260637973 2351.9141413038742 414.84784649487119 2356.3999374104897 2939.3977898089215 40450.355080189649 1425.8328774547554 0.086859325005207544 1.4381718569202346 0.37738403567345813 0.10002751588763203 3957.1221913841437 633.28170288429828 216.4386658888252 4901.8728817834635 458.32970774752903 1042.3006641777756 1207.3175715273828 469.79220954567427 1802.1034492472536 3822.0173312545812 1208.497636333399 16982.684872868849 1736.0750208986137 2536.3243368174299 1273.6663169781677 855.74836869217688 32559.852371520377 6318.7761040080513 1855.0389568010578 93.644055002136156 38959.286723663201
leaf_count=478505 22726 8380393 47599 61153 19394 573026 871 341848 78248 256064 792145 754788 494687 53326 4314 41894 565058 111888 9445 4631 24008 225945 36690 875576 108353 75975 9628 286905 328828 139522 78 43131 8528 436362 129119 1983145 136041 140 60 76 92 174371 21097 7882 246411 31988 27536 38568 93496 170912 66992 20326 540192 27262 502938 15027 13354 1579059 116505 68543 120082 967981
internal_value=-7.37924e-05 -0.0458054 0.000469421 -0.0269442 -0.00400063 0.000836348 0.0149982 0.000105322 -0.0072959 -0.00997364 0.00160942 0.00185842 -0.0173611 0.00330101 -0.0356348 0.0382194 0.00333188 0.0143391 0.0346508 -0.0370406 0.00167619 0.00277538 0.0252781 0.00118474 -0.00209286 -0.00335836 -0.00188394 0.00518454 -0.00225403 -0.0224907 0.00692643 0.0289107 0.106442 -0.0406923 -0.0259174 -0.000633502 0.00486146 0.91532 1.82238 4.68334 8.99623 0.0455954 0.00173387 -0.0150977 -0.00461186 0.0121112 0.0377727 -0.00230521 -0.0272376 0.0222489 0.00906945 0.0325522 -0.00963841 0.0166885 -0.0220653 -0.0294597 -0.0379265 0.00645375 -0.0220201 0.0233739 0.0498796 0.00731004
internal_weight=254874 2991.92 251882 3326.87 2554.96 248555 12200.4 236354 45263.1 42748.1 26810.9 191091 13606.8 6386.05 7220.73 2514.94 177484 23206.4 7209.72 994.668 154278 147439 9733.91 137705 97270.6 94191.1 25679.1 15996.7 91275.2 6767.27 5114.36 2771.68 419.77 6913.08 4556.68 84507.9 44057.5 4.9226 2.00244 0.564271 0.186887 4619.55 15080.4 5751.59 5118.31 9328.85 3355.67 5973.18 2963.76 3009.42 40434.4 4052.52 17330.1 2024.82 3672.41 15937.2 2915.92 36381.9 6839.21 2897.34 334.352 40385.1
internal_count=22790727 8978980 13811747 130535 69382 13681212 573897 13107315 2075046 1954904 1598029 11032269 1872596 808114 1064482 120142 9159673 1684360 125964 14076 7475313 7334800 489111 6845689 5131713 5023360 805884 1558396 4934031 468350 278050 52105 8974 1060168 623806 4465681 2482536 446 368 308 232 211061 1271491 275390 254293 996101 128067 868034 658554 209480 1713976 67925 549820 49988 1378514 356875 89329 1646051 140513 96079 598587 1104022
is_linear=0
shrinkage=0.1


Tree=74
num_leaves=63
num_cat=0
split_feature=7 9 17 4 3 3 0 1 25 3 3 27 0 25 3 4 25 3 22 1 25 3 19 0 19 25 34 28 35 9 35 30 27 8 16 7 21 28 7 3 18 34 1 35 1 0 19 30 16 34 6 20 33 21 0 27 25 27 0 31 7 11
split_gain=571.609 574.996 305.358 342.877 253.984 503.567 1017.17 812.582 631.69 501.749 377.176 366.033 355.434 441.063 349.159 585.611 456.936 1328.14 559.859 430.578 412.141 546.526 480.746 407.506 406.775 406.246 340.417 331.056 413.594 426.053 388.578 386.167 350.368 556.456 441.327 408.127 398.839 308.202 304.856 300.585 298.079 308.14 292.724 288.029 276.955 273.566 273.006 323.155 295.987 270.967 315.469 250.578 272.777 249.644 272.714 248.423 245.336 268.231 294.889 244.029 243.908 277.226
threshold=47.774400711059577 0.095454547554254546 1.0000000180025095e-35 0.86668497323989879 1.0000000180025095e-35 8.081632614135744 8.5867896080017108 8.8562092781066912 3.5000000000000004 9.600614547729494 33.06010818481446 31.500000000000004 5.5946791172027597 2.5000000000000004 18.393234252929691 0.4722782969474793 1.5000000000000002 49.56140327453614 1.0000000180025095e-35 82.637680053710952 1.5000000000000002 48.074073791503913 1.0000000180025095e-35 26.158231735229496 0.5591435730457307 3.5000000000000004 0.91297909617424022 1.5000000000000002 1.5000000000000002 0.89898991584777843 2.5000000000000004 11.500000000000002 3.5000000000000004 73.92334365844728 2.5000000000000004 75.06613922119142 1.0000000180025095e-35 3.5000000000000004 63.847667694091804 10.62030076980591 1.0000000180025095e-35 1.2246400713920595 8.1912217140197772 3.5000000000000004 99.473682403564467 14.415584564208986 0.18791647255420688 2.5000000000000004 2.5000000000000004 0.37354688346385961 1.0000000180025095e-35 0.97196012735366832 1.0000000180025095e-35 1.0000000180025095e-35 18.808961868286136 1.5000000000000002 4.5000000000000009 161.00000000000003 8.9719939231872576 0.6177249848842622 92.872085571289077 1.0000000180025095e-35
decision_type=8 8 2 2 2 2 2 2 2 2 2 2 2 2 2 2 2 2 2 2 2 2 2 2 2 2 2 2 2 8 2 2 2 10 10 8 2 2 8 2 8 2 2 2 2 2 2 2 8 2 2 2 2 2 2 2 2 2 2 2 8 2
left_child=1 -1 53 -4 56 7 8 11 10 42 12 -6 -7 -14 25 20 49 26 19 24 21 23 -22 60 -19 -8 -18 30 29 40 -21 32 33 38 37 36 -34 -35 55 -15 -29 -42 -10 -39 -37 -27 -32 48 -48 50 -17 52 -43 54 -3 -30 57 -2 -59 -45 -16 -62
right_child=4 2 3 -5 5 6 14 -9 9 -11 -12 -13 13 39 15 16 17 18 -20 27 22 -23 -24 -25 -26 45 -28 28 31 -31 46 -33 35 34 -36 44 -38 43 -40 -41 41 51 -44 59 -46 -47 47 -49 -50 -51 -52 -53 -54 -55 -56 -57 -58 58 -60 -61 61 -63
leaf_value=-0.075664971714943283 -0.067560401512276505 0.22569353804957434 -0.092975831963871214 0.33601389066649917 -0.082932010687305963 -0.076880027982295013 0.043217030327866189 -0.061077515702676603 -0.072955424656592896 -0.11503684800145329 -0.16043867001927914 0.059735565482913228 0.054161206279911389 0.00010305771658112784 0.037792690739337567 0.094903195462220452 -0.092158948217171327 -0.01061898122978655 0.070878141854538695 -0.030199684032320984 -0.062469428882455394 -0.069459343026817708 0.060510572290999022 -0.036491977689092674 -0.068850357589636424 0.0052645880379246571 -0.021376525992114637 -0.013732854146295959 0.084673420873431271 0.067387965925089555 -0.036498561663691219 0.013680252130894048 -0.084418861245624838 -0.027242282052180201 0.01148949307450998 -0.027856761716441643 -0.017861420723485701 0.016535088442392328 0.0094928897998624411 -0.09841953418122168 -0.024842110014193373 0.083342955439088026 0.013912403353375414 -0.042328501236420957 -0.0011622248986357768 0.075105797795840978 -0.0003108007496691433 0.036581334756893624 -0.11863020838715198 0.013171535270723428 -0.046439590459379988 -0.0043464585659504602 0.025465498203943143 0.036388707203817393 -0.081975173894716868 0.0058922775719124259 -0.1318378150695407 -0.065186077639861881 0.024473022519520712 0.0032861522807273898 -0.011168415908829122 0.062245430756384106
leaf_weight=1995.7003445082155 842.7925417770457 31.480693666948355 436.9410861661745 19.461211840098258 189.28755003522383 560.75025222748809 3651.1688622699294 753.74985693677445 846.83193228759046 1436.6522710673744 160.78197925261338 3600.3644598166284 1282.7250417504401 1291.2504040827916 2256.5302702666231 178.87877388724883 1924.9187255676079 16588.802247251209 1115.0787544832856 6712.8995007453923 3085.3374591975444 1355.9629793590284 354.37791428834316 2473.3650557222427 1293.123006832262 20910.588497313875 1050.1246432400949 3544.0293209365336 1009.7073655044533 1520.3854499309091 1207.6903929854452 18892.030981355376 1373.9487947347516 10768.587089299634 8437.8381308903918 4821.0244591558585 2611.858420067816 4299.2435377371712 27901.049530996301 407.36128734564409 1467.0100073052745 889.96418121899478 715.82522840605816 2322.7053401750745 20051.084346649237 576.2957714899967 1196.002518722642 2891.7758953871671 256.82853772427188 35223.138570139927 1347.080497894669 2591.380982862669 9578.9357103510993 1399.3182817015331 339.57086542184697 663.1483550791454 214.45843993817107 501.47134891248425 1366.3110128992994 2369.0563234147849 4174.3699871767312 586.66191698866896
leaf_count=9472054 56358 7125 885189 466 21559 21424 76478 14240 41386 67360 5365 50155 20784 29135 112265 20326 2540716 1049658 15677 193886 1499737 60523 28846 171791 58104 346506 273070 64092 31847 971978 17513 455891 115426 225642 234110 108807 183064 96851 434255 13636 31867 23209 14518 43184 289011 8491 24863 61729 4548 1226805 116946 47379 141496 367581 112134 52115 9207 7383 21715 53084 27815 11373
internal_value=-0.00019934 -0.0366852 -0.0017504 -0.0746835 0.000417657 0.000764887 0.000146212 0.0337489 -0.0382684 -0.07238 -0.0106381 0.0526095 -0.00383836 0.00989982 0.00123935 -9.15633e-05 0.00133248 -0.000985647 0.000273595 -0.000233488 -0.0196381 -0.0100735 -0.0497994 -0.00158907 -0.01483 0.0123781 -0.0671743 0.00166647 0.00320349 0.016547 -0.0140121 0.000726051 -0.00209899 0.00239577 -0.00765522 -0.0110972 -0.0408045 -0.0158305 0.011979 -0.0235246 0.0122696 0.0186131 -0.0331628 -0.00216252 -0.0063365 0.00713779 0.00555927 0.0172503 -0.0212271 0.0113843 -0.0298708 0.0234942 0.0303857 0.0170518 -0.055872 0.0534432 -0.0288764 -0.0207301 0.000400909 -0.0192959 0.0107126 -0.00212225
internal_weight=253917 4222.47 2226.77 456.402 249695 246770 242226 4543.4 6702.18 2999.31 3702.87 3789.65 3542.09 2981.34 235524 210386 196099 159350 156375 155260 14286.6 10846.9 3439.72 9490.93 17881.9 25138.1 2975.04 137378 125113 19591.7 12265.2 105521 86629.3 57771.3 28197.4 28857.9 3985.81 19759.6 29573.9 1698.61 18071.3 14527.3 1562.66 8991.01 24872.1 21486.9 5552.3 4344.61 1452.83 36749.1 1525.96 13060.3 10468.9 1770.37 371.052 1672.86 2925.03 2710.57 1867.78 4691.76 7017.56 4761.03
internal_count=22789748 10844549 1372495 885655 11945199 11850536 11764582 85954 213608 123264 90344 71714 84979 63555 11550974 11119499 9207149 7843072 5029286 5013609 1912350 383767 1528583 323244 1107762 431475 2813786 3905847 3603308 1280021 302539 2323287 1867396 1171088 652871 696308 298490 418761 518217 42771 308043 243951 55904 193119 397818 354997 108653 91140 29411 1364077 137272 212084 164705 486840 119259 83962 94663 85456 29098 96268 151453 39188
is_linear=0
shrinkage=0.1


Tree=75
num_leaves=63
num_cat=0
split_feature=7 9 18 19 25 11 28 9 34 32 8 20 1 3 8 11 20 11 9 6 32 18 4 11 26 9 35 25 8 27 11 9 11 28 3 24 6 2 1 8 18 32 34 27 16 25 1 9 33 34 30 25 26 11 8 34 7 20 1 22 3 21
split_gain=494.404 522.852 272.409 263.796 234.627 302.1 218.839 260.392 217.985 213.344 207.311 200.456 192.649 284.685 197.948 305.694 263.56 424.949 701.674 642.168 397.442 711.283 2164.62 473.167 434.231 443.064 388.158 345.642 384.079 325.768 323.519 301.074 290.412 282.901 261.816 649.85 629.832 482.898 748.562 245.216 243.827 238.111 517.996 232.569 440.534 355.602 429.416 225.693 207.586 202.923 198.225 194.326 188.652 455.933 186.446 184.814 184.723 256.856 221.169 578.751 516.635 312.541
threshold=47.774400711059577 0.15476191043853763 inf 0.14397803694009784 5.5000000000000009 1.0000000180025095e-35 110.50000000000001 0.41428571939468389 1.2246400713920595 17.500000000000004 76.720943450927749 0.11798351630568506 5.0316455364227304 7.8461537361145028 98.421009063720717 1.5000000000000002 0.95876392722129833 1.5000000000000002 0.89898991584777843 1.0000000180025095e-35 2.5000000000000004 1.5000000000000002 0.76092615723609935 1.5000000000000002 1.5000000000000002 0.23611111193895343 2.5000000000000004 1.5000000000000002 48.107236862182624 41.500000000000007 1.0000000180025095e-35 0.29285715520381933 1.0000000180025095e-35 114.50000000000001 99.333332061767592 2.5000000000000004 1.0000000180025095e-35 47.140522003173835 66.274509429931655 80.08438873291017 1.0000000180025095e-35 10.500000000000002 0.65730369091033947 37.500000000000007 4.5000000000000009 4.5000000000000009 66.274509429931655 0.41428571939468389 0.50330621004104625 0.37354688346385961 6.5000000000000009 2.5000000000000004 3.5000000000000004 1.0000000180025095e-35 96.788921356201186 1.1664848327636721 98.270881652832045 0.85054129362106334 77.849929809570327 1.0000000180025095e-35 56.635221481323249 1.0000000180025095e-35
decision_type=8 8 8 2 2 2 2 10 2 2 8 2 2 2 10 2 2 2 8 2 2 10 2 2 2 10 2 2 8 2 2 10 2 2 2 2 2 2 2 10 8 2 2 2 8 2 2 8 2 2 2 2 2 2 10 2 10 2 2 2 2 2
left_child=1 8 3 -3 9 -6 7 11 -1 12 -11 -4 13 -2 16 -16 20 18 52 40 21 26 32 27 25 -25 -14 29 33 34 -24 -19 -23 43 36 37 41 -36 -39 -34 -20 47 -43 44 51 46 -46 -22 -31 -40 -48 -29 54 -54 -18 -45 58 -58 59 60 -30 -61
right_child=4 2 6 -5 5 -7 -8 -9 -10 10 -12 -13 14 -15 15 -17 17 31 19 -21 23 22 30 24 -26 -27 -28 28 56 48 -32 -33 39 -35 35 -37 -38 38 49 -41 -42 42 -44 55 45 -47 50 -49 -50 -51 -52 -53 53 -55 -56 -57 57 -59 -60 61 -62 -63
leaf_value=-0.078781207446075516 0.015004623355470106 -0.090909447158898288 -0.050661127468842028 0.30681291191365767 0.022319912807228202 -0.069455010575001683 -0.067428715990233076 0.069310491348224798 0.16152946064217233 -0.072139002828253515 -0.00024924766959574904 0.062772236679156379 -0.0092389633820448534 -0.096057615244357228 0.011965228281370113 0.18212794034277463 -0.018310227403862643 -0.012569016931580832 0.010819137611585065 0.050850412914775781 -0.0041009847126681539 -0.039236739256268055 0.03870471754467561 -0.011829588374532614 -0.039226238687277405 0.067644356135767567 0.018223504997915106 0.054175358479486707 -0.086273864957810878 0.0021676151671275348 0.12081262277616799 0.060013716943617207 -0.015445225563007231 -0.034192081294468955 0.084005021685348069 -0.12545787738597089 0.11505685431419606 -0.07171870531034702 -0.03687776719087623 0.073258675553520988 -0.0106436625423986 0.10662670740571874 -0.057537119858229825 0.030602138252869927 -0.068763694424233732 0.062397719029328003 -0.033029432570298188 0.033153976279149212 -0.045296500704144586 0.022507477155899916 0.020760591036806574 0.0085176573492230529 -0.17992681309476988 -0.035187165703176433 -0.059964499019341658 0.095294342473018614 0.033032260719528514 -0.010821452435123023 -0.0013443685017925479 -0.015387324131170166 -0.019914620351787458 0.017889576118299211
leaf_weight=1825.0724354425583 429.637718538841 401.4239534761 480.66683308791835 17.399478895356879 546.15275994538388 1044.8846932802844 271.38581629720284 798.2969437839929 38.543933949171333 792.90011516030063 811.85491760651348 230.49582063037087 10393.382102263058 498.69163396835211 11970.701142716687 106.51355472631985 12991.581899749159 895.48384156996326 7768.5180311328149 2357.6521890887525 3031.5240910238645 1896.0354539940454 600.99531242181547 4506.739274050211 5655.017831377525 830.79888826876413 10195.351756647826 2216.7215918126312 1702.2951262208953 3526.5914911150758 2381.1559314178885 1579.5219713750703 728.30382722073409 1074.4000310245319 864.32586795260431 352.62631246587262 823.60819457581965 1090.7947241319052 631.39663497748552 544.75144056457793 16610.980387937074 799.07098298074561 253.08463934710016 3883.7968889182812 1289.1103072577243 586.88890667627857 1098.0524570043199 3507.5586279329436 1247.3555062902451 6488.6639830801287 1821.712513044331 1608.6669811118609 256.28890699648764 1442.9426595997356 1171.4631818449416 498.25570589985 3319.8169575188076 2234.6072862838919 90326.411486992874 6550.0853169220209 3774.8693358959717 4959.421019310772
leaf_count=9502453 12420 882362 225889 859 49257 58250 57642 115190 10091 73380 18836 52929 266705 38892 555719 857 311924 77374 169929 992900 323131 186275 62664 497058 749113 35442 326797 71173 2323041 138491 34985 41578 103205 133056 24011 31985 45714 50273 26794 26315 422822 35437 4013 144240 706665 30935 73447 126282 68696 111570 61152 52846 4650 20735 13936 12068 171393 78253 1473925 121133 265750 84807
internal_value=-0.000238751 -0.0348392 -0.00182122 -0.0743866 0.000326849 -0.0379516 0.0152449 0.0301088 -0.073811 0.000573439 -0.0357696 -0.0138961 0.000811123 -0.0446572 0.000983798 0.013466 0.000335045 -0.00653007 -0.00887047 0.00101486 0.00198721 0.0132749 0.0431132 0.000107268 -0.019917 0.000540696 0.0043602 0.00157902 -0.000450101 0.0129683 0.104265 0.0337525 -0.0144317 0.0151247 0.0191763 0.00773208 0.0319982 0.0129073 0.00542313 0.0225119 -0.00380455 0.0229867 0.0671389 0.0191995 0.00966484 -0.0105242 -0.0206925 0.0158825 -0.010234 0.0172413 0.000531474 0.0349752 -0.025533 -0.0570177 -0.0217556 0.0379579 -0.0023927 0.0153894 -0.00331308 -0.0137817 -0.040539 -0.00104838
internal_weight=252633 4063.29 2199.67 418.823 248570 1591.04 1780.85 1509.46 1863.62 246979 1604.76 711.163 245374 928.329 244446 12077.2 232369 45074.4 42599.4 26737.2 187294 26740 6151.24 160554 10992.6 5337.54 20588.7 149562 126945 22616.6 2982.15 2475.01 3169.09 14077.6 17842.7 9427.81 8414.85 9075.18 8210.86 1273.06 24379.5 7591.24 1052.16 13003.2 8621.15 4795.76 4208.88 6539.08 4773.95 7120.06 2919.76 3825.39 15862.3 1699.23 14163 4382.05 112868 5554.42 107313 16986.7 5477.16 11509.5
internal_count=22789714 10847415 1334871 883221 11942299 107507 451650 394008 9512544 11834792 92216 278818 11742576 51312 11691264 556576 11134688 2055848 1936896 1585651 9078840 1006946 413444 8071894 1281613 532500 593502 6790281 5803884 986397 97649 118952 315795 1285582 779210 244633 534577 212648 188637 129520 592751 488863 39450 1152526 996218 872199 841264 449413 207187 138364 134599 124019 351245 25385 325860 156308 4518302 249646 4268656 2794731 2588791 205940
is_linear=0
shrinkage=0.1


Tree=76
num_leaves=63
num_cat=0
split_feature=7 9 8 29 7 30 19 12 19 13 2 19 28 25 32 6 3 7 20 20 11 32 29 35 8 25 28 8 4 1 2 9 11 10 29 22 29 34 25 28 29 3 1 31 0 1 0 28 11 35 27 19 34 34 33 8 1 30 9 19 28 0
split_gain=418.661 372.253 224.343 210.231 268.337 255.668 341.255 729.29 641.755 355.239 322.573 361.446 324.43 315.226 296.711 446.057 600.025 364.307 347.562 288.631 352.056 297.335 529.028 357.442 276.229 267.879 360.468 319.844 394.922 265.91 597.068 255.745 267.91 446.741 249.157 243.302 243.215 241.115 229.889 417.613 375.648 256.725 225.889 291.312 402.473 341.427 310.618 278.711 379.365 346.154 357.916 231.032 219.291 244.902 333.929 228.448 294.788 212.452 206.114 203.795 200.408 378.522
threshold=45.954339981079109 0.095454547554254546 32.698354721069343 28.500000000000004 76.96728897094728 13.500000000000002 0.20187155157327655 1.0000000180025095e-35 0.16927243024110797 1.0000000180025095e-35 83.047893524169936 0.18791647255420688 6.5000000000000009 2.5000000000000004 10.500000000000002 1.0000000180025095e-35 97.825057983398452 61.916847229003913 0.70943474769592296 0.95876392722129833 1.5000000000000002 2.5000000000000004 17.500000000000004 2.5000000000000004 20.42305946350098 2.5000000000000004 94.500000000000014 45.954339981079109 0.95007002353668224 29.679679870605472 29.925373077392582 inf 1.0000000180025095e-35 1.5000000000000002 21.500000000000004 1.0000000180025095e-35 12.500000000000002 0.99999985098838817 1.5000000000000002 5.5000000000000009 19.500000000000004 52.277431488037116 84.028984069824233 0.55973234772682201 93.563182830810561 98.529094696044936 87.841831207275405 3.5000000000000004 1.0000000180025095e-35 3.5000000000000004 1.5000000000000002 0.47185344994068151 0.37354688346385961 0.99999985098838817 0.52076691389083873 66.526607513427749 85.215545654296889 8.5000000000000018 0.095454547554254546 0.41456390917301184 20.500000000000004 87.841831207275405
decision_type=8 8 10 2 8 2 2 2 2 2 2 2 2 2 2 2 2 10 2 2 2 2 2 2 10 2 2 8 2 2 2 8 2 2 2 2 2 2 2 2 2 2 2 2 2 2 2 2 2 2 2 2 2 2 2 8 2 2 10 2 2 2
left_child=1 -1 -3 5 37 6 8 19 14 13 -10 12 -12 -9 15 17 -17 -2 24 21 31 22 36 -24 -16 26 27 28 58 -19 35 32 33 -21 -18 -31 -8 -5 40 -40 -32 -41 -27 45 -45 46 -44 48 -47 50 -49 -48 57 54 -54 -56 59 -29 -23 -57 -7 -62
right_child=3 2 -4 4 -6 60 7 9 10 -11 11 -13 -14 -15 18 16 34 29 -20 20 -22 25 23 -25 -26 42 -28 52 -30 30 38 -33 -34 -35 -36 -37 -38 -39 39 41 -42 -43 43 44 -46 47 51 49 -50 -51 -52 -53 53 -55 55 56 -58 -59 -60 -61 61 -63
leaf_value=-0.072227831965706646 -0.071378008263122669 0.034628117846227727 -0.034914827521284511 -0.00082754853558931465 -0.0041440151275362871 -0.0003946470708232118 -0.055487242398938791 0.043958325715031686 -0.014603229131858958 0.079199745146147763 -0.11155845752720968 -0.014326257462614284 0.015274945740012372 -0.0038645809215750804 -0.047501529992352021 0.14020167126942326 -0.020489263361927912 -0.0011489301002390888 -0.055282326844763356 -0.017617850713402248 0.036005437461495746 -0.049257166681238945 -0.0010387074175791189 0.048043896254156046 0.030709294009557599 -0.03613677668615544 -0.015336861515416739 -0.043372297394594306 0.052367287779117415 -0.067053734052588645 0.041682550429361406 0.067364737816168516 -0.020716867166851755 -0.20147106892131439 0.052569896124127047 0.016244196061221551 0.071022442519962745 -0.054130138584504231 -0.03171860198743516 -0.072205102068233037 -0.017003220807533848 0.021737270598464579 -0.0064776486031177145 0.0064133603425349257 0.083392653171994818 0.037327175389656103 0.024253836877781335 0.059497215087669801 -0.023594086878248419 -0.0089677634004330514 0.0089561949261732898 -0.058045128552154615 0.054818113585016703 0.0041137630208570126 -0.03323376470227097 0.023854878274554688 -0.0053571309444336622 0.043584633616920526 0.029568759633954108 0.11057041839982813 0.012972596735929069 0.081554563953353143
leaf_weight=1501.6534617541474 881.33332002034876 801.30684857579763 1101.6101768366643 1379.5096497679187 22323.729222246271 12240.157334404328 164.21501137615996 3143.3812926320243 2444.3237425792031 1406.836095903418 1406.3012987942784 893.29253297077958 235.44003998104017 2454.6400313503691 492.26229673414491 454.1125259839464 1044.047256985039 32030.039212309741 605.37932641802763 321.75201874086633 1181.9932572783437 707.08414060001087 8468.3614735486335 1798.894834923849 5464.275412683608 2246.3579789312207 7332.0986216066376 1542.6635133696254 3253.3288459844771 2704.2221781510016 2101.9983668790228 308.07780442829244 7915.0754038326559 224.29698330885731 844.26298263520584 402.89560478349449 2037.0313446138171 2205.3242513389851 6210.711476632423 322.80663647735491 2267.1470726948464 2943.2229798090702 3512.0510713998301 6932.4746240884415 752.95410208799876 1167.0533738267422 384.22822447869112 1809.1932243349729 8233.1888098525069 8082.1986017473246 6213.0242389712366 3038.9595815873108 2405.8044958208047 35038.237371103096 1023.0748490900005 614.91662391438149 1579.8681647530757 343.53247102482419 624.86540044049616 484.60500247549498 18543.300095550658 841.28046261289273
leaf_count=9069913 1160578 315916 898155 301663 638687 1043055 3139 462815 56240 984544 14452 14437 4043 208145 7229 26545 29335 1157125 16789 25355 28406 153736 161859 30647 319016 240154 231952 129817 152858 705835 53065 40457 102944 4837 28867 7959 48352 242639 837197 294984 52607 85870 87323 132302 10109 43458 4013 29992 106996 126294 85491 69983 34071 517384 67447 22793 10802 16406 16072 13586 973291 30523
internal_value=-0.0001758 -0.0350047 -0.00563071 0.000302281 -0.00822222 0.0012966 -8.57475e-05 0.00291593 -0.0060538 0.034278 -0.0405235 -0.0655163 -0.0933694 0.0229888 -0.00313325 -0.00565235 0.0369952 -0.00765576 0.0169088 0.00108125 -0.0152265 0.00255936 0.0170985 0.00756091 0.0242458 0.000696656 0.00530365 0.00848183 0.0335891 -0.00650922 -0.0166367 -0.022132 -0.0253907 -0.093138 0.0121755 -0.0562526 0.0615847 -0.0336183 -0.00774655 -0.0164957 0.0112305 0.0124522 -0.00527797 -0.00355038 0.0139551 -0.00769767 -0.0273715 -0.00234796 -0.0160306 0.00563869 0.0203543 -0.0488077 0.00580656 0.00733497 0.0258124 0.00696497 0.0223141 -0.0275349 -0.0122771 0.062074 0.0096233 0.015949
internal_weight=251432 3404.57 1902.92 248028 25908.6 222119 190494 126746 63748.1 7004.86 4979.36 2535.03 1641.74 5598.02 58768.7 52206.8 2342.42 49864.4 6561.92 119741 9951.2 109790 12468.5 10267.3 5956.54 97321.8 54950.1 47618 4585.28 48983 16953 8769.2 8461.12 546.049 1888.31 3107.12 2201.25 3584.83 13845.9 9476.74 4369.15 3266.03 42371.7 40125.3 7685.43 32439.9 6935.24 25504.7 9400.24 16104.4 8022.22 3423.19 43032.7 41146.5 6108.27 3702.46 2679.39 1886.2 1331.95 1099.52 31624.7 19384.6
internal_count=22790554 10283984 1214071 12506570 1182989 11323581 9276712 4404539 4872173 1655504 89172 32932 18495 670960 4783001 4439967 84747 4355220 343034 2749035 201999 2547036 243997 192506 326245 2303039 1366924 1134972 322666 3194642 2037517 173593 133136 30192 58202 713794 51491 544302 1323723 1218051 105672 380854 936115 695961 142411 553550 161319 392231 150454 241777 115483 73996 812306 666083 148699 114628 47181 146223 169808 36379 2046869 1003814
is_linear=0
shrinkage=0.1


Tree=77
num_leaves=63
num_cat=0
split_feature=7 8 7 10 2 3 0 25 0 3 1 25 2 1 2 1 2 25 27 1 12 30 1 12 28 7 2 13 24 25 33 25 35 34 27 2 0 3 0 28 19 25 29 4 1 3 2 1 25 32 25 18 1 25 32 9 28 11 8 27 26 25
split_gain=392.855 382.184 325.421 246.84 208.469 431.228 580.806 555.528 420.454 304.327 267.767 252.968 590.347 550.066 513.215 373.217 271.355 224.822 233.775 226.92 219.918 216.344 331.07 576.764 496.721 374.423 336.341 742.76 573.249 1421.38 1136.21 827.857 309.34 370.796 419.507 307.631 290.034 280.954 239.888 464.991 803.91 501.411 314.313 310.445 296.158 270.441 354.412 369.942 255.393 250.53 244.382 241.231 349.554 386.319 238.066 323.589 316.629 329.764 310.462 297.238 241.935 236.18
threshold=47.229200363159187 28.996570587158207 36.325277328491218 1.5000000000000002 1.0000000180025095e-35 7.8461537361145028 8.2762556076049822 3.5000000000000004 8.5867896080017108 30.602005958557132 5.0316455364227304 2.5000000000000004 4.9390244483947763 7.2508215904235849 6.2019231319427499 6.4866759777069101 8.3920187950134295 4.5000000000000009 161.00000000000003 8.8562092781066912 1.0000000180025095e-35 11.500000000000002 98.529094696044936 1.0000000180025095e-35 122.50000000000001 69.255905151367202 97.999198913574233 1.0000000180025095e-35 2.5000000000000004 3.5000000000000004 0.58613237738609325 3.5000000000000004 4.5000000000000009 1.0415838956832888 1.5000000000000002 70.678733825683608 96.684982299804702 90.366767883300795 88.493064880371108 50.500000000000007 0.20872293412685397 2.5000000000000004 18.500000000000004 0.94287380576133739 99.473682403564467 17.028985023498539 23.940298080444339 28.718704223632816 3.5000000000000004 4.5000000000000009 1.5000000000000002 4.5000000000000009 70.087718963623061 1.5000000000000002 11.500000000000002 0.43650794029235845 3.5000000000000004 1.0000000180025095e-35 58.550062179565437 1.5000000000000002 2.5000000000000004 2.5000000000000004
decision_type=8 10 10 2 2 2 2 2 2 2 2 2 2 2 2 2 2 2 2 2 2 2 2 2 2 10 2 2 2 2 2 2 2 2 2 2 2 2 2 2 2 2 2 2 2 2 2 2 2 2 2 8 2 2 2 8 2 2 10 2 2 2
left_child=1 2 -1 -3 17 8 7 9 -6 10 -7 -12 13 -13 15 -14 -16 18 -2 -20 -17 22 24 26 36 -25 27 28 31 30 -30 -24 54 34 -34 -33 -8 -32 42 40 41 43 49 -40 -41 48 47 50 -44 -23 -47 -48 53 -53 55 56 57 -28 59 -56 -57 -38
right_child=4 3 -4 -5 5 6 21 -9 -10 -11 11 12 14 -15 16 20 -18 -19 19 -21 -22 38 23 25 -26 -27 32 -29 29 -31 37 35 33 -35 -36 -37 61 -39 39 44 -42 -43 45 -45 -46 46 51 -49 -50 -51 -52 52 -54 -55 58 60 -58 -59 -60 -61 -62 -63
leaf_value=-0.0094506931493754318 -0.063363962383357328 -0.055438785221269431 0.13768443482110107 0.11110376716669018 0.056724813945448038 -0.088925386203283149 -0.0039601650562869324 -0.0742757804733893 -0.033487590421576674 -0.15611702090719845 0.038049333276358684 -0.11620129831621953 0.014527894110771183 0.095109597357655604 0.10283907429876277 -0.14024460758114141 -0.12408541701450214 -0.12855860030808591 -0.061850655634339405 0.020209214159032131 -0.31209465888671489 0.040399966817300084 -0.076161176094645303 -0.033474960977291232 -0.051850551027876703 0.073418115925069263 0.058135858867733925 0.057759590081408269 0.1196965334522566 -0.058433260498597775 -0.126772727064109 -0.051604877817702947 0.053907760348160354 -0.036316406051206195 -0.0066201496274164292 0.15659037775617191 -0.10070217748128552 0.0053634388276297797 -0.094438330137769991 0.092192442952075168 0.060051642776777492 0.037910515200667252 0.037382361972456341 -0.019232856003675004 -0.035367960848314534 -0.0021874670280527943 0.0079399951573161931 -0.063210807731549648 0.0062261134865364536 -0.0026722798662716742 -0.045412795153011533 -0.007414298396687594 0.003262380928121741 -0.065470924590563293 0.052424514802043631 0.044439649225455666 0.0059840303776292451 -0.018373765644188661 0.037281353737444525 -0.0017425387496289751 0.0052100703364763778 -0.009053716424620644
leaf_weight=572.1882252841533 818.02074463741155 2735.4076028077106 203.87946959047258 91.987756200702279 2445.8892981252866 316.63105862827797 67164.765858521961 1991.7169606432581 654.98868533238419 132.648150990266 1424.6990593148221 159.95892784924945 128.5163227290177 535.90156163819483 182.25855130111449 318.07697205099976 74.128075493616052 200.57551246642834 441.64746669368469 1421.9966816486267 97.229560239356942 3879.2034966675856 2905.6531292279833 401.82993205281673 2320.3833578534104 1776.0562871854054 596.11035739082763 1216.5669985454879 1144.6536765579949 2722.8849481150974 178.6798219049233 103.51223040523473 1286.2261003874592 3692.6240375178168 10433.067412810226 225.76856296558981 565.89340480155079 1618.3009083839424 786.35115847954876 1228.8618241699878 2055.737795942201 1126.4917795959045 3093.5624986318726 1817.6461693079618 213.65258410925162 6371.3746396922361 22608.987413265044 1638.24416703514 17595.295523217879 2071.5425178376172 1645.8171193645103 2858.4225410754007 8313.6200812650059 1913.3620651643432 1190.7841528250283 3137.7050875595305 27748.432844863375 10247.696218129078 5464.8768944423064 6787.4798300770635 3150.5855000549927 558.89090761935222
leaf_count=1458828 56989 8979734 215027 26310 45912 16081 3579309 105719 12214 4798 24895 5464 3642 7519 5265 13788 4130 9253 6706 22622 1036 154513 97650 17790 135409 1296577 37574 13393 23373 74765 3387 2964 31298 62458 177309 2678 7512 25793 9551 47088 65170 32221 52210 21992 4197 151667 1220795 403314 283789 522765 309939 212295 195704 1557369 28477 240395 341398 76599 59307 121873 46475 16000
internal_value=-0.000177941 -0.0329583 0.0292029 -0.0500204 0.000299898 0.000615311 0.000138979 -0.0324057 0.0376695 -0.00766031 -0.0015775 0.0078916 -0.0208274 0.0465351 -0.0794058 -0.134394 0.0372293 -0.0264369 -0.0187987 0.000762619 -0.180477 0.00087882 -0.001275 0.00289003 -0.00634958 0.0536959 0.00157045 -0.0155285 -0.025547 -0.00636736 0.0418267 -0.0591315 0.0039163 -0.00868378 2.29622e-05 0.0911424 -0.00480352 -0.0077753 0.00513761 0.0225034 0.00983994 -0.0178299 0.00339384 -0.0419433 0.0732993 0.00141033 -0.00291199 -0.0199093 0.0108848 0.0254059 -0.011061 0.00168583 -0.00912013 -0.0306935 0.00724584 0.00374923 0.000321673 -0.0141678 0.0189195 0.00634209 0.0247847 -0.0551632
internal_weight=250806 3603.46 776.068 2827.4 247202 244320 241219 5361.77 3100.88 3370.05 3237.4 2920.77 1496.07 695.86 800.209 543.823 256.387 2882.24 2681.66 1863.64 415.307 235858 156639 86029.5 70609.9 2177.89 83851.6 10116 8899.45 5664.52 2941.63 3234.93 73735.6 15411.9 11719.3 329.281 68289.6 1796.98 79218.2 7228.74 5786.23 3730.49 71989.4 2604 1442.51 66038.7 45349.8 9655.44 20688.9 5950.75 8017.19 35694.4 13085.4 4771.78 58323.7 44880.5 38592.2 10843.8 13443.1 7978.26 6288.29 1124.78
internal_count=22790274 10679899 1673855 9006044 12110375 12014805 11956679 192337 58126 86618 81820 65739 40844 12983 27861 18466 9395 95570 86317 29328 14824 11764342 6519763 2781533 3738230 1314367 1467166 244003 230610 127318 52553 103292 1223163 271065 208607 5642 3602821 29180 5244579 180219 128934 63764 5064360 31543 51285 4387082 4051083 864920 335999 677278 461606 3186163 1965368 1769664 952098 742441 455571 114173 209657 150350 286870 23512
is_linear=0
shrinkage=0.1


Tree=78
num_leaves=63
num_cat=0
split_feature=7 11 11 8 7 20 26 10 9 29 18 11 29 11 34 30 19 25 7 28 10 9 1 0 24 31 27 31 18 34 17 24 3 9 31 20 0 2 0 11 4 27 7 2 25 24 27 16 11 27 16 30 29 8 7 28 27 20 28 8 8 21
split_gain=317.914 262.342 237.043 230.134 479.513 215.159 199.461 300.668 482.808 192.908 422.303 275.209 220.616 380.308 583.165 294.929 327.8 322.036 271.41 614.527 339.02 336.395 335.803 319.084 345.231 313.47 374.136 444.69 310.887 552.466 315.168 301.824 446.566 262.836 256.017 252.221 296.396 338.771 379.15 369.242 305.186 223.518 317.218 223.122 217.475 194.083 189.105 319.461 184.278 182.163 185.697 205.146 180.754 174.125 173.063 170.614 344.29 209.033 170.368 167.416 164.354 162.957
threshold=39.907407760620124 1.0000000180025095e-35 2.5000000000000004 29.860438346862797 54.067844390869148 0.33536016941070562 4.5000000000000009 2.5000000000000004 0.81666666269302379 16.500000000000004 7.5000000000000009 1.0000000180025095e-35 20.500000000000004 1.0000000180025095e-35 1.5130249857902529 13.500000000000002 0.19873649626970294 4.5000000000000009 72.082550048828139 169.50000000000003 1.5000000000000002 0.64583334326744091 77.032970428466811 82.413585662841811 1.5000000000000002 0.82944530248641979 14.500000000000002 0.99999985098838817 2.5000000000000004 0.99999985098838817 1.0000000180025095e-35 1.5000000000000002 79.118217468261733 0.64583334326744091 0.82944530248641979 0.44002275168895727 76.50690078735353 79.743591308593764 89.769756317138686 1.0000000180025095e-35 0.99772727489471447 1.5000000000000002 63.847667694091804 21.778656005859379 2.5000000000000004 2.5000000000000004 1.5000000000000002 6.5000000000000009 1.0000000180025095e-35 2.5000000000000004 5.5000000000000009 6.5000000000000009 25.500000000000004 64.533195495605483 93.767654418945327 3.5000000000000004 1.5000000000000002 0.71280112862586986 4.5000000000000009 63.05327224731446 62.529621124267585 1.0000000180025095e-35
decision_type=8 2 2 8 10 2 2 2 10 2 8 2 2 2 2 2 2 2 10 2 2 10 2 2 2 2 2 2 8 2 2 2 2 10 2 2 2 2 2 2 2 2 8 2 2 2 2 8 2 2 10 2 2 10 10 2 2 2 2 10 10 2
left_child=1 -1 3 4 5 -2 9 -8 -9 10 -5 46 13 14 15 16 17 34 19 20 23 -22 28 59 -25 35 31 -28 -20 52 48 32 -27 55 -11 54 44 38 -38 40 -39 42 -26 -36 45 -37 47 -12 -31 50 -18 -52 -30 -21 -24 -15 57 58 -57 -14 -4 -32
right_child=2 -3 60 6 -6 -7 7 8 -10 12 11 -13 18 33 -16 -17 49 -19 22 53 21 -23 25 24 41 26 27 -29 29 30 61 -33 -34 -35 43 36 37 39 -40 -41 -42 -43 -44 -45 -46 -47 -48 -49 -50 -51 51 -53 -54 -55 -56 56 -58 -59 -60 -61 -62 -63
leaf_value=0.007664187427215665 0.19144678424072184 -0.06844624623967395 -0.077386093116532009 0.019546830935301417 0.011466754987778683 0.03600985544075793 0.022867797125432743 -0.073869208645317527 0.0034652942555924559 -0.045589230242553749 0.077906888459073786 -0.032178254849928721 -0.020071527849999816 -0.017932404726419032 0.070052140392302856 0.037260879924967974 0.021452292143596868 0.040923791766861679 0.0073024295548713303 -0.06347314895183491 -0.024230373068277009 0.1135125318053921 0.017861118273045914 0.070344917094372225 0.11688458041049517 0.077408248528539267 0.11175489943907098 0.030496789322270297 0.0061754038559650509 -0.13358393576957273 -0.0084400746458373251 0.016873925053565119 -0.18899462778329482 0.017086754971665587 -0.026456778405627848 0.021560591959226442 -0.045974286131406791 0.0041302106327017968 0.070069876122921204 -0.0024769486873844641 0.07570398295228685 -0.0022886050279108026 0.012678148356800084 0.00078597545310968634 -0.0033869598085458693 0.070039817700630405 -0.015682353367855954 -0.025146692983962785 -0.045759958142793551 -0.0061042246161399291 -0.039848815012654269 0.025525841154055769 -0.013582399509634491 0.011906016140410772 0.065542138142925033 0.010222271049816189 -0.013678404815153339 -0.0097852740597455766 0.050682003912981125 0.027997647328153775 -0.0077627554798576333 -0.041700757577098686
leaf_weight=715.39940717160061 240.7196728381823 1234.124413991718 660.62621319288155 13571.656259726369 1957.2734505098779 141.34253786301997 1143.9461654564657 1683.282291886484 1551.2517138555704 2362.9019996806637 795.37923937477899 3220.612004866889 10370.249156116446 23660.24403806332 1265.5238465741277 2106.2905962385921 9432.6116015379703 1089.8981772121697 23517.714170695224 2213.9981430058833 277.98881102624 489.50840986464755 7277.8289450434968 778.38614673174743 380.38218170916298 99.024407716700807 965.37426297378261 2227.3711943936069 14190.766121444787 440.9319961220026 3092.2837706403807 4230.655259557243 172.59289684426039 3343.1049152720952 4898.5282227758798 5399.3930924374145 2690.4306199595449 1218.281755783828 314.46438951347955 20247.004801086499 1165.8354561469168 13231.64325925969 1259.0458932475303 7782.9391996468839 3079.7953020576388 974.90749482507817 1257.0137727979381 483.76969716363965 521.47728287641075 5834.0169767787738 1139.564761409616 829.33331088064733 6872.8879192790773 355.6802713937941 850.14394283527508 2642.6325532413175 16767.499488726789 2573.2883617681073 1716.9023985507956 778.96641047848971 696.54306149529293 2813.0177514253301
leaf_count=854116 78824 6532924 647936 845866 67133 60836 84338 37525 42584 130900 33577 261638 2336154 1548599 637981 193192 335125 53789 525686 577414 12990 28376 106606 18604 14721 1638 28225 57691 930869 9924 81457 89307 2210 57561 209208 132362 63758 84232 10101 246826 506339 617968 25591 1026435 84093 32623 30725 85866 14814 102657 51985 46405 412731 20190 16146 140760 988293 80841 68641 113794 127042 125184
internal_value=-0.000292642 -0.0405167 2.43934e-05 0.000254336 0.0314697 0.133943 -4.53695e-05 -0.0211963 -0.0367803 0.000341676 0.00991992 -0.0127756 -0.000500053 -0.00439858 0.00334854 0.000969052 -0.00132168 -0.0115656 0.00207287 -0.00626848 -0.00190854 0.0636218 0.0045286 -0.00378529 0.0054249 0.0102863 0.0288819 0.0550664 -0.00116909 -0.00830195 -0.0329321 0.0103134 -0.0918713 -0.0100124 -0.0153682 0.0069753 0.00329861 -0.0022826 -0.0338302 0.0019062 0.0391298 0.00202683 0.0368563 -0.00973721 0.0184328 0.0289752 0.0118633 0.0389324 -0.0859969 0.0082677 0.0156216 -0.0123119 -0.000271396 -0.0530396 0.0228483 -0.0119253 -0.00592833 0.0128158 0.0261564 -0.0167131 -0.0416531 -0.024284
internal_weight=249296 1949.52 247347 245990 2339.34 382.062 243650 4378.48 3234.53 239272 19328.4 5756.77 219943 87445.3 36741.6 35476.1 33369.8 16134.3 132498 30135.8 27566.2 767.497 102362 26798.7 15649.5 50913.1 7695.02 3192.75 51449.1 27931.4 6867.71 4502.27 271.617 50703.7 15044.4 43218.1 35090.1 25636 3004.9 22631.1 2384.12 14871.1 1639.43 12681.5 9454.1 6374.3 2536.16 1279.15 962.409 17235.5 11401.5 1968.9 21063.7 2569.68 8127.97 47360.6 23700.3 6932.82 4359.53 11149.2 1357.17 5905.3
internal_count=22791926 7387040 15404886 14629908 206793 139660 14423115 164447 80109 14258668 1257672 411806 13000996 5672372 2787677 2149696 1956504 1420332 7328624 3765802 3168198 41366 3562822 3126832 676884 1462157 179071 85916 2100665 1574979 231379 93155 3848 2884695 1366543 1283086 1160334 911256 73859 837397 590571 658280 40312 1235643 249078 164985 150168 119443 24738 536172 433515 98390 1343600 597604 122752 2827134 1278535 290242 209401 2449948 774978 206641
is_linear=0
shrinkage=0.1


Tree=79
num_leaves=63
num_cat=0
split_feature=7 9 0 34 8 2 19 27 24 4 0 7 29 1 7 24 4 2 1 27 1 4 30 20 28 7 9 6 29 33 22 2 31 27 28 4 2 24 18 0 4 20 8 29 29 35 29 2 7 32 29 18 32 28 35 27 18 4 35 20 9 34
split_gain=265.189 218.123 208.044 387.383 290.169 245.102 573.715 637.396 520.527 388.939 266.699 261.745 240.553 235.12 316.549 225.885 956.049 485.765 232.831 200.161 192.101 185.783 181.649 262.5 209.435 232.983 206.048 484.721 205.153 289.292 201.332 378.618 292.366 419.849 408.684 297.041 615.463 274.432 273.983 235.585 208.025 186.445 359.882 186.07 181.04 175.365 173.972 240.511 204.317 200.827 644.282 379.182 213.32 205.969 400.189 269.47 192.071 184.656 183.05 200.024 208.413 171.073
threshold=39.907407760620124 0.58571431040763866 91.922958374023452 1.911498546600342 34.158597946166999 95.488464355468764 0.21950221061706546 14.500000000000002 2.5000000000000004 0.94287380576133739 97.825057983398452 39.907407760620124 31.500000000000004 99.473682403564467 97.613353729248061 2.5000000000000004 0.98010012507438671 96.824596405029311 94.474967956542983 4.5000000000000009 96.449581146240249 0.94677290320396434 11.500000000000002 0.95019504427909862 103.50000000000001 72.082550048828139 0.89898991584777843 1.0000000180025095e-35 19.500000000000004 0.1938499063253403 1.0000000180025095e-35 74.352157592773452 0.88768711686134349 39.500000000000007 6.5000000000000009 1.0000000180025095e-35 25.15822792053223 2.5000000000000004 4.5000000000000009 12.59920644760132 0.92004612088203441 0.76937416195869457 75.690944671630874 21.500000000000004 25.500000000000004 3.5000000000000004 20.500000000000004 5.7556936740875253 98.799980163574233 3.5000000000000004 17.500000000000004 2.5000000000000004 2.5000000000000004 3.5000000000000004 3.5000000000000004 1.5000000000000002 1.5000000000000002 0.79166349768638622 1.5000000000000002 0.7597067952156068 0.15476191043853763 0.39486575126647955
decision_type=8 10 2 2 8 2 2 2 2 2 2 10 2 2 10 2 2 2 2 2 2 2 2 2 2 10 8 2 2 2 2 2 2 2 2 2 2 2 8 2 2 2 10 2 2 2 2 2 8 2 2 10 2 2 2 2 10 2 2 2 10 2
left_child=1 -1 12 4 19 6 7 8 9 -6 -11 -8 22 15 45 16 -7 -17 -18 -4 -13 -22 23 24 46 -26 -25 -28 29 -24 31 38 -32 34 37 39 -37 -34 40 44 -30 42 -40 -27 -35 -15 47 -2 49 50 51 52 56 -51 55 -55 -49 61 -48 60 -60 -50
right_child=2 -3 3 -5 5 13 11 -9 -10 10 -12 20 -14 14 -16 17 18 -19 -20 -21 21 -23 28 26 25 43 27 -29 30 -31 32 -33 33 35 -36 36 -38 -39 41 -41 -42 -43 -44 -45 -46 -47 58 48 57 53 -52 -53 -54 54 -56 -57 -58 -59 59 -61 -62 -63
leaf_value=-0.049814974218594106 -0.055726584104933308 0.057598718068623891 0.13299098487909167 0.058478762770104081 -0.098834271199745805 -0.16282647518861648 -0.032115595595060234 0.09544060368618329 0.05578317849669321 -0.010435749010934865 -0.26971904789823509 0.079980354014331803 -0.014852099626928584 0.010070737926343713 0.076415721164700509 0.053133374623134527 0.043930846062377224 -0.053755192918466234 -0.019656421684409609 0.017917439846837281 0.1016763473849584 -0.018543349792332249 0.026944323831713048 -0.022623635588130336 -0.052090000882753978 -0.031505540506047279 -0.011308567018940271 0.050521123926964701 -0.0046997664815277181 -0.0068672105831878065 0.04945792920592796 0.012125355840438558 -0.056944063188584186 0.015254856065220389 -0.092178474513124609 -0.16779682455642098 0.038602202888147072 0.010110696569643255 -0.031964625721700883 0.04968394978644225 0.076188133912997849 -0.046875353470321096 0.023824011407661893 0.004245256986991749 -0.0047996908550924262 -0.0067659242943418716 0.024486914986470581 0.033393706161657502 -0.08814733071001031 -0.018231001955378811 -0.0098496087891310705 0.10777531826015263 -0.0031119650512870171 0.048951746348021165 -0.01312567574533928 0.0029596274948895554 0.12163420169838367 0.014932342328198598 0.00082681341291641799 -0.015039257213264651 0.021040568490524679 -0.0050720144375442332
leaf_weight=1665.383977097772 840.53787011317036 213.26141524675768 292.36028092908782 1392.0451187852887 784.79395046358695 312.41831724083386 312.0367715395987 559.82528336359974 728.11462986862171 1950.2638656310155 40.494643420912325 1987.9785606098085 12139.25014375645 13649.815317287306 592.16826036915882 507.44002890943375 1702.5280212612997 2622.4853290417668 870.14278479419954 312.97021262999624 181.15887294708955 442.60289032204309 7660.7804855220238 10708.074786483034 1466.498091127316 2209.4608131857385 9649.2193536921259 1459.7533054670785 18022.531104825619 3778.6769898676212 1574.9394929559785 10885.637114650257 861.4350553934928 14797.91805526791 747.98851125291549 278.32173687766772 300.41366606370138 2093.9731648576198 3726.0865740815861 1537.8951380035796 323.6522263547522 2689.4744717754802 1676.5751825866755 4267.9432346502144 6469.3354449244798 11313.900216935333 4861.7054542092192 1261.8772039025316 317.61524309075321 14038.675936970654 7981.1501497969657 687.48650459168857 1394.6324010533572 2058.1507842982082 10294.598175242128 3343.3304501556995 306.6129461581877 9919.6250963374041 15923.594203307937 4834.4814544503461 7504.6422921751946 1128.9468661296414
leaf_count=7277575 57395 110019 22792 665136 8469 2740 2463 24848 24451 22105 297 78083 902073 469052 92743 18648 57239 89540 17308 55089 7159 12016 322701 196582 354854 34292 245570 596105 1166012 1043600 29898 296262 59913 250643 45412 7154 4765 36858 1744278 24035 21883 383924 233649 64276 118612 335412 100956 28487 45640 1470248 379777 30665 31725 27732 961785 106905 8355 175723 1247409 155092 317931 68897
internal_value=-0.000192564 -0.0376215 9.26006e-05 0.00663946 0.00479686 0.00371835 0.0206658 -0.00364036 -0.0194718 -0.0392135 -0.0157099 0.0544468 -0.00119614 -3.24631e-05 0.00415426 -0.0178205 0.00236375 -0.0364259 0.022424 0.0734952 0.0647888 0.016372 -0.000341132 -0.00283689 -0.00055741 -0.0160981 -0.0127252 -0.00318395 0.00341283 0.0157757 0.00126958 -0.00357093 0.00757289 0.00513756 -0.0261464 0.0100921 -0.0606579 -0.00943426 -0.0100337 0.0118876 -0.00327279 -0.0253617 -0.0146521 -0.00794944 0.00915442 0.00244013 0.000866546 -0.00265583 -0.0018099 -0.00507274 0.00606754 0.0408664 0.0253426 -0.00943063 -0.00155953 0.0204842 0.0506432 0.010065 0.0065634 0.00348023 0.00730178 -0.0233125
internal_weight=248458 1878.65 246579 40555.5 39163.5 38558.2 6987.27 4063.49 3503.67 2775.55 1990.76 2923.78 206023 31570.9 25555.9 6015.01 2885.09 3129.93 2572.67 605.33 2611.74 623.762 193884 116459 94641.6 7943.9 21817 11109 77425.6 11439.5 65986.2 37324 28662.2 27087.3 3703.4 23383.9 578.735 2955.41 26438.3 22805.1 18346.2 8092.14 5402.66 6477.4 21267.3 24963.7 86697.7 53573.2 52732.7 41366.5 11631.8 3650.61 2963.12 29734.8 15696.1 5401.48 1568.49 11366.2 33124.4 28262.7 23428.2 1446.56
internal_count=22791257 7387594 15403663 2005590 1340454 1262573 179891 80170 55322 30871 22402 99721 13398073 1082682 897207 185475 77287 108188 74547 77881 97258 19175 12496000 6706401 5668144 453422 1038257 841675 5789599 1366301 4423298 3846008 577290 547392 142183 405209 11919 96771 3549746 393290 1187895 2361851 1977927 98568 369255 804464 5214722 3393334 3335939 3045679 479009 99232 68567 2566670 1096422 134637 36842 290260 1821388 1720432 1565340 114537
is_linear=0
shrinkage=0.1


Tree=80
num_leaves=63
num_cat=0
split_feature=7 11 21 7 33 7 7 28 20 20 11 17 33 9 25 8 34 8 27 4 0 0 8 0 19 11 32 34 26 11 0 8 3 8 34 3 4 0 7 34 25 7 9 7 10 7 1 27 1 11 28 1 8 0 0 18 4 32 27 8 28 33
split_gain=244.69 246.456 235.288 634.349 352.892 325.572 299.745 282.501 272.486 261.44 346.132 282.569 240.712 253.875 238.347 235.808 226.833 228.014 221.048 383.497 217.626 250.721 203.587 661.757 274.111 215.666 206.031 198.404 351.194 271.308 249.84 714.87 257.298 235.012 246.617 226.534 366.852 379.625 224.317 224.028 223.4 234.67 209.839 419.936 221.306 209.909 194.293 193.857 191.828 191.815 176.738 170.396 170.073 167.445 198.009 165.358 161.179 160.276 159.371 149.085 182.778 177.624
threshold=41.277122497558601 1.0000000180025095e-35 1.0000000180025095e-35 72.082550048828139 0.7148706614971162 98.270881652832045 93.364780426025405 123.50000000000001 0.37715367972850805 0.89418280124664318 1.0000000180025095e-35 1.0000000180025095e-35 0.50330621004104625 inf 1.5000000000000002 97.787567138671889 0.89164823293685924 91.813587188720717 1.5000000000000002 0.78190237283706676 99.473682403564467 26.158231735229496 1.0000000180025095e-35 99.473682403564467 0.3495862632989884 1.0000000180025095e-35 14.500000000000002 0.99423140287399303 1.5000000000000002 1.5000000000000002 21.132376670837406 99.797569274902358 36.055555343627937 54.093206405639656 0.74038565158844005 32.071428298950202 0.72985523939132702 12.59920644760132 99.781658172607436 0.28735695779323583 1.5000000000000002 96.56854629516603 0.61250001192092907 78.135349273681655 1.5000000000000002 92.872085571289077 38.616428375244148 43.500000000000007 69.920635223388686 1.0000000180025095e-35 151.50000000000003 72.834224700927749 55.013227462768562 89.386734008789077 16.064516067504886 3.5000000000000004 0.8857233226299287 4.5000000000000009 1.5000000000000002 47.229200363159187 106.50000000000001 0.47511574625968939
decision_type=8 2 2 8 2 8 10 2 2 2 2 2 2 8 2 10 2 10 2 2 2 2 10 2 2 2 2 2 2 2 2 10 2 10 2 2 2 2 10 2 2 10 10 10 2 10 2 2 2 2 2 2 10 2 2 10 2 2 2 8 2 2
left_child=1 -1 3 4 7 6 12 55 -8 10 18 51 16 -14 46 -10 48 -18 19 -7 21 -13 24 26 -4 -25 27 28 33 39 35 32 38 34 53 -29 37 -37 -32 -30 41 -35 44 -44 45 -41 -12 -26 52 -47 57 -11 -5 54 -24 -2 -57 -23 -6 60 61 -34
right_child=2 -3 22 5 58 9 8 -9 15 11 14 20 13 -15 -16 -17 17 -19 -20 -21 -22 50 23 25 47 -27 -28 30 29 -31 31 -33 59 40 -36 36 -38 -39 -40 42 -42 -43 43 -45 -46 49 -48 -49 -50 -51 -52 -53 -54 -55 -56 56 -58 -59 -60 -61 -62 -63
leaf_value=0.0079506473703817217 0.013293626014073901 -0.061982359271941824 -0.04088527781584339 0.01209895055613773 -0.018946520194274036 -0.01084988581869429 0.036768617865148949 -0.074170165863593138 -0.017235035050509422 -0.12590279388575465 0.1608769941474818 0.011496664205004935 -0.012990512285251984 -0.14270073346442549 0.028336892507642278 0.027073032762931194 0.014459275362059439 -0.030754447498979817 0.0010390622494434996 0.046331840576081161 0.099254856072604661 -0.011358721534676933 0.013148682750129571 0.085809708598809098 0.0015032801390565164 0.031441861380088879 -0.025104955307520299 -0.0058542659689953761 0.063040496706870189 -0.041294526741030069 -0.048341251262056656 0.06835477433460467 0.0015901270182540818 0.050980152273260054 0.034908624417672084 -0.16134004129730303 0.089368650812619285 -0.037978702994336144 0.042257506867257384 -0.0065025548488065804 0.018133714486002723 -0.074566176210968255 0.096293028321475294 0.0068176768940959118 -0.041385573724736183 0.078540439432408793 0.048997409570958925 -0.034383961874708047 0.016726780496202607 -0.0021323590018843038 0.03600555161934673 -0.017415091217361584 -0.023133716447028267 0.090872331104442525 -0.0380467569267069 -0.051966668684734353 0.0856991655600816 -0.076758812753269068 -0.080116467010513559 0.00099942239912878083 -0.034197079847459247 0.041745448959351977
leaf_weight=839.29487940595573 2081.2393523854844 1261.1851904896685 2059.5962277835788 1777.3698794598313 562.53489710044596 1863.5933417793422 1044.030900014448 668.70826186853083 26907.890726910875 289.86367766879266 262.70630106353201 8476.4850586288958 7312.2011902970844 154.07303681998746 3397.3359212288633 1257.2609129477059 16502.559300340974 1196.2258313184429 15664.517496537592 3164.4015695486451 214.6213147121598 12115.988517123944 1204.2976785831952 1048.4930990522089 14683.48450026667 2399.1014647351431 2466.9741461264639 6166.5059055458187 608.61820922156039 1477.6112859669447 1691.5469795763638 1638.814905644278 1847.0740017328208 3849.7196234780131 1462.6156620344873 297.36928775324486 186.34244806037168 1548.2968887392417 325.94648823345779 7560.9917048857096 9900.7081323852035 154.87432958860882 615.60648526347359 3545.7336184232263 1549.6987846135162 599.19152173935436 379.39050095714629 1677.1555814043386 2513.9130683768599 580.04787038030918 769.18914665671764 289.24281466408866 5978.7183443317917 145.01714589338462 2027.1461371872947 820.73761757803004 94.878003553239978 386.68298360600602 1753.9003844635736 50678.416638036848 576.78181017063616 2729.3107151380009
leaf_count=1021432 309661 7260799 84214 172419 289366 117772 14932 173095 712144 4772 2096 105932 187599 4066 65775 22912 415017 23731 274465 124782 226437 616190 84567 407846 174870 223765 343106 90369 60562 472831 108157 87174 65510 166129 170418 2847 5627 15682 5505 966553 939101 2119 37584 78869 56268 13848 8347 79951 51481 24576 53825 23816 788321 6341 1428023 935651 2047 10472 553121 1476697 140102 397662
internal_value=-5.32821e-05 -0.034039 0.000237849 -0.00298099 -0.0347084 -0.00128517 -0.00589749 -0.0154004 -0.0133976 0.00502189 0.0121216 -0.00276757 0.000284865 -0.0156672 0.0388972 -0.0152572 0.00454327 0.0114034 0.00689473 0.0251378 -0.000949547 -0.0019384 0.00321894 0.00486377 -0.00650377 0.0479764 0.00345405 0.00413828 0.0102182 -0.000403593 0.00096909 0.00322454 0.00137946 0.0195894 0.000608492 -0.0153963 -0.0443535 -0.0578544 -0.0337041 0.00360845 0.0261949 0.0461248 0.00110546 0.0200542 -0.00655758 -0.000382355 0.0947716 -0.00217558 -0.00727906 0.0388589 -0.0105191 -0.0717171 -0.0150599 -0.0142496 -0.0189672 -0.00228667 -0.0377014 -0.0133814 -0.0652616 0.00264722 0.0188523 0.0255384
internal_weight=247304 2100.48 245203 117900 5982 111918 64644.2 3665.56 29209.2 47274 24731.9 22542.1 35435.1 7466.27 4039.43 28165.2 27968.8 17698.8 20692.5 5027.99 21963 21748.3 127303 108883 18420.2 3447.59 105435 102968 35281.9 16537.5 67686.4 59487.9 57849.1 18744.4 4839.08 8198.51 2032.01 1845.67 2017.49 15059.9 13905.3 4004.59 14451.3 4161.34 10289.9 8740.23 642.097 16360.6 10270 1179.24 13271.9 579.106 7756.09 3376.46 3231.44 2996.85 915.616 12502.7 2316.44 55831.6 5153.17 4576.38
internal_count=22789348 8282231 14507117 6290244 2262941 4027303 2392622 1420454 749988 1634681 593237 1041444 1642634 191665 76218 735056 1450969 438748 517019 242554 1012856 786419 8216873 7877838 339035 631611 7246227 6903121 4507789 1711091 2395332 2280807 2193633 2796698 1689349 114525 24156 18529 113662 1238260 1107349 168248 1177698 116453 1061245 1004977 10443 254821 1012221 38424 680487 28588 960740 1518931 1512590 1247359 937698 626662 842487 2079971 603274 463172
is_linear=0
shrinkage=0.1


Tree=81
num_leaves=63
num_cat=0
split_feature=11 28 7 8 7 10 7 22 0 21 13 33 4 25 11 27 0 25 3 1 28 26 10 10 26 7 30 19 24 25 19 12 3 25 4 0 29 34 25 27 24 4 0 33 1 25 24 0 18 3 25 0 3 3 0 1 24 0 19 0 1 13
split_gain=226.362 200.194 199.192 198.974 296.812 301.262 225.012 214.924 330.605 263.504 211.985 195.946 235.954 183.325 254.706 181.968 157.953 481.639 313.99 181.551 160.711 158.87 236.291 181.293 189.761 151.452 147.125 216.302 515.544 584.64 497.499 420.264 322.761 450.945 414.803 370.555 314.023 308.275 267.433 361.351 260.368 258.069 295.995 242.73 230.262 242.003 248.642 291.177 220.509 211.253 209.767 193.525 191.952 187.084 184.968 425.717 183.137 181.12 174.697 499.388 303.164 349.405
threshold=2.5000000000000004 1360.0000000000002 81.729778289794936 27.490458488464359 48.110782623291023 1.0000000180025095e-35 65.724277496337905 1.0000000180025095e-35 56.048780441284187 1.0000000180025095e-35 1.0000000180025095e-35 0.58613237738609325 0.73740029335021984 5.5000000000000009 1.0000000180025095e-35 2.5000000000000004 6.9366478919982919 3.5000000000000004 10.62030076980591 6.4866759777069101 36.500000000000007 4.5000000000000009 2.5000000000000004 4.5000000000000009 5.5000000000000009 36.12007141113282 12.500000000000002 0.19873649626970294 2.5000000000000004 4.5000000000000009 0.17514304816722873 1.0000000180025095e-35 60.188678741455085 2.5000000000000004 0.82033187150955211 30.341388702392582 21.500000000000004 1.5130249857902529 1.5000000000000002 33.500000000000007 3.5000000000000004 0.88297525048255932 87.007671356201186 0.57273468375206005 71.148777008056655 2.5000000000000004 2.5000000000000004 85.857143402099624 1.5000000000000002 45.222154617309577 1.5000000000000002 35.368577957153327 71.535182952880874 80.277778625488295 91.922958374023452 94.474967956542983 3.5000000000000004 79.277816772460952 0.4016165435314179 92.907444000244155 98.529094696044936 1.0000000180025095e-35
decision_type=2 2 10 8 8 2 10 2 2 2 2 2 2 2 2 2 2 2 2 2 2 2 2 2 2 8 2 2 2 2 2 2 2 2 2 2 2 2 2 2 2 2 2 2 2 2 2 2 8 2 2 2 2 2 2 2 2 2 2 2 2 2
left_child=1 3 -3 6 5 -5 10 8 -7 -10 25 12 -2 16 -15 -11 17 18 20 -20 -6 26 -23 -24 -25 -1 27 28 30 32 36 44 35 43 -35 -30 38 40 39 -18 53 42 -42 51 57 46 54 50 -38 -37 -48 -34 -32 -33 -46 -56 -31 -29 59 -47 -60 -62
right_child=11 2 -4 4 13 7 -8 -9 9 15 -12 -13 -14 14 -16 -17 21 -19 19 -21 -22 22 23 24 -26 -27 -28 31 29 56 52 37 33 34 -36 49 48 -39 -40 -41 41 -43 -44 -45 45 58 47 -49 -50 -51 -52 -53 -54 -55 55 -57 -58 -59 60 -61 61 -63
leaf_value=-0.023831886103231625 -0.083691854330068899 -0.07117977227831622 -0.00919018659439815 -0.070889151704030526 -0.059959006162485597 -0.088357355332759083 -0.0073305671375600914 0.134160077789477 -0.082236937525432721 0.10396701165442164 0.13180089827332128 -0.091797207971515582 0.023494415434313812 0.021281218325212001 -0.064701385029450748 0.0058178267604049169 0.003827225179297017 -0.1026103821149514 -0.11776404803374022 0.011232171123145195 0.027836305545253865 0.020794452472841205 -0.062832490836803465 0.018148759011116369 -0.046424696614742446 0.068236405759222629 0.0059297699918804785 -0.026681376440216221 -4.0286512620174499e-05 0.066386626741536892 0.040509806136768384 0.062126018484194023 -0.015420712441954622 -0.079452961015845744 0.011511650069524919 -0.074778710963203043 0.021334353631997944 0.070847013358020225 -0.030956403240421905 -0.076086587667907019 -0.075921734219983911 0.026812900399605016 -0.45169796722873778 -0.022633043512261652 0.00095754195258090338 0.0013026108590742157 -0.084938809419627379 -0.065647774575416637 -0.0080059689664392 -0.0074256196763467959 0.036688129073644681 0.073349607856334292 -0.068733715263603112 0.012970442773178246 0.0548362398840683 0.0064608885077095564 -0.032875069190116672 0.07537034293948415 -0.022007123569235537 0.080712281054311594 -0.025156330898477991 0.0030381343027973406
leaf_weight=283.13275266959681 311.45455080571264 752.09189811066608 1667.9969328482694 1172.6731321641637 238.96619792937418 419.38420503839734 801.25543187730364 105.51898296846775 210.53747632721206 306.73980680711975 314.036352340539 482.11468139609497 602.99780433456908 533.7857606473699 971.66968713795359 491.67728878238995 5739.0757298929966 594.73356880826759 318.99969581927871 165.81903415345005 1635.289193652512 1127.8705936827027 1209.6364238919923 946.45306647452526 876.58990693061787 484.2714856113962 55258.615821674437 4000.0770339918527 6490.8189764392591 1936.8521179503732 174.8545866858185 1033.9295285299886 280.68125105847139 624.8561268341582 2535.1999243750761 1237.0451289961638 3974.4247343100433 1303.9869348006905 8802.3133969021146 627.71832199816708 339.09037085206364 295.71948615153087 22.342871929518878 396.37412123006652 49724.07754788395 8580.2314137524809 146.28705769746739 319.53240855806507 7205.3793483951158 746.81828648403462 4623.3937033566763 1964.0488104796386 2007.1201392826624 3082.9788013103534 2158.8875489350794 11560.67338401853 205.60262277493894 181.81502976329648 9594.2068609572016 872.46451067447197 5283.1493895042258 26158.844327505645
leaf_count=720044 297034 212777 62384 7480873 19343 910886 23560 39785 49494 35171 238007 1225282 27344 48820 53318 102164 187320 48007 12021 4691 24036 57506 29785 27618 19888 108320 3296107 394875 455845 46917 3560 31076 6235 13279 56653 656904 75827 1224634 1123051 22849 7760 41022 311 11238 797298 184111 11530 5185 402341 216029 69114 60887 25546 357841 37118 301946 12421 14791 224283 14414 151099 369858
internal_value=-6.43923e-05 0.000164338 -0.0284547 0.000449715 0.000196545 -0.0327326 0.0328327 -0.00356088 -0.0137351 0.0172826 0.0625902 -0.04021 -0.0130123 0.000570842 -0.0342147 0.0435253 0.000792175 -0.0221876 -0.0019126 -0.0736444 0.0166425 0.00108269 -0.0182835 -0.0328168 -0.0129007 0.0342679 0.00143379 7.85184e-06 -0.00596766 0.00815009 -0.0140918 0.00208544 0.000839789 0.0190135 -0.00647531 -0.0116006 -0.0102918 0.0277552 -0.0196639 -0.00405168 0.0159851 -0.0424672 -0.0991513 0.0495106 0.000819065 0.00162942 0.00549973 0.0267667 0.00242453 -0.0494239 0.0329578 0.0622498 -0.0599794 0.0253155 0.00379377 0.0140732 0.0568609 -0.0222445 -0.00362409 0.00863196 -0.00644727 -0.00169934
internal_weight=246515 245119 2420.09 242699 240816 2706.53 1882.7 1533.86 1428.34 1008.95 1081.44 1396.57 914.452 238109 1505.46 798.417 236604 2953.81 2359.07 484.819 1874.26 233650 4160.55 3032.68 1823.04 767.404 229489 174231 44949.2 16418.3 28530.9 129282 14275.8 5801.16 3160.06 8474.68 26348.9 6078.05 15169.1 6366.79 4774.06 657.153 361.433 2641.1 123204 119022 68532.9 5089.21 11179.8 1983.86 4769.68 2244.73 2181.97 4116.91 63443.6 13719.6 2142.45 4181.89 50488.9 9452.7 41036.2 31442
internal_count=22789433 21239773 275161 20964612 19874681 8618373 1089931 1137500 1097715 186829 1066371 1549660 324378 11256308 102138 137335 11154170 108098 60091 16712 43379 11046072 134797 77291 47506 828364 10911275 7615168 3376902 1536408 1840494 4238266 1477070 148292 69932 1328778 1811388 1662644 1333220 210169 438010 49093 8071 78360 2575622 2165956 1222191 85829 478168 872933 80644 67122 29106 388917 1136362 339064 59338 409666 943765 198525 745240 520957
is_linear=0
shrinkage=0.1


Tree=82
num_leaves=63
num_cat=0
split_feature=32 8 25 2 1 24 3 0 1 22 3 34 19 4 3 0 2 0 3 25 1 2 0 3 4 24 25 3 6 25 24 25 4 0 1 1 0 24 2 2 25 2 4 3 8 11 13 4 3 3 2 3 24 11 0 3 0 32 18 20 3 18
split_gain=210.41 319.044 186.134 475.258 440.804 385.115 304.315 373.163 235.411 503.205 1094.6 810.387 449.384 539.503 968.951 431.926 387.721 779.353 633.893 319.903 537.289 352.435 298.348 287.19 567.187 478.775 871.45 599.201 698.846 529.403 695.704 692.935 428.495 422.334 406.67 361.568 541.1 464.782 500.346 357.311 350.605 342.937 333.108 292.256 278.843 335.419 386.991 269.439 591.419 274.156 412.719 261.721 267.523 255.867 253.466 511.599 249.102 246.83 386.65 710.201 243.97 222.447
threshold=13.500000000000002 63.05327224731446 1.5000000000000002 16.064516067504886 16.064516067504886 1.5000000000000002 31.662488937377933 12.59920644760132 91.010101318359389 1.0000000180025095e-35 52.277431488037116 0.91297909617424022 1.0000000180025095e-35 1.0000000180025095e-35 43.288288116455085 12.59920644760132 91.010101318359389 85.553771972656264 91.331184387207045 3.5000000000000004 7.2508215904235849 8.3920187950134295 10.762548446655275 77.849929809570327 0.78190237283706676 2.5000000000000004 3.5000000000000004 98.147510528564467 1.0000000180025095e-35 2.5000000000000004 3.5000000000000004 3.5000000000000004 0.69844877719879161 79.814815521240249 85.215545654296889 68.208553314208999 58.102025985717781 1.5000000000000002 68.614070892333999 85.145786285400405 2.5000000000000004 68.237251281738295 0.89921855926513683 62.145593643188484 83.15198135375978 1.0000000180025095e-35 1.0000000180025095e-35 0.89921855926513683 96.922348022460952 92.390407562255874 79.118217468261733 87.026645660400405 2.5000000000000004 1.0000000180025095e-35 8.9719939231872576 12.70161294937134 80.972057342529311 2.5000000000000004 1.5000000000000002 0.97196012735366832 92.031745910644545 5.5000000000000009
decision_type=2 8 2 2 2 2 2 2 2 2 2 2 2 2 2 2 2 2 2 2 2 2 2 2 2 2 2 2 2 2 2 2 2 2 2 2 2 2 2 2 2 2 2 2 8 2 2 2 2 2 2 2 2 2 2 2 2 2 10 2 2 8
left_child=2 -2 3 4 6 -6 -1 -8 9 10 11 -4 13 15 -15 19 17 23 -18 54 -21 -22 -23 35 32 26 27 28 33 53 -31 -32 -25 40 39 61 -37 43 -39 -35 42 -28 -26 -38 45 46 -10 48 51 -49 -51 -19 -53 -27 55 -11 -47 58 -46 -60 -34 -12
right_child=1 -3 8 -5 5 -7 7 -9 44 12 16 -13 -14 14 -16 -17 18 47 -20 20 21 22 -24 24 25 29 41 -29 -30 30 31 -33 60 34 -36 36 37 38 -40 -41 -42 -43 -44 -45 57 56 -48 49 -50 50 -52 52 -54 -55 -56 -57 -58 -59 59 -61 -62 -63
leaf_value=0.032179206874508752 -0.033195343961057229 -0.0014104724268184043 -0.087550950088252033 0.0099586580441622299 0.043016386032504662 -0.065234987122364627 -0.11082566181085281 0.011870606756587614 0.011943221595017494 0.014819945346472244 -0.0010142720346523312 -0.0048204243834946182 0.07623805336606429 -0.15320801389238106 0.043885365678957178 0.043028837518282716 -0.11664206962251356 0.00016379779646352296 -0.016016245522638081 -0.083140387077317246 0.00051771583204461265 -0.15506035378014049 -0.015000470577894075 -0.0087482467521387223 -0.097286770020271238 0.070918913946301843 0.0061714429346578581 -0.069063110944236825 0.2058843451380751 -0.044810797696986052 0.10790109238623549 -0.037587834441592277 -0.11293251413355364 0.068978696271024875 -0.098837287905025439 0.087833174425464386 1.0268099237063717 -0.034778664180741284 0.038963006956415212 -0.074198052587946303 0.023669198104025419 0.16095260858577298 -0.020412205360378757 0.24308934230343843 0.00021135464951057496 0.018977356938888402 0.065496268872771476 0.065301756379753953 0.16992866371998747 0.086854145399894861 -0.033450568291049441 -0.0042239234241904667 -0.18781421950964811 0.017203038323808241 0.048251861381144449 -0.1317667944009614 7.762388103502186e-05 -0.005426149603217037 0.11280776390395593 0.0092430528986901465 -0.0084340447365219198 -0.067431773788348345
leaf_weight=1742.6800755195436 4710.9153929263921 9579.9675007810074 3082.8057638368191 41090.040167958185 382.48948106420721 2334.4299923856088 407.35745385897462 633.14605076605221 3835.6545329588225 4753.1937040089906 1503.0204449885896 1922.3477907547931 839.14370772079565 587.02069295125693 433.73797514051694 2662.6283157492508 663.00614371804841 581.08835227714007 11226.136266411628 828.31595879652741 25147.306372218161 268.97013683899422 349.98867518069164 1018.0023033234029 1132.7931213779011 1423.1690320814087 253.28384545304289 2884.4123623392734 144.03452041081619 2620.391647529781 745.45806509743852 583.69085056395124 1186.3043455975203 1094.7351676398757 227.0965139047039 1071.3398467817606 5.7029546929043127 1760.1260608008888 1927.9912920554707 207.30899824760854 663.3975521249522 329.19102541173925 1121.9098558098267 28.721703956078272 9150.0872056611915 9486.1369015106284 2081.7218369461079 2727.9212741835363 157.28089072497824 439.3861999360015 812.41773546791228 135.61329844926513 191.38137472424569 2352.7454402381554 2192.5739810110754 250.64456747594522 26331.014559459054 45202.089400674362 955.06646233383799 2158.9872567284619 275.25607481341285 758.86970960914186
leaf_count=43704 2395011 197329 5409805 3342964 18552 184419 13015 16352 370549 131274 152584 484207 21457 30983 8060 54497 31108 9917 1117613 79032 626263 7612 4774 143129 89950 58932 8935 122195 3023 126848 29516 22271 122974 21803 4660 106421 688 146170 66851 2635 25786 8988 29943 850 735234 847269 612009 70199 3640 10547 21667 1861 5171 129313 43966 10030 2403743 661345 36243 307752 20539 976645
internal_value=-0.000112447 -0.0118882 0.000614921 0.00626349 -0.0213423 -0.0499953 0.00662846 -0.036165 -0.000809357 -0.0046525 -0.0115572 -0.0557763 0.00386418 0.00224355 -0.0694596 0.00425135 -0.00631915 -0.000325025 -0.0216277 0.0011958 -0.0038656 -0.00131713 -0.0758639 -0.00747656 -0.0140964 -0.00711149 -0.0241647 -0.0333442 -0.0109042 0.0106762 -0.0149197 0.0440102 -0.0585585 -0.0179254 0.0246451 0.0096582 0.0252076 0.00718415 0.00377035 0.0461824 -0.0402331 0.0936474 -0.059035 0.372924 0.00250579 0.00872709 0.0307831 0.0355652 -0.00910041 0.0475221 0.00877668 -0.0401084 -0.111674 0.0374489 0.0199004 0.00747735 0.0050832 -0.0020124 0.0105697 0.0410059 -0.0932523 -0.0232975
internal_weight=245654 14290.9 231363 46590.1 5500.1 2716.92 2783.18 1040.5 184773 85571.9 47258.3 5005.15 38313.5 37474.4 1020.76 36453.6 42253.2 30364 11889.1 33791 26594.6 25766.3 618.959 25319 18263.2 15783.6 8058.16 7475.69 4591.28 7725.46 3949.54 1329.15 2479.56 4447.24 1529.14 7055.77 4793.88 3722.54 3688.12 1302.04 2918.1 582.475 2254.7 34.4247 99200.8 41734.5 5917.38 5045.09 1065.36 3979.73 1251.8 908.083 326.995 3775.91 7196.41 5003.84 35817.2 57466.2 12264.1 3114.05 1461.56 2261.89
internal_count=22790822 2592340 20198482 3619006 276042 202971 73071 29367 16579476 10605332 9587384 5894012 1017948 996491 39043 957448 3693372 2544651 1148721 902951 717681 638649 12386 2421649 971440 684798 317918 299995 177800 366880 178635 51787 286642 174777 29098 1450209 320980 214559 213021 24438 145679 17923 119893 1538 5974144 4233570 982558 123002 20589 102413 32214 16949 7032 188245 185270 141304 3251012 1740574 1079229 343995 143513 1129229
is_linear=0
shrinkage=0.1


Tree=83
num_leaves=63
num_cat=0
split_feature=32 27 16 7 21 7 22 32 7 33 0 9 7 20 7 7 20 33 34 0 7 11 17 7 4 20 7 11 9 9 32 7 18 11 7 0 4 3 20 7 20 24 20 0 3 9 11 20 29 30 25 31 9 22 3 34 7 4 27 2 7 7
split_gain=192.204 408.692 278.695 191.088 184.962 438.437 347.222 243.596 320.262 255.062 208.7 208.651 382.072 266.707 269.786 242.503 294.226 247.78 223.603 183.621 443.878 182.394 164.021 162.52 241.596 214.59 397.1 411.611 472.423 371.173 355.789 340.3 327.671 266.191 230.619 557.823 225.63 225.847 224.345 211.379 185.696 237.309 177.253 160.092 170.921 157.784 157.741 152.333 152.177 168.581 151.095 238.029 170.365 147.783 315.54 303.448 234.744 147.325 145.037 236.201 336.963 151.299
threshold=12.500000000000002 8.5000000000000018 5.5000000000000009 83.384460449218764 1.0000000180025095e-35 65.724277496337905 1.0000000180025095e-35 11.500000000000002 98.421009063720717 0.077540099620819106 99.473682403564467 0.17424242943525317 95.093433380126967 0.701715648174286 97.03556060791017 97.613353729248061 0.76937416195869457 0.14803379774093631 1.614228427410126 99.473682403564467 inf 1.0000000180025095e-35 1.0000000180025095e-35 40.783086776733406 0.80953791737556469 0.97196012735366832 92.60501861572267 1.0000000180025095e-35 0.23611111193895343 0.64583334326744091 11.500000000000002 97.15900039672853 2.5000000000000004 1.5000000000000002 99.781658172607436 21.132376670837406 0.72985523939132702 39.173061370849616 0.7237171232700349 79.18729400634767 0.34439919888973242 2.5000000000000004 0.9027962088584901 25.14367771148682 36.055555343627937 0.29285715520381933 1.0000000180025095e-35 0.11798351630568506 22.500000000000004 15.500000000000002 1.5000000000000002 0.79432788491249096 0.89898991584777843 1.0000000180025095e-35 58.123168945312507 0.99999985098838817 64.536544799804702 0.57502436637878429 1.5000000000000002 79.743591308593764 62.538343429565437 82.61890029907228
decision_type=2 2 10 8 2 8 2 2 8 2 2 10 10 2 10 10 2 2 2 2 8 2 2 10 2 2 8 2 8 10 2 10 8 2 10 2 2 2 2 10 2 2 2 2 2 10 2 2 2 2 2 2 10 2 2 2 10 2 2 2 8 10
left_child=4 2 58 -4 5 6 -1 8 11 10 22 15 18 14 -14 17 -17 -7 -13 23 46 -9 -10 24 -6 26 27 28 39 30 40 38 33 34 -27 36 37 -36 -28 53 41 -29 -42 -24 -45 -35 -21 -26 49 -34 52 -52 -30 54 -25 56 -56 -39 59 -2 -61 -62
right_child=1 -3 3 -5 19 7 -8 21 9 -11 -12 12 13 -15 -16 16 -18 -19 -20 20 -22 -23 43 25 47 32 31 29 50 -31 -32 -33 48 45 35 -37 -38 57 -40 -41 42 -43 -44 44 -46 -47 -48 -49 -50 -51 51 -53 -54 -55 55 -57 -58 -59 -60 60 61 -63
leaf_value=-0.061600079915745065 -0.011211755158339082 -0.032412484675650582 -0.064210887882115542 -0.011698040716462181 -0.070723576168855801 -0.0001307616283066381 0.02682332615734391 0.0022866145438213163 -0.056997953887074841 0.015002734593152996 0.097508268533147854 0.0021932858663554662 -0.013218447415630856 -0.025692618051309731 0.065853743016776586 0.052556663283050253 -0.017580338191169897 -0.0214515851461482 0.031190624818040191 0.086344774425724913 -0.0017066746131794324 0.032371050252210584 0.0094129414083365462 -0.072763375579597389 -0.0073567886508938991 -0.0059822880050782725 0.047803022950221263 0.032880947267030274 -0.0023308574996021782 0.043029898905940459 0.025002672985115926 -0.02941448155538547 -0.016560159111757383 -0.010777846331123619 -0.010493235434095426 0.048509028380920263 0.10239014354732999 -0.11957798643182989 0.018290561213918782 0.073612073885480814 -0.010132321692036298 -0.021123412443115289 0.020498389470773568 -0.052540685349236275 -0.0054383092233967617 0.080659597179283268 0.034493953111192951 0.088005776573199537 -0.046534485614402606 0.10470364323175135 0.025958196916665156 -0.015557785705682571 0.045840022221227732 0.12677108271340692 0.1815590250817998 -0.027112243579887181 0.038493510773578099 0.025683885904494053 -0.0062807362463566932 0.11422596620833997 0.034445000566721826 -0.00038816102386625976
leaf_weight=2060.3374491827635 2609.1741472696249 5551.375111828027 1004.9778095999427 2231.8583390512213 606.95877452578861 7481.3214070257236 566.11298667403025 4633.483566337105 547.5212378372089 14582.153038734308 208.76441706024343 16199.479072946197 1138.1684549077181 7682.1644343954831 694.95681975546177 1197.5069658581633 1194.967536602664 20082.701492719279 3181.5333889405592 852.53708132703014 3966.83357720403 3566.3412785234977 8208.2372965106624 328.8550001783733 9146.575170567623 15739.825409240337 3647.9546472850052 2481.810276713004 1249.2560460388631 1806.9355628503254 4042.9677822015947 1171.6566117659677 3744.0904113691504 264.16333842786116 1137.665854588151 2677.4516564307269 130.08585908910027 382.22568647935987 8763.5803688426095 1899.8294998639903 33296.988266531938 1210.5894808524317 2002.8469471555582 820.95532496555825 12507.322266252711 660.78594279685058 1881.7669192211588 170.63437928118219 2054.1276592096183 118.26363081611635 2101.9246021332074 4026.5976123868531 1780.7655552117503 120.0246245743183 188.80196090060781 356.25972553605243 292.17421507131075 85.422885316191241 6882.5076131012829 395.96969881870427 2708.3978233666276 2310.9076516900677
leaf_count=3046387 694003 1652173 902403 50864 1281007 278838 118902 76288 21009 416409 238409 696456 28342 176567 23716 15871 18810 1141011 146320 427281 33723 57215 105381 573855 2567226 655843 89147 458065 61993 32047 433795 27623 221378 22138 10526 136855 3152 2725 195693 142781 2119561 195357 40642 38793 673732 12438 499555 17890 111794 3708 180891 712343 97796 9858 32316 23850 6152 767 585420 58096 48165 37746
internal_value=-0.00011056 -0.00866968 -0.0014052 -0.0280023 0.000807367 -0.00219047 -0.042541 -0.00117074 -0.00258768 0.00471952 -0.00200692 -0.0071661 -0.00110361 -0.0175144 0.0167586 -0.013014 0.0175254 -0.0156648 0.00695341 0.00359987 0.0196611 0.0153712 -0.00294766 0.00260042 -0.00959263 0.00383816 0.00673167 0.00308094 0.0192507 -0.00137038 -0.00323463 0.0221016 -0.0037477 0.00208951 -0.000318055 0.0198852 -0.0242769 -0.0345413 0.0269648 0.052419 -0.00616246 0.0151751 -0.00839439 -0.00157354 -0.00833958 0.0545453 0.0506607 -0.00561033 -0.0245429 -0.0128471 0.00771255 -0.00131888 0.0259795 0.0211128 0.0102375 0.0428392 0.0946523 -0.0930438 0.00436998 0.013505 0.025414 0.0184077
internal_weight=244638 23695.2 18143.8 3236.84 220943 106554 2626.45 103928 95727.8 36875 22292.8 58852.8 28896.3 9515.29 1833.13 29956.5 2392.47 27564 19381 114389 6701.14 8199.82 22084 107688 9924.17 97763.9 70769.8 57186.6 12344.5 44842.1 43035.2 13583.2 26994.1 21077.6 20152.7 4412.85 1735.4 1605.31 12411.5 3185.95 38992.2 3692.4 35299.8 21536.5 13328.3 924.949 2734.3 9317.21 5916.48 3862.35 9158.54 6128.52 3030.02 1286.12 1166.09 837.236 480.976 467.649 14907 8024.45 5415.28 5019.31
internal_count=22789097 4028870 2376697 953267 18760227 7318456 3165289 4153167 4019664 1493733 1077324 2525931 1071401 228625 52058 1454530 34681 1419849 842776 11441771 960559 133503 838915 10481212 3866123 6615089 5433765 5121302 1841835 3279467 3247420 312463 1181324 844444 809868 154025 17170 14018 284840 788812 2813625 653422 2160203 817906 712525 34576 926836 2585116 336880 225086 1053023 893234 159789 646031 636173 62318 38468 3492 1423430 838010 144007 85911
is_linear=0
shrinkage=0.1


Tree=84
num_leaves=63
num_cat=0
split_feature=11 29 32 11 32 8 1 2 25 29 30 19 35 24 2 35 34 27 8 28 25 3 1 27 13 8 28 1 28 29 35 0 27 19 25 4 0 26 1 16 30 30 16 25 24 24 20 1 2 0 10 0 34 29 27 25 1 20 24 2 0 8
split_gain=184.431 178.11 435.345 246.276 151.081 143.941 143.864 225.896 228.5 134.05 132.062 248.984 252.318 247.006 392.295 229.144 512.76 686.582 455.777 431.632 290.679 325.125 300.793 364.969 392.751 550.106 560.611 278.646 244.887 243.688 229.638 213.413 372.741 577.56 351.47 252.796 210.527 199.079 198.168 191.659 398.452 270.363 267.099 197.953 311.01 292.716 189.023 225.725 207.067 185.884 275.295 196.075 178.457 172.623 170.645 168.384 166.544 182.093 162.073 176.54 319.638 156.577
threshold=3.5000000000000004 15.500000000000002 6.5000000000000009 1.0000000180025095e-35 17.500000000000004 78.802806854248061 5.0316455364227304 5.1615052223205575 3.5000000000000004 11.500000000000002 11.500000000000002 0.31547448039054876 19.500000000000004 2.5000000000000004 93.788581848144545 2.5000000000000004 1.376484811306 11.500000000000002 65.559993743896499 1.5000000000000002 1.5000000000000002 94.826045989990249 73.942821502685561 1.5000000000000002 1.0000000180025095e-35 65.559993743896499 8.5000000000000018 61.633426666259773 4.5000000000000009 17.500000000000004 3.5000000000000004 89.943820953369155 14.500000000000002 0.21950221061706546 2.5000000000000004 0.95007002353668224 93.40579986572267 1.0000000180025095e-35 98.529094696044936 6.5000000000000009 7.5000000000000009 3.5000000000000004 3.5000000000000004 3.5000000000000004 2.5000000000000004 2.5000000000000004 1.0000000180025095e-35 94.185260772705092 96.824596405029311 99.473682403564467 1.0000000180025095e-35 95.904388427734389 1.0415838956832888 17.500000000000004 1.5000000000000002 3.5000000000000004 99.473682403564467 0.094115942716598525 2.5000000000000004 54.692083358764656 66.343040466308608 51.972951889038093
decision_type=2 2 2 2 2 8 2 2 2 2 2 2 2 2 2 2 2 2 8 2 2 2 2 2 2 10 2 2 2 2 2 2 2 2 2 2 2 2 2 8 2 2 10 2 2 2 2 2 2 2 2 2 2 2 2 2 2 2 2 2 2 8
left_child=1 2 9 -4 6 -6 7 8 -3 -1 11 12 13 14 -8 19 17 20 -19 53 21 54 -22 24 36 26 52 -23 -18 -21 -30 -12 33 34 35 -33 39 -29 -27 41 -41 42 43 44 -24 -45 -15 48 -48 51 -51 -31 61 -13 -17 -49 57 -34 59 60 -39 -26
right_child=-2 4 3 -5 5 -7 10 -9 -10 -11 31 15 -14 46 -16 16 28 18 -20 29 22 27 23 -25 25 38 -28 37 30 49 -32 32 56 -35 -36 -37 -38 58 -40 40 -42 -43 -44 45 -46 -47 47 55 -50 50 -52 -53 -54 -55 -56 -57 -58 -59 -60 -61 -62 -63
leaf_value=-0.020442204990100257 -0.098691538905890899 0.028807473787325268 0.021734421955791713 -0.034777132647160744 -0.061703019258715089 -0.0010075153175327859 -0.015411693977534478 -0.12372211387184942 -0.10850822095610856 0.033135982951863249 0.0014302898451547775 0.047829105163830703 0.033324967067013982 -0.045579417499935611 -0.076149142932369226 0.16450505170362412 -0.034631046879333431 -0.062633097289474957 -0.0063669891080350861 0.03240039065098884 -0.05513990069765784 -0.040752663677056086 -0.052184373414586753 -0.0037645723477621774 0.13121856748460078 -0.061362938649597187 -0.20822280814120139 -0.037549696142846672 0.0033406070934574256 0.0048230142627217129 -0.024875870596675662 -0.074406782900201737 -0.10161027361341449 0.062736580530528815 0.040089752312739778 -0.0080381526901528912 0.060143329407150836 0.126613503918653 0.01528556203907968 -0.093455994030060469 5.0637573057319896e-05 0.028263577042196633 -0.10471105298111834 0.14704803545903092 0.042648843665898745 -0.059785210303750717 -0.0023542623087667806 0.05894353222865345 -0.13142510210757691 0.010929569589684388 0.07383580568105684 -0.090975257953209335 0.033940878339798773 -0.02545774441580801 0.031552720539283513 -0.0020246501581247887 -0.027084796334493164 0.10099772767284945 -0.10332008086943896 0.028461053785391651 -0.0060314390056306205 0.07127884684718043
leaf_weight=508.13615406728059 190.06237133589457 438.71293510726537 1170.2180774378357 2261.4247779818979 789.94503374831402 773.13438842789037 16971.708271190044 240.15489301348862 167.43409200136375 5764.476094862941 79929.472456844669 342.95515706911101 1305.8716121840989 909.08372549432534 1134.4922901426544 251.25584516381059 6030.5973753725702 2519.5261898211756 3358.9675553834531 4044.4317356278771 874.2063536175192 645.1319509266541 477.32453570296639 22533.748201077367 621.4697167054037 418.72074233554304 72.319245360056811 400.54912521016377 6200.2221130476682 32513.486037811093 5393.098451436992 919.09116069375887 46.751401558598445 1423.516839726115 901.05768021110998 1528.1233080891689 632.953104333581 528.63272999502806 1734.8404688381124 609.7161471761865 1804.2098164259514 3486.1193915116091 286.71358038125618 74.875427175706136 1255.2660482421634 794.08663724883081 11003.069776631695 1096.3028695299072 125.71538964241336 2472.6952448043266 968.03468278772925 215.06558044366102 813.34712534928258 5113.6819958576816 156.77652514651709 771.98169011619757 138.40107834184164 866.77439489223616 81.305503590228909 3088.9044495127455 276.78696422140638 1458.8121988758794
leaf_count=34777 454265 12954 112727 286675 331844 18601 1675602 16857 31889 358800 6792830 19215 204014 867263 23972 40897 167456 2243634 98831 317154 932723 421526 26347 1932868 26592 6775 5725 40977 134714 1502893 115823 11003 11451 53470 29758 18998 17599 107340 23719 88649 78820 177605 38440 2246 47744 28944 1159583 48827 1140 209573 479788 7424 14909 163973 41896 25949 3308 39879 70434 455670 26336 47779
internal_value=-0.000222429 -0.000145644 0.0131295 -0.0155062 -0.000696106 -0.0316817 -0.000487765 -0.0416426 -0.00912281 0.0287957 -0.000337393 -0.0021682 -0.00976163 -0.0115192 -0.0192174 7.96702e-05 -0.00364894 0.00158859 -0.0304827 0.00553992 0.00593481 0.0275768 0.00283848 0.00420559 0.0165569 0.0388518 0.066784 0.020601 -0.0182872 0.00912101 -0.00978542 0.00277687 0.0212584 0.0093801 -0.0133044 -0.032964 0.00444188 0.0296458 0.000382658 0.000430147 -0.0235675 0.00951786 -0.0131081 -0.00301266 0.0165225 -0.0419631 -0.00149609 0.00158733 -0.0038123 0.00651792 0.028628 0.00419351 0.0736572 -0.0208516 0.113421 0.0337513 0.0751414 0.0906289 0.0364158 0.0393332 0.0810293 0.0891854
internal_weight=243926 243736 9704.26 3431.64 234032 1563.08 232469 846.302 606.147 6272.61 231622 145869 33318.2 32012.4 18106.2 112551 66880.5 49256.6 5878.49 45670.4 43378.1 5429.34 37948.7 37074.5 14540.8 5119.51 2965.95 5021.31 17623.9 40213.7 11593.3 85753.2 5823.72 4771.79 3348.27 2447.21 9421.26 4376.18 2153.56 8788.31 2413.93 6374.39 2888.27 2601.55 1732.59 868.962 13906.2 12997.1 11128.8 36169.3 3440.73 32728.6 2893.63 5456.64 408.032 1868.28 1051.93 913.526 3975.63 3894.32 805.42 2080.28
internal_count=22789474 22335209 792979 399402 21542230 350445 21191785 61700 44843 393577 21130085 14169388 4006350 3802336 1699574 10163038 7463018 7045025 2342465 2700020 4702560 1205076 3497484 2564761 631893 125499 95005 1122283 417993 2516832 250537 6960697 167867 113229 59759 30001 506394 700757 30494 488795 167469 321326 143721 105281 74091 31190 2102762 1235499 1160723 2199678 689361 1510317 89280 183188 82793 74776 54638 51330 659780 589346 133676 74371
is_linear=0
shrinkage=0.1


Tree=85
num_leaves=63
num_cat=0
split_feature=11 7 20 15 19 4 9 25 11 26 8 9 9 9 2 2 25 1 25 2 0 25 24 2 1 1 2 22 31 4 2 28 2 25 1 25 1 18 7 2 24 9 1 1 2 2 0 2 0 0 4 4 25 24 6 4 1 0 24 25 25 25
split_gain=169.375 145.005 184.742 194.754 193.062 150.299 146.437 134.576 202.77 129.88 238.427 286.775 163.92 128.084 125.38 181.979 471.237 207.608 1190.45 352.846 354.003 255.297 261.795 476.744 432.495 355.8 256.75 189.22 448.945 464 633.101 298.998 285.876 266.136 249.728 249.705 907.443 764.85 243.569 194.388 189.406 185.407 183.886 181.59 300.174 203.27 320.566 180.846 435.095 335.705 315.286 268.355 297.579 319.775 285.26 249.688 361.681 641.312 321.462 568.933 287.169 248.313
threshold=3.5000000000000004 39.907407760620124 0.094115942716598525 1.0000000180025095e-35 0.63350856304168712 0.99772727489471447 0.58571431040763866 5.5000000000000009 1.0000000180025095e-35 4.5000000000000009 50.882383346557624 0.81666666269302379 0.73214286565780651 0.15476191043853763 1.0000000180025095e-35 3.6700336933135991 4.5000000000000009 8.5410332679748553 3.5000000000000004 4.7065336704254159 6.9366478919982919 2.5000000000000004 2.5000000000000004 5.1615052223205575 7.7422575950622567 7.2508215904235849 8.3920187950134295 1.0000000180025095e-35 0.9999997913837434 1.0000000180025095e-35 29.925373077392582 1.0000000180025095e-35 12.632978916168215 3.5000000000000004 14.415584564208986 1.5000000000000002 66.274509429931655 3.5000000000000004 84.240093231201186 8.3920187950134295 3.5000000000000004 0.81666666269302379 17.467581748962406 5.0316455364227304 5.1615052223205575 6.2019231319427499 5.5946791172027597 62.145593643188484 59.67530822753907 85.553771972656264 0.64624932408332836 0.92382782697677623 2.5000000000000004 1.5000000000000002 1.0000000180025095e-35 0.79166349768638622 93.127067565917983 63.702239990234382 2.5000000000000004 2.5000000000000004 2.5000000000000004 3.5000000000000004
decision_type=2 8 2 2 2 2 10 2 2 2 10 10 10 10 2 2 2 2 2 2 2 2 2 2 2 2 2 2 2 2 2 2 2 2 2 2 2 8 10 2 2 8 2 2 2 2 2 2 2 2 2 2 2 2 2 2 2 2 2 2 2 2
left_child=1 2 6 -4 5 -5 -1 9 -9 14 -11 12 -12 -6 -3 16 -16 18 19 20 -17 43 23 24 -23 -25 -24 31 -29 33 -31 -19 42 39 40 -34 37 38 -37 -30 -35 -27 -33 44 -21 -45 -47 48 -38 51 -49 52 -50 54 61 56 57 -52 59 -59 -60 -54
right_child=-2 7 3 4 13 -7 -8 8 -10 10 11 -13 -14 -15 15 17 -18 27 -20 21 -22 22 26 25 -26 41 -28 28 29 30 -32 32 35 34 -36 36 47 -39 -40 -41 -42 -43 -44 45 -46 46 -48 50 49 -51 55 -53 53 -55 -56 -57 -58 58 60 -61 -62 -63
leaf_value=-0.063142820995090665 -0.098725417190281231 -0.020795023553997174 -0.017433756265202934 0.3895199132296206 0.55835352341188582 1.6149464868852386 0.10832906287196567 0.020254217397473781 -0.057376608417422349 0.021076489678027294 -0.045786394813767978 0.0012225835473835993 -0.13156125115027484 0.061635101657803441 0.061444704799691191 -0.021513886916424627 -0.0244278119975062 -0.024123303319567413 -0.093720315551356875 0.07688187729078183 0.11112831470423067 -0.11788570139864735 0.14350972735971546 0.0086183598190296817 0.048916917803571144 -0.13127340113625516 -0.060027519910473705 0.050823078901933452 0.021901444521681177 -0.1326641582348681 0.040529231135061052 -0.0063499084565826914 0.0079021923523435126 0.0023327172997720047 0.071954977698663755 -0.069658190800580236 0.031555313055809095 -0.069952947947952246 0.007427401015968259 0.083141701281172695 -0.19579368665468685 -0.28179883689224761 -0.064038457576944222 0.089301662399083021 -0.12105491538179279 -0.17132899952370081 0.024260485190242487 0.061546095255957833 -0.067738205457012715 0.034424021382620455 0.029492002593772184 0.099549415479255915 0.32557249325350218 -0.024650093485118388 0.085417145754014059 0.0020182001171112343 0.023114732275036586 -0.096346917998036852 0.055699919172742335 0.086281813483084141 -0.13441831972478577 1.2622747670459344
leaf_weight=996.87736508232774 173.75418752621044 2672.2137212698581 412.11612543663068 11.051402640980083 5.4255301846424109 1.1005497456062592 52.42323788657086 520.70948564491846 950.88129169632884 1211.091581306071 1428.3758152820228 1468.9906214244256 263.97350109051331 120.22629335490637 1592.9633174488263 308.75697237895656 1067.1514478848549 4958.1737895417318 1532.3307321022367 119.47105522534548 577.6333541689819 224.34876254946721 144.7117445770491 143.86426048758585 506.11814196148771 282.27538133862254 108.40068628629524 2355.005937770904 2268.5340213889722 546.48859852190799 343.8697096033211 1112.1831774507518 42664.505726476549 19409.640091889865 521.59940786916559 475.22626930961997 1446.0938666641814 3403.0114396747595 2981.7643372055609 671.81216031191434 48.371516167404479 115.23408482999366 1098.0947067841262 439.30825754802936 213.58999716536346 90.175963489396963 1184.5273604525646 874.42363364546327 2475.2556334725377 658.62746923622763 779.19136220883229 127.88601776169526 12.805061894388929 1100.0796602952614 107.92420951034001 130891.04518027104 1098.5184094157521 469.9242205462433 87.222831859980943 267.77910387307202 891.45862386897352 3.6330027412186601
leaf_count=6670657 454200 100522 461486 3302 1045 45 4288 56024 63321 82512 58600 41238 4071 1808 33666 8053 39887 490086 89601 2196 9076 8904 3566 5655 8653 13261 4795 40802 40202 25412 6032 38417 2230215 373121 8705 567219 136155 4523907 461718 9467 1122 1570 143397 7367 14328 3664 26485 40819 167776 14856 39416 2461 1556 67021 3946 4942221 67699 14388 5553 6925 35777 249
internal_value=-2.88293e-05 4.17668e-05 -0.0299707 0.0169786 0.119892 0.500501 -0.0545761 0.000240661 -0.0299076 0.000425638 -0.0166515 -0.0311048 -0.0591656 0.0830829 0.000742737 0.000989959 0.0269954 0.000689371 -0.0176825 0.00845117 0.064925 -0.00556267 -0.0365372 -0.055021 -0.00231328 -0.126139 0.0563406 0.00118039 0.00917259 0.00505307 -0.0657743 0.000124153 0.000746985 0.00780446 0.00367064 0.00116117 -0.000780096 -0.0362984 -0.00316942 0.0358937 0.00184019 -0.174909 -0.0350103 0.0175116 -0.0500538 0.0306406 0.010424 0.00094439 -0.0161451 -0.0315209 0.00169336 -0.0428683 -0.0477912 -0.00746762 0.144525 0.00130419 -0.0246987 -0.0457455 -0.0799013 -0.0300545 -0.117474 0.532595
internal_weight=243090 242916 1599.22 549.92 137.804 12.152 1049.3 241317 1471.59 239846 4372.43 3161.34 1692.35 125.652 235473 232801 2660.11 230141 5990.75 4458.42 886.39 3572.03 1524.95 1271.84 730.467 541.374 253.112 224150 26165.3 23810.3 890.358 197985 193027 22920 19979.6 190816 148152 6860 3456.99 2940.35 19458 397.509 2210.28 2047.07 333.061 1714.01 1274.7 141292 5932.3 4486.21 135360 3827.58 3699.7 1224.44 124.362 134485 3594.09 2495.58 1716.38 737.703 978.681 16.4381
internal_count=22790486 22336286 7142631 467686 6200 3347 6674945 15193655 119345 15074310 186421 103909 62671 2853 14887889 14787367 73553 14713814 207174 117573 17129 100444 46404 38043 17557 20486 8361 14506640 504863 464061 31444 14001777 13511691 432617 382948 13329877 11099662 5552844 1028937 49669 374243 14831 181814 54040 16524 37516 30149 5546818 394020 257865 5152798 243009 240548 72772 5751 5111979 169758 102059 62643 21313 41330 1805
is_linear=0
shrinkage=0.1


Tree=86
num_leaves=63
num_cat=0
split_feature=29 7 33 30 29 32 8 13 7 0 29 32 18 11 32 29 27 2 25 0 35 35 28 11 34 25 16 34 1 7 22 35 26 34 30 32 29 17 35 32 33 28 9 18 28 35 8 27 35 28 21 32 18 35 28 27 7 35 16 7 9 28
split_gain=158.719 224.706 242.791 186.729 244.729 177.518 176.943 213.473 161.753 156.112 143.051 381.388 304.527 217.002 187.809 184.856 330.78 261.703 315.835 366.905 219.193 209.598 201.453 205.246 305.385 233.372 202.454 194.709 209.456 190.153 182.162 169.659 164.351 163.572 204.374 155.014 192.8 308.653 235.93 171.119 149.152 147.274 144.562 212.143 142.77 223.98 168.038 140.407 138.818 135.954 135.626 135.042 393.029 207.544 131.778 129.156 129.036 128.249 126.561 124.454 181.387 379.28
threshold=28.500000000000004 81.270160675048842 0.67230302095413219 14.500000000000002 21.500000000000004 5.5000000000000009 27.490458488464359 1.0000000180025095e-35 40.783086776733406 12.59920644760132 15.500000000000002 5.5000000000000009 4.5000000000000009 1.0000000180025095e-35 3.5000000000000004 21.500000000000004 3.5000000000000004 4.9390244483947763 4.5000000000000009 9.8563041687011737 2.5000000000000004 19.500000000000004 1.0000000180025095e-35 1.0000000180025095e-35 1.5130249857902529 4.5000000000000009 1.5000000000000002 0.99999997019767772 98.529094696044936 79.71521377563478 1.0000000180025095e-35 1.5000000000000002 2.5000000000000004 1.6996099948883059 12.500000000000002 2.5000000000000004 18.500000000000004 1.0000000180025095e-35 2.5000000000000004 13.500000000000002 0.098317801952362074 2.5000000000000004 0.89898991584777843 3.5000000000000004 1.5000000000000002 1.5000000000000002 67.615768432617202 1.5000000000000002 2.5000000000000004 123.50000000000001 1.0000000180025095e-35 3.5000000000000004 2.5000000000000004 3.5000000000000004 2.5000000000000004 1.5000000000000002 85.645603179931655 2.5000000000000004 6.5000000000000009 54.067844390869148 0.21111111342906955 5.5000000000000009
decision_type=2 8 2 2 2 2 8 2 8 2 2 2 10 2 2 2 2 2 2 2 2 2 2 2 2 2 8 2 2 8 2 2 2 2 2 2 2 2 2 2 2 2 8 8 2 2 10 2 2 2 2 2 8 2 2 2 10 2 8 10 10 2
left_child=3 2 49 6 5 -5 7 -1 -8 -3 11 12 -10 47 -14 16 17 18 -12 -20 42 22 30 24 25 40 44 -22 29 -29 31 -19 -26 34 -18 57 38 39 -37 41 -24 -38 43 -17 -25 -46 56 58 54 -2 -4 52 53 -40 -48 -43 -47 -28 -13 60 61 -9
right_child=1 9 50 4 -6 -7 8 59 10 -11 15 13 14 -15 -16 20 33 21 19 -21 27 -23 23 26 32 -27 35 28 -30 -31 -32 -33 -34 -35 -36 36 37 -39 51 -41 -42 55 -44 -45 45 46 48 -49 -50 -51 -52 -53 -54 -55 -56 -57 -58 -59 -60 -61 -62 -63
leaf_value=0.011084449460705996 0.0060443076663758552 -0.025418825638806195 -0.085613253000097991 0.052259849591279287 0.0053635779448680141 -0.0037048831697112719 -0.039727643261090101 0.77218411610080528 0.02073290265967611 0.00015804697397163916 -0.084799456256198835 0.08770894299148782 0.032373823540401421 -0.026044893928577131 0.14459738713150797 -0.0045994256656756655 -0.024104409052903161 -0.064113668258914125 -0.080566657686352475 0.10234732913392293 0.0046239233197559217 0.079587591936057245 -0.0048043486491953285 -0.031581513083512557 0.073269170751640314 0.047892998632649154 -0.0015248864033181597 -0.06182787068459205 0.0017143308589292949 -0.014207340072758912 0.021398808584588359 -0.016758429075514173 -0.034741082602546415 0.0065482467212660093 -0.00020537327898179924 0.032928448687597443 0.00061489447310067143 -0.011302974097265312 -0.054869984278755848 -0.0207798150360878 0.0089427211341280757 0.053076603173207539 0.03175391097695307 0.018223490330833435 0.011085050463755498 0.021930027738868822 -0.030823285794029615 -0.018112417050968926 -0.038566023809559279 -0.047572798271499482 -0.033163255708639913 -0.019798843971446812 0.10538695819338456 0.027488112921734694 0.0057382424586729878 0.01864693474804718 -0.019191865468007503 0.023051681160011064 0.0073331725719889985 0.053286949319768274 0.10252100104723738 0.12684114699714796
leaf_weight=1053.9373293167519 1966.4482641594514 2747.8530289946357 780.92716827795812 2074.1129394337986 17323.821713228041 779.89513822535082 1046.8939676415248 13.947625429992511 4782.9203375931465 18141.79125652228 784.20674486972712 413.40619543362845 263.37461965515104 2921.1216511363236 343.76829232591263 7187.6745737549318 13977.621220862442 1079.5260400558618 197.95454459454777 245.86990168437478 30458.02553813353 328.26357564644422 13532.630826017175 3074.535085170457 969.51438759933808 1212.6922633010472 3676.1752640608574 930.50392576219747 10315.870857595248 8482.7629486632213 815.75335221148271 2528.7857980895787 164.82911634841003 3176.8972753671114 4809.3688797552823 1096.9052310749685 1621.1026448927369 5637.5384268614944 631.57332717127429 884.41755522516178 18936.345997655681 2186.4128896517686 3133.1717449299613 9397.8123263948546 4381.4771168521838 1727.3188683116605 1835.0838866653503 501.30774825132539 3472.4009940989781 622.66159213969513 1337.1826794499066 10145.022544734406 348.50617740669986 593.5377075422075 2130.1172282220796 2171.8613952556989 1366.931760159554 5026.5693661998812 372.3648533141095 243.97281686362112 109.84350124461344 26.241279834757734
leaf_count=822898 386041 39340 765801 119304 1374558 210274 5546808 14267 284675 548816 82475 23507 21690 185060 21985 122891 753508 42854 23973 6172 2043105 31740 579302 54581 647227 76262 66985 201929 384942 215280 16980 324245 70134 200321 371122 14658 198258 613844 11639 113383 1437884 99040 397151 223689 54619 50507 19493 20643 37756 71700 1121368 1057730 21886 19225 23452 111250 13864 179185 77702 6623 2097 111159
internal_value=-0.000206651 -0.00765402 -0.0273917 0.000672049 0.00983362 0.0369668 -0.000267442 0.0345613 -0.000525635 -0.00320637 -0.000314383 0.0115884 0.0292016 -0.0109715 0.0959155 -0.000933019 -0.00340224 -0.000790495 -0.0466476 0.020764 0.00312083 -0.000175552 -0.0004625 0.000598141 0.00654054 0.00482181 -0.00337995 -0.000389107 -0.00812827 -0.0189146 -0.0212779 -0.0309261 0.0575744 -0.0144376 -0.0179864 0.0011569 -0.00280081 0.00603486 -0.0114198 0.0202752 0.00321313 0.0263477 0.0120542 0.00833269 -0.0119603 -0.00791519 -0.0158197 0.0232388 -0.023967 -0.00685021 -0.0525011 -0.015571 0.0116857 -0.0149694 -0.0111823 0.0359192 0.00376381 0.0126702 0.0496201 0.0973602 0.169029 0.350808
internal_weight=242541 25596.9 4707.22 216944 20177.8 2854.01 196767 1447.94 195319 20889.6 194272 9598.26 5390.06 4208.2 607.143 184674 114768 92803.9 1228.03 443.824 69905.8 91575.8 91247.6 86823.5 34816 33681.7 52007.5 50187.2 19729.1 9413.27 4424.07 3608.31 1134.34 21963.9 18787 34019.6 25316.9 12501.3 12815.5 6863.79 32469 5979.38 19718.7 16585.5 17987.9 14913.3 10531.9 1287.08 7437.6 2589.11 2118.11 11718.6 1573.62 1225.11 3965.2 4358.27 3094.25 8702.74 785.771 394.005 150.032 40.1889
internal_count=22790857 2933066 2344910 19857791 1704136 329578 18153655 957044 17196611 588156 11649803 635262 328350 306912 43675 11014541 7425554 6100603 112620 30145 3588987 5987983 5956243 5572164 2810809 2093448 2761355 2845256 802151 417209 384079 367099 717361 1324951 1124630 2507083 2260913 1135775 1125138 521931 2017186 408548 743731 346580 254272 199691 145072 121852 80701 457741 1887169 1110480 52750 30864 42945 210290 64371 246170 101209 134146 127523 125426
is_linear=0
shrinkage=0.1


Tree=87
num_leaves=63
num_cat=0
split_feature=21 8 33 8 16 27 1 8 6 8 0 13 32 34 1 35 34 8 34 3 20 15 4 28 25 1 20 34 3 0 24 24 19 28 3 35 20 32 20 18 19 18 32 1 32 18 18 32 1 3 35 18 25 18 32 1 9 8 8 35 18 32
split_gain=155.588 198.735 549.39 236.765 217.295 160.499 173.664 172.143 190.969 151.625 432.308 201.88 264.833 242.303 173.81 168.378 165.698 220.536 149.001 144.836 143.533 291.6 201.801 272.363 254.968 203.396 142.64 139.714 179.759 132.925 120.882 120.718 235.508 321.867 157.184 132.228 128.796 119.612 203.967 627.477 430.33 200.363 877.613 307.303 193.691 700.285 184.382 738.62 444.62 180.887 175.039 147.343 140.657 173.788 516.39 173.324 139.359 133.161 124.545 124.322 117.303 290.106
threshold=1.0000000180025095e-35 98.421009063720717 0.77526462078094494 92.11072158813478 1.5000000000000002 1.5000000000000002 20.169491767883304 77.234550476074233 1.0000000180025095e-35 73.92334365844728 91.922958374023452 1.0000000180025095e-35 13.500000000000002 0.99999985098838817 99.473682403564467 10.500000000000002 0.32470427453517919 96.788921356201186 0.7074088752269746 97.498435974121108 0.11798351630568506 1.0000000180025095e-35 0.94677290320396434 125.50000000000001 3.5000000000000004 63.224515914916999 0.87305861711502086 0.25720207393169409 97.100841522216811 92.390407562255874 2.5000000000000004 2.5000000000000004 0.21950221061706546 10.500000000000002 96.49015045166017 3.5000000000000004 1.0000000180025095e-35 3.5000000000000004 0.97196012735366832 2.5000000000000004 0.20508184283971789 3.5000000000000004 4.5000000000000009 64.051280975341811 2.5000000000000004 1.5000000000000002 4.5000000000000009 5.5000000000000009 62.563131332397468 94.494949340820327 2.5000000000000004 2.5000000000000004 1.5000000000000002 5.5000000000000009 6.5000000000000009 74.322341918945327 0.84523808956146251 94.55533599853517 88.103561401367202 3.5000000000000004 6.5000000000000009 7.5000000000000009
decision_type=2 8 2 10 10 2 2 10 2 8 2 2 2 2 2 2 2 8 2 2 2 2 2 2 2 2 2 2 2 2 2 2 2 2 2 2 2 2 2 10 2 8 2 2 2 10 8 2 2 2 2 8 2 8 2 2 8 10 10 2 8 2
left_child=1 2 3 4 -1 6 -4 8 -7 10 11 12 20 14 -13 31 17 -11 -5 -14 21 -2 27 24 25 -24 -6 28 -22 -28 -26 32 -12 36 -33 -35 -34 38 39 44 56 -39 43 -43 45 50 -44 48 -48 -47 -18 -40 -49 -54 55 -55 58 60 -41 -46 -56 -62
right_child=9 -3 5 18 26 7 -8 -9 -10 16 15 13 19 -15 -16 -17 37 -19 -20 -21 22 -23 23 -25 30 -27 29 -29 -30 -31 -32 34 33 35 -36 -37 -38 41 51 40 -42 42 46 -45 59 49 47 52 -50 -51 -52 -53 53 54 57 -57 -58 -59 -60 -61 61 -63
leaf_value=-0.0030429731363668905 0.02795423991655048 0.0053462492590194153 0.12791116739558375 0.024395398470529562 0.01867394770509816 -0.025443680165422308 -0.022626782347800016 0.017525248090613271 -0.086321359405487866 0.10816573408590036 -0.030853131785748673 -0.037334793728718174 -0.0012756914795710294 0.011752280804825198 0.10765212241610152 0.087051540268368921 -0.010295546413627864 -0.042059032453737329 -0.014936366958206432 -0.057719443983275921 0.10834680858991486 -0.051755665840740643 0.15934246994174342 -0.012687467216433221 0.16973679321682977 0.043281470616528282 -0.013625069036735391 -0.0013296956430123483 -0.094510309013274826 0.063188025058802097 -0.052284433011907328 0.081257383247741843 0.14539333383706865 0.043540175407123793 0.0016707804762596413 -0.01168608121501568 0.069603808031409295 -0.025877311304868717 0.0026282765901030356 0.024200701862024561 0.12889356002875227 0.02239658409274442 -0.029415451371243875 0.1401710107937551 -0.025401984072606455 0.055459926309802877 0.0055206785298360346 0.013779002325774409 0.17957542271961469 0.14193716036109749 0.021772875636436623 -0.018007298058071681 -0.039489347936088964 0.012032044114716277 -0.039781046494454686 0.17997853503033873 -0.039559030877838186 0.065229541789582901 0.12342728673200809 0.0093206674530561251 0.11484754774792708 -0.0059960803207741668
leaf_weight=56977.358072770992 700.50314712199179 23625.094439006571 81.878726389360963 1014.9974375473394 8449.1189371448127 784.48930879589534 1196.2249615139335 280.88060904861777 1501.5957195667943 104.52953438981785 430.15165624976908 101.72231430860484 724.84892493046209 8972.0308526654153 441.76418295565963 487.08483877131948 3769.8159918827878 1500.7001208823931 18861.703079726401 1219.4216444456251 227.9909123024554 1330.9255045696773 160.49854892778967 1489.0487990995898 26.33380851901893 2550.8096213007157 2640.8725552009419 23264.846807037007 54.035947504606156 246.29788968266803 356.6148986893968 277.01152320128313 300.60497519526507 1103.5025428918816 2382.5439731836777 714.10016378103319 882.47686682819767 3625.8076039344451 16557.57298249178 498.27413037330552 734.71076079652994 361.85760879964801 2589.9737280217232 571.36150062805973 2496.4814066399849 532.91160984558519 249.93688375636702 4056.433188258321 355.53207520308206 442.9153630133078 3103.1527901742083 4374.2862230862374 1478.5395192358847 88.545883625818533 1011.8462039626029 200.80274705693591 239.2328833724896 262.30637891826336 169.53236368467333 1756.7714839575638 200.14219980484631 26809.448532781375
leaf_count=4046899 587989 649442 13355 65830 340635 257601 918330 3576 1448074 2822 5832 43787 457035 1137030 71488 50711 85045 64060 505662 923195 17292 3231098 12742 52979 554 62284 109393 3870462 6962 72910 8768 10650 44929 304284 466049 378404 71385 93181 812914 43319 23598 34797 79408 14355 50488 17956 33562 116074 9290 14002 71850 219777 56833 24881 46085 4605 6345 7004 6728 47624 22832 536276
internal_value=-0.000185204 -0.00283529 -0.00493545 -0.00332219 -0.000527291 -0.0419371 -0.0129829 -0.0563535 -0.0654307 0.00224082 0.00665184 0.00288698 -0.000904532 0.0156797 0.0805155 0.0304754 -0.000479894 -0.0322767 -0.0129279 -0.0366765 0.00140139 -0.0242691 0.00325519 0.022453 0.0393637 0.0501518 0.0121168 -0.000481594 0.0694797 -0.00707232 -0.0370169 0.0259507 0.0383463 0.0482661 0.00996029 0.0218429 0.0888609 0.000186977 0.00453056 0.0139955 0.072008 -0.00341091 -0.00128053 0.0945037 0.0061256 0.0154385 -0.00367676 -0.0017564 0.107726 0.0947108 0.00418338 -0.00168409 -0.00369987 -0.0060592 -0.00432933 0.128584 0.0259302 -0.00568906 0.0493908 -0.0110601 -0.00635292 -0.00510062
internal_weight=242003 115661 92035.4 88190.3 68313.6 3845.07 1278.1 2566.97 2286.09 126342 48198.9 41621.4 32105.9 9515.52 543.486 6577.48 78143.4 1605.23 19876.7 1944.27 30161.6 2031.43 28130.2 4583.31 3094.26 2711.31 11336.3 23546.9 282.027 2887.17 382.949 6090.39 3430.84 3000.68 2659.56 1817.6 1183.08 76538.2 34675.7 13743.8 1641.75 41862.5 38236.7 933.219 12102 7848.8 37303.5 34713.5 605.469 975.827 6872.97 20931.9 34108.1 30051.6 28573.1 289.349 907.039 28283.7 667.806 4253.25 28021.4 27009.6
internal_count=22793327 8431707 7782265 5141329 4569837 2640936 931685 1709251 1705675 14361620 11815909 10483665 9231360 1252305 115275 1332244 2545711 66882 571492 1380230 7851130 3819087 4032043 137327 84348 75026 522938 3894716 24254 182303 9322 1281533 804834 799002 476699 682688 116314 2478829 1399646 366955 79990 1079183 986002 49152 286965 188853 936850 857442 42852 31958 156895 1032691 814590 698516 641683 29486 56392 612197 50047 98112 605193 559108
is_linear=0
shrinkage=0.1


Tree=88
num_leaves=63
num_cat=0
split_feature=21 24 8 33 11 8 16 35 30 0 8 11 9 4 0 33 26 8 11 8 3 0 2 34 2 34 4 26 8 11 35 2 8 4 3 18 34 9 8 9 22 3 4 0 27 34 20 27 0 2 26 35 0 19 22 4 34 30 0 14 0 31
split_gain=137.929 168.567 217.929 356.06 239.08 154.8 142.658 256.674 198.537 135.566 331.362 168.677 131.271 176.755 696.917 275.274 221.875 195.441 213.54 161.764 130.313 335.985 172.278 169.648 129.031 125.481 252.534 229.449 304.585 209.249 208.937 171.76 294.981 189.651 278.526 168.479 160.714 150.628 232.015 178.902 209.749 221.459 150.552 146.343 124.103 176.431 122.84 122.703 121.411 121.135 119.068 115.299 115.175 112.25 175.177 166.146 111.09 192.621 177.479 131.287 163.66 120.543
threshold=1.0000000180025095e-35 2.5000000000000004 98.421009063720717 0.7966996729373933 1.5000000000000002 92.965362548828139 6.5000000000000009 9.5000000000000018 7.5000000000000009 99.473682403564467 1.0000000180025095e-35 1.0000000180025095e-35 0.17424242943525317 0.82298949360847484 70.396453857421889 0.4495962262153626 2.5000000000000004 88.103561401367202 1.0000000180025095e-35 97.787567138671889 60.188678741455085 29.679679870605472 57.321428298950202 1.0000110864639284 27.842377662658695 0.99423140287399303 0.99772727489471447 1.5000000000000002 54.093206405639656 1.5000000000000002 18.500000000000004 23.940298080444339 99.797569274902358 0.72985523939132702 49.56140327453614 1.0000000180025095e-35 0.7602929174900056 0.64583334326744091 50.101215362548835 0.41428571939468389 1.0000000180025095e-35 58.434959411621101 0.57805734872818004 96.449581146240249 6.5000000000000009 1.137147128582001 0.8984227478504182 1.5000000000000002 68.614070892333999 89.825496673583999 4.5000000000000009 18.500000000000004 18.808961868286136 0.35919025540351873 1.0000000180025095e-35 0.9149737060070039 1.5882281064987185 12.500000000000002 92.805381774902358 inf 96.178188323974624 0.29988859593868261
decision_type=2 2 8 2 2 8 10 2 2 2 10 2 8 2 2 2 2 10 2 10 2 2 2 2 2 2 2 2 10 2 2 2 10 2 2 8 2 10 10 10 2 2 2 2 2 2 2 2 2 2 2 2 2 2 2 2 2 2 2 8 2 2
left_child=1 2 3 5 -4 56 9 -8 -9 25 -11 -12 19 14 20 16 17 46 -19 -3 21 -14 -23 24 -22 26 27 28 36 37 -28 33 43 34 35 -27 53 39 -39 40 41 -29 52 -33 45 -13 -15 -5 -21 -16 -40 -42 -36 54 55 -2 57 59 -58 61 -61 -1
right_child=6 12 4 47 -6 -7 7 8 -10 10 11 44 13 15 49 -17 -18 18 -20 48 23 22 -24 -25 -26 31 30 29 -30 -31 -32 32 -34 -35 42 -37 -38 38 50 -41 51 -43 -44 -45 -46 -47 -48 -49 -50 -51 -52 -53 -54 -55 -56 -57 58 -59 -60 60 -62 -63
leaf_value=2.0603755895150315e-05 -0.047986973372190836 -0.0040753683955776663 0.0046477615489312913 -0.0014234898374125809 0.17176118684463343 -0.01745361893826473 -0.00071691779703642803 -0.070637024800824497 -0.0037401310275975486 -0.0013962746613051587 0.078426343582576497 0.10959008040091807 0.011127080566722141 0.067732571729142474 -0.12901388591738575 -0.017535547153718408 -0.0095456744318392801 0.048731070945230243 -0.0090460357777186716 0.11139426741633203 -0.024659672207604753 -0.055314855564957681 0.095523096416733178 -0.0091581082654315655 0.083729078237866655 0.0096027092089565405 0.14641878052356963 -0.050248589552593016 0.02175457713213003 -0.03961211010037885 -0.060668666750283311 0.0010434276251445676 0.047366802325032611 0.092270004240890935 -0.14394134168844105 -0.01928648243696203 0.028934602664911824 0.070464349259870079 0.012355727048568153 -0.024669639531214482 0.0095321299529116423 0.0012769065591592453 0.0042509462579201213 -0.042975623869882462 0.00047669083434251092 0.02397451071644998 0.024219796802821752 -0.059856788277939811 0.020528679948390791 0.096361143543389871 -0.053811239796404897 0.055248465432406524 -0.057059215352922278 0.013626863896705591 0.011928919779719183 0.0014320334080749257 0.0015775687506130996 0.0013305552845615852 0.052334027019299692 -0.014100722902390625 -0.060181240707097294 0.071498875190182734
leaf_weight=3020.5703230142062 2066.7822557674808 22371.864199301403 14051.082426147863 453.3768112307007 86.134093705273699 10800.642242898735 5627.7241180949677 1101.8121616500284 742.66899051873406 4489.3622300326906 873.70787783306878 336.5501184857776 5562.5441232221419 2061.8415323032241 460.37369824881898 1633.3770629389765 1273.236430913501 1149.3718298834865 1442.5365704738069 184.29223677856498 132.77236666032695 1195.5498665209961 80.839694294481887 515.34500631398987 635.66255788142735 3082.7800609359474 220.7417877592452 984.25362831986058 13702.770947815559 1395.7016697475956 62.518390239340079 60226.565860182229 1372.6826312387711 169.38145308529784 267.85892306672031 5848.5392762565971 1235.0803691719766 682.51687403931282 3171.4170950177358 3321.7123867648625 1308.6403340812685 5470.0333192327671 205.58505261927348 764.8390024969558 998.8514865429388 845.11056784295943 946.68087458328228 1733.0486689812387 727.62782744748984 25.151128396042623 297.47472745383857 953.73173489172768 354.53075458724197 1422.6526143578058 1310.5610763404948 1014.1043634916859 8215.7628929075727 17343.723180498033 751.96943098359043 17458.752152928344 806.33713462960441 255.92523703420738
leaf_count=113671 2092234 2210655 363795 420424 755 280759 1082861 880843 422336 41264 421946 105471 210196 93250 4080 47208 34553 257017 26211 2892 2631 431272 2111 7669 16672 43917 25306 756857 1108932 705013 36922 4041977 81685 3246 2665 136201 141959 30622 83503 380699 57432 474965 2738 30145 395579 57673 97199 1096744 8975 1150 6075 62006 9392 336475 141609 158595 207632 1125927 162841 1181166 16893 7906
internal_value=-0.000214774 -0.00271253 -0.00551827 -0.00811711 0.00566594 -0.00664009 0.00207367 -0.0113274 -0.0437014 0.002919 0.0158907 0.0413007 0.00249471 0.00914335 -0.000959082 0.019366 0.0281348 0.0367013 0.016575 -0.00239253 0.00599738 0.000509621 -0.0457616 0.0352317 0.0650014 0.00203675 0.00663862 0.00594355 0.0130652 -0.00246042 0.100712 -0.000421687 0.00152319 -0.0126379 -0.0144586 -0.00931494 -0.00382597 0.000742385 0.0171679 -0.00492191 0.00260349 -0.00658053 -0.0699433 0.000491424 0.0264249 0.0483588 0.0540406 -0.0477401 0.0388919 -0.117339 0.00668158 0.0288044 -0.0944508 -0.0107852 -0.0186938 -0.0317202 -0.00419943 -0.00651326 0.00583364 -0.0128285 -0.016135 0.00560373
internal_weight=241306 115376 74977.3 60840.1 14137.2 58653.7 125929 7472.21 1844.48 118457 7543.58 3054.22 40399.1 17115.3 8608.24 8507.04 6873.67 5600.43 2591.91 23283.8 8122.71 6838.93 1276.39 1283.78 768.435 110913 38620.7 38337.4 20752 17585.5 283.26 72292.8 62364.1 9928.68 9759.29 8931.32 7049.18 16189.8 4151.41 12038.4 8716.66 6454.29 827.975 60991.4 2180.51 1181.66 3008.52 2186.43 911.92 485.525 3468.89 2262.37 622.39 5814.1 4391.45 3080.89 47853 38885.3 8967.73 21541.6 18265.1 3276.5
internal_count=22791397 8432254 4978513 4613963 364550 3096795 14359143 2386040 1303179 11973103 1021933 980669 3453741 1231219 675781 555438 508230 473677 283228 2222522 670551 643579 433383 26972 19303 10951170 6599204 6536976 3979804 2557172 62228 4351966 4153807 198159 194913 180118 2870872 1852159 120200 1731959 1351260 1231822 14795 4072122 558723 163144 190449 1517168 11867 5230 89578 119438 12057 2728913 2392438 2250829 2816036 2445563 370473 1319636 1198059 121577
is_linear=0
shrinkage=0.1


Tree=89
num_leaves=63
num_cat=0
split_feature=29 8 32 0 3 0 0 25 2 3 27 24 4 0 3 27 3 0 25 3 34 22 25 1 2 2 3 1 19 4 3 2 1 13 25 0 0 1 2 3 3 0 0 25 7 18 4 0 1 3 25 2 4 4 2 34 1 2 19 2 4 25
split_gain=138.091 178.336 196.365 159.853 133.403 1216.13 557.429 521.139 423.23 364.601 334.678 367.361 320.663 325.944 344.395 299.888 297.28 287.575 253.646 845.311 286.11 259.197 229.764 209.428 713.187 309.815 384.644 536.754 329.761 308.53 885.55 306.648 415.069 337.009 330.414 289.787 436.57 286.546 286.146 257.609 360.657 254.643 253.003 238.986 233.387 232.897 231.169 224.082 223.276 286.558 455.323 547.066 406.931 282.179 272.351 221.815 219.098 213.963 209.903 209.007 203.125 202.594
threshold=29.500000000000004 65.559993743896499 11.500000000000002 99.473682403564467 9.1966171264648455 8.9719939231872576 9.2665472030639666 3.5000000000000004 1.0000000180025095e-35 18.393234252929691 31.500000000000004 2.5000000000000004 0.47588565945625311 27.639257431030277 49.56140327453614 131.50000000000003 10.62030076980591 5.5946791172027597 1.5000000000000002 49.56140327453614 0.94050404429435741 1.0000000180025095e-35 2.5000000000000004 80.982517242431655 80.243904113769545 72.850124359130874 86.425064086914077 90.80338287353517 1.0000000180025095e-35 0.84234568476676952 95.742755889892592 93.419914245605483 96.449581146240249 1.0000000180025095e-35 2.5000000000000004 87.841831207275405 73.286384582519545 94.39203262329103 90.501251220703139 88.416816711425795 98.07621002197267 77.712417602539077 78.979854583740249 3.5000000000000004 75.06613922119142 5.5000000000000009 0.93321427702903759 70.801284790039077 88.273490905761733 92.770034790039077 2.5000000000000004 93.419914245605483 0.93045547604560863 0.97680914402008068 86.526824951171889 1.0000001788139345 66.274509429931655 90.501251220703139 1.0000000180025095e-35 12.632978916168215 1.0000000180025095e-35 3.5000000000000004
decision_type=2 8 2 2 2 2 2 2 2 2 2 2 2 2 2 2 2 2 2 2 2 2 2 2 2 2 2 2 2 2 2 2 2 2 2 2 2 2 2 2 2 2 2 2 8 8 2 2 2 2 2 2 2 2 2 2 2 2 2 2 2 2
left_child=4 2 -2 -3 6 7 8 17 -1 -7 11 -10 13 14 22 -8 -9 -6 -14 20 -20 23 59 24 41 35 27 28 -27 30 -28 32 34 -34 57 36 -25 -33 -30 -26 -41 45 -31 46 -39 55 -38 -46 -44 50 51 52 -50 -53 -52 -21 -47 58 -29 -11 -24 -51
right_child=1 3 -4 -5 5 9 15 16 10 12 -12 -13 18 -15 -16 -17 -18 -19 19 21 -22 -23 60 25 39 26 29 31 38 42 -32 37 33 -35 -36 -37 43 44 -40 40 -42 -43 48 -45 47 56 -48 -49 49 61 54 53 -54 -55 -56 -57 -58 -59 -60 -61 -62 -63
leaf_value=-0.046476293147388159 -0.010007093208572772 -0.0062805888878509188 -0.050773312061703518 0.022514163030726245 -0.11823599209538492 0.015108343277654562 -0.042061225217453008 -0.051935426716333104 -0.10281694409374756 -0.034743001015817225 0.037080345899316858 0.05276051871118434 0.0094841400742756658 -0.04074812056960167 -0.07453840650938727 0.024175878899578201 -0.12267111378640504 -0.0065780765695843697 -0.089537361203111038 0.028854513989829716 -0.015614237452848821 0.051217732531212305 0.033054482441967285 -6.777842182140406e-05 -0.11603830844069021 -0.014262083583723571 -0.11872732140769585 -0.13305920636953142 0.062810744932662116 0.011735274035898038 0.044538179956973817 -0.076301723085189413 -0.094757188283636662 0.066752061589262279 0.069248494404860139 0.03841269696994886 -0.062536665325456584 0.13084140192777433 -0.073383030009782566 0.0021564275396847919 -0.088300767150203741 0.042936702874565941 -0.020413545657448955 0.013536806680049654 -0.00056626652373112482 -0.064786042771008051 0.080895381410069203 0.063017906784869057 -0.08082566089486054 0.0012713617311592854 -0.020421959231542084 -0.15298573310416624 0.044231786671743455 -0.017534237046056392 0.074827122611283714 -0.0098383017397765584 -0.010349737788988405 -0.12570287705344493 0.025077519968172254 0.012001554632469364 -0.078914531530537624 -0.013475962845821331
leaf_weight=769.94013191209524 3637.8876387720265 13519.145789768329 1749.9630410162026 2248.6141788469395 254.99723990968414 18037.152822403383 2429.5217147481708 1442.3354768262725 369.96630601300421 1114.0344519999526 7403.2097903757531 257.34991336530948 31376.707811276661 3556.3232813433024 665.47918457803462 951.11620696908722 1010.3168697512483 2416.7485864922128 1384.703182883859 2442.0357266064402 841.89209289545397 1001.2895201970241 219.35562069463413 4115.3129104732216 630.59628524772415 766.35877336473277 751.23267609906179 101.42542665898509 3841.0804940522576 20038.44979734924 595.62096807748458 270.48663706039224 937.5108195128596 149.84518959442357 559.96368876546694 861.68828443301027 3137.0462066554646 218.1603496215721 160.72215536715157 911.70207093853242 853.29578256476998 1180.9183047525003 5415.4695778998139 556.12197829124852 1509.2804655323853 1062.1175998898216 116.54115677233494 875.91933111404069 313.94332188125918 62405.753824047977 361.55943766302153 311.6818621000748 1519.8457774538547 303.62567529830267 1768.8472093675045 3767.1362493666529 2433.1431766255992 184.16516062578012 486.79163592736222 6765.6339472975233 619.85386330358233 10949.851799956785
leaf_count=29506 1030540 394799 1068024 57253 18066 443327 95669 66255 63161 58005 168808 8685 3144001 1592772 48838 23450 55906 73905 3188655 271567 244029 17814 7606 249834 32030 18345 41981 1905 116807 1381595 73246 11923 41135 5645 18656 24653 126748 49800 9090 31089 193213 37891 323733 22368 33341 1462914 2954 25256 5739 4040959 10150 3139 36723 4332 67545 66699 676245 2381 14364 547022 293797 510498
internal_value=0.000175138 -0.0075412 -0.0232479 -0.00217422 0.000917989 0.000321126 0.0110888 -0.0477895 0.0243474 0.00153891 0.0311378 -0.0389929 0.000211689 -0.0149674 -0.00519751 -0.0234259 -0.0810735 -0.017235 0.00135724 -0.000462939 -0.0615865 0.000524229 9.50162e-05 0.000153362 -0.0117793 0.0014357 0.00282091 0.0214965 0.0458325 0.0010268 -0.0465262 -0.000424132 -0.0266541 -0.0725001 0.0107618 -0.016662 -0.0226502 0.0216608 0.0573409 -0.0611765 -0.0415755 -0.000908241 0.00164627 -0.0470442 0.031839 -0.00624367 -0.057399 0.0227838 -0.000779243 0.000585084 0.0248538 -0.00455511 0.022822 -0.0861467 0.058662 0.00537939 -0.0268915 -0.03164 -0.00218977 0.00539277 -0.0496477 -0.000929984
internal_weight=240909 21155.6 5387.85 15767.8 219753 207572 12181.1 5124.4 8800.47 202448 8030.53 627.316 184411 12940.7 9384.36 3380.64 2452.65 2671.75 171470 140093 2226.6 137867 8718.88 136865 13280.9 123584 114798 10061.7 4768.16 104736 1346.85 5293.55 2419.7 1087.36 1332.35 8786.71 7925.02 2873.85 4001.8 2395.59 1765 10885.4 103389 3809.71 2603.36 9704.43 3253.59 2385.2 83350.6 77935.1 4579.5 2449.1 1833.79 615.308 2130.41 6209.17 3495.26 772.382 588.217 7879.67 839.209 73355.6
internal_count=22786386 2550616 2098564 452052 20235770 19846491 389279 214132 270160 19632359 240654 71846 19189032 2548040 955268 119119 122161 91971 16640992 13496991 3432684 10064307 906430 10046493 2771648 7274845 6848288 348648 144242 6499640 115227 204406 84086 46780 37306 426557 401904 120320 125897 256332 224302 2515316 6384413 152070 108397 2477425 129702 58597 5002818 4679085 127628 49933 42462 7471 77695 338266 2139159 18650 16269 605027 301403 4551457
is_linear=0
shrinkage=0.1


Tree=90
num_leaves=63
num_cat=0
split_feature=11 25 11 29 30 29 32 7 33 27 29 32 18 11 32 11 32 18 33 27 20 7 0 9 11 26 9 10 26 9 22 17 9 7 29 7 21 27 13 27 11 9 1 3 26 9 7 9 9 8 27 32 16 2 20 27 16 20 18 32 4 4
split_gain=141.56 124.641 160.936 126.094 138.88 250.356 145.234 136.917 133.081 125.554 124.734 442.462 350.13 239.051 215.828 239.146 182.813 245.442 185.543 172.296 165.233 347.049 332.653 299.857 286.401 208.858 259.32 222.154 479.638 199.23 192.839 271.894 190.189 179.208 178.431 281.401 197.542 179.471 172.998 175.242 168.595 449.456 160.535 472.675 156.574 170.569 155.479 152.225 151.794 142.214 218.646 148.979 138.948 138.814 136.545 193.266 194.817 162.443 136.063 571.448 173.442 131.868
threshold=3.5000000000000004 5.5000000000000009 1.0000000180025095e-35 29.500000000000004 14.500000000000002 21.500000000000004 5.5000000000000009 76.96728897094728 0.66557320952415477 8.5000000000000018 16.500000000000004 5.5000000000000009 4.5000000000000009 1.0000000180025095e-35 2.5000000000000004 1.0000000180025095e-35 4.5000000000000009 3.5000000000000004 0.0085659027099609392 1.5000000000000002 0.66373598575592052 97.448913574218764 99.473682403564467 inf 1.5000000000000002 3.5000000000000004 0.76388889551162731 2.5000000000000004 2.5000000000000004 0.73214286565780651 1.0000000180025095e-35 1.0000000180025095e-35 0.73214286565780651 59.588558197021491 20.500000000000004 39.907407760620124 1.0000000180025095e-35 4.5000000000000009 1.0000000180025095e-35 1.5000000000000002 1.5000000000000002 0.29285715520381933 10.367218971252443 12.70161294937134 1.5000000000000002 0.23611111193895343 93.557819366455092 0.41428571939468389 0.64583334326744091 70.187057495117202 196.50000000000003 11.500000000000002 6.5000000000000009 63.224515914916999 0.34439919888973242 3.5000000000000004 inf 1.0000000180025095e-35 5.5000000000000009 6.5000000000000009 0.72985523939132702 1.0000000180025095e-35
decision_type=2 2 2 2 2 2 2 8 2 2 2 2 10 2 2 2 2 10 2 2 2 10 2 8 2 2 10 2 2 10 2 2 10 10 2 10 2 2 2 2 2 10 2 2 2 10 10 8 10 10 2 2 8 2 2 2 8 2 10 2 2 2
left_child=1 3 -3 4 10 6 9 8 -5 -6 11 12 16 19 -14 -16 17 -1 -19 52 21 23 25 24 34 27 29 28 30 -27 40 -32 -29 -26 37 -36 49 -12 -25 -40 61 53 43 -33 45 -35 54 -24 -30 50 -37 -51 -13 -42 55 57 -57 -38 -15 60 -60 -22
right_child=-2 2 -4 7 5 -7 -8 -9 -10 -11 20 13 14 58 15 -17 -18 18 -20 -21 22 -23 47 38 33 26 -28 32 48 -31 31 42 -34 44 35 36 46 -39 39 -41 41 -43 -44 -45 -46 -47 -48 -49 -50 51 -52 -53 -54 -55 -56 56 -58 -59 59 -61 -62 -63
leaf_value=0.01520401370247537 -0.096766654055755075 0.015043379703932065 -0.054780077053172539 -0.0054443943473015703 0.02648777537495145 0.0041916700417451913 -0.00084200707609812788 -0.0041409744589281745 -0.048308232096607097 0.07618458939228695 0.0004855545542315017 0.065222800207316509 0.017705042297885804 -0.035124032940808451 0.010654923912674365 0.15097826034775186 -0.017591641823211955 0.021221221711688359 0.11569206968699684 -0.012954411352404811 -0.053731163317011603 0.040040269301972908 0.01881482699190197 -0.060703846509847982 -0.061801062445141934 -0.036878963182282169 -0.0025590861101397679 0.12413565484780674 -0.026983851289325306 -0.13057612996768747 -0.051551105253622775 0.0091965358818780311 0.014152508893745312 -0.003975092623988913 -0.0044250555002113973 -0.0015526620375821032 0.080180245351814339 -0.026139662391145638 0.10023656700536426 -0.024205328072954176 -0.052828566710788311 0.066056144681497703 0.025900982672892175 -0.085349105641535791 -0.031570140807534404 0.080844105326135771 0.064784972447298014 0.098030773533426291 -0.076299845513246464 0.0022068113342858841 -0.071369648070573485 0.034102883501966615 0.003979928930609433 0.0040776505063935698 0.011673552650466289 -0.020234673098643068 0.033450571786514956 0.030656175443008107 -0.042127397944322097 -0.018333642803990951 0.21371562544716458 -0.0057282412906663454
leaf_weight=7299.7956385697435 151.74492712283973 516.58427406242845 914.44509646595543 1404.8895465137393 1066.7341060749022 18886.915392852661 768.55282931578768 18112.468661925785 1495.2343709366323 971.19623943316401 30300.132416200242 805.75757218620856 376.07497821658762 3233.6619298296864 165.44780132119922 456.71666146303323 1437.9999538356024 384.01302894145192 453.31322307250957 1279.3043547912675 578.02555213688174 2365.798996970494 545.42763829865726 1215.9544828810758 860.37134017598873 2430.0118612685474 2921.785343393276 162.92739277104556 4457.91846267863 250.31153135937348 728.62908666350995 8316.9616434184718 4495.8140528308868 2197.1490691933141 12524.388763361625 5432.4024221728396 1071.7979345999556 2762.4956462117188 144.20570642093662 525.69121143643861 545.90572367324785 1202.5819687226758 4788.5164851252121 564.68851298018853 2190.8681584427977 265.76763990611653 757.07687254593475 436.89883764446131 725.74685875550495 3849.3820682675141 488.92956207900716 2363.4873711448017 685.73707165876112 1995.8690963845002 10501.955556647823 1105.6310056752627 1739.3429682230635 1733.6159459012561 32.284583226988616 1944.038195905363 147.82784316521429 57498.478680840039
leaf_count=449018 453992 58843 72701 330572 66402 1471770 206209 529477 1614660 50747 3542824 51154 28758 491682 38377 24374 58556 28358 23522 57052 23980 66994 64311 68552 2668704 90000 73886 1830 188582 4368 8576 149946 126340 149048 2240887 544005 214627 545343 3209 6730 198959 36747 71805 11857 227104 7790 19695 494664 26028 107079 42596 43856 172017 25645 597856 345882 104344 64848 22092 188235 1706 3090284
internal_value=-0.000211347 -0.000150268 -0.0295747 2.63183e-05 0.000741175 0.00833277 0.0362013 -0.00737102 -0.027544 0.0501713 -0.000100163 0.00766666 0.0211531 -0.00987588 0.077512 0.113663 0.0152774 0.0210861 0.072366 0.0139708 -0.000920614 0.00228021 -0.0038364 0.00119119 0.00211863 -0.00445672 -0.0231659 -0.00323886 -0.0044543 -0.0456292 -0.0024525 0.00796992 0.0179989 -0.0198736 0.00374354 0.00810434 0.0135074 -0.00173907 -0.038223 0.00258272 -0.00488001 0.0156868 0.0111424 0.0031854 -0.0121222 0.00517755 0.0204936 0.0540469 -0.0338884 0.00377175 -0.00731751 0.0143407 0.0370655 -0.00814429 0.0184176 0.0309524 0.0125871 0.0495767 -0.0222082 -0.00254608 0.167857 -0.00620601
internal_weight=240034 239882 1431.03 238451 217438 21693.4 2806.48 21012.6 2900.12 2037.93 195745 18702 10573.4 8128.61 998.239 622.164 9575.12 8137.12 837.326 2770.8 177043 84396.4 92646.5 82030.6 80144.8 91664.2 5602.11 86062.1 81403.3 2680.32 76219.7 14398.8 4658.74 5514.16 74630.6 41568 29043.6 33062.6 1885.85 669.897 61820.9 3744.36 13670.2 8881.65 4653.78 2462.92 16909.4 982.326 5183.67 12134.2 5921.33 6212.87 1491.49 2541.77 16152.3 5650.39 2844.97 2805.41 5357.81 2124.15 180.112 58076.5
internal_count=22790055 22336063 131544 22204519 19729810 1795128 323358 2474709 1945232 117149 17934682 1634901 650963 983938 91509 62751 559454 500898 51880 280223 16299781 11611973 4687808 11544979 11466488 4128833 168254 3960579 3832409 94368 3617799 242184 128170 3052646 8413842 4325675 2084788 4088167 78491 9939 3375615 261351 233608 161803 383942 156838 1347252 558975 214610 737536 586601 150935 223171 224604 1327557 729701 450226 279475 703715 212033 23798 3114264
is_linear=0
shrinkage=0.1


Tree=91
num_leaves=63
num_cat=0
split_feature=11 28 7 22 25 0 24 2 33 4 1 7 22 4 25 2 3 3 31 13 2 4 28 3 6 9 3 0 1 27 1 24 0 1 4 27 3 33 2 2 19 0 28 3 1 4 1 9 2 3 4 9 9 4 9 2 3 1 2 3 19 0
split_gain=122.136 109.718 122.649 142.037 109.419 327.743 288.892 892.966 834.112 465.952 423.403 324.994 308.364 349.297 788.704 423.645 764.141 428.386 389.91 443.879 418.066 803.862 440.651 400.239 473.005 357.232 368.806 344.205 345.748 339.896 339.421 332.071 382.692 516.525 452.493 472.423 392.075 435.206 365.153 357.109 355.573 343.395 327.839 310.625 304.598 304.049 292.278 290.389 1194.35 286.574 265.786 363.024 255.053 250.403 272.459 269.924 250.175 247.041 655.229 259.642 438.426 364.32
threshold=3.5000000000000004 1360.0000000000002 77.563388824462905 1.0000000180025095e-35 2.5000000000000004 6.9366478919982919 2.5000000000000004 56.465997695922859 0.64501890540122997 0.87006494402885448 95.69842910766603 59.588558197021491 1.0000000180025095e-35 0.94287380576133739 1.5000000000000002 89.009658813476577 97.999198913574233 86.72955703735353 0.64527004957199108 1.0000000180025095e-35 87.026645660400405 0.90667888522148143 20.500000000000004 75.181159973144545 1.0000000180025095e-35 0.86607143282890331 52.277431488037116 74.862636566162124 85.89511871337892 32.500000000000007 89.512962341308608 1.5000000000000002 78.979854583740249 71.535182952880874 0.88418859243392955 10.500000000000002 95.040985107421889 0.53965696692466747 79.743591308593764 72.850124359130874 0.33270965516567236 63.702239990234382 36.500000000000007 99.333332061767592 95.861873626708999 1.0000000180025095e-35 86.526824951171889 0.86607143282890331 74.352157592773452 92.031745910644545 0.79166349768638622 0.61250001192092907 0.43650794029235845 0.98544973134994518 0.73214286565780651 96.34091949462892 69.631092071533217 25.94997596740723 25.866189002990726 45.222154617309577 1.0000000180025095e-35 32.466217041015632
decision_type=2 2 10 2 2 2 2 2 2 2 2 10 2 2 2 2 2 2 2 2 2 2 2 2 2 8 2 2 2 2 2 2 2 2 2 2 2 2 2 2 2 2 2 2 2 2 2 10 2 2 2 8 8 2 10 2 2 2 2 2 2 2
left_child=1 4 -3 -4 6 -6 12 11 9 -9 52 -8 13 14 31 16 -15 -17 19 -16 21 23 -22 25 27 26 -20 -25 -29 -14 -19 38 33 34 35 -33 39 -38 49 50 -39 -36 -26 -34 -32 -13 -10 -18 -49 56 -35 -52 -11 55 -55 -46 -1 -47 -59 61 -61 -60
right_child=-2 2 3 -5 5 -7 7 8 46 10 -12 45 29 15 18 17 47 30 20 -21 22 -23 -24 24 42 -27 -28 28 -30 -31 44 32 43 36 41 -37 37 40 -40 -41 -42 -43 -44 -45 53 57 -48 48 -50 -51 51 -53 -54 54 -56 -57 -58 58 59 60 -62 -63
leaf_value=0.044097437673930921 -0.094743314941856185 -0.06250568170904279 -0.0028855859142465361 -0.14561877150887859 -0.055991986807773148 -0.0017762186422772793 -0.074589939543590653 0.1107380463247994 0.039411068570208055 0.0079889525879104206 0.093858405011881599 -0.10458433780001924 -0.098135367170316457 0.067682627703641363 -0.080840558976071883 -0.094096943281969728 -0.09398954078215474 -0.013760700116203181 -0.086345321302835065 0.05449290479732416 -0.08503812988577833 0.039616881107724274 0.044109702539958717 -0.096275444663486864 0.11329404055432996 0.027933805552109805 0.0030934356425031595 0.0054191930396586064 -0.085286282062961613 0.040953394270944771 0.023433043217839327 0.0081565531096975587 0.090162053339994858 -0.075697493070011057 -0.089797298374129794 -0.028782497763837712 0.057629151179713393 -0.064876500580836494 -0.085582082229129872 0.12580830719727532 0.032689532286818389 0.011059747777390095 -0.021608130399515799 -0.11568386861221205 -0.022020817891584908 0.015942500972657321 -0.027359196303923583 -3.2274765582396818 -0.24166138773557147 0.15192342581721086 -0.20540839837354874 -0.83332249584558715 0.067635039445059289 0.0024002931048800933 0.043143838250382205 -0.1525536725886483 -0.06828447186395753 -0.076186826095772736 0.0089479721397321115 0.04613982286228073 -0.049154203201551505 -0.084279870811686378
leaf_weight=2268.3443180724498 136.56422235697391 561.01577205104695 1683.3738193487079 72.731294320430607 1127.2370586654579 102863.7774472867 631.03058954218068 1315.0529766052387 959.21089957243021 2445.0574027027578 1226.5472929627394 276.62724291466293 187.78784192344392 1941.2876435054313 2026.7264721202446 460.25166595920018 227.2275780354139 10464.727000280291 782.19345763769888 275.27360565457275 1562.6694949200173 2341.0627325008754 317.94643741787149 1708.645995356419 255.71681460331092 1865.7431549775865 1122.9463042928946 994.0921559753624 727.9731287501636 2728.573970493253 8385.9156546763043 11649.75706890706 86.797525251753541 164.0850252227865 1096.8550024494471 4926.3495398169907 3081.0131547060955 634.48003280001649 236.08907569375879 63.440796977396531 908.24145793311618 487.6795312746799 609.56663295308317 471.7002078678961 1122.9608789935082 5883.9273700792983 2071.139036410892 1.5027515740366642 12.346650704974307 225.89608092193521 51.427259892465372 11.215286291204391 1014.3229483590694 42617.948783907559 1707.0232167066715 184.43565269830287 217.03821316760514 1283.8899253640848 1167.3994827155984 2100.2145641433599 626.91129554688814 653.99827568078763
leaf_count=79486 453623 215121 66977 947 90916 8191400 1471467 25842 320757 27838 86642 13576 26164 126338 424503 9082 15345 1551475 1409103 16136 39464 52072 28772 164794 8083 321484 246819 24101 15069 57780 575212 817588 5555 10441 258446 246420 84170 180805 7126 1563 193519 53802 16603 24982 18173 185789 194109 78 1403 8565 447 270 85984 2733542 734411 1741 5312 170032 168243 181159 32633 210471
internal_value=-0.000200244 -0.000146262 -0.0218009 -0.00879706 6.55783e-05 -0.0023639 0.00196704 0.0125341 0.0365421 0.0581381 0.0433765 -0.00464157 -9.05593e-05 -0.000954666 -0.00820635 0.00349309 0.0468302 0.00203679 -0.0268876 -0.0646574 -0.0198123 -0.0119718 -0.0632037 -0.0269432 -0.047812 -0.0031684 -0.0336274 -0.0644763 -0.032925 0.0319973 0.00272295 0.0020482 -0.00189902 8.07186e-05 -0.00770192 -0.00282158 0.0288435 0.0359197 0.0336985 -0.0839133 -0.00743676 -0.0587561 0.0182594 -0.0836928 0.00591625 -0.00096112 -0.00622409 -0.121085 -0.565642 0.044085 -0.142596 -0.317828 0.0254777 0.00269717 0.00396939 -0.0404352 0.0342836 0.00148546 -0.0130993 0.00470816 0.0242336 -0.0245268
internal_weight=239313 239176 2317.12 1756.11 236859 103991 132868 21655.3 9031.33 6000.98 4685.93 12624 111213 108297 41171 67125.6 2182.36 64943.3 14590.6 2302 12288.6 10407.9 1880.62 8066.88 4295.99 3770.88 1905.14 3430.71 1722.07 2916.36 64483 26580.4 23633 23074.5 18160.6 16576.1 4913.9 4623.73 2947.37 290.168 1542.72 1584.53 865.283 558.498 54018.3 11993 3030.35 241.077 13.8494 2711.28 226.728 62.6425 3459.38 45632.4 44325 1307.4 2485.38 11716.3 5832.41 4548.52 2727.13 1821.4
internal_count=22789770 22336147 283045 67924 22053102 8282316 13770786 3174542 741172 226306 200464 2433370 10596244 10512300 4745500 5766800 143164 5623636 2767003 440639 2326364 2258128 68236 2206056 228650 1977406 1655922 203964 39170 83944 5614554 1978497 1878008 1847471 1376256 1064008 471215 458494 100489 12721 374324 312248 24686 30537 4063079 961903 514866 16826 1481 93363 11158 717 113822 3487867 3467953 19914 84798 948327 762538 592506 213792 378714
is_linear=0
shrinkage=0.1


Tree=92
num_leaves=63
num_cat=0
split_feature=8 7 7 11 20 11 11 18 1 26 32 18 19 11 11 26 10 35 8 25 18 32 4 11 18 32 1 32 18 34 11 11 11 11 20 33 35 26 10 29 10 24 18 1 3 1 6 24 4 0 1 27 7 33 1 7 34 32 17 7 4 7
split_gain=138.921 165.884 160.933 137.907 100.309 300.271 460.853 288.69 260.311 505.975 226.745 552.218 1567.18 446.917 284.744 308.587 332.378 260.133 235.568 234.741 194.092 617.703 1464.41 359.608 346.524 552.718 1208.02 309.928 1449.48 298.741 293.737 279.851 274.224 224.014 207.129 330.194 297.073 231.078 286.441 202.19 199.906 186.925 182.391 192.486 182.282 504.436 405.299 332.378 312.415 421.286 288.576 205.343 262.95 226.923 202.672 197.463 224.054 273.29 196.47 179.965 168.856 167.365
threshold=21.886404991149906 40.783086776733406 59.588558197021491 1.0000000180025095e-35 0.95876392722129833 1.5000000000000002 1.0000000180025095e-35 inf 99.473682403564467 2.5000000000000004 2.5000000000000004 1.5000000000000002 0.19873649626970294 1.0000000180025095e-35 1.5000000000000002 1.5000000000000002 1.0000000180025095e-35 2.5000000000000004 85.772121429443374 1.5000000000000002 3.5000000000000004 4.5000000000000009 0.88002100586891185 1.0000000180025095e-35 4.5000000000000009 5.5000000000000009 74.322341918945327 3.5000000000000004 2.5000000000000004 0.88172394037246715 1.0000000180025095e-35 1.0000000180025095e-35 1.0000000180025095e-35 1.0000000180025095e-35 0.66373598575592052 0.33602172136306768 1.5000000000000002 2.5000000000000004 1.5000000000000002 15.500000000000002 1.0000000180025095e-35 2.5000000000000004 1.0000000180025095e-35 33.520599365234382 99.333332061767592 60.660173416137702 1.0000000180025095e-35 2.5000000000000004 0.89342591166496288 65.142410278320327 72.834224700927749 1.5000000000000002 51.445278167724616 0.82740682363510143 85.053192138671889 59.588558197021491 0.62666991353034984 9.5000000000000018 1.0000000180025095e-35 79.71521377563478 0.82298949360847484 95.529048919677749
decision_type=8 8 10 2 2 2 2 8 2 2 2 10 2 2 2 2 2 2 10 2 8 2 2 2 8 2 2 2 10 2 2 2 2 2 2 2 2 2 2 2 2 2 10 2 2 2 2 2 2 2 2 2 8 2 2 10 2 2 2 10 2 10
left_child=2 3 -1 -2 10 6 7 8 42 -10 11 17 13 -13 19 16 -16 -3 -15 44 23 22 29 40 32 26 -26 28 -25 -22 -28 -31 -23 -24 35 36 -27 38 -37 -29 -21 -7 43 -6 46 -46 55 48 49 54 -50 52 -48 -53 -47 -12 57 61 -58 -59 -60 -57
right_child=1 4 -4 -5 5 41 -8 -9 9 -11 14 12 -14 18 15 -17 -18 -19 -20 20 21 24 33 27 25 34 30 39 -30 31 -32 -33 -34 -35 -36 37 -38 -39 -40 -41 -42 -43 -44 -45 45 47 51 -49 50 -51 -52 53 -54 -55 -56 56 58 59 60 -61 -62 -63
leaf_value=0.11062575344699277 0.0017679334070208113 -0.0093385217134638442 -0.0050631541962021971 -0.060261828176042864 0.022699148313067047 0.011444697226733976 -0.020589780797748512 -0.067429414641068539 0.067049464679914239 -0.096351311419828028 -0.065087156896326312 -0.033901748974244611 0.1053814587842547 0.0095225095913799036 -0.0098913232887021824 -0.033299851514520175 0.059770940240736849 0.01327252702970832 0.090522409912470569 0.052271811629286513 -0.03477784481656894 0.020441187112373031 0.029955465566730274 -0.020045998830187081 -0.016442400295869013 -0.009499766310520642 0.023434325437170677 0.041920499661057035 0.092104147309658324 -0.031235701908104315 0.16942132268802151 0.10592735882573734 -0.032625275367891983 0.12758038278998857 -0.011193142951303754 -0.0029783018463556805 0.039357696381001402 0.015559638228216885 0.054750359877974553 -0.035453035356853804 0.0020901527351770079 0.071564286565710386 -0.0051130170708408758 -0.003866531549886493 -0.060170892436354498 0.0887849208291554 0.58657745182454313 -0.1172755237446288 -0.0497095970095255 -0.01250698973033567 0.0085010518098415245 0.080279847995039788 0.12305686504977249 -0.084069074831687185 -0.017827448767145006 0.0015260450996007952 -0.05479627827113609 0.15711356706481372 0.016239561205591536 0.058474174437724118 -0.053532998449566493 0.11051658180422162
leaf_weight=243.64992565489138 625.00298383896006 10198.556777865375 237.40397355430468 840.27969329539701 5949.6466304314818 1586.9427217468292 14467.787014239664 614.82532266904309 1266.7294545985642 222.84278659318807 305.68178461219941 2034.8029661503533 2119.6650142968283 1075.8504367251699 4361.2995933846869 5289.5951465058606 812.51672787051575 10153.89551216468 538.88683900353499 1196.4859205605535 1650.4958690388885 1190.3131842302755 283.31305176797468 8131.2551401422679 1104.3261822599598 1786.6797714729037 171.37512127839 355.19759492199228 1342.7254962976585 259.99773757980438 704.03750108846725 347.63588190813607 5353.3504838056542 1379.655733664149 14662.667489607935 62048.47752033369 4101.3025934389589 8314.5164866604464 871.58472920693748 6869.4041914283662 2358.9735870044678 767.19572000825792 23266.060795579149 5036.1141917451678 1183.2919795415655 1322.5535066438933 12.632522069608966 206.05050594420027 961.72509190858182 877.89442185511871 7439.9819020521172 337.08851608596888 392.59536600887077 111.90232896895031 206.09805972303002 1152.1202565958374 468.40292728086933 256.2176190240134 6100.3427271607507 665.10542798764072 367.76527413143776 160.5228635116946
leaf_count=255390 938884 276011 7083 6831790 84790 91441 296392 41195 1008860 94415 284915 238078 87259 128030 878218 1185455 55527 357808 17460 172646 538215 176723 38489 174238 364511 30959 16905 6337 53428 11150 9659 13500 204148 19444 989764 3460736 366537 322398 46339 194555 282758 32349 753163 236992 143020 51448 1293 42870 75022 23270 240251 24547 27350 15493 22755 133382 7653 21064 262223 12586 4444 3654
internal_value=-0.000152224 -0.000260624 0.0535323 -0.0338036 -5.30431e-05 -0.00387749 -0.00549472 0.000512289 0.00168103 0.0426044 0.00105469 0.00968333 0.0369923 -0.00272836 -0.000376606 -0.0163156 0.00104872 0.00194219 0.0365546 0.000757836 -0.000942064 0.000798572 0.0397353 -0.00989959 -0.000723478 0.000829223 0.0531066 -0.0160481 -0.00415122 -0.0127086 0.140842 0.0472372 -0.0229723 0.110948 -0.000298362 0.00177297 0.0245321 -0.000108215 -0.00217863 -0.031649 0.0189773 0.0310372 -9.86852e-05 0.0105209 0.010151 0.00187292 0.0199254 0.00853843 0.010937 0.0427039 0.00183781 0.0858977 0.137507 0.039319 0.0744111 0.0139784 0.016614 0.0441571 0.00774346 0.0859055 0.0122724 0.0148545
internal_weight=238721 238240 481.054 1465.28 236775 53178.1 50824 36356.2 35741.4 1489.57 183597 26121.7 5769.21 3649.54 157475 10463.4 5173.82 20352.5 1614.74 147012 124484 104230 3921.1 20254 100309 93765 1979.74 16698.6 9473.98 2258.13 875.413 607.634 6543.66 1662.97 91785.2 77122.6 5887.98 71234.6 62920.1 7224.6 3555.46 2354.14 34251.8 10985.8 22528 12197.6 10330.4 11014.3 10808.3 2406.55 8401.71 854.219 405.228 448.991 1528.65 9476.16 9170.48 2233.97 6936.51 921.323 6468.11 1312.64
internal_count=22787269 22524796 262473 7770674 14754122 2639597 2515807 2219415 2178220 1103275 12114525 1104646 470827 383568 11009879 2119200 933745 633819 145490 8890679 7493439 6609477 620798 883962 5988679 5607808 391075 428558 227666 562865 26564 24650 380871 57933 5216733 4226969 397496 3829473 3507075 200892 455404 123790 1074945 321782 1397240 598636 798604 455616 412746 97473 315273 68683 28643 40040 74203 729921 445006 170686 274320 33650 266667 137036
is_linear=0
shrinkage=0.1


Tree=93
num_leaves=63
num_cat=0
split_feature=11 9 24 8 7 7 20 32 2 27 21 2 28 9 8 30 0 9 27 35 9 0 25 11 9 32 29 32 18 11 32 19 18 32 3 27 8 32 18 32 35 16 30 18 0 9 28 8 0 1 0 0 27 19 25 29 1 33 29 11 34 32
split_gain=112.231 148.99 109.637 101.869 191.172 129.518 214.547 214.08 243.732 190.193 169.386 158.694 137.438 135.838 229.149 444.755 707.93 129.477 121.018 112.624 121.264 109.213 99.1715 135.371 98.1762 152.122 95.0851 307.924 225.469 216.262 143.525 197.567 127.949 439.01 134.15 127.225 122.779 118.831 180.863 140.477 108.288 108.057 106.193 172.393 314.159 235.52 193.166 318 181.564 203.784 232.379 154.538 292.636 403.654 237.37 162.284 158.29 159.715 154.528 144.049 162.845 143.426
threshold=2.5000000000000004 0.17424242943525317 2.5000000000000004 27.490458488464359 68.585231781005874 45.954339981079109 0.094115942716598525 10.500000000000002 7.2077922821044931 38.500000000000007 1.0000000180025095e-35 63.702239990234382 193.50000000000003 0.17424242943525317 37.981754302978523 12.500000000000002 9.2665472030639666 0.89898991584777843 51.500000000000007 21.500000000000004 0.64583334326744091 93.127067565917983 5.5000000000000009 1.0000000180025095e-35 0.17424242943525317 6.5000000000000009 16.500000000000004 5.5000000000000009 4.5000000000000009 1.0000000180025095e-35 3.5000000000000004 0.19548859447240832 5.5000000000000009 6.5000000000000009 62.593282699584968 1.5000000000000002 79.319980621337905 4.5000000000000009 3.5000000000000004 2.5000000000000004 3.5000000000000004 6.5000000000000009 11.500000000000002 4.5000000000000009 99.473682403564467 inf 127.50000000000001 66.819572448730483 77.836257934570327 83.43881988525392 69.732204437255874 89.386734008789077 12.500000000000002 0.22648903727531436 2.5000000000000004 24.500000000000004 99.473682403564467 0.81784045696258556 21.500000000000004 1.0000000180025095e-35 0.67851030826568615 3.5000000000000004
decision_type=2 10 2 8 10 8 2 2 2 2 2 2 2 8 10 2 2 10 2 2 10 2 2 2 10 2 2 2 10 2 2 2 10 2 2 2 10 2 10 2 2 8 2 8 2 8 2 10 2 2 2 2 2 2 2 2 2 2 2 2 2 2
left_child=3 -2 -3 4 21 6 17 11 9 -9 -10 -8 -12 14 15 16 -11 -5 -17 20 -15 -1 26 -24 25 -13 27 28 37 35 -30 -32 36 34 -34 41 -31 38 -7 -40 -35 -29 43 44 48 46 -45 -48 49 50 -28 55 53 54 59 -44 57 -54 -49 -53 -61 -50
right_child=1 2 -4 5 -6 22 7 8 10 13 12 24 -14 19 -16 18 -18 -19 -20 -21 -22 -23 23 -25 -26 -27 42 29 30 32 31 -33 33 40 -36 -37 -38 -39 39 -41 -42 -43 51 45 -46 -47 47 58 61 -51 -52 52 56 -55 -56 -57 -58 -59 -60 60 -62 -63
leaf_value=0.035479402270593798 -0.05489584228887831 -0.020276830350401585 0.09294860336263637 -0.064355096204803425 -0.01920825733676217 0.013414373178997217 -0.091055228797587373 0.0052747060092190583 -0.075877909412746261 19.528146436353342 0.08905113159622724 0.5375121872271269 -0.060102242481968042 0.60537772788040378 -0.1000507418991456 6.1709036049135335 -0.10005122724894099 0.10362474415983065 0.48298047174003644 0.35161391724918767 1.8789621030466934 0.12311599773417677 0.014707121832944373 -0.050515048730600878 0.14452922242590169 3.3906079151546624 -0.0044666750534939443 0.061355771660908748 0.021778093399540937 -0.012725881310813031 0.015605166022872119 0.1428818610058763 -0.059557856037441841 0.02922730214549121 0.18923719146491483 -0.0076549634603430491 -0.052736607323404572 -0.013162911988827597 0.02232475493491267 0.10497485839352855 -0.027556652297912449 0.006234348469491848 0.0049855691086948747 0.0029000252114634055 0.053772694727935604 -0.036875261633915336 -0.039521354997698654 -0.032627014816918452 -0.0097062922572459485 0.011161985542645234 -0.046361186360265268 -0.0041991745538585519 0.089009951776473972 0.054745529142923036 0.032674960175902566 -0.0045341270013126286 -0.027376197383244344 -0.10244586851914994 0.016429015499662688 0.04419378927187026 -0.067400043063824452 -0.027982323254630428
leaf_weight=1010.6494246680785 806.14365419891692 228.50724233080837 136.66975647237268 986.934242131254 667.02931349657592 7170.1694974907368 219.64135905840521 11.133902492510972 115.23398458390147 0.040757664290142936 333.08033457421698 1.023007694704577 75.846923314689775 2.5374065498181184 0.25738694578467403 0.047839679406024516 0.033460194877989125 48.123294237841037 0.17151184433168964 13.639729398564667 1.0598959024064241 165.48487805021352 501.88250542457536 869.61675778029166 19.122282230848214 0.22864635372388864 14278.428279481064 763.09304704514216 438.02102446457138 1535.1129425738036 186.47663549193385 352.50502342006075 25.433105106916628 436.85842200941988 146.56939714224427 1289.6345349959665 1532.72639766676 1390.6250208343918 418.74049476215441 404.10206811413809 1452.3345670943454 666.06212174829125 47089.10552868963 75343.814754758467 841.61999756073055 1633.5196461818705 2924.9390464667085 838.73405567610462 17869.252082605701 8109.6871680705517 1459.2980846902938 1280.8518259339035 908.5644045319932 1293.0230603740201 905.12160446238704 28895.989477965981 160.95968296364299 45.76707500035991 2739.4147274746792 150.31024050753331 1005.668343688827 5652.2545220941538
leaf_count=968076 1468720 65318 15803 6978309 19490 435074 991970 4722 54970 155 93346 345 28893 352 825 193 138 6614 688 1512 79 112802 50744 55164 1198 219 708179 42075 33434 78711 36534 12579 18676 5016 1956 41604 30552 52962 30416 20331 160482 123905 3505633 2903517 543583 35885 212713 16766 678852 281515 39047 21968 43742 48714 30297 1515590 3306 1326 53229 993 6480 92855
internal_value=-1.3826e-05 -0.0308917 0.0220985 0.000138989 0.0235566 -4.48104e-05 -0.026558 0.0125777 0.0468031 0.329408 0.0312097 -0.0662901 0.0613865 0.532291 2.07797 3.98756 10.679 -0.0565452 1.72349 0.482885 0.980622 0.0478101 0.000163211 -0.0266478 0.200691 1.0587 0.000321958 0.00725848 0.0185764 -0.00768335 0.0642944 0.0988467 -0.0197694 -0.000500508 0.152449 0.0151172 -0.0327157 0.0138163 0.0185102 0.0629146 -0.0144259 0.0356663 -0.000269832 -0.00202715 -0.0067882 0.00072239 0.00147277 -0.0150632 -0.00786421 -0.00171556 -0.00835139 0.00256154 0.0183679 0.00730192 -0.0110543 0.00136537 0.0643564 0.0798283 0.00493006 -0.0272969 -0.0528897 -0.0140981
internal_weight=237849 1171.32 365.177 236678 1843.16 234834 1828.16 793.098 553.083 28.9219 524.161 240.015 408.927 17.788 0.550956 0.293569 0.0742179 1035.06 0.219352 17.237 3.5973 1176.13 233006 1371.5 20.3739 1.25165 231635 18208.5 10360.6 7847.82 977.003 538.982 5129.03 2061.2 172.003 2718.79 3067.84 9383.64 7993.01 822.843 1889.19 1429.16 213426 131691 48210.5 83480.4 81846.9 6503.09 47368.9 23847.4 15737.7 81735.4 5750.27 4634.98 3341.95 75985.1 1115.29 954.331 3578.15 2436.83 1155.98 23521.5
internal_count=22789142 1549841 81121 21239301 1100368 20138933 8164528 1179605 185873 8664 177209 993732 122239 3942 1999 1174 293 6984923 881 1943 431 1080878 11974405 105908 1762 564 11868497 1124307 621330 502977 82547 49113 295393 186130 20632 207584 109263 538783 485821 50747 165498 165980 10744190 5566141 2344031 3222110 3186225 282708 1800448 1028741 747226 5178049 156826 108452 59738 5021223 48374 45068 69995 29441 7473 771707
is_linear=0
shrinkage=0.1


Tree=94
num_leaves=63
num_cat=0
split_feature=32 8 16 3 20 33 0 28 32 8 20 8 9 7 16 28 7 0 0 30 35 7 20 35 33 28 16 30 20 11 1 7 33 33 11 7 24 8 7 8 28 30 29 2 32 31 1 29 30 12 25 2 4 24 1 25 2 32 17 33 34 31
split_gain=114.938 275.77 279.186 255.839 211.323 213.543 189.138 180.496 128.753 391.97 234.754 182.054 220.846 190.751 206.596 254.651 195.215 541.835 173.722 397.367 1450.79 929.259 2550.64 116438 2146.13 172.292 176.016 214.142 165.827 177.596 159.88 301.581 390.442 434.021 788.78 549.609 202.338 284.244 716.262 448.849 201.947 141.136 195.687 188.097 153.662 144.463 173.066 152.192 142.396 247.428 177.25 254.614 238.308 166.464 270.267 184.907 181.416 165.593 318.53 584.1 277.762 207.907
threshold=12.500000000000002 62.529621124267585 3.5000000000000004 99.333332061767592 0.56350308656692516 0.43561851978302008 88.493064880371108 8.5000000000000018 11.500000000000002 62.087114334106452 0.701715648174286 48.107236862182624 0.087121214717626586 52.655075073242195 1.5000000000000002 4.5000000000000009 19.625349998474125 92.390407562255874 9.2665472030639666 12.500000000000002 21.500000000000004 44.502014160156257 0.094115942716598525 20.500000000000004 0.72155615687370311 6.5000000000000009 4.5000000000000009 5.5000000000000009 0.27677503228187567 1.5000000000000002 89.699382781982436 42.88975906372071 0.87094238400459301 0.97268784046173107 1.0000000180025095e-35 41.128122329711921 2.5000000000000004 33.772006988525398 38.51391792297364 28.178466796875004 3.5000000000000004 11.500000000000002 19.500000000000004 95.488464355468764 5.5000000000000009 0.78413879871368419 72.834224700927749 16.500000000000004 10.500000000000002 1.0000000180025095e-35 2.5000000000000004 86.319076538085952 0.98544973134994518 2.5000000000000004 95.861873626708999 3.5000000000000004 95.101959228515639 10.500000000000002 1.0000000180025095e-35 0.0085659027099609392 1.0746952295303347 0.60706976056098949
decision_type=2 8 8 2 2 2 2 2 2 10 2 8 10 10 8 2 10 2 2 2 2 8 2 2 2 2 8 2 2 2 2 10 2 2 2 10 2 10 10 10 2 2 2 2 2 2 2 2 2 2 2 2 2 2 2 2 2 2 2 2 2 2
left_child=8 2 7 6 5 -3 -4 -2 11 25 -11 12 13 14 15 16 17 -1 19 20 21 22 -16 24 -24 26 -10 -28 29 -14 -18 32 -32 34 -34 -36 37 38 -35 -40 -41 48 43 44 45 -43 47 -47 49 57 -51 52 -52 54 56 -56 -50 58 59 -13 -61 -60
right_child=1 4 3 -5 -6 -7 -8 -9 9 10 -12 41 28 -15 18 -17 30 -19 -20 -21 -22 -23 23 -25 -26 -27 27 -29 -30 -31 31 -33 33 36 35 -37 -38 -39 39 40 -42 42 -44 -45 -46 46 -48 -49 53 50 51 -53 -54 -55 55 -57 -58 -59 61 60 -62 -63
leaf_value=1.5057074918917497 0.022551735335994676 0.051888721453028419 -0.016606149400549431 -0.055186632109251225 -0.037119919383726198 0.00087001333362481538 0.10698786168284402 -0.050323339372944621 0.028467351638747498 0.035912915204890226 -0.030192092561352274 -0.019515929614081513 0.053917843792906942 0.0017681880140388161 -0.10002461848243821 -0.016380827524687482 -0.052505977406480012 18.820299425247448 -0.06118200236825893 -0.0059063257730062818 -14.534570377445528 -0.10037283536429704 -0.10002033612557287 -207.45482985597337 -36.450579994794452 -0.01014152875799338 -0.063248087350273527 0.0097307653265526397 0.012858904862723664 -0.053228646058546117 0.44855397931028362 0.22858824170624437 20.227793324129159 3.043600772896669 2.1014954707543598 19.349340275741142 0.65154855523204358 0.67927220186193749 28.476763211224188 15.485215038770903 -0.10002569897486918 0.049051263099410214 0.00015491678168488829 -0.048237070293391512 -0.0070880982028173603 0.078867086107305112 -0.0078872695091903519 0.020807401371915665 -0.0098663779972522261 0.046867477218352743 -0.03913030993409064 0.044062986891283851 -1.5712133297264737 -6.9674190659234762e-05 -0.058780320779521916 0.081359585101279261 -0.10196392897995399 -0.0076863116294332585 -0.0016744090389873281 -0.002760609155618615 0.16586607549707783 0.024342005152050959
leaf_weight=0.12455300537351632 1620.4956377806666 872.26478927141397 1712.0186084970128 2934.6981886549192 1373.2351687191403 13797.976347778567 133.47094256073979 430.06589093216826 3061.5243043634582 5500.0232275677517 595.36072432126093 531.41389641064961 1856.6497269384508 5636.3428546742434 2.0737200076978293 59.303903580810584 7.0778051802772124 0.021141237215488218 610.76708440060247 16.270412283520272 0.076207277905269488 7.7403705344895579 1.0174497873267681 0.027970100690708821 0.016505257750395574 8209.6317611238192 542.2786594760546 1555.1532657135249 7759.751570041597 168.75642523932765 3.2198217999830403 11.63467715805052 0.034435541449056806 0.47715456022706326 0.18169279290304985 0.020566224688082002 0.93138608790468425 0.3849640149383049 0.017496612737886608 0.019248995355155785 0.014635195777373156 1703.796377997558 61365.581486285053 459.48140948860237 2119.8431979335946 501.39615673514709 2048.4321430498239 4535.5480002026015 15499.966793141662 1803.3166202424673 731.88034979000258 669.1243022785784 1.0166612299508404 11819.593411023212 1772.2985362381878 99.434592346893623 216.87700235204102 31813.142972426518 37393.847293276805 126.68007415262764 426.75611243781168 3346.5596658146678
leaf_count=648 297746 18284 1011941 1848925 30124 274019 13358 536174 356084 114945 14392 8554 103034 754889 18256 337568 51513 37 4018991 34246 85 9264 6806 170 109 1541183 322005 532012 1495279 76175 5222 3548 142 2784 1600 154 8018 3491 33 169 107 67838 3291886 9706 512243 17672 38440 335482 851552 911904 77572 490582 133 852809 45015 5884 4250 569108 726021 3145 11615 123255
internal_value=-3.38506e-05 -0.00677238 -0.0235997 -0.0368409 0.000392106 0.00390349 -0.00766749 0.00726759 0.000684433 0.00844004 0.0294562 -8.91827e-05 0.0100817 -0.00442888 -0.0528434 0.0951069 0.368773 4.01817 -0.0721986 -0.319367 -0.785038 -0.688696 -2.14098 -6.12654 -0.680293 -0.00114223 0.0131787 -0.00913749 0.0195097 0.0449904 0.346632 0.513437 1.13858 2.20592 6.23726 3.8553 1.6887 2.74617 4.25161 15.4699 8.75367 -0.0010065 0.00238747 0.0144385 0.0170783 0.022907 0.0166202 0.0265869 -0.00332983 -0.00106513 0.0261328 -0.000536712 -0.0412556 -0.0092475 -0.015415 -0.0513355 -0.0111372 -0.002249 0.00188673 0.0553658 0.127268 0.00046267
internal_weight=237467 22874.2 6830.75 4780.19 16043.5 14670.2 1845.49 2050.56 214593 19464 6095.38 195129 16143 6357.8 721.453 83.4635 24.1596 0.145694 637.99 27.2226 10.9522 10.876 3.13565 1.06193 1.03396 13368.6 5158.96 2097.43 9785.16 2025.41 24.0139 16.9361 5.3014 2.08158 0.236695 0.202259 1.84489 0.913499 0.528535 0.0513808 0.0338842 178986 72734.1 11368.5 10909 8789.17 7085.38 5036.94 106252 76843.7 3205.34 1402.02 732.897 29408.2 17588.6 1871.73 15716.8 73638.4 41825.3 1084.85 553.436 40740.4
internal_count=22798196 4030571 3708144 2874224 322427 292303 1025299 833920 18767625 2880621 129337 15887004 6932338 5257850 4502961 415034 77466 685 4087927 68936 34690 34605 25341 7085 6915 2751284 1210101 854017 1674488 179209 76781 25268 21720 16498 1896 1754 14602 6584 3093 309 276 8954666 4273267 981381 971675 459432 391594 353154 4681399 2921889 1480191 568287 77705 1759510 906701 50899 855802 1441698 872590 23314 14760 849276
is_linear=0
shrinkage=0.1


Tree=95
num_leaves=63
num_cat=0
split_feature=7 9 16 28 7 34 1 32 7 8 24 11 24 7 28 8 0 11 28 35 11 8 32 24 1 26 0 8 7 0 26 8 8 1 35 19 1 24 8 11 1 0 8 7 7 32 8 0 30 35 34 9 28 32 34 28 1 8 32 1 8 0
split_gain=417.376 819.949 1494.89 3941.86 9532.89 16110.1 23548.1 27561.9 18987.2 25078.5 18119.4 13444.3 9064.11 7883.55 6900.38 5118.33 4554.03 4301.75 4202.34 3253.92 2228.73 2038.83 3117.57 6656.61 7323.62 5662.78 1972.77 1670.1 1562.08 18456.1 1115.17 1094.09 842.79 1625.2 680.256 572.911 1620.65 540.327 444.582 443.721 366.483 343.392 340.098 314.715 293.256 218.857 201.767 160.489 436.799 1857.65 43072.9 401.592 573.204 251.663 869.012 23978.3 122.265 136.696 115.884 381.907 115.055 320.906
threshold=43.344987869262702 0.15476191043853763 1.5000000000000002 4.5000000000000009 38.51391792297364 1.0415838956832888 90.054946899414077 11.500000000000002 41.128122329711921 33.772006988525398 2.5000000000000004 2.5000000000000004 2.5000000000000004 42.88975906372071 2.5000000000000004 33.772006988525398 66.978191375732436 1.0000000180025095e-35 1.5000000000000002 2.5000000000000004 1.0000000180025095e-35 30.028902053833011 11.500000000000002 2.5000000000000004 89.699382781982436 1.5000000000000002 80.972057342529311 35.192592620849616 19.625349998474125 88.493064880371108 1.5000000000000002 30.807500839233402 37.05510330200196 92.40384674072267 3.5000000000000004 0.48226973414421087 90.054946899414077 3.5000000000000004 38.754844665527351 1.5000000000000002 93.908470153808608 91.54584121704103 42.358736038208015 43.085422515869148 32.510162353515632 11.500000000000002 25.078616142272953 8.9719939231872576 12.500000000000002 22.500000000000004 1.0000000180025095e-35 0.10555555671453477 52.500000000000007 11.500000000000002 1.0000000180025095e-35 7.5000000000000009 89.699382781982436 36.854232788085945 19.500000000000004 90.054946899414077 41.472446441650398 99.473682403564467
decision_type=8 8 8 2 10 2 2 2 10 8 2 2 2 10 2 10 2 2 2 2 2 10 2 2 2 2 2 10 10 2 2 10 10 2 2 2 2 2 10 2 2 2 10 10 10 2 10 2 2 2 2 8 2 2 2 2 2 10 2 2 10 2
left_child=1 2 3 4 20 6 56 8 9 10 31 12 13 15 -13 -10 -17 -11 26 -18 21 35 23 32 -25 27 -14 41 29 -22 37 -8 40 -34 -21 36 -1 42 -36 -33 -23 -26 -20 60 -42 -37 -47 48 49 51 -51 53 -53 -4 -55 -56 -6 -58 -30 -60 -9 -62
right_child=-2 -3 47 -5 5 -7 7 43 11 17 -12 14 18 -15 -16 16 19 -19 30 34 28 22 -24 24 25 -27 -28 -29 58 -31 -32 39 33 -35 38 45 -38 -39 -40 -41 44 -43 -44 -45 -46 46 -48 -49 -50 50 -52 52 -54 54 55 -57 57 -59 59 -61 61 -63
leaf_value=-0.10001932013011774 0.00015438264048006685 0.0017421834264370697 -0.10040619441497488 -0.049330117202496193 0.072498852760797719 0.39132332272916015 -54.054909849058731 0.59261228932463184 -77.462892226764154 -33.02709527357262 0.75769879401181495 -131.20831453538494 -29.781890724835797 -0.10003212408017129 -54.347320852006433 -80.36941616705721 -59.118774420824458 -0.10003699063745115 -2.3193320930351815 -35.941138466947123 0.42808868115011417 -0.51541755816611634 0.38204596466119428 -0.10001517331409436 -24.355685321910986 -72.083314181145994 -71.409874036543911 -44.812290106370313 0.16247678808227262 -60.361325883484199 -26.988160147108601 -46.112880823782355 -0.10002426729189853 -34.564469267986389 -26.233540491324831 -0.70502832012854555 -20.798794694921114 -20.378408344236085 -7.8445497482479798 -37.415673580339899 -8.457559805899546 -9.3571966711247097 -15.212682907452654 -8.3721952558346953 -3.1957860245145611 6.7374761970813459 0.79482505970087514 -0.068517393529785586 -0.051189000341520054 -0.10001077184713386 -206.31223454153292 -0.10002617596635661 -25.698694984833004 0.096406619147464429 -0.10000976739217973 -148.26889115806622 -12.849633862794617 -0.10002342510297089 -0.1000107395784903 25.313320976223935 0.98702069506601076 12.724629583372442
leaf_weight=0.13125052008003368 235355.76270042334 1229.6735322203726 2.0830879695331528 62.577388584370055 1.7396168819395836 3.6327445481801988 0.096123772998450652 0.57750773299630953 0.063210459357820326 0.042517335211869178 0.11658419536661313 0.021349883359081279 0.030318665147206048 0.031632443489797879 0.02579032048217389 0.027405860339058563 0.038968289477452345 0.59394361221347935 0.090114816843197332 0.030689047929627122 0.56794638489737082 0.24388260305931886 0.56390143560929573 0.075190236122580245 0.028858600843705062 0.037507899752199592 0.018229069766221073 0.031310613867390202 18.905073685582469 0.054759546577770379 0.04090798610695856 0.10827582964793692 0.028742850034177536 0.026113167711628194 0.026783574307046365 1.6942451168383743 0.053142689566357149 0.029586122174805496 0.025823062998824753 0.12801819749438437 0.17948190787956264 0.032406658698164392 0.026467172143384232 0.036241750953195151 0.25843760605948773 0.073125519353197777 0.26124967730720527 570.11504760213825 7.5427921589325706 0.20054251002875378 0.010668038187759521 0.019871650882123393 0.015625501279828313 0.50911864975932974 0.22750231949612498 0.011472857226181077 0.015647447442460716 0.018179315618908731 0.023785761193720556 0.0078698821998841595 0.091993246733181877 0.031189926456136163
leaf_count=1041 13517082 909507 19110 714060 21993 107 120 4653 103 138 438 149 177 127 136 134 167 2639 364 115 1039 786 2355 834 105 160 99 123 90020 105 176 125 240 91 112 474 119 126 91 113 116 108 102 179 188 121 393 7449528 38485 2121 91 111 112 5173 2718 129 98 112 329 72 706 191
internal_value=-0.000222864 -0.0468543 -0.13547 -0.50631 -1.42777 -4.46412 -8.7421 -15.3076 -22.6288 -15.0664 -33.1634 -38.197 -33.1936 -46.6813 -89.1578 -53.603 -43.5261 -2.29965 -19.197 -35.2676 -0.416113 -2.66013 -5.49864 -9.0192 -24.9443 -39.3047 -45.4127 -26.0241 0.0105444 -4.91761 -12.3938 -45.06 -4.58157 -16.5062 -24.1093 -0.728686 -6.06547 -8.30934 -17.2069 -41.401 -3.62215 -16.4221 -5.24646 0.714441 -5.35233 -0.243595 2.09444 -0.0756925 -0.460851 -1.46478 -10.5156 -0.797939 -11.3683 -0.665409 -2.23867 -7.21339 -0.0432842 -5.99769 0.172599 6.21798 1.18443 3.95898
internal_weight=237260 1904.02 674.347 93.6115 31.0341 7.75586 4.12312 2.34967 1.61274 1.08546 0.449002 0.527277 0.480137 0.244513 0.0471402 0.21288 0.14967 0.636461 0.235624 0.122264 23.2783 3.71885 1.50583 0.941932 0.205274 0.130084 0.0485477 0.0925759 19.5594 0.622706 0.187076 0.332418 0.736658 0.054856 0.0832957 2.21301 0.184393 0.146168 0.0526066 0.236294 0.681802 0.0612653 0.116582 0.736933 0.43792 2.02862 0.334375 580.736 10.6207 3.07789 0.211211 2.86668 0.0354972 2.83118 0.748094 0.238975 1.77344 0.0338268 18.9367 0.0316556 0.700691 0.123183
internal_count=22790836 9273754 8364247 846669 132609 33790 33683 11480 5751 3573 796 2178 1893 849 285 722 619 2777 1044 485 98819 7254 5106 2751 1330 496 276 336 91565 1144 768 358 1421 331 318 2148 1160 592 203 238 1090 213 466 5729 304 988 514 7517578 68050 29565 2212 27353 223 27130 8020 2847 22203 210 90421 401 5550 897
is_linear=0
shrinkage=0.1


Tree=96
num_leaves=63
num_cat=0
split_feature=7 10 32 16 34 14 7 28 8 0 28 11 21 7 27 34 25 1 24 4 33 27 1 25 25 24 2 24 2 2 2 25 14 19 2 0 3 2 24 2 0 0 19 3 2 28 24 11 3 34 0 3 3 28 24 24 2 28 2 1 0 28
split_gain=217.056 431.478 893.78 4155.92 12448.9 12976.9 38458.5 171833 535.918 2556.35 3652.77 437.712 267.355 256.38 170.241 140.844 91.6016 378.09 323.647 781.829 783.596 281.249 495.554 466.601 341.021 1043.13 614.056 1033.6 1039.47 576.112 544.237 334.484 293.047 318.398 284.489 1097.87 711.438 267.423 513.898 308.209 246.5 228.601 227.513 217.471 469.152 214.833 197.393 275.483 204.418 197.306 196.585 185.54 174.103 195.455 174.77 173.515 172.296 171.875 179.939 180.914 172.716 168.845
threshold=43.344987869262702 1.0000000180025095e-35 19.500000000000004 1.5000000000000002 0.34023976325988775 inf 38.51391792297364 6.5000000000000009 41.472446441650398 99.473682403564467 4.5000000000000009 1.0000000180025095e-35 1.0000000180025095e-35 40.093458175659187 1.5000000000000002 1.0982617735862734 3.5000000000000004 6.4866759777069101 3.5000000000000004 0.61106348037719738 0.54960685968399059 31.500000000000004 9.3933825492858904 4.5000000000000009 4.5000000000000009 3.5000000000000004 6.7231638431549081 2.5000000000000004 68.614070892333999 90.219989776611342 77.849929809570327 5.5000000000000009 inf 0.39330349862575537 3.9607843160629277 8.9719939231872576 8.081632614135744 7.2077922821044931 2.5000000000000004 5.7556936740875253 88.493064880371108 49.151567459106452 1.0000000180025095e-35 22.539682388305668 12.632978916168215 9.5000000000000018 4.5000000000000009 1.0000000180025095e-35 99.333332061767592 0.19925160706043246 74.443344116210952 10.62030076980591 10.128205299377443 131.50000000000003 2.5000000000000004 2.5000000000000004 86.526824951171889 125.50000000000001 3.4190531969070439 7.7422575950622567 8.5867896080017108 131.50000000000003
decision_type=8 2 2 8 2 8 10 2 10 2 2 2 2 10 2 2 2 2 2 2 2 2 2 2 2 2 2 2 2 2 2 2 8 2 2 2 2 2 2 2 2 2 2 2 2 2 2 2 2 2 2 2 2 2 2 2 2 2 2 2 2 2
left_child=1 2 8 4 -4 6 7 -6 15 -10 11 -11 -13 -14 -12 -1 18 -18 43 -20 50 22 37 34 26 30 -24 28 41 32 31 45 -29 -34 57 -36 -37 38 -19 51 -22 -28 61 -2 -45 49 -35 -48 -49 -26 56 -40 53 -25 -54 -44 -21 58 -23 -60 -59 -38
right_child=16 -3 3 -5 5 -7 -8 -9 9 10 14 12 13 -15 -16 -17 17 21 19 20 40 23 24 52 25 -27 27 29 -30 -31 -32 -33 33 46 35 36 42 -39 39 -41 -42 -43 55 44 -46 -47 47 48 -50 -51 -52 -53 54 -55 -56 -57 -58 60 59 -61 -62 -63
leaf_value=-0.071892359485555363 0.014623974126691502 0.0013122410027553667 -108.78308578952004 -0.076753562997743663 -435.80465083745298 -0.23893274548241836 -2.2226973971903656 -0.10008252963050555 -0.058684589494404131 -1.1691282153691187 8.714586385551149 -3.5019200715090317 -4.0647180653924435 -6.3640220800547116 0.030752781057702634 0.19912153626000087 -0.11252464198778918 -0.10463849600613331 -0.017898328682576264 0.080818831641630021 0.0067068040218403987 0.10024094622580981 -0.090915785088569775 0.0015368336918054563 0.21176813980000619 -0.031754948336907562 -0.09285714814561194 0.020980491660805151 0.16393091008567331 0.0026322089361545294 0.2181362462614605 -0.041947446668215232 -0.028407715093959753 -0.084355401619024994 -0.11930473493173069 -0.16319780338539894 0.011080019758591388 -0.12766425164048784 0.11500444422642637 -0.037657373558315742 -0.14964579719373278 0.031187538402731675 0.097964837298576413 -0.057316785260674796 -9.1992182836948811e-05 -0.062847121885011931 -0.060745325289792609 0.038053502210427567 0.43958831041073321 0.050420610164839952 0.13398452937549762 -0.06524174906833774 -0.069468319289499855 -0.12456713414820056 0.043455985188231322 0.016765052593435702 -0.051858199657700832 -0.11495883022447523 -0.099789025414920809 0.036957957659297332 0.010515201310844142 -0.052824012588360891
leaf_weight=599.67192722614948 9961.488660945266 1229.0596596263715 0.011961380636267616 4.2710729918253492 0.011934688059422882 0.74560062919680448 0.13484844235821569 0.037468329934199573 38.838505808163205 0.50100540961912132 0.022689473869831889 2.0275668267549083 1.0345671594986923 0.91281916373398608 4.5031411564414157 19.80925590240804 318.043087848906 680.48784148643972 2504.6604456815257 1220.5149743293332 1108.026341919518 450.10506518412194 974.98930007863964 1469.8850344206573 77.652131088012538 3068.1540049340838 236.83174149746992 783.1595671275827 663.18734398416564 7564.0217241756 174.87143392546568 463.21499890819541 4375.6837164412755 1950.4757735555759 694.39167570503378 234.04379353494915 11770.091540381747 430.11878816069657 299.15217453847436 545.72607083941693 110.92879730630739 398.63202145805917 525.35334687719296 1444.9058219062863 169124.78625663769 164.52790620646556 103.35707619610184 27.491145194398996 23.530921749174013 3161.5370360736415 759.11730897179223 70.583589471832966 1257.686500418816 134.12604721158277 153.81548545994519 527.31108688846143 106.41121999802999 120.90707715364988 99.520343236203189 3471.7602883837039 1184.0568902553277 428.51192315454682
leaf_count=7765845 333578 914980 154 63638 143 8619 265 379 460455 51 149 470 214 161 42371 16246 46390 83226 484819 66747 59560 6607 62084 31246 2567 123455 220546 18206 16587 238190 6842 57142 399350 80750 12782 3208 217660 16922 3629 16470 1921 27126 12705 121978 10295152 24733 2400 3484 1115 128853 33281 1119 56626 3847 11831 26349 1612 2069 2563 54395 17892 75813
internal_value=-0.000274493 -0.0339241 -0.0983188 -1.40265 -7.4155 -6.11153 -29.8759 -105.357 -0.0881298 -0.410607 -1.92899 -3.95458 -4.30566 -5.1425 0.0742877 -0.0632261 -2.6871e-06 -0.00384636 0.00100963 0.0242414 0.0561766 -0.00313748 -0.010174 0.00505997 -0.00619838 0.0122078 -0.0138508 -0.00919152 0.0763544 -0.0166839 0.0455801 0.0377767 -0.0367986 -0.043781 0.0107194 0.0033177 0.00963183 -0.0576821 -0.0388214 0.0101022 -0.00752178 -0.0150428 0.0126843 0.00026201 -0.000576747 0.0486265 -0.0757399 0.0331106 0.223238 0.0542885 0.093398 0.0805949 -0.0315482 -0.00900787 -0.0571626 0.0572894 0.070179 0.0304239 0.0406569 0.0331472 -0.00111018 0.0088352
internal_weight=237319 1901.59 672.534 5.21289 0.941813 0.929852 0.184251 0.049403 667.321 47.8403 9.00179 4.47596 3.97495 1.94739 4.52583 619.481 235418 49077 186341 5809.66 3305 48759 26237.4 22521.6 24211.3 7109.96 17101.4 16126.4 1298.65 14827.7 4041.8 3866.93 7263.7 6480.54 19506.1 14179.7 13485.3 2026.07 1595.95 915.462 1218.96 635.464 13251.3 180531 170570 3403.72 2104.85 154.379 51.0221 3239.19 2086.04 369.736 3015.51 1604.01 1411.5 1052.66 1326.93 5326.35 4021.39 3571.28 1304.96 12198.6
internal_count=22789567 9274140 8359160 73198 9560 9406 787 522 8285962 503871 43416 896 845 375 42520 7782091 13515427 2116779 11398648 647940 163121 2070389 1534796 535593 1413430 343592 1069838 1007754 264259 743495 220137 213295 505305 487099 432043 348517 335735 121366 104444 21218 61481 247672 332527 10750708 10417130 156153 87749 6999 4599 131420 101640 4748 103550 35093 68457 39054 68359 83526 63565 56958 19961 293473
is_linear=0
shrinkage=0.1


Tree=97
num_leaves=63
num_cat=0
split_feature=7 9 20 1 34 0 35 34 20 9 11 1 32 18 19 11 35 11 26 9 25 8 18 7 28 9 8 9 26 20 18 32 11 18 32 11 18 32 11 32 18 11 26 10 1 22 31 3 9 9 7 27 28 28 35 16 33 0 7 18 32 11
split_gain=124.205 221.756 140.179 134.123 582.157 1443.3 895.722 129.41 95.9435 340.96 460.584 456.277 203.063 403.222 1339.11 348.789 230.269 209.894 286.604 258.325 222.752 196.396 195.974 169.481 157.391 153.25 147.514 207.244 205.028 197.093 153.808 1059.73 692.223 355.265 780.141 432.357 295.01 656.079 369.201 202.376 922.849 169.835 152.572 260.506 240.357 441.189 312.4 235.462 171.274 220.97 266.046 1045.93 6869.01 1506.96 3756.31 614.635 2064.28 7080.89 158.329 152.433 324.725 238.368
threshold=43.344987869262702 0.13392857462167743 0.13998643308877948 84.680576324462905 1.1191128492355349 90.054946899414077 5.5000000000000009 0.77325350046157848 0.95876392722129833 0.89898991584777843 1.5000000000000002 99.473682403564467 2.5000000000000004 1.5000000000000002 0.19873649626970294 1.0000000180025095e-35 2.5000000000000004 1.5000000000000002 1.5000000000000002 0.23611111193895343 1.5000000000000002 87.362373352050795 1.0000000180025095e-35 92.60501861572267 937.00000000000011 inf 76.208446502685561 inf 1.0000000180025095e-35 0.79373788833618175 3.5000000000000004 4.5000000000000009 1.0000000180025095e-35 4.5000000000000009 5.5000000000000009 1.0000000180025095e-35 5.5000000000000009 6.5000000000000009 1.0000000180025095e-35 3.5000000000000004 2.5000000000000004 1.0000000180025095e-35 2.5000000000000004 1.5000000000000002 78.346122741699233 1.0000000180025095e-35 0.62639012932777416 59.516963958740241 0.47222222387790685 0.087121214717626586 47.229200363159187 1.5000000000000002 5.5000000000000009 4.5000000000000009 7.5000000000000009 2.5000000000000004 0.97268784046173107 72.438781738281264 56.152366638183601 6.5000000000000009 7.5000000000000009 1.0000000180025095e-35
decision_type=8 10 2 2 2 2 2 2 2 8 2 2 2 10 2 2 2 2 2 10 2 10 8 10 2 8 8 8 2 2 8 2 2 8 2 2 8 2 2 2 10 2 2 2 2 2 2 2 8 8 10 2 2 2 2 8 2 2 8 8 2 2
left_child=1 2 -1 -4 5 6 -5 -8 12 10 -10 22 13 16 15 -15 -2 20 19 -19 25 -17 -11 -12 26 -14 27 28 -22 42 39 32 -32 -33 35 -35 -36 38 -38 40 -28 -42 43 44 45 47 -46 -30 49 50 51 52 53 55 -55 56 -44 -58 -47 -39 61 -61
right_child=8 -3 3 4 -6 -7 7 -9 9 11 23 -13 17 14 -16 21 -18 18 -20 -21 24 -23 -24 -25 -26 -27 30 -29 29 -31 31 33 -34 34 36 -37 37 59 -40 -41 41 -43 48 -45 46 58 -48 -49 -50 -51 -52 -53 -54 54 -56 -57 57 -59 -60 60 -62 -63
leaf_value=-0.08311077706921477 -0.0078457395347747306 9.4699924545069866e-05 -0.052705939353906363 14.338895025922696 0.19802353321905128 26.354507113982706 0.39421176695925952 7.736075013496432 -0.02064654080180129 0.011349641866190474 -0.01447948366460014 0.064118260524138021 0.011447021148097033 -0.031440929169655567 0.097822339384799145 0.0085693221228925458 0.013479188090362608 -0.0069154026466994208 -0.030645635340110194 0.055111975577616372 0.039355681571958942 0.085020636960226811 -0.0051701160906247904 0.04474538376386436 -0.041900416961372304 -0.035652351745201427 -0.017454227693730093 -0.037479224301557201 -0.090929571699311151 -0.014929804826848136 -0.028205965192120531 -0.033144590684269608 0.11359737225148069 -0.022139384737578705 -0.035727737046049229 0.14047753452153017 -0.022868612374099141 -0.030607606160787254 0.15625392851626926 -0.028456358793294518 0.0044547023557700328 0.10379124065308137 0.25550702855780671 0.045285629262678213 0.00037822044113396732 0.081377522234333977 0.030056829816150429 -0.0245795464708683 -0.00077237435433734 0.044101618415673685 9.4336496374761646e-05 0.043989392527800944 -33.535282464343375 -42.637079315420841 -0.10006891492018716 -0.055877908456847647 -0.10009870566461108 -55.02653379547192 -0.002787333223511209 -0.035077984212078542 -0.0021914999229871368 0.13311634976128581
leaf_weight=644.22069969991207 10175.414510152616 1226.7382928759573 28.030987575431254 0.055404708022254279 21.003844699538604 0.026460188149940223 0.40459691342402948 0.025522364361677319 16105.592129735254 10509.774789057439 688.22666120621579 1150.5597760885285 21688.352929402972 2001.5387994460361 2037.2562491182034 1148.4863520153049 10079.526355735361 4262.6880326621385 5156.3825151641659 796.96082130833383 1664.9660599266426 474.98803229164332 22673.08804131826 1621.8284035301913 928.904841571828 713.55615125838085 6160.370041899354 1183.2625233915169 905.67628689042044 5073.8694464550208 471.04696149048686 3791.551531029254 1278.8667913101235 226.04108356633515 2617.5695162479824 590.90300859053968 160.42894733665162 1860.7829088889121 406.98771565646166 5227.0113731247548 216.17835648814798 844.30839415956871 0.27541855860728182 1388.6832313994055 17119.116783496123 232.44829269906563 4473.503260190977 1306.3215672290028 2807.5336724810477 3376.0965895993231 1347.1311846149606 7.5194227012493569 0.068741181414225028 0.030547508962626924 0.064793335419381037 1.708202424306364 0.082804380894231144 0.032754952607319865 5813.5532593255484 116.8523235530738 51394.024520428939 302.10616958231549
leaf_count=8123950 274858 902085 235638 159 8879 49 2232 72 370319 311153 77348 1102831 1199959 223500 87373 127679 349633 699997 989190 45653 102333 14839 726257 45648 109009 23968 157619 64074 2506324 328708 63374 125240 62764 26754 101113 41704 18028 82984 37734 149127 24227 22267 175 73076 730606 38351 129503 257254 84645 153354 127819 20111 179 51 281 6625 292 86 141232 11929 1013986 31887
internal_value=-0.000132016 -0.0254594 -0.0706448 0.0914405 0.279235 3.61091 2.37142 0.829862 7.53395e-05 -0.00367948 -0.0146571 0.00220868 0.00116461 0.00936114 0.0329522 -0.00350473 0.00276625 -0.000197882 -0.0140541 0.00285472 0.000773686 0.0309371 6.20707e-05 0.0271007 -0.000892997 0.00994679 -0.000581704 0.00383771 0.00491175 0.00360404 -0.00330946 -0.0013088 0.0754263 -0.00349338 -0.00154413 0.0954829 -0.00293821 -0.00135585 0.10561 -0.0134699 -0.00262153 0.0835417 0.00602897 0.0029473 0.000977679 -0.0135323 0.00652696 -0.0517458 0.0187958 0.0304033 -0.00367901 -0.52329 -2.40801 -1.43298 -13.7291 -0.874513 -4.45117 -15.6688 0.000448521 -0.00248665 -0.00147673 0.086205
internal_weight=236501 1920.51 693.768 49.5468 21.5158 0.511984 0.485524 0.430119 234580 52749.1 18415.6 34333.4 181831 25917.2 5662.27 3625.01 20254.9 155914 10216 5059.65 145698 1623.47 33182.9 2310.06 123296 22401.9 122367 46701.9 45518.7 43853.7 75665 63217.2 1749.91 61467.2 57675.7 816.944 56858.8 54241.2 567.417 12447.9 7220.86 1060.49 38779.8 31239.3 29850.6 8258 21592.6 2212 7540.54 4733.01 1356.91 9.78269 2.26326 2.19452 0.0953408 2.09918 0.390978 0.115559 6046 53673.8 51813 418.958
internal_count=22788094 9273064 8370979 247029 11391 2512 2463 2304 13515030 2633556 493315 2140241 10881474 1077882 453391 366018 624491 9803592 1734840 745650 8068752 142518 1037410 122996 6844825 1223927 6735816 4765079 4701005 4598672 1970737 1617497 126138 1491359 1366119 68458 1297661 1196548 55762 353240 204113 46494 4269964 3876346 3803270 2943161 860109 2763578 393618 308973 155619 27800 7689 7510 332 7178 553 378 179583 1140786 1057802 43816
is_linear=0
shrinkage=0.1


Tree=98
num_leaves=63
num_cat=0
split_feature=7 9 20 28 1 19 35 31 0 35 1 3 4 35 10 9 32 20 26 8 9 10 0 1 1 0 22 1 3 2 0 2 3 4 22 3 3 24 25 24 7 2 25 3 3 22 31 4 0 6 2 1 0 3 4 3 25 25 7 21 2 3
split_gain=233.275 468.977 268.811 1079.19 2394.18 4812.5 8166.44 474.665 51670.5 4017.31 13636.8 110.314 101.404 295.987 96.9805 103.338 93.3293 128.117 90.9969 155.14 265.047 107.759 93.4854 695.983 404.351 360.484 238.357 292.373 312.693 249.232 233.867 303.762 306.481 475.161 192.57 195.133 247.639 334.946 241.512 228.722 203.16 216.782 196.096 191.335 223.89 191.196 189.194 181.268 350.138 561.505 378.381 187.424 420.586 311.758 534.994 408.789 180.192 176.674 199.298 214.304 170.69 169.136
threshold=43.344987869262702 0.13392857462167743 0.13998643308877948 1.5000000000000002 84.680576324462905 0.4896323829889298 5.5000000000000009 0.13663856685161593 88.047618865966811 5.5000000000000009 84.680576324462905 76.277057647705092 0.88297525048255932 7.5000000000000009 1.5000000000000002 0.68333333730697643 17.500000000000004 1.0000000180025095e-35 4.5000000000000009 50.882383346557624 0.81666666269302379 3.5000000000000004 44.327484130859382 32.466217041015632 48.808847427368171 52.027397155761726 1.0000000180025095e-35 59.885057449340827 67.117115020751967 32.757078170776374 32.305501937866218 25.723738670349125 48.714567184448249 0.57805734872818004 1.0000000180025095e-35 45.867485046386726 71.535182952880874 1.5000000000000002 1.5000000000000002 1.5000000000000002 56.152366638183601 40.967367172241218 2.5000000000000004 36.055555343627937 58.957218170166023 1.0000000180025095e-35 0.31084209680557257 0.78190237283706676 64.038833618164077 1.0000000180025095e-35 89.825496673583999 71.148777008056655 66.343040466308608 88.273490905761733 0.87369275093078624 99.333332061767592 3.5000000000000004 1.5000000000000002 97.613353729248061 1.0000000180025095e-35 28.388278007507328 84.29276275634767
decision_type=8 10 2 2 2 2 2 2 2 2 2 2 2 2 2 8 2 2 2 10 8 2 2 2 2 2 2 2 2 2 2 2 2 2 2 2 2 2 2 2 10 2 2 2 2 2 2 2 2 2 2 2 2 2 2 2 2 2 10 2 2 2
left_child=1 2 -1 4 12 6 -6 -5 9 10 -9 -8 -4 -14 -3 -16 18 -18 22 -20 21 -21 23 30 25 -24 27 29 -29 -25 31 32 46 45 35 39 37 38 -37 42 -39 -42 -26 -33 57 -34 -2 48 -38 50 -50 52 53 -49 -55 -56 -43 -45 -59 -60 -40 -53
right_child=16 14 3 7 5 -7 11 8 -10 -11 -12 -13 13 -15 15 -17 17 -19 19 20 -22 -23 24 26 34 -27 -28 28 -30 -31 -32 43 33 -35 -36 36 47 40 60 -41 41 56 -44 44 -46 -47 -48 51 49 -51 -52 61 -54 54 55 -57 -58 58 59 -61 -62 -63
leaf_value=-0.081584557322208956 0.040627425298445631 -0.0052587882386736749 -0.10001777621809405 0.12594841319210409 -22.951476847743603 -0.13134786843418975 -0.13996445546694999 -0.1001306490746464 -148.34986069165441 -0.091855712891564967 -22.294616952489761 -3.3519812656208319 13.25146497671091 -0.10020393109281625 0.056756073286186398 0.3662006294713484 -0.00055692472854127493 -0.061321872343860377 0.016963845794864377 -0.0093256744888266553 0.0054379486103187432 -0.067713177403472463 0.010431581692119617 -0.068357882678633825 0.031780306348516772 0.091452548934918915 0.036223091041494009 0.10629163518039259 -0.019598873740621775 -0.02693831660154964 -0.033333425896929517 -0.0049766311037152513 -0.0792270469119601 0.039022815232398048 0.043780887556730201 0.074033712556420925 0.01130014181688997 -0.068520255545522865 0.075950378737789953 -0.079625566480670124 -0.033307863855648517 0.040951819208607763 0.52448773176576924 0.048412150070613141 -0.039658986069745578 0.083196690126824069 0.00024562884584496093 -0.082841116541250023 -0.07573250148351339 0.040212455971562901 0.069084971956686086 0.014442438154511478 0.02227542136828321 0.043699220682149702 0.057923385854814192 -0.0635505589020601 -0.030981500388742884 -0.073104379279260209 -0.054830112592123482 0.16296132254507628 0.40811333932915439 0.00096990396812535152
leaf_weight=602.24415195419374 1190.5199734447233 1158.5510342820837 2.7707162172547553 27.345487958415113 0.31667544205192377 0.98787023386103101 0.21110194408538518 1.1764161008468352 0.023600141344174541 32.090650113195849 0.36202994335326355 0.21666781909519539 0.02246924251448934 0.063602118156268261 55.723759302032704 13.383858897592289 853.72961430519717 584.55730403438429 1168.900821951931 423.36778628858883 1456.9604719616764 1247.4719995678533 1334.6460743192947 2539.2358631353636 136.77028057636562 933.06720860773203 486.9734182845641 266.80184944284701 757.4210124155943 3395.2552710094751 1905.7933362251424 1731.6664471027434 1319.3031492053124 555.82619390245964 1057.5015164387587 454.32615082470875 2357.5997121184 274.48487523612857 25.211905287604168 570.89333992108004 619.30604109987326 2666.0460877035948 8.5847937910039018 3609.7956497201158 375.4568088134838 76.686268717981875 45568.726711896285 992.67709402042601 2130.2247824542355 673.52660689898403 197.11629252466173 10013.128624815785 1956.7257010670764 960.21589067368768 324.75487905479895 1885.2969231597708 400.55743228303618 267.00308920492171 83.771437173651066 98.074296599254012 40.039655048927671 134289.55297587032
leaf_count=8125173 24811 880600 37230 13611 76 17 21 14368 72 180819 94 183 122 426 18369 2648 77753 51842 65492 42723 41701 23940 365943 1211589 23589 86672 8776 28584 85398 1487527 649031 399613 74880 15907 18594 7328 145332 143941 9021 385837 91235 119688 7374 98509 12557 1274 1780525 64074 63573 71090 5937 236325 131021 53794 14892 148889 22607 453563 26421 4089 5982 4628454
internal_value=-0.000141052 -0.0350811 -0.102522 -0.294771 -1.77365 -4.70684 -10.7785 -0.18351 -0.43497 -0.331166 -5.32298 -1.76687 0.00499033 3.3853 0.00160571 0.116685 0.000141655 -0.0252534 0.000298533 -0.0141193 -0.0257355 -0.0529186 0.000569609 -0.00266527 0.00183417 0.0437683 -0.0314122 -0.0361453 0.0131946 -0.0446608 0.0011042 0.00230017 -0.000346816 -0.039171 0.0012473 0.000967882 0.00120064 0.0243807 0.0998715 -0.0511114 0.0144768 0.0206575 0.06088 0.023212 0.0342206 -0.0703046 0.00127377 0.000534021 -0.0175394 -0.0401968 -0.0634671 0.00117785 -0.0159629 -0.0339362 -0.0186231 -0.0457006 0.0315559 0.0410551 -0.0181129 0.0626307 0.279772 0.00190476
internal_weight=236161 1895.49 667.831 65.5873 4.5891 1.73232 0.744445 60.9982 33.6527 33.6291 1.53845 0.42777 2.85679 0.0860714 1227.66 69.1076 234266 1438.29 232827 4296.7 3127.8 1670.84 228531 64228.3 164302 2267.71 7445.69 6958.71 1024.22 5934.49 56782.6 54876.8 48711.1 1951.82 162035 160977 160261 4479.97 519.578 716.248 3960.39 3685.91 145.355 6165.77 4434.1 1395.99 46759.2 155781 5358.47 3000.87 2327.34 150422 6119.67 4162.94 3170.27 2210.05 3066.6 4058.64 448.849 181.846 65.2516 144303
internal_count=22791526 9273829 8372212 247039 38075 297 280 208964 195353 195281 14462 204 37778 548 901617 21017 13517697 129595 13388102 173856 108364 66663 13214246 6363054 6851192 452615 2821874 2813098 113982 2699116 3541180 2892149 1897397 92061 6398577 6379983 5963183 399802 22331 416800 377471 233530 30963 994752 595139 76154 1805336 5563381 285932 140600 69510 5277449 412670 281649 217575 163781 142295 582582 484073 30510 15003 4864779
is_linear=0
shrinkage=0.1


Tree=99
num_leaves=63
num_cat=0
split_feature=7 9 28 20 3 19 16 11 1 19 0 1 34 10 28 8 26 8 9 10 7 34 11 25 11 12 3 20 11 8 7 20 2 11 9 9 26 13 33 20 35 9 2 16 27 26 7 9 18 29 32 35 34 18 11 16 1 11 9 0 1 28
split_gain=156.337 283.022 224.359 2341.6 2546.77 1625.12 336.963 302.376 143.757 115.293 111.054 366.207 98.9332 88.4803 85.5359 106.813 84.2218 404.727 483.131 273.741 549.903 255.318 218.129 195.501 173.43 657.653 227.219 189.446 165.81 262.753 207.197 155.275 147.504 146.666 159.041 218.433 134.041 124.728 123.908 350.836 405.474 265.675 198.019 196.554 176.24 174.085 433.186 411.663 227.416 153.411 290.82 176.184 182.057 197.7 142.462 141.581 149.335 341.686 432.703 341.213 384.109 236.289
threshold=43.344987869262702 0.13392857462167743 1.5000000000000002 0.13998643308877948 74.813434600830092 0.42852927744388586 inf 1.0000000180025095e-35 76.028167724609389 0.19548859447240832 90.815368652343764 91.331184387207045 1.0746952295303347 1.5000000000000002 1360.0000000000002 64.019702911376967 2.5000000000000004 51.295475006103523 0.73214286565780651 1.5000000000000002 84.63898086547853 1.0000110864639284 1.0000000180025095e-35 1.5000000000000002 1.0000000180025095e-35 1.0000000180025095e-35 76.277057647705092 0.95019504427909862 1.0000000180025095e-35 89.296943664550795 98.799980163574233 0.73969072103500377 88.416816711425795 1.5000000000000002 0.087121214717626586 0.26136364042758947 6.5000000000000009 1.0000000180025095e-35 0.43076631426811224 0.56524053215980541 1.5000000000000002 0.52777779102325451 12.632978916168215 3.5000000000000004 1.5000000000000002 1.0000000180025095e-35 96.67456436157228 1.0000000180025095e-35 1.5000000000000002 17.500000000000004 8.5000000000000018 2.5000000000000004 1.1191128492355349 7.5000000000000009 1.5000000000000002 1.5000000000000002 59.885057449340827 1.0000000180025095e-35 0.47222222387790685 62.563131332397468 30.053763389587406 4.5000000000000009
decision_type=8 10 2 2 2 2 8 2 2 2 2 2 2 2 2 10 2 10 10 2 10 2 2 2 2 2 2 2 2 10 10 2 2 2 8 10 2 2 2 2 2 8 2 8 2 2 10 8 10 2 2 2 2 8 2 8 2 2 10 2 2 2
left_child=1 2 3 10 -5 6 7 -6 -9 -8 -1 -12 -4 -3 16 -16 19 33 21 38 23 22 31 -21 25 26 -20 36 29 32 -30 -19 -23 34 37 -36 -26 -18 39 40 -2 54 -42 44 -43 46 48 -48 -41 50 51 -47 -53 -54 -40 -51 59 58 -58 60 -57 -60
right_child=14 13 12 4 5 -7 9 8 -10 -11 11 -13 -14 -15 15 -17 17 18 24 20 -22 28 -24 -25 27 -27 -28 -29 30 -31 -32 -33 -34 -35 35 -37 -38 -39 41 45 42 43 -44 -45 -46 49 47 -49 -50 55 -52 52 53 -55 -56 56 57 -59 61 -61 -62 -63
leaf_value=-0.088602549512125317 -0.01715543160588124 -0.0080873018096262201 -0.075016043665164275 -0.23933471906464004 -11.074494269468621 -0.53646517836539942 -1.1639463093895988 -5.9918678959883866 -9.2992968634225601 -5.0019729118797258 13.926150955313268 0.69646737013847426 0.10492158282668639 0.10446073062451044 -0.053118979940737304 -0.0052424862834567374 -0.018870899389584122 0.017316809087594122 -0.049565489453793535 0.12492110262969609 0.0069376555735315279 -0.096002337689474568 -0.048026782988900757 0.047052955801445626 0.043195644906255971 0.0041025299097469606 -0.17436614281232565 -0.0024963250251031056 -0.009486832253520339 -0.24506516018132252 0.074631240964608145 -0.040577449203272296 0.01610153093829109 -0.038863040881711199 0.058797836040920794 0.012964249675563208 -0.089354939735406022 0.016247166156684468 -0.00076834650992717508 0.0024447875921833739 -0.020755475059691799 0.071382644102763945 0.04617108670872401 -0.037874468523671219 -0.022927448649710962 0.031320093585102841 -0.045824653067820437 0.023106631302829 0.045227791430876491 -0.013924694707717468 -0.028998719570682348 0.020185982111031692 -0.0066579892995912151 0.13958385946054136 -0.021802520853250216 -0.0015473158578016356 0.07098054607004782 -0.0021337382091436373 -0.0070225570021759378 0.089728190533049146 -0.028504944200083107 0.026700689402976076
leaf_weight=51.713095436486455 1733.2427889458759 1156.1932441899344 535.13984715570325 2.8795875250679637 0.17950031996101501 0.70190051909948303 0.089796516120874803 0.73986031591630308 0.15979949752589739 0.60966918616118093 0.021388488459862631 0.96171046200379262 32.406508452252638 74.342055094588432 663.34159689395892 1566.3413862397792 1651.9901784121171 1055.5087709514919 318.51490355581336 421.6357843439182 15886.234822848637 220.7510906047537 5012.7749273920635 1370.2765552883066 2323.275072086486 6020.2173979802901 269.1683757645078 2058.5542450474168 6068.0034229042067 69.203581337002106 307.66953785647638 825.64159841526998 250.63033477589488 506.62904505557708 1631.6603349804336 2866.5687962698285 78.881501704672701 2607.9558710662318 55870.13739454421 1864.9694966743809 492.77480068026671 341.53187205394352 4298.01264211948 3518.8352710613181 471.97550209492329 3686.4156266065547 1875.1587809149205 1610.4688908256358 3722.1921777917341 9706.2807740923035 1923.609209575272 5296.6969321630568 6615.6362229840597 93.750893288233783 3416.8544336236882 24304.611461278379 1387.3023347120507 32050.735926161953 3962.2468997827091 365.87495045529431 6754.4721152056409 4368.3831335765863
leaf_count=927279 26494 880344 7376740 36360 132 57 378 473 192 469 173 5278 24489 21005 101447 63656 157984 45822 7159 15384 691386 3677 435340 88492 36017 277872 4254 21875 79149 1277 3073 33933 18785 218562 67569 103068 973 45783 2550558 38692 26796 35107 332013 246357 14808 334650 18856 62604 113801 361510 134798 573995 233238 3441 803079 1431904 80375 562806 223434 36592 2183592 564373
internal_value=-0.000222805 -0.0291302 -0.0838951 -0.271135 -2.26242 -4.61098 -6.21891 -7.32703 -6.57934 -4.50925 -0.0685866 0.984295 -0.0647417 -0.00128778 6.70717e-06 -0.019486 0.000194406 -0.00439141 -0.0110354 0.000987557 0.0128611 -0.0235111 -0.0371301 0.0653753 0.00453038 -0.00575418 -0.106726 0.0197655 -0.00993613 -0.0631103 -0.00542756 -0.00809313 -0.0363975 0.0134497 0.0164758 0.0295896 0.038843 0.00262852 -0.000180301 0.00176323 0.024292 -0.00372747 0.0392871 -0.027633 0.0166664 0.000422049 0.0136882 -0.0139762 0.030947 -0.00077538 0.00769949 0.012198 0.00632665 -0.00461454 -0.0019806 -0.00257628 -0.00107135 0.00284657 0.0192721 -0.00627888 -0.00740984 0.0106611
internal_weight=235640 1856.14 625.603 58.0563 5.36011 2.48053 1.77863 1.07916 0.89966 0.699466 52.6962 0.983099 567.546 1230.54 233784 2229.68 231554 34143.6 24878.8 197410 17678.1 13810.2 6893.93 1791.91 11068.6 6607.9 587.683 4460.71 6916.26 540.585 6375.67 1881.15 471.381 9264.8 8758.18 4498.23 2402.16 4259.95 179732 116113 6524.03 63619.3 4790.79 4332.34 813.507 109589 9072.79 3485.63 5587.16 100516 17616.1 15692.5 12006.1 6709.39 59287 82899.9 73193.6 41768.7 9717.93 31425 31059.1 8330.63
internal_count=22789779 9273369 8372020 970791 38061 1701 1644 797 665 847 932730 5451 7401229 901349 13516410 165103 13351307 1562172 969206 11789135 795262 621056 515095 103876 348150 289285 11413 58865 105961 23739 82222 79755 22462 592966 374404 170637 36990 203767 10993873 7343964 385303 3649909 358809 296272 49915 6958661 233953 81460 152493 6724708 1280122 1145324 810674 236679 3353637 5444586 5083076 1430988 868182 3652088 3615496 787807
is_linear=0
shrinkage=0.1


Tree=100
num_leaves=63
num_cat=0
split_feature=7 9 28 0 1 31 20 3 3 1 0 3 25 0 28 25 3 2 2 0 25 2 1 2 1 28 1 22 24 1 2 22 9 3 2 1 19 25 24 25 3 34 22 3 4 25 24 3 3 7 29 7 21 25 18 0 29 1 2 3 0 19
split_gain=156.549 382.527 358.782 4682.47 5207.19 161.934 1093.63 88.3482 295.659 504.591 421.422 354.787 377.896 235.924 188.602 173.139 255.149 200.42 311.891 240.236 162.586 161.604 269.325 151.154 143.595 142.732 177.663 140.081 161.06 121.312 124.978 121.346 115.85 112.917 255.049 436.161 237.481 219.886 193.778 187.216 669.212 381.822 207.943 185.647 292.368 178.825 181.46 175.359 183.804 170.785 161.736 153.285 441.117 348.439 176.547 323.664 213.173 147.976 300.292 695.643 546.424 227.356
threshold=43.344987869262702 0.13392857462167743 1.5000000000000002 90.815368652343764 91.331184387207045 0.64221101999282848 0.13998643308877948 1.0000000180025095e-35 8.081632614135744 8.8562092781066912 8.5867896080017108 9.1966171264648455 3.5000000000000004 5.5946791172027597 35.500000000000007 2.5000000000000004 26.201373100280765 6.7231638431549081 5.1615052223205575 6.9366478919982919 4.5000000000000009 3.9607843160629277 20.169491767883304 9.1608390808105487 7.7422575950622567 579.00000000000011 8.8562092781066912 1.0000000180025095e-35 1.5000000000000002 6.4866759777069101 6.7231638431549081 1.0000000180025095e-35 0.81666666269302379 18.393234252929691 21.778656005859379 22.903981208801273 1.0000000180025095e-35 1.5000000000000002 1.5000000000000002 1.5000000000000002 46.737588882446296 0.94050404429435741 1.0000000180025095e-35 38.196554183959968 0.54763993620872509 3.5000000000000004 3.5000000000000004 47.165775299072273 41.444372177124031 93.364780426025405 25.500000000000004 99.781658172607436 1.0000000180025095e-35 2.5000000000000004 2.5000000000000004 35.025774002075202 19.500000000000004 93.063350677490249 92.907444000244155 93.218391418457045 88.982257843017592 0.21442873775959018
decision_type=8 10 2 2 2 2 2 2 2 2 2 2 2 2 2 2 2 2 2 2 2 2 2 2 2 2 2 2 2 2 2 2 10 2 2 2 2 2 2 2 2 2 2 2 2 2 2 2 2 8 2 10 2 2 10 2 2 2 2 2 2 2
left_child=1 2 3 -1 -5 -6 -7 20 9 14 11 -10 13 -13 -9 16 29 18 24 -20 25 -11 -23 -19 -17 27 -27 28 -2 30 -15 -32 -21 45 35 37 38 43 -37 -36 41 -41 57 49 47 -12 50 48 -45 -35 -47 -43 -53 54 -54 56 -56 58 60 -60 -42 -62
right_child=7 -3 -4 4 5 6 -8 8 10 21 33 12 -14 15 -16 17 -18 23 19 32 -22 22 -24 -25 -26 26 -28 -29 -30 -31 31 -33 -34 34 39 36 -38 -39 -40 40 42 51 -44 44 -46 46 -48 -49 -50 -51 -52 52 53 -55 55 -57 -58 -59 59 -61 61 -63
leaf_value=-0.11159796332586346 0.058757652108105678 0.0028611227465371331 -0.066682677278559949 -7.2052906302642556 0.67075066063589162 -0.10003399300923428 -24.132102324135438 -0.073561699701802707 0.0053909760078892721 -0.0063271298473912526 0.027841796656296616 -0.11231003414253989 -0.087333098280416299 0.022659834765189731 0.046518170835632269 -0.1054498011627346 -0.11481285070375945 0.06882244852786315 0.028212844047324416 -0.13770530595556663 -0.11524064690848389 -0.14172241304157615 0.10468507531117177 -0.12972504619474751 0.051701881724924487 -0.054050001302899678 0.019968320120872851 -0.12033659240097994 -0.062611766158590196 0.056649822759680904 0.099916884896695535 -0.19233361276907041 -0.28637930097510872 0.040659715547449155 0.0069848145535278232 0.011329220099041505 0.084603321463154593 -0.043305757865695189 -0.059985182780227991 -0.084013727178909606 -0.0040057010123614499 -0.05009287881393485 0.043927319521442521 -0.053286128047345574 0.046478423071662833 0.0086029381501854501 -0.18349017060223607 -0.086389646232246695 0.03676920359795801 0.0013671655754867332 -0.012528569063462253 -0.062354214266280739 0.13609801259410861 -0.078630788814786273 1.4179942809047388 -0.094660371706788093 0.488955250900312 0.0018259662893311468 -0.10505016500307179 -0.011362024422425697 0.012693916236265103 0.062467446994408496
leaf_weight=65.340926775153235 165.33663814921965 1223.0064180004981 539.88689660418606 2.013590176544513 1.481273190681063 0.23022286533688419 0.020633148898923537 136.0574305061732 2134.9328259293243 382.18107550231889 3471.459392895471 250.99149881327821 1374.1287816703243 185.8505032389005 3384.4028780026715 80.9546320426075 129.05987506634119 212.31076826882054 75.304858980140182 228.61580952664366 161.88416949949169 275.1959447526533 52.881399588259228 46.7946010579617 206.3484795744007 421.99912747693725 1400.3857862820005 203.06967515320866 322.82010684800571 702.92861223335672 18.368562806230329 62.716156632253842 68.000823087699246 1695.3926064052685 35738.638252747944 440.53893279241674 135.82580052992853 1117.8885785108141 2820.247664010778 1504.6977754745385 31068.398295181487 478.49137964711554 1061.3533910134865 550.02461752918316 483.46313574966916 15868.850132431025 51.872843475874106 573.98021885963681 385.47814992952044 3183.0023918722291 4693.166423581426 308.55811886599986 244.30613763607107 81.214450798637699 3.6143724187277275 6.6463412398006758 7.7994111006846651 95046.194416465543 837.25866838372349 14835.959143962586 1897.0641737527403 1777.6938306724951
leaf_count=964830 14703 901301 7401874 154 3735 1520 6 22375 68967 8424 82235 15836 86133 2970 54741 3533 5259 6042 2650 10939 9562 6180 707 2941 3439 7052 24553 20675 24245 12744 406 2286 793 77923 1673953 142941 11513 217690 568649 3559160 1888936 240001 16295 13431 9691 299569 1326 15620 7544 24338 80162 58985 2659 13215 310 1033 898 3397415 16721 579785 44224 53015
internal_value=-0.000265164 -0.0293834 -0.0941402 -0.308711 -3.74718 0.272851 -2.07669 -3.62712e-05 0.000173552 0.0263653 -0.000316439 -0.0269774 -0.0459498 -0.0208793 0.0418774 -0.00950327 0.0172781 -0.0415513 -0.0708395 -0.131294 -0.0181034 -0.050522 -0.102005 0.0329646 0.00742058 -0.0118475 0.00282833 -0.0505395 -0.0215045 0.0348554 -0.0225364 -0.126129 -0.17179 0.000382519 -0.000410417 -0.0149366 -0.0449538 -0.00217486 -0.0503505 0.000484095 -0.00107348 -0.0510187 -0.000175184 0.00451667 -0.0211999 0.00684456 0.00330854 -0.0428762 -0.0161784 0.0150225 0.00377979 -0.00710728 0.0244324 0.102372 0.158401 0.460106 0.783152 -0.000496974 -0.00487624 -0.0163668 0.000307354 0.0367723
internal_weight=234885 1831.98 608.974 69.0866 3.74572 1.73213 0.250856 233053 230377 4230.72 226146 5777.31 3642.37 2268.25 3520.46 2017.25 1098.92 918.33 659.225 371.921 2675.5 710.258 328.077 259.105 287.303 2513.61 1822.38 691.226 488.157 969.864 266.935 81.0847 296.617 220369 196284 11385.8 3396.61 7989.23 3260.79 184898 149159 2635.33 146524 6871.34 1992.95 24085.3 20613.9 1509.48 935.503 4878.39 20562 1130.63 652.139 343.581 262.366 18.0601 11.4138 145463 50416.4 15673.2 34743.2 3674.76
internal_count=22790812 9273420 8372119 970245 5415 5261 1526 13517392 13416602 92427 13324175 224938 155971 69838 77116 54002 23665 30337 21354 14382 100790 15311 6887 8983 6972 91228 31605 59623 38948 18406 5662 2692 11732 13099237 12635945 1089340 723103 366237 711590 11546605 9872652 3876261 5996391 148547 46286 463292 381057 36595 20975 102261 379731 317101 77100 18115 4900 2241 1208 5980096 2582681 596506 1986175 97239
is_linear=0
shrinkage=0.1


Tree=101
num_leaves=63
num_cat=0
split_feature=32 8 27 2 4 20 34 35 29 34 32 8 11 34 9 26 7 26 25 28 29 25 2 32 18 19 20 18 32 34 32 18 20 20 34 8 7 26 25 24 0 8 35 24 24 35 28 27 2 1 1 28 9 4 30 34 29 1 18 0 7 35
split_gain=95.3406 213.677 197.947 466.302 139.645 131.599 123.154 105.219 187.421 163.11 155.617 277.819 159.091 638.872 294.446 206.592 210.161 204.273 167.047 235.95 181.151 242.492 173.207 161.75 589.099 537.314 763.785 343.601 1086.75 816.986 250.524 904.415 801.609 236.169 233.398 231.865 225.9 231.53 215.154 443.018 248.816 190.037 185.744 220.698 147.067 146.821 283.863 237.448 201.848 183.662 181.597 140.252 139.466 138.256 134.149 133.858 128.549 126.891 334.107 229.789 208.153 159.705
threshold=12.500000000000002 62.529621124267585 1.5000000000000002 88.416816711425795 0.98544973134994518 0.57742023468017589 1.0415838956832888 15.500000000000002 25.500000000000004 0.32235065102577215 11.500000000000002 62.087114334106452 1.0000000180025095e-35 1.5373472571372988 0.64583334326744091 4.5000000000000009 96.67456436157228 3.5000000000000004 4.5000000000000009 8.5000000000000018 18.500000000000004 1.5000000000000002 6.7231638431549081 3.5000000000000004 2.5000000000000004 0.12079749628901483 0.99999985098838817 3.5000000000000004 4.5000000000000009 0.89164823293685924 2.5000000000000004 1.5000000000000002 0.99999985098838817 0.8131195902824403 0.90179800987243663 81.499034881591811 97.613353729248061 1.0000000180025095e-35 3.5000000000000004 3.5000000000000004 74.133811950683608 41.872640609741218 2.5000000000000004 2.5000000000000004 4.5000000000000009 2.5000000000000004 2.5000000000000004 1.5000000000000002 96.34091949462892 58.380149841308601 97.999198913574233 212.50000000000003 0.81666666269302379 0.82033187150955211 12.500000000000002 1.2545253634452822 15.500000000000002 69.920635223388686 1.0000000180025095e-35 56.440422058105476 56.62047195434571 1.5000000000000002
decision_type=2 8 2 2 2 2 2 2 2 2 2 10 2 2 10 2 10 2 2 2 2 2 2 2 10 2 2 8 2 2 2 10 2 2 2 10 8 2 2 2 2 8 2 2 2 2 2 2 2 2 2 2 10 2 2 2 2 2 8 2 8 2
left_child=7 2 3 4 -2 -3 -5 9 -9 -1 12 51 13 18 23 16 -16 -15 20 44 21 54 -23 24 30 35 -27 56 29 53 31 42 34 36 -33 -26 37 55 39 41 -41 -39 -14 -44 -20 46 -43 -48 49 -47 -50 -12 -17 -29 -11 -30 -25 58 -22 -59 -61 -62
right_child=1 5 -4 6 -6 -7 -8 8 -10 10 11 -13 14 17 15 52 -18 -19 19 -21 57 22 -24 27 25 26 -28 28 33 -31 -32 32 -34 -35 -36 -37 -38 38 -40 40 -42 45 43 -45 -46 48 47 -49 50 -51 -52 -53 -54 -55 -56 -57 -58 59 -60 60 61 -63
leaf_value=-0.046432647964110868 -0.040272697129411422 0.0024604459220227012 -0.036493399373610576 0.083135977575957934 0.18858554149692863 -0.031808832882458574 0.018856986284038754 0.01512367179570337 -0.0029034315100218131 0.020625763794852623 0.0021991911861141559 0.027490724663155719 -0.015461832579968441 0.063729081494454234 0.031370624709638896 -0.049469267717004377 -0.0019371812604037208 -0.05909963518186831 0.048342655933504078 -0.014301680559527153 0.012457710157861714 -0.078298607173487245 0.002329206244202396 0.025292602498090025 -0.033743919637434325 0.097177891050900633 -0.0035455244304536324 -0.035493204862704596 0.013683354196442975 0.12325878419085551 -0.019422611542967663 0.031450746964972409 -0.0065957497163766079 -0.03087721476402407 0.1111302739462299 0.031165291074864133 0.033589663470625662 0.020032335697480433 -0.026370298034633199 0.028211808311972494 0.16491470657003282 -0.027407805568314011 -0.0056510845273988249 0.031834092725745763 -0.060609993814072408 -0.036159491358399236 0.042398069890044687 0.0003702384123299684 -0.04789784977012855 0.0053021881113215251 -0.016640501808318182 -0.057133194959014456 0.015427522273261185 0.080175272982077272 0.069117477181400058 0.10019577688663517 -0.031219054683107497 0.048741197247989032 -0.013479307678077757 0.05817378430884558 -0.033890403189120212 0.0010918801136692779
leaf_weight=765.07672109079431 1626.9793522915111 14821.60278566206 3780.1840379273876 496.54667290624479 27.10611382917773 1212.2314096564369 745.67214467988015 12465.416243120195 10732.831124341483 4617.3390249567492 10704.626431070135 5486.5312758518194 12694.459898346218 2056.0019713966176 5174.5787934252439 806.17252641066443 2988.3492239770712 144.94296780890727 2068.3441965879588 1136.1107329687038 6430.5689876009819 273.89669926170245 9784.4135822841563 425.48162551572932 1329.6276273783301 1887.1455621444759 1252.5359665593717 572.32091732435174 462.55300910527149 1117.6486863560895 9198.6872206650914 495.97689131278617 1527.7703158832976 4330.9925296890215 1420.5488163280388 938.96533042372903 1372.2674782713439 2375.9250879152505 5883.0988152922473 331.56549150256916 222.48664931438242 2811.0638840099882 6279.5267423558234 2094.5426276049657 131.78476807984271 1305.2590603948465 1725.0209810928327 6090.8018094431791 2438.5857442526785 5887.0388469792179 7816.0441929282688 413.80675822772355 561.99645181727828 126.1056704320913 650.91825263179635 291.5975994951732 7460.8131991069695 1032.2392326227018 21812.947247757897 602.7199178666749 1410.5609646801859 17444.484101785405
leaf_count=884751 1319405 295724 2341688 30617 1760 27410 12812 2091149 1157614 213295 1723600 111168 199542 1420502 91759 12221 44921 48651 121161 38869 155719 15576 1006913 7495 338185 29287 20778 208706 227751 22217 216966 38156 43746 164329 22695 58897 20950 2419937 496395 131470 10197 34922 157286 59489 8747 855199 16562 111978 127428 207836 165842 176668 6559 1809 21093 2080 236683 50888 1918561 156972 62466 566702
internal_value=-0.000232067 -0.00638972 -0.0214216 -0.00175016 -0.0365223 -0.000130469 0.0445509 0.000427993 0.00678331 -0.000353457 -0.000165835 0.00907729 -0.00106184 0.00262208 -0.00358296 0.0131496 0.019177 0.0556402 0.000890676 0.0227062 -0.000245476 0.00923691 0.000133639 -0.0053133 -0.000435027 0.0302026 0.0569956 -0.00891083 -0.0055476 0.0702378 -0.00535017 -6.93455e-05 0.0474373 -0.00872292 0.09051 -0.00687815 -0.0062635 -0.00771642 -0.00883783 -0.00551097 0.0831066 -0.00712342 -0.00783576 0.0037248 0.0418165 -0.00942165 -0.0001555 0.00964615 -0.0150656 -0.00222228 -0.0240736 -9.04643e-06 -0.0228119 -0.0146085 0.0266171 0.047134 -0.0281701 -0.00322766 -0.00757389 0.0027632 0.000324051 -0.00152517
internal_weight=234573 22710.3 6676.49 2896.3 1654.09 16033.8 1242.22 211863 23198.2 188665 187900 16605 171295 69597.3 101698 9531.1 8162.93 2200.94 67396.3 3336.24 64060.1 15326.6 10058.3 92166.5 39119.8 5408.27 3139.68 53046.7 45160.4 1816.08 33711.5 24512.8 3444.3 43344.3 1916.53 2268.59 39013.3 37641 36886.9 31003.8 554.052 30449.7 21068.5 8374.07 2200.13 28073.8 10626.9 7815.82 17446.9 7192.3 10254.6 11118.4 1368.17 698.427 5268.26 754.151 7886.29 48733.5 28243.5 20490 19457.8 18855
internal_count=22790754 4029416 3706282 1364594 1321165 323134 43429 18761338 3248763 15512575 14627824 2011436 12616388 5806115 6810273 155460 136680 1469153 4336962 168777 4168185 1256877 1022489 6654813 1185027 447147 50065 5469786 5225608 232732 737880 520914 104597 4992876 60851 397082 4828547 4807597 4577766 4081371 141667 3939704 416317 216775 129908 1519767 163462 128540 1356305 1063035 293270 1900268 18780 210515 234388 229831 244178 2911308 2074280 837028 786140 629168
is_linear=0
shrinkage=0.1


Tree=102
num_leaves=63
num_cat=0
split_feature=11 25 0 24 2 33 4 1 1 4 7 9 6 6 19 4 1 8 2 1 0 3 4 25 31 2 4 28 14 2 3 3 3 24 0 28 31 1 1 0 0 34 11 2 1 34 24 0 19 33 1 3 3 2 3 1 0 0 3 1 1 1
split_gain=85.5666 77.8714 261.307 212.355 782.193 660.223 355.048 373.817 246.991 221.656 221.951 220.097 184.635 180.739 307.482 296.012 188.382 414.145 176.979 277.572 253.137 175.037 288.353 508.493 360.895 365.271 598.046 348.071 331.079 328.389 521.941 371.392 285.797 381.582 280.901 255.862 268.685 233.057 288.238 244.342 392.173 381.447 235.425 221.792 211.089 200.387 186.318 317.232 360.215 404.339 319.964 323.476 246.533 242.149 296.507 206.412 275.642 219.61 200.594 251.441 192.712 170.133
threshold=3.5000000000000004 2.5000000000000004 6.9366478919982919 2.5000000000000004 58.397436141967781 0.55502489209175121 0.86664152145385753 99.473682403564467 86.526824951171889 1.0000000180025095e-35 59.588558197021491 0.43650794029235845 1.0000000180025095e-35 1.0000000180025095e-35 0.38810786604881292 0.68166410923004161 76.028167724609389 21.886404991149906 76.533164978027358 81.661396026611342 66.343040466308608 22.539682388305668 0.94287380576133739 1.5000000000000002 0.65264901518821727 86.319076538085952 0.91315466165542614 18.500000000000004 inf 90.219989776611342 99.333332061767592 87.585617065429702 77.849929809570327 1.5000000000000002 74.862636566162124 120.50000000000001 0.78413879871368419 90.054946899414077 95.861873626708999 71.89255523681642 90.353595733642592 1.7832792997360232 1.0000000180025095e-35 12.632978916168215 87.007671356201186 0.67851030826568615 1.5000000000000002 78.979854583740249 0.33352173864841467 0.56045046448707592 77.032970428466811 47.165775299072273 99.333332061767592 79.743591308593764 93.218391418457045 52.704679489135749 48.52813911437989 34.833164215087898 60.922586441040046 66.274509429931655 24.440019607543949 57.002799987792976
decision_type=2 2 2 2 2 2 2 2 2 2 10 8 2 2 2 2 2 10 2 2 2 2 2 2 2 2 2 2 8 2 2 2 2 2 2 2 2 2 2 2 2 2 2 2 2 2 2 2 2 2 2 2 2 2 2 2 2 2 2 2 2 2
left_child=1 3 -3 21 9 6 -6 11 13 -5 -11 18 -10 14 -7 16 17 -16 -8 -20 -21 -1 23 43 28 26 32 -27 -25 30 -24 -31 45 35 -35 -34 -37 -33 39 42 -41 -42 -39 -23 -36 -26 53 48 49 50 51 55 -49 54 58 56 57 -48 60 -60 -45 -50
right_child=-2 2 -4 4 5 8 7 -9 12 10 -12 -13 -14 -15 15 -17 -18 -19 19 20 -22 22 29 24 25 27 -28 -29 -30 31 -32 37 33 34 44 36 -38 38 -40 40 41 -43 -44 46 -46 -47 47 52 61 -51 -52 -53 -54 -55 -56 -57 -58 -59 59 -61 -62 -63
leaf_value=0.019887116792868621 -0.09082494951297225 -0.051410528962360327 -0.0015319405441330206 -0.096405185307321201 0.10693194354491874 0.02367725583490338 0.044430505932735072 0.096841921717945714 -0.091313341484751731 -0.06550711143589126 -0.00026862813893735628 0.0672311781910339 -0.0083137288863836065 0.010874648904123886 4.4919998879837939 0.17863355278276416 0.56411917144743495 0.80741346822302928 -0.072886506256753206 -0.14284926113430896 0.039268042575874872 -0.048788187745331245 0.055059913794402761 0.045605396785342353 -0.053747894769649834 -0.074590063039161145 0.044824854956953174 0.032344345623826307 -0.071993412314121014 -0.081000563654648514 -0.096987532766207418 -0.010829393140134033 0.071557318711691922 -0.091743382280374083 0.00090288463858662375 -0.098108876830527783 0.038783371731954133 -0.015419038389908574 0.0022072042545217569 -0.016466168068716609 0.022538773452710614 0.09931461551697196 0.14506805212081689 -0.0010727971565055372 -0.074359556223560608 0.0061845177216632054 0.012988186290654 0.085559640101853962 -0.036488785403249908 -0.059267500107279804 0.048054579094203173 -0.023252931832214201 -0.1054305752747231 -0.063881781822468106 0.14427508776537226 -0.089021579089592517 0.1598163598037356 -0.040373312377499831 -0.095624460241471157 0.036329966125648587 0.068608331296284589 0.037536131794056994
leaf_weight=4209.6264203864848 103.71513474622043 1061.3894982547208 100716.39821211647 260.66928858322353 1098.7303396729721 212.97345192590609 857.07251807945227 978.71946975409492 312.37015633240026 546.08288700085359 11582.196073193911 915.33478704883601 1887.5858142694888 779.46439764582829 0.41367785025794379 122.72160151433005 6.9694446869331532 1.161730786974658 498.92806455456605 84.786254462293869 764.58608667684052 862.72147718706765 2169.5647838517061 270.62943072362032 648.93630579718911 1631.9701686931658 1773.619474219091 374.18324218552334 2074.6576535338936 538.11518230834918 251.99087301101554 10997.478660458961 436.21649052094835 1311.2859159817131 940.1775643251093 288.44281077318374 285.09206525213267 131.17901030098892 45844.124018804912 2156.5150091767682 4027.8829887052771 770.98661571275443 301.46847702554805 627.32022171125027 617.36017804903497 3976.2396771694735 7782.5616074804057 79.516248979211753 343.4447089817736 1247.8785768324942 1267.0892281408887 5576.9240099076942 450.43407433854844 264.55325195104888 232.52198790291004 216.60121973190326 120.78818820389642 856.08836983928268 269.93317889705213 310.5350124666511 1080.5505270471822 3234.7708721756858
leaf_count=217387 453451 91017 8238686 26625 17976 150445 11665 82892 44262 1502266 955409 82985 150917 127981 109 10104 477 1406 4675 488 6599 59678 136812 16919 1169760 38659 41551 32956 447148 12235 17221 1702184 13073 122481 23276 7732 9010 11066 3567513 177040 242717 48645 29248 17349 12958 811668 257199 6544 167546 560944 38132 158820 25053 8648 11482 20738 5397 75039 8522 6696 43157 449559
internal_value=-1.4753e-05 2.55757e-05 -0.0020521 0.00163044 0.0108736 0.0341933 0.0564501 0.04292 -0.000616002 -0.00516698 -0.00320603 0.0260089 -0.0200988 0.0375268 0.0978755 0.218259 0.787355 1.77493 0.00889971 -0.0136861 0.0210887 -0.000113166 -0.000902662 -0.00768855 -0.0224774 -0.0156143 -0.00799549 -0.0546449 -0.0584233 0.00308196 0.0392376 0.00173016 -0.0190122 -0.0390316 -0.0576402 0.0138376 -0.0300626 0.00242328 0.00516121 0.0234914 0.0189557 0.0348736 0.0964083 0.00102647 -0.0289288 -0.00222431 0.00282002 -0.000378082 0.00158285 -0.00446504 -0.000142251 -0.00433863 -0.0767735 0.0271336 0.0366853 0.00741307 0.00979768 0.00770007 0.0257529 -0.0250324 0.0430137 0.0304311
internal_weight=233644 233541 101778 131763 20910.8 8521.82 5198.16 4099.43 3323.66 12388.9 12128.3 3120.71 2199.96 1123.7 344.24 131.266 8.54485 1.57541 2205.37 1348.3 849.372 110852 106642 39453 14628.8 12283.5 10277.4 2006.15 2345.29 67189.3 2421.56 64767.7 8503.75 3878.58 2868.82 1009.75 573.535 64229.6 53232.2 7388.03 6955.38 4798.87 432.647 24824.2 1557.54 4625.18 23961.5 21176.1 20646.1 17067.9 15820.1 14553 529.95 2785.41 2520.86 8976.04 8759.44 8638.65 2288.34 580.468 1707.87 3578.22
internal_count=22790197 22336746 8329703 14007043 3177281 692981 207280 189304 485701 2484300 2457675 106412 195179 290522 162541 12096 1992 1515 23427 11762 7087 10829762 10612375 4667694 2747191 2283124 2211509 71615 464067 5944681 154033 5790648 2169958 188530 158715 29815 16742 5778413 4076229 508716 468402 291362 40314 1920503 36234 1981428 1860825 1764971 1733374 1116269 555325 517193 31597 95854 87206 358373 337635 332238 75724 15218 60506 617105
is_linear=0
shrinkage=0.1


Tree=103
num_leaves=63
num_cat=0
split_feature=24 33 25 0 11 0 2 25 4 24 3 3 3 27 25 34 1 0 3 29 27 20 19 11 2 1 24 35 1 2 20 9 11 6 3 9 25 11 19 35 27 22 35 9 20 11 34 9 26 9 24 1 14 24 0 3 1 3 2 2 4 1
split_gain=82.7109 97.3029 139.128 546.782 123.705 94.0868 198.538 318.609 308.531 240.166 517.529 207.721 193.892 175.091 160.309 146.908 139.395 298.583 134.46 129.796 119.72 252.774 177.314 153.808 118.292 179.781 207.595 132.461 118.816 109.933 108.792 236.384 281.263 221.851 246.365 156.762 148.626 198.454 167.013 145.158 184.917 143.246 162.558 142.673 197.778 148.757 270.205 171.504 168.928 180.746 133.28 182.201 126.093 125.324 124.944 351.977 272.991 292.653 266.899 262.309 252.648 209.323
threshold=4.5000000000000009 0.55502489209175121 4.5000000000000009 77.836257934570327 1.0000000180025095e-35 91.54584121704103 93.788581848144545 2.5000000000000004 0.95790389180183422 2.5000000000000004 93.643951416015639 86.72955703735353 96.922348022460952 14.500000000000002 1.5000000000000002 1.911498546600342 94.957626342773452 93.563182830810561 90.070423126220717 31.500000000000004 1.5000000000000002 0.30347619950771337 0.18392870575189593 1.0000000180025095e-35 96.34091949462892 99.473682403564467 2.5000000000000004 5.5000000000000009 93.957649230957045 74.133811950683608 0.95876392722129833 0.89898991584777843 1.5000000000000002 1.0000000180025095e-35 20.256410598754886 0.29285715520381933 1.5000000000000002 1.0000000180025095e-35 0.16927243024110797 3.5000000000000004 39.500000000000007 1.0000000180025095e-35 5.5000000000000009 inf 0.6320151984691621 1.5000000000000002 0.80701032280921947 0.58571431040763866 2.5000000000000004 0.29285715520381933 1.5000000000000002 48.404073715209968 inf 2.5000000000000004 78.979854583740249 87.026645660400405 94.570026397705092 99.333332061767592 78.319625854492202 69.282051086425795 0.92903476953506481 91.331184387207045
decision_type=2 2 2 2 2 2 2 2 2 2 2 2 2 2 2 2 2 2 2 2 2 2 2 2 2 2 2 2 2 2 2 8 2 2 2 10 2 2 2 2 2 2 2 8 2 2 2 10 2 10 2 2 8 2 2 2 2 2 2 2 2 2
left_child=5 2 3 -2 -5 19 7 8 13 -9 -11 -10 -13 -7 -8 18 -17 -18 -16 30 21 -20 -23 -24 -22 26 28 -27 -26 -12 43 32 36 34 39 -34 -32 38 -38 -33 41 -41 -43 45 52 54 -47 48 49 -48 51 -36 -45 -40 -1 59 -57 -58 -59 -56 -60 -61
right_child=1 -3 -4 4 -6 6 14 9 11 10 29 12 -14 -15 15 16 17 -19 20 -21 24 22 23 -25 25 27 -28 -29 -30 -31 31 33 35 -35 50 -37 37 -39 53 40 -42 42 -44 44 -46 46 47 -49 -50 -51 -52 -53 -54 -55 55 56 57 58 60 61 -62 -63
leaf_value=0.0052280445529329783 -0.0098232760097531156 -0.046621404884424872 -0.025316130640725826 0.078085773860748053 0.30072862909486942 -0.034408191314208268 0.033630193746353752 0.10333082825194451 -0.052260754989327099 0.084745011441970552 0.07523728374280847 0.060989365091045689 -0.12192071694903184 0.070961860871862306 -0.071285277686725046 0.090027456019660237 -0.056809636714960268 0.070227222377973214 0.04469713023271199 -0.011213678232951468 0.034635463266615617 -0.04209603983271698 0.05672161402694495 0.0022642654084120673 0.012715533252330772 0.0019728813321679322 -0.056618889648734308 -0.020071451024973555 -0.044622956398565755 -0.049836954658955962 0.0054389417737896626 0.029018652106056184 -0.014828713525811275 0.035843200103760742 0.0017362427270721731 0.043357104006743273 -0.027219931133144089 -0.019107545813597467 -0.13508434920349668 0.02160066050864539 0.015951223223174677 -0.017463467033956692 -0.10024564522318574 0.0015198924738759254 0.012898544407190708 -0.036343765273309431 -0.0030061836593219004 0.085509127747608993 -0.041014981493632884 0.049140235868976145 -0.0092193028460596082 0.090232259596008918 -0.058386002373917459 -0.034095390566324851 -0.03109555485750283 -0.01585899196169983 0.06941641193134529 -0.049669291480403749 0.090731303935725538 0.053429920646502677 0.00078347238482024599 -0.014268822613283216
leaf_weight=74403.473197893109 549.87094654714338 806.5179984169813 1206.1977462238428 36.597542488889303 78.45161704214479 1664.4676374056644 1504.1966401916434 648.40458980293442 223.3985053998349 793.26641186441168 79.85336288428141 1215.2624948821376 60.856463954431547 174.20358977197793 269.71854887324298 335.52671138758888 339.50121733956621 406.58955941470049 1650.7123888364695 11331.022080074443 754.40650485002698 830.71057087485678 566.93096335130394 6088.9296323941671 1195.2047573322207 15362.769789699534 1391.4205353648126 3313.748273445628 518.03536345368093 585.79611822046581 2100.3947869841086 3474.3152777198447 746.27306906577178 1713.1305723114929 874.86074200274743 1219.9460076003597 642.79791156630745 10795.895127839252 375.09452432149556 417.01152334787184 2961.7015094367089 643.64749795895477 375.65733339037979 486.89915272222697 1068.2886829364325 2810.1806691088486 4601.2704631746301 230.13912758034712 959.84553767704529 776.92277044457296 18724.131013339909 316.93079334078357 1262.2028158077383 182.74991502269404 611.21594935912617 13187.388798207969 619.35277563423006 1045.2809092114221 315.76490177235974 2442.4286164449104 28237.162593559031 561.77791804040589
leaf_count=10067141 86209 98015 42355 3505 842 30797 159880 24854 3955 35989 3892 34984 2335 11081 5071 37958 64914 521010 63170 1604703 25671 12933 170402 104264 135160 1154705 176982 317876 28774 18610 41288 55811 77913 705795 16512 27401 40799 236383 8202 4211 51106 8096 4882 7919 35403 2545866 1086343 2518 245359 18302 503005 8331 81921 6370 23704 742129 15367 34375 10523 47151 1031107 17390
internal_value=-0.000111603 -0.0175858 -0.00507044 0.0316562 0.229905 9.1398e-05 0.00450218 0.0222483 0.00302977 0.0526921 0.0301861 0.0366941 0.0522666 -0.024425 0.00170343 0.000249216 0.0364947 0.0124204 -0.000978104 -0.000834073 -0.000379385 0.00927592 0.0014659 0.00690282 -0.00429423 -0.00564258 -0.0279255 -0.00193841 -0.004622 -0.0348327 -0.0001777 -0.00439728 -0.0141584 0.000917554 -0.00123559 0.0212728 -0.0191004 -0.0233968 -0.0619645 0.0137408 0.0016717 -0.0277729 -0.0479722 0.00126119 -0.0210037 0.00174076 -0.0103937 0.000709002 -0.00237016 0.00452678 -0.00715543 0.0252698 -0.0417099 -0.102 0.00267798 -0.00135716 -0.00385419 0.00138488 -3.87038e-05 0.0286209 0.0017782 0.0407705
internal_weight=233167 2677.64 1871.12 664.92 115.049 230489 39973.9 5445.51 3338.19 2107.32 1458.92 1499.52 1276.12 1838.67 34528.4 33024.2 1081.62 746.091 31942.6 190515 31672.9 9137.28 7486.57 6655.86 22535.6 21781.2 3104.66 18676.5 1713.24 665.649 179184 45564.5 16063.2 29501.4 27788.3 1966.22 14096.9 11996.5 1200.64 7872.33 4398.02 1436.32 1019.3 133620 2817.39 130802 9378.36 6568.18 6338.04 5378.19 19915.9 1191.79 1749.1 557.844 121424 47020.4 43404.9 30217.6 29598.2 3615.42 28552.9 3004.21
internal_count=22789519 230926 132911 90556 4347 22558593 3145267 166497 83152 83345 58491 41274 37319 41878 2978770 2818890 623882 585924 2195008 19413326 2189937 350769 287599 274666 1839168 1813497 340916 1472581 163934 22502 17808623 1796105 438356 1357749 651954 105314 333042 291754 55371 124106 68295 17189 12978 16012518 125243 15887275 3898388 1352522 1350004 1104645 527848 24843 89840 14572 11988887 1921746 1833501 1091372 1076005 88245 1041630 64541
is_linear=0
shrinkage=0.1


Tree=104
num_leaves=63
num_cat=0
split_feature=7 21 0 27 20 0 19 8 9 1 29 29 13 29 8 30 24 30 20 33 24 0 9 7 7 7 7 11 33 7 26 7 8 3 7 25 0 24 4 33 1 3 25 3 3 3 1 22 27 4 25 3 0 1 9 24 0 19 33 4 0 24
split_gain=94.5969 177.708 128.418 206.014 131.327 108.62 83.5539 117.942 150.214 238.025 267.91 731.328 1384.68 211.482 812.862 147.786 311.442 681.746 113.138 1299.87 1681.14 268.726 213.088 369.229 344.964 468.157 171.058 526.506 131.744 465.318 108.531 103.12 214.634 78.5434 76.1679 72.7483 214.322 189.67 597.388 504.377 252.078 379.91 453.549 365.777 242.24 351.093 366.987 201.322 264.819 205.714 552.771 358.285 522.584 642.515 287.183 251.025 279.424 341.913 276.416 262.427 229.609 339.055
threshold=43.344987869262702 1.0000000180025095e-35 68.042552947998061 1.5000000000000002 1.0000000180025095e-35 16.064516067504886 0.33735643327236181 34.930196762084968 0.21111111342906955 91.922958374023452 23.500000000000004 24.500000000000004 1.0000000180025095e-35 26.500000000000004 26.480327606201175 7.5000000000000009 2.5000000000000004 9.5000000000000018 0.13998643308877948 0.63071596622467052 2.5000000000000004 94.570026397705092 0.17424242943525317 25.46612644195557 37.105089187622077 38.726566314697273 37.341363906860359 1.0000000180025095e-35 0.99999991059303295 31.948554039001468 3.5000000000000004 42.194667816162116 30.735491752624515 18.393234252929691 33.809621810913093 2.5000000000000004 6.9366478919982919 2.5000000000000004 0.5924309790134431 0.54436513781547557 99.473682403564467 95.916667938232436 1.5000000000000002 87.226108551025405 95.916667938232436 79.118217468261733 32.466217041015632 1.0000000180025095e-35 31.500000000000004 0.93938562273979198 1.5000000000000002 73.798625946044936 74.862636566162124 88.273490905761733 0.47222222387790685 1.5000000000000002 78.611557006835952 0.33352173864841467 0.61470291018486034 1.0000000180025095e-35 88.273490905761733 1.5000000000000002
decision_type=8 2 2 2 2 2 2 10 10 2 2 2 2 2 10 2 2 2 2 2 2 2 8 10 10 10 8 2 2 10 2 8 10 2 10 2 2 2 2 2 2 2 2 2 2 2 2 2 2 2 2 2 2 2 8 2 2 2 2 2 2 2
left_child=1 5 33 6 -5 -1 -4 8 9 -8 15 12 -12 -13 -15 18 17 -17 19 20 -11 26 23 -23 28 -26 -21 -28 29 -25 31 -29 -33 -3 -30 37 -37 47 44 40 41 43 -43 -40 45 46 -39 49 -49 50 55 54 -53 -54 -52 -2 57 58 59 -57 -55 -62
right_child=35 2 3 4 -6 -7 7 -9 -10 10 11 13 -14 14 -16 16 -18 -19 -20 21 -22 22 -24 24 25 -27 27 30 34 -31 -32 32 -34 -35 -36 36 -38 38 39 -41 -42 42 -44 -45 -46 -47 -48 48 -50 -51 51 52 53 60 -56 56 -58 -59 -60 -61 61 -63
leaf_value=0.078815495788651407 0.028386606127385673 0.037518490365764531 0.00065376783738383846 -0.049061612103411277 0.041568767703982018 -0.10424031800129339 0.017234245363487756 0.025612518159245819 0.13967897982798627 44.248778908889932 -0.10006481133917092 0.43266840854646804 22.908131121562448 27.211033253123148 -0.100018693173133 -0.10003057068736321 -0.10001509383661678 29.709551356594801 0.24151234653983022 0.21971029338188772 -0.10004284958126304 9.0347339564707418 0.46865457376709618 12.177221265854209 15.033497405354675 -0.10017761708922593 16.706078505568748 -0.10025902078652665 0.43017215848663692 -0.10048001794196673 3.9968804320788771 16.392831201840917 -0.10003352421479024 -0.063637088657915689 3.22413109091559 -0.047913126736630972 -0.0015736071927456661 -0.00019046569677862689 0.036791366111381583 -0.0038184496233663137 0.0877149136007251 -0.17468028963316831 0.011608323497947631 0.11134049340352853 -0.16065659100502216 0.1132726895670519 -0.053173630654341865 -0.09616351757773936 0.034064774972986919 0.0025789500353398491 -0.034147538707115954 -0.062655363689899227 0.015654195938707486 -0.093382879754786485 0.022758301321268052 -0.066492310679987399 -0.073583843241549221 0.029037253872508207 -0.058154178222951693 -0.00020302948641020069 0.080591955363683049 -0.046906761744825554
leaf_weight=36.019535614450774 3164.0826295252082 92.934661745172377 63.214704725671879 392.58212397866885 269.74005960924069 323.89325503348039 8.2186746243006983 60.778393842175205 81.528917360672494 0.015783944614666891 0.057755775760841899 0.44658076063637031 0.047808512556002825 0.014646012739831356 0.042583234466297519 0.017915280190209937 0.048995131635820144 0.013418290400295518 5.5464380264529245 4.6805257675479925 0.018643554311355257 0.08756707503016492 0.62507491337601107 0.048870352027734043 0.046254233362560612 0.036627863861248403 0.023801053895783908 0.29555948061543175 0.51637898203332 0.083800008200341836 0.12187708250712659 0.012126432342157007 0.022588812732707613 441.01084130328269 0.12030630128720077 1008.1597422670166 99795.211431734468 7902.1428032882977 3323.4590947976067 3635.4866326450356 1028.5441299379308 140.48518089677236 1874.9349896688727 820.68303959873447 102.2401504328991 240.98644793690983 1566.4476811585664 165.98594236834106 2634.7376743737805 66682.16074411606 1368.5075156255143 3713.3453031638273 3196.3392677336451 852.19290974174146 2519.6673180880907 618.3297918310891 527.68637308657708 3442.1765599116843 937.57025685114058 17478.740532147149 238.47376113383143 1663.472681258394
leaf_count=64801 89011 184358 179235 2947392 34026 2387979 68624 59159 1920 101 749 933 189 76 577 261 705 70 61 15210 158 80 9 112 113 130 140 2863 342 162 65 74 220 3324180 215 81219 5664749 694551 194931 241312 93098 2494 41445 65473 15658 5699 599413 22760 43160 2618980 1344265 141824 58696 17307 481164 39802 14346 167396 149295 592571 8013 27082
internal_value=-0.000198824 -0.0231445 -0.00726693 0.0160137 -0.0121511 -0.0859204 0.0982875 0.136032 0.201354 0.438417 0.704857 2.75187 10.32 1.16611 6.88938 0.604119 4.87944 12.6656 0.576203 0.850981 20.2325 0.751706 1.8995 2.85117 2.21581 8.34551 0.403377 2.20956 1.55546 4.42212 1.44647 0.50532 5.66111 -0.0460307 0.958111 -2.14492e-05 -0.00203706 0.00154342 0.0103358 0.0265357 0.0418877 0.0342353 -0.00137695 0.0515547 -0.0075345 -0.00592215 -0.0089558 -0.000118026 0.0263467 -0.000814629 -0.00651171 -0.0229045 -0.0332181 -0.0148481 0.00272935 0.00197769 -0.00165465 3.40284e-05 -0.00521084 -0.00246796 -0.0502477 -0.0309205
internal_weight=232425 1782.91 1423 889.055 662.322 359.913 226.733 163.518 102.74 21.2106 12.9919 0.609374 0.105564 0.50381 0.0572292 12.3826 0.0803287 0.0313336 12.3022 6.75579 0.0344275 6.72136 1.56488 0.939805 0.852238 0.0828821 5.15648 0.475953 0.769356 0.13267 0.452152 0.330275 0.0347152 533.946 0.636685 230642 100803 129839 20635.4 10823.6 7188.11 6159.56 2015.42 4144.14 9811.82 9709.58 9468.59 109203 2800.72 106403 39720.6 13552 9663.82 5950.48 3888.17 26168.6 23004.5 22476.8 19034.6 18097.1 2754.14 1901.95
internal_count=22791003 9275289 6822509 3313971 2981418 2452780 332553 153318 94159 92239 23615 2524 938 1586 653 21091 1036 331 20055 19994 259 19735 1163 1154 1074 243 18572 3362 831 274 3222 3157 294 3508538 557 13515714 5745968 7769746 1954074 638753 397441 304343 43939 260404 1315321 1299663 1293964 5815672 65920 5749752 3130772 2078351 252922 111098 1825429 1052421 963410 949064 781668 632373 52402 35095
is_linear=0
shrinkage=0.1


Tree=105
num_leaves=63
num_cat=0
split_feature=7 9 27 1 8 29 19 29 8 26 8 7 20 11 19 24 0 33 24 7 34 8 8 29 19 7 30 19 24 0 4 33 24 0 8 2 7 7 7 8 30 19 33 0 7 16 8 8 8 19 35 29 31 8 8 19 8 20 0 9 11 1
split_gain=817.824 1843.41 1760.91 4325.78 8924.81 44174.8 204816 606709 431816 401466 43755.4 16975.5 13957.8 56404.3 34243.6 24768.5 18333.6 13047.7 26816.9 8634.62 24448.9 22613.2 8422.12 44116.1 213691 6615.16 5228.02 73699.7 125812 355645 4076.07 3595.22 16307.6 19046.4 3244.67 4121.5 2284.51 3705.87 1595.74 2200.83 996.801 11996.9 430.06 485.578 789.201 445.576 230.881 230.038 193.407 391.322 151.561 126.443 105.175 666.352 103.286 93.6025 87.7706 82.0928 200.881 190.223 318.836 212.794
threshold=43.344987869262702 1.0000000180025095e-35 1.5000000000000002 91.922958374023452 34.930196762084968 23.500000000000004 0.9999997913837434 24.500000000000004 29.6473503112793 1.5000000000000002 26.480327606201175 37.105089187622077 1.0000000180025095e-35 1.0000000180025095e-35 0.34880420565605169 2.5000000000000004 94.570026397705092 0.63071596622467052 2.5000000000000004 42.194667816162116 0.42465381324291235 30.735491752624515 26.115373611450199 26.500000000000004 0.30931550264358526 38.967699050903327 9.5000000000000018 0.34124402701854711 2.5000000000000004 56.73658752441407 0.89921855926513683 0.63071596622467052 2.5000000000000004 75.134407043457045 29.6473503112793 70.064933776855483 38.243330001831062 38.726566314697273 42.506038665771491 30.389873504638675 9.5000000000000018 0.34049606323242193 0.99999991059303295 94.570026397705092 25.46612644195557 1.5000000000000002 30.996833801269535 31.601439476013187 26.480327606201175 0.32080438733100897 15.500000000000002 18.500000000000004 0.60706976056098949 30.807500839233402 34.401754379272468 0.33424445986747747 33.408746719360359 0.95876392722129833 99.473682403564467 0.89898991584777843 1.5000000000000002 99.473682403564467
decision_type=8 10 2 2 8 2 2 2 10 2 10 10 2 2 2 2 2 2 2 10 2 10 8 2 2 8 2 2 2 2 2 2 2 2 10 2 10 8 10 10 2 2 2 2 10 8 8 10 10 2 2 2 2 10 10 2 10 2 2 8 2 2
left_child=1 2 3 -1 5 11 22 8 -8 -10 -9 26 13 14 55 30 17 18 -15 40 34 -22 23 -7 -25 -17 31 -28 29 -29 -16 32 33 -5 35 -21 -18 -38 39 -36 -19 -42 43 -33 -45 46 -46 -39 49 -24 -41 -47 -40 -54 -12 -13 -3 -2 59 60 -59 -61
right_child=57 56 -4 4 -6 6 7 10 9 -11 54 12 -14 16 15 25 36 19 -20 20 21 -23 48 24 -26 -27 27 28 -30 -31 -32 42 -34 -35 38 -37 37 47 52 50 41 -43 -44 44 45 51 -48 -49 -50 -51 -52 -53 53 -55 -56 -57 -58 58 -60 61 -62 -63
leaf_value=-0.077816439130436676 0.00091121766507203333 0.024791398701242674 -0.080533599736343164 -14.641263469308221 -0.10286156456947269 -0.10001773630250832 -207.67215924067878 -147.19086540379863 -1574.4277449367414 -476.45857895106349 -0.10004507256949612 -0.10001616574214474 -0.0041357997863713135 -274.11491702386212 -23.755799292944033 -111.84098019065067 -36.981350743373298 0.24203343763882634 -0.10001530611755063 -0.10014900125576741 -119.21330529586815 -0.10005112846377168 -0.10001981290502418 -0.10000964425709019 -705.06002563085008 -177.82786615765332 -0.10000696046998454 -0.10001160037451265 -0.10000895440624989 -1078.8875953361182 -74.776790555647537 0.038159090010256407 0.20306963790733362 -89.634922501658266 -52.023065799724399 -66.052447243117214 -40.759887314855199 10.589502572648218 -0.15908652810673674 -0.10000729142957526 -0.10000580532104182 -130.02641294944746 -0.09053357514205107 -0.37384872444330008 -5.3963957769220139 -1.053585170043476 -2.5819717002967484 -3.9692161708954483 -0.2181148560114563 -29.796957852872517 -19.203170077838028 -2.3937917879789015 -26.914723047002351 -0.10006177826126861 -11.3714689725272 -11.211516565477837 -0.030041371078156416 -0.017308275462964009 0.091982378617499208 -0.00084118315218124516 0.023150464531083634 0.049974993844700784
leaf_weight=125.84856321869169 178839.44228101816 680.32413448737998 344.62627613349468 0.13077371529053491 47.392325213091446 0.11664268039388918 0.02023391924888851 0.025154527535743099 0.0057167094844530206 0.0079771653751805616 0.10122130435593135 0.048430555197704735 1.4865839126321083 0.0054741546366340208 0.02946036693765676 0.035748088655132904 0.21038215916087258 1.4602325396184221 0.010276236700519813 0.018276587594300453 0.040237288652438238 0.026392611559263549 0.013007007146370708 0.021254780281375993 0.0053903764249275945 0.026420751768327561 0.43115730875603137 0.00834917399151891 0.020837757961999159 0.0048202260009399542 0.033422332958139359 4.0653899941723735 0.65224698804785219 0.045700878696261521 0.015358000991909697 0.019676450780643506 0.036727371034430675 0.018709687047146147 0.24738717977112046 0.020100706835364697 0.092727985562305659 0.0076966647752085829 17.165994509069773 4.4584764823521246 0.56787560713946894 1.6259137087290585 0.59886629269385605 0.025845382751894842 0.84600184456878336 0.0067347046634411703 0.0052347349855295091 1.241493612713384 0.011167136241056121 0.054476803326906541 0.0088398407187924022 0.0089882932328557083 511.33389570200234 15771.72297727337 218.85651090159081 32457.704810031944 2222.2397992386905 845.51885594511987
leaf_count=2545079 10882539 324819 5528701 414 126778 1611 100 177 184 92 1197 549 110 144 149 138 139 23489 176 150 91 241 197 331 140 109 8130 132 385 147 102 30934 690 110 58 69 47 80 191 387 1806 157 64664 40 107 107 128 157 16535 81 96 198 118 718 104 93 589664 347137 500034 1036715 113192 635369
internal_value=-0.000618725 -0.068806 -0.219509 -0.448196 -1.00586 -2.18833 -21.234 -123.07 -501.163 -934.822 -28.2006 -1.54746 -7.68252 -12.2322 -65.7703 -95.1249 -8.03296 -4.67192 -95.3357 -3.96464 -16.0326 -72.0316 -4.16323 -26.6201 -142.715 -139.884 -0.757194 -11.2788 -153.009 -394.955 -50.8736 -0.597002 -7.09362 -34.0621 -6.50632 -34.2926 -31.4803 -17.2419 -3.52498 -22.1535 -0.420732 -10.0577 -0.415873 -0.860591 -1.29082 -2.30424 -3.95181 2.14432 -0.446437 -10.2309 -4.04705 -1.63385 -1.1033 -4.66169 -1.00534 -1.8394 0.00126296 -0.000101977 -0.00361931 -0.00402719 -0.0123117 0.000448963
internal_weight=232101 1745.72 554.059 209.432 83.5838 36.1915 1.17817 0.169143 0.0339278 0.0136939 0.135216 35.0133 3.99543 2.50885 0.18247 0.125052 2.32638 2.03472 0.0157504 2.01896 0.458308 0.0666299 1.00903 0.143288 0.0266452 0.0621688 31.0179 0.465164 0.0340072 0.0131694 0.0628827 30.5527 0.828722 0.176475 0.391678 0.037953 0.291665 0.0812824 0.353725 0.0406934 1.56066 0.100425 29.724 12.558 8.49263 4.03415 1.16674 0.0445551 0.865744 0.0197417 0.0253354 2.86741 0.313031 0.0656439 0.110061 0.0574188 1191.66 230355 51516 51297.2 17994 33303.2
internal_count=22786526 9271540 8357057 2828356 283277 156499 20749 1854 376 276 1478 135750 29564 29454 1140 498 28314 27891 320 27571 2119 332 18895 2082 471 247 106186 8794 664 279 251 97392 1214 524 1787 219 423 284 1568 541 25452 1963 96178 31514 580 540 235 237 16813 278 483 305 1027 836 1301 642 914483 13514986 2632447 2132413 460329 1672084
is_linear=0
shrinkage=0.1


Tree=106
num_leaves=63
num_cat=0
split_feature=7 9 34 0 33 27 1 3 3 0 0 3 27 3 3 4 4 3 0 4 3 0 27 24 0 4 3 24 27 0 3 1 34 3 31 19 27 24 1 3 16 4 24 4 3 0 24 31 27 0 1 7 26 0 35 34 4 13 1 24 9 18
split_gain=144.956 306.86 114.773 99.7997 138.582 418.504 81.5185 165.726 83.7693 865.261 432.662 302.596 247.522 234.778 184.202 233.91 315.638 183.661 542.165 209.449 177.909 178.907 175.097 457.656 168.047 145.528 143.305 141.758 139.686 149.28 135.518 132.84 115.131 114.852 109.628 455.346 273.109 271.953 253.515 228.189 201.663 244.46 218.882 182.344 173.967 182.341 216.208 169.227 282.861 174.437 234.588 186.456 166.275 161.231 159.191 442.292 224.507 171.447 184.864 251.48 165.794 163.707
threshold=42.506038665771491 0.10555555671453477 1.0982617735862734 94.570026397705092 0.31542670726776129 6.5000000000000009 5.0316455364227304 7.2751321792602548 9.600614547729494 9.2665472030639666 9.581182003021242 1.0000000180025095e-35 161.00000000000003 17.028985023498539 10.62030076980591 1.0000000180025095e-35 0.41821788251399999 36.055555343627937 27.639257431030277 0.37836912274360662 37.617923736572273 16.064516067504886 31.500000000000004 2.5000000000000004 29.679679870605472 0.72985523939132702 12.70161294937134 3.5000000000000004 16.500000000000004 18.808961868286136 8.7922706604003924 31.851119995117191 1.0000000180025095e-35 30.940170288085941 0.82944530248641979 0.20187155157327655 81.500000000000014 2.5000000000000004 66.274509429931655 71.535182952880874 4.5000000000000009 0.83031708002090465 2.5000000000000004 0.96274891495704662 42.020372390747077 32.305501937866218 1.5000000000000002 0.6320091485977174 9.5000000000000018 89.386734008789077 97.752525329589858 73.92334365844728 2.5000000000000004 58.102025985717781 3.5000000000000004 1.2708274722099306 0.99772727489471447 1.0000000180025095e-35 99.473682403564467 3.5000000000000004 0.73214286565780651 2.5000000000000004
decision_type=8 10 2 2 2 2 2 2 2 2 2 2 2 2 2 2 2 2 2 2 2 2 2 2 2 2 2 2 2 2 2 2 2 2 2 2 2 2 2 2 8 2 2 2 2 2 2 2 2 2 2 8 2 2 2 2 2 2 2 2 10 8
left_child=1 2 3 -1 5 -5 7 -2 10 14 11 -8 30 27 -10 26 -17 18 28 -19 24 25 23 -13 -21 -22 -16 -11 29 33 31 -12 -23 -15 35 36 37 39 40 -34 43 42 -42 -37 45 -36 -47 54 49 53 51 -51 -46 -49 56 -56 57 58 -40 -60 61 -58
right_child=6 -3 -4 4 -6 -7 8 -9 9 13 12 22 -14 17 15 16 -18 19 -20 20 21 32 -24 -25 -26 -27 -28 -29 -30 -31 -32 -33 34 -35 44 38 -38 -39 47 -41 41 -43 -44 -45 52 46 -48 48 -50 50 -52 -53 -54 -55 55 -57 60 -59 59 -61 -62 -63
leaf_value=-0.07511987635779549 0.025538283967511871 -0.00048350099379210806 0.12420292674187144 27.603691454557147 -0.17559236621623675 -0.10000645434912624 -0.036329351958450558 -0.073590772029539342 -0.018992822341354836 0.013091796995519329 -0.075930063441935189 -0.094454751821091934 0.019100078300336623 0.033447601271908642 -0.05632704322277246 0.071795079733080761 -0.0998723090225936 -0.046222475835269242 -0.052709596475848913 0.041634530436037244 -0.064859046327444478 -0.039102754511223858 0.026140479846685286 0.050270448866503163 -0.014680470104774804 0.053800993869638707 -0.11253186278724965 -0.15007817766290268 -0.021172164978300042 -0.0066413806141540771 -0.017921736533500529 0.023286510590147944 0.014863584384005455 -0.013526046124237114 0.00073369388352982027 -0.020357049063310501 0.12077459897701448 -0.00012515985218148273 -0.0073207027142090323 -0.04770395065137429 0.041961410890861771 -0.055176139192759988 -0.064627031933654752 0.091676862339149234 0.011157456037838413 0.086013463732090636 -0.063783880199576412 0.039454820695521996 -0.01569330510389556 0.14502881544276394 -0.028960144455655437 0.040315372751420782 -0.01231673846410785 0.0065601952726636248 0.001113182159619783 -0.021791087857740629 -0.0050578877865689043 0.02240597570258461 -0.059042765260338338 0.027584799772896698 0.031395113217210266 0.0072166994742018835
leaf_weight=344.12952955423827 280.71750406955039 1109.1045699929941 22.997841909789997 0.0072192503192799453 144.29302254799671 0.022285811326582916 968.29937343926758 422.45379377887798 2098.2634241711758 15169.939634562386 1052.9423140749805 428.45347244617318 1038.9539636205227 2329.4977669659584 1835.9777524117048 286.82049279345983 170.93883187110623 957.88710214299499 2605.8960543391913 1943.0031873895696 680.4735788567923 731.38600362002035 9382.2298517382424 445.8937462160489 728.57960908444693 121.86677773247357 602.51432422353173 53.431279108943272 2564.6142115151324 3948.0557075047927 1458.2436060251057 154.7832319103909 669.95758560667036 670.28027055860548 2204.0064396209727 339.46777533839361 128.50784119778109 2643.5242760494557 4340.0457666393049 4485.9652868760659 599.40107589491083 2061.0011690013403 283.91443365294424 253.95537941459588 25615.791354755431 106.7566714821096 988.66653928674714 1673.1802858387528 3707.2496312380827 182.46488412877557 472.74386464001782 2498.9271311846096 3420.3951359432504 13613.430753192562 33292.232426423216 11290.055526612676 14637.106461840478 1160.1621262007247 1794.8028952942695 412.04798149292765 2307.9676051194838 42169.275030798803
leaf_count=7236748 10032 818524 16894 99 816973 387 30949 45816 61780 284790 43340 62361 19968 88540 61305 6429 7086 115268 1304116 196886 20358 102913 158307 11365 396426 7750 25468 1556 203817 546877 28759 17676 73929 25486 452931 120331 3984 192926 118876 70813 98067 261485 161904 54626 2275282 23341 755912 137599 116907 3710 12922 92042 256043 464940 1294125 307851 294263 43512 96427 24001 1270622 935560
internal_value=-0.000229885 -0.0300333 -0.0941134 -0.104392 -0.174191 6.67849 -2.03357e-05 -0.0340168 8.36991e-05 -0.000419617 0.00732685 0.017107 -0.0223043 0.000559394 -0.0415554 -0.0579014 0.00769016 -0.000376037 -0.0122975 0.000415498 0.000661556 0.000279008 0.0221518 -0.0206488 0.0262766 -0.0468359 -0.0702144 0.0125191 -0.00122672 0.00613563 -0.03844 -0.0632144 0.000491279 0.0229517 0.000654561 -0.000519449 -0.0238209 -0.0262033 0.000828084 -0.039574 -0.0255936 -0.0363123 0.00770185 0.0275879 0.00591971 -0.0158395 -0.0491851 0.00152799 0.00951147 0.0145785 0.0359899 0.047441 0.00839225 0.0101606 -5.91965e-05 -0.00468711 0.00302848 -0.0130246 -0.0193032 -0.0428683 0.00512141 0.00405395
internal_weight=232106 1620.55 511.45 488.452 144.323 0.0295051 230485 703.171 229782 214852 14929.8 11224.9 3704.92 209858 4994.51 2896.25 457.759 194635 12118.3 182516 181558 178887 10256.6 874.347 2671.58 802.34 2438.49 15223.4 9512.45 6947.83 2665.97 1207.73 178084 2999.78 177353 145017 7927.95 7799.45 137089 5155.92 3537.74 2944.32 883.316 593.423 32335.6 3299.43 1095.42 133552 22148 18440.7 3154.14 2681.39 29036.2 15286.6 111404 44582.3 66821.4 7707.06 6546.9 2206.85 59114.3 56806.4
internal_count=22789980 8889625 8071101 8054207 817459 486 13900355 55848 13844507 13471782 372725 262982 109743 13309714 162068 100288 13515 13023368 2168836 10854532 10739264 10145952 232033 73726 593312 28108 86773 286346 864720 660903 89775 61016 10117844 114026 10014931 6251422 341652 337668 5909770 144742 696413 521456 259971 174957 3763509 1232184 779253 5213357 828120 711213 108674 95752 2531325 602539 4385237 1601976 2783261 282816 239304 120428 2500445 1229823
is_linear=0
shrinkage=0.1


Tree=107
num_leaves=63
num_cat=0
split_feature=7 29 9 0 27 9 33 0 29 26 34 8 11 8 34 29 27 18 9 7 7 3 8 7 11 3 22 27 32 11 2 30 7 34 29 22 0 27 34 2 25 1 3 0 25 35 35 30 4 1 28 1 2 7 16 30 4 16 27 34 0 0
split_gain=208.527 1922.75 11322.2 149837 330456 361.419 4770.96 420891 457476 227.97 114.276 80.4807 227.832 121.328 140.88 94.9415 128.541 131.738 165.324 136.926 131.84 128.284 101.588 184.958 102.746 102.986 208.27 162.129 101.857 103.736 96.2053 94.681 94.0881 104.441 93.4619 89.88 84.1329 81.1192 198.32 196.21 354.18 179.757 146.76 354.211 139.9 126.948 126.903 165.939 128.294 119.456 117.376 175.773 176.026 127.961 399.395 278.192 279.181 159.734 150.66 153.054 139.613 121.481
threshold=42.506038665771491 11.500000000000002 1.0000000180025095e-35 95.282600402832045 6.5000000000000009 0.17424242943525317 1.0000000180025095e-35 90.501251220703139 31.500000000000004 1.0000000180025095e-35 1.0746952295303347 98.421009063720717 1.5000000000000002 92.11072158813478 0.61915868520736705 27.500000000000004 9.5000000000000018 8.5000000000000018 0.43650794029235845 81.270160675048842 53.583101272583015 12.70161294937134 41.872640609741218 63.847667694091804 1.5000000000000002 77.849929809570327 1.0000000180025095e-35 1.5000000000000002 11.500000000000002 1.0000000180025095e-35 93.419914245605483 14.500000000000002 55.081142425537116 0.35989663004875189 21.500000000000004 1.0000000180025095e-35 44.575162887573249 3.5000000000000004 1.3038287162780764 5.1615052223205575 4.5000000000000009 10.367218971252443 11.269841194152834 9.8563041687011737 2.5000000000000004 4.5000000000000009 13.500000000000002 9.5000000000000018 0.78190237283706676 6.4866759777069101 3.5000000000000004 24.068965911865238 23.940298080444339 62.538343429565437 3.5000000000000004 4.5000000000000009 0.85163515806198131 5.5000000000000009 1.5000000000000002 0.38835145533084875 85.857143402099624 77.836257934570327
decision_type=8 2 8 2 2 10 2 2 2 2 2 10 2 10 2 2 2 8 8 8 8 2 8 10 2 2 2 2 2 2 2 2 10 2 2 2 2 2 2 2 2 2 2 2 2 2 2 2 2 2 2 2 2 10 8 2 2 10 2 2 2 2
left_child=1 2 3 9 -5 6 7 -3 -9 -1 -8 13 -13 15 -15 22 35 36 19 21 -20 -19 23 24 25 26 30 32 -25 -30 -2 37 33 -27 -33 -17 -18 39 42 40 -24 -42 -39 44 49 -40 50 48 -48 -44 51 -41 -53 54 58 60 -57 -58 59 -54 -56 -55
right_child=11 5 -4 4 -6 -7 10 8 -10 -11 -12 12 -14 14 -16 16 17 18 20 -21 -22 -23 31 28 -26 27 -28 -29 29 -31 -32 34 -34 -35 -36 -37 -38 38 45 46 41 -43 43 -45 -46 -47 47 -49 -50 -51 -52 52 53 61 55 56 57 -59 -60 -61 -62 -63
leaf_value=23.082829305168001 -0.066897843256684936 -0.1068992962305214 0.11228210985441694 -795.98682567980723 -0.10000563142375135 -0.00045854926137203029 -0.10414177583384587 -1522.7463773481011 -0.10000582008565301 -0.10001628912779421 0.096960243810578953 0.0071179301825894442 0.16343735820868396 0.045383644892663812 -0.0074190648020980576 0.0043930362710647352 -0.011745593418707389 0.031102937205319071 0.058093036748259143 -0.0029599517747748139 -0.057784062967201413 -0.046982149557828361 -0.081375236520230473 0.0096495199061395337 -0.018695685385935291 0.0020153369913287057 0.050970916404388437 0.031215532273224197 -0.061285397335625894 -0.0034037746257488573 0.2247842704576406 0.029100073302456664 0.062438962561786826 0.17268479143975052 0.0054837486285697675 -0.053849502468097457 0.01050861393727477 0.0030668621185228231 0.010337118212643166 0.01319964450428652 -0.027980513057503993 0.094618918081006767 -0.14751505877674717 -0.0089784052058907646 -0.094257489692583254 -0.029207311029482874 -0.062142140144867346 0.033584203938510353 0.0069187354813742778 0.027293663056146861 0.0053491010296014274 -0.046338649518351697 -0.0048339225126810444 0.0015213590164268253 -0.047525409787765406 -0.068377598446256058 0.097367782253561463 -0.023348264754509331 -0.0069408365978574213 0.060544971760315924 -0.15812744104814222 -0.010043390496814027
leaf_weight=0.0043135365874124023 279.15767045105076 0.69875827096970411 1.5246273779630428 0.007790052761507126 0.015793589722306933 1092.9103228030176 461.73461713191767 0.0038091575195551286 0.0040938848014775431 0.25482252565396801 30.09864911974563 11037.635692882322 94.031586111115757 514.80031315559609 27341.876341541712 10868.035483236465 3632.8669032278258 244.02910317142687 105.43021109525216 4113.7415351086302 1429.1145974715546 1526.4956427299176 741.18353738972473 4839.9094796119462 323.80067825165952 43.145149157144743 509.35195470116776 942.29061119989251 435.33562337032345 1072.339459429917 11.785219543370316 1986.5864441050162 319.63226398604456 212.23322999372314 10709.967618670757 271.58237744032522 3190.9390588109945 9829.9822841648056 11520.013540006446 6678.1254041066204 258.14436248694437 222.82448291492619 48.596954380649549 23146.965331840151 699.21475094639754 873.35430323393666 298.4171206869878 2899.5669934713487 2728.225374877884 199.85810623222278 40872.049367467262 970.81729198719404 447.92141420573444 15628.38095213761 772.22967873821176 251.36750312741503 356.06098073509963 158.36825075781053 660.35292823061945 1785.0413416046199 133.92314123229698 21688.032411352222
leaf_count=125 664870 8690 1810 119 311 758158 8092439 131 81 5995 21762 575096 880 22263 910886 626345 243529 19230 13903 80649 36756 346544 95543 289271 393567 68104 42343 246442 11585 24837 1945 239802 9484 35733 823791 17547 146117 175120 426312 276834 27479 4715 1867 1447383 16087 19426 131366 333598 131161 4078 1949302 262262 34864 1284549 106604 509179 11109 11540 8260 61364 1887 677136
internal_value=-0.000105453 -0.0362268 -3.29604 -21.6762 -262.994 -0.0325107 -0.103632 -8.31443 -733.995 0.285882 -0.091835 0.000143906 0.00843839 -0.000278097 -0.00644325 0.000621367 -0.00507357 -0.0113671 -0.0205909 -0.0129675 -0.0498228 -0.0362198 0.00149449 0.0118327 0.0340693 0.0414413 0.0124157 0.0567508 0.00257942 -0.0201169 -0.0550827 0.000900943 0.0985963 0.143851 0.00917891 0.00297309 -0.00133911 0.000170405 -0.00327563 0.00180661 -0.0380097 0.0288177 -0.00723061 -0.0114317 -0.0713541 0.00755044 0.00231177 0.016488 0.000109557 -0.00689832 0.00138247 -0.00189075 -0.00424243 -0.00326664 0.0125365 -0.0263729 0.0179987 0.0602051 0.0350209 0.0474303 -0.0638716 -0.00519999
internal_weight=231512 1587.26 1.80735 0.28272 0.0235836 1585.45 492.54 0.706661 0.00790304 0.259136 491.833 229925 11131.7 218793 27856.7 190937 25382.2 14242.6 7418.81 5884.27 1534.54 1770.52 165555 8988.98 2641.4 2317.6 800.295 1517.3 6347.58 1507.68 290.943 156566 575.011 255.378 12696.6 11139.6 6823.81 143869 46318 97551 1222.15 480.969 33924.6 24094.6 947.67 12393.4 96328.9 5926.21 3026.64 248.455 90402.7 49530.6 42852.5 41881.7 4565.27 1671.95 765.797 514.429 2893.32 2232.96 906.153 37316.4
internal_count=22790165 8889621 8360 6550 430 8881261 8123103 8902 212 6120 8114201 13900544 575976 13324568 933149 12391419 1530620 886728 497082 446423 50659 365774 10860799 1788181 1462488 1068921 709158 359763 325693 36422 666815 9072618 113321 103837 1063593 643892 389646 8009025 2090273 5918752 127737 32194 1644535 1469415 22032 445738 5791015 596125 262527 5945 5194890 3245588 2968754 2706492 744807 640319 531828 22649 104488 96228 108491 1961685
is_linear=0
shrinkage=0.1


Tree=108
num_leaves=63
num_cat=0
split_feature=7 29 9 26 3 11 33 34 34 30 4 33 19 27 28 28 1 2 1 7 28 33 9 34 19 27 33 21 7 33 22 27 2 3 27 7 4 17 27 22 34 2 33 11 7 20 11 7 7 34 20 33 9 17 27 4 34 1 28 28 9 7
split_gain=182.283 8505.29 51724.9 71709.5 78720.7 140133 132825 68870.3 66413.2 15658.7 20959.7 31913.2 11720.7 5835.92 22912.6 4203.6 2771.84 4834.73 2225.43 748.243 337.857 769.479 260.771 97.4026 92.5077 141.362 86.0453 73.853 269.434 235.863 213.298 221.832 203.92 205.938 166.139 156.063 286.293 346.929 275.204 258.276 165.657 199.327 147.825 126.298 122.136 216.092 284.108 205.612 199.989 194.324 188.004 172.614 227.617 162.391 160.502 202.23 150.816 137.999 127.464 117.757 117.102 116.265
threshold=42.506038665771491 11.500000000000002 1.0000000180025095e-35 1.5000000000000002 72.871574401855483 1.5000000000000002 0.99999997019767772 0.45191210508346563 0.33395469188690191 4.5000000000000009 0.86668497323989879 0.99999997019767772 1.000000059604645 56.500000000000007 82.500000000000014 4.5000000000000009 69.631092071533217 63.702239990234382 39.314987182617195 38.841938018798835 4.5000000000000009 0.62265679240226757 0.13392857462167743 1.0746952295303347 1.000000059604645 48.500000000000007 0.82291761040687572 1.0000000180025095e-35 70.740001678466811 0.8072352707386018 1.0000000180025095e-35 13.500000000000002 74.133811950683608 99.333332061767592 32.500000000000007 63.847667694091804 0.73740029335021984 1.0000000180025095e-35 3.5000000000000004 1.0000000180025095e-35 1.0000110864639284 88.416816711425795 0.76385387778282177 1.0000000180025095e-35 97.969490051269545 0.86510983109474193 1.0000000180025095e-35 93.364780426025405 98.799980163574233 0.78209519386291515 0.44002275168895727 0.46150279045104986 inf 1.0000000180025095e-35 1.5000000000000002 0.77440893650054943 0.87237685918807995 73.942821502685561 9.5000000000000018 127.50000000000001 0.68333333730697643 90.611644744873061
decision_type=8 2 8 2 2 2 2 2 2 2 2 2 2 2 2 2 2 2 2 8 2 2 10 2 2 2 2 2 8 2 2 2 2 2 2 8 2 2 2 2 2 2 2 2 8 2 2 10 10 2 2 2 8 2 2 2 2 2 2 2 10 10
left_child=1 2 3 4 5 7 -7 8 -1 12 11 -11 13 16 -15 -12 17 -6 -9 20 26 -22 23 -3 -5 -26 -18 28 29 30 31 32 -2 -34 -32 36 39 38 40 -29 41 43 59 -38 47 46 54 51 -47 -48 -49 56 -53 57 55 60 -30 -50 -57 -40 -46 -37
right_child=27 22 -4 24 9 6 -8 18 -10 10 15 -13 -14 14 -16 -17 19 -19 -20 -21 21 -23 -24 -25 25 -27 -28 35 44 -31 34 -33 33 -35 -36 61 37 -39 42 -41 -42 -43 -44 -45 45 48 49 50 53 -51 -52 52 -54 -55 -56 58 -58 -59 -60 -61 -62 -63
leaf_value=-83.936552825586489 -0.046822888702717697 -0.10230589444004499 0.1239156849465321 -0.10002153520948956 -0.10000374179415224 -1096.9396195250399 -92.672073829151486 -0.10000352843283902 -684.22608958179751 -497.98733894995462 -0.10000414578808295 -61.12760350176201 -164.44877838829103 -292.28048255469093 -0.10000386800961757 -136.93671204728 13.21166813507355 -158.49946049436082 -94.245581614919359 37.108306936768003 -0.10000419196802793 -54.59601096171464 -0.00028118675583421249 0.087393832294906618 -24.218456375090746 -0.10000417559215023 -0.10007151260745183 -0.06013629954813543 -0.0052113195896159627 -0.064241393402717964 -0.036143672844602986 -0.068914519241112998 0.10830425055284898 -0.00081247225962816192 0.0661835241366341 -0.0014547809968389431 0.082174288904742598 0.12521385722159159 0.05231665786261868 0.02221881712610127 0.0055278329595364675 0.10969174555602049 -0.028243794331522278 0.0058717484601374772 -0.020866499708790794 -0.028133642239710727 0.08795417141880163 0.022951851956216036 -0.095922547227042021 0.025240159869299256 -0.012728031425654316 -0.0081663985122164291 -0.11952568342274983 0.001374675888489397 9.4779486543216382e-05 0.040570174999049746 0.011245100918099219 0.0017866195887288401 -0.12506365954019547 -0.015064192603772293 0.049319858351957541 0.0051523798248451231
leaf_weight=0.0035783671884948636 692.72563566142173 425.22416030580121 1.4437341249467863 0.12669477080666791 0.0049465428292023716 0.0033733067628297564 0.0021604629862395086 0.01184028177158325 0.0038004473252613025 0.0034144064900532836 0.0058221166600560554 0.0032771797270925163 0.0066930474138189302 0.0037647796810915688 0.0093485852994490415 0.0036539634861280628 0.0075121603427840402 0.0031565615186082141 0.0031865353166722352 0.0053751429049952995 0.0088128799270634772 0.003669978171274125 1110.2463611866003 28.906824924357579 0.0041462032177805863 0.0058715620907605626 0.013731869625187798 789.59821177602532 8409.7256851078419 1176.5602733290316 228.56890049716299 812.41883219922966 223.84264559894655 760.94398613200781 518.82981888896825 70278.477328799083 355.76355144376146 349.95979409633583 609.31416978785091 735.54073318302073 671.87344948265672 604.74823102418998 1138.8771444406775 555.88806786673695 1235.5103783353916 2918.421747633678 579.88105719871237 1574.6740588449611 322.34640581702115 3339.2107949311903 23757.66732185868 8780.6184525272183 187.46755832764029 19885.945869101095 15012.355927036144 2772.2650650590513 16486.480163287051 262.05484830061323 47.25290460413089 451.59945436898306 294.34887270859326 42884.563010363141
leaf_count=114 976517 8054789 1827 3268 154 167 95 359 150 146 164 118 138 111 255 107 121 99 102 135 236 109 807626 20441 107 151 163 1756178 974011 623031 45967 290595 7660 39053 26813 3112627 20781 9545 36698 94916 12676 66789 628990 285699 100520 49106 9035 24597 5335 62971 686257 278960 5914 1043290 255137 117681 449451 24244 563 41145 5908 1729791
internal_value=-5.53238e-05 -0.0340564 -7.1211 -49.3268 -108.992 -254.22 -704.859 -142.92 -393.115 -60.2108 -148.543 -284.037 -38.8991 -24.9679 -83.9835 -52.8641 -8.57362 -61.8045 -20.0642 2.45739 -3.06502 -16.1219 -0.0263932 -0.0902309 -0.831482 -10.0823 4.60713 0.000176485 -0.00168946 -0.0258967 -0.0119609 -0.026024 -0.00525215 0.0239898 0.0348899 0.00189953 0.0172654 0.0293955 0.0217537 -0.0204183 0.0468628 0.0651771 -0.0032239 0.0356481 -0.000680184 0.00314519 0.00996555 -0.00369605 -0.00364368 0.0345195 -0.0105101 0.00140127 -0.0104942 -0.000152189 0.00499547 0.0219108 0.00568626 -0.0521082 0.0377943 0.0236346 -0.00736246 0.00104909
internal_weight=231272 1566.07 1.69157 0.247831 0.111119 0.0279394 0.00553377 0.0224056 0.00737881 0.0831792 0.0161677 0.00669159 0.0670115 0.0603185 0.0131134 0.00947608 0.0472051 0.0081031 0.0150268 0.039102 0.0337269 0.0124829 1564.38 454.131 0.136713 0.0100178 0.021244 229706 110280 4413.89 3237.33 2489.93 1677.51 984.787 747.399 119426 6263.16 4738.02 4388.06 1525.14 2188.27 1516.4 2199.79 911.652 105866 46669.6 23280.8 59196.6 23388.8 3919.09 25332.3 33864.3 8968.09 20470.3 19361.7 4349.38 24896.2 584.401 2819.52 1060.91 1529.86 113163
internal_count=22789703 8891252 8396 6569 3043 987 262 725 264 2056 535 264 1521 1383 366 271 1017 253 461 764 629 345 8882856 8075230 3526 258 284 13898451 6102616 2009636 1386605 1313825 1023230 46713 72780 7795835 2953417 1102323 1092778 1851094 385945 373269 706833 306480 4092980 1673790 551815 2419190 1121975 72006 710854 1708336 284874 1072869 479809 224672 1423462 29579 118244 77843 106428 4842418
is_linear=0
shrinkage=0.1


Tree=109
num_leaves=63
num_cat=0
split_feature=29 7 7 9 14 2 27 30 8 4 8 9 32 33 7 9 8 7 35 33 0 28 29 32 18 11 30 19 19 18 3 4 34 7 3 2 2 4 35 34 27 28 27 20 7 33 2 0 24 25 0 25 24 24 24 25 2 24 0 9 0 19
split_gain=241.127 6020.6 17146.3 299501 209680 72528.5 259807 133193 101711 7040.82 775.84 483.72 160.925 95.2522 89.4127 232.298 96.2488 155.897 328.432 734.493 452.857 973.03 88.9765 187.359 162.665 92.1114 84.8834 129.084 361.323 198.275 146.183 504.236 325.827 292.076 241.073 227.39 216.033 302.458 159.017 317.633 273.952 175.548 240.59 336.218 322.645 225.508 172.058 199.818 171.112 195.71 155.809 143.867 345.806 295.621 143.785 200.44 142.524 136.811 144.151 136.196 135.85 135.395
threshold=11.500000000000002 42.506038665771491 38.841938018798835 1.0000000180025095e-35 inf 60.943256378173835 54.500000000000007 3.5000000000000004 36.673944473266609 0.70438840985298168 34.930196762084968 1.0000000180025095e-35 3.5000000000000004 0.66557320952415477 41.277122497558601 0.17424242943525317 18.24123573303223 34.674373626708991 3.5000000000000004 0.95558300614357006 81.28433990478517 7.5000000000000009 15.500000000000002 6.5000000000000009 5.5000000000000009 1.0000000180025095e-35 12.500000000000002 0.19158418476581576 0.17514304816722873 1.5000000000000002 96.225070953369155 0.92727673053741466 0.41241483390331274 73.353057861328139 84.29276275634767 96.824596405029311 60.660173416137702 0.82715395092964183 3.5000000000000004 1.3374547958374026 13.500000000000002 3.5000000000000004 1.5000000000000002 0.64903932809829723 41.872640609741218 0.86629956960678112 47.140522003173835 51.316701889038093 2.5000000000000004 1.5000000000000002 61.633426666259773 3.5000000000000004 3.5000000000000004 2.5000000000000004 3.5000000000000004 4.5000000000000009 81.120250701904311 2.5000000000000004 72.834224700927749 0.81666666269302379 78.979854583740249 0.20508184283971789
decision_type=2 8 10 8 8 2 2 2 10 2 10 8 2 2 8 10 10 10 2 2 2 2 2 2 10 2 2 2 2 10 2 2 2 8 2 2 2 2 2 2 2 2 2 2 10 2 2 2 2 2 2 2 2 2 2 2 2 2 2 8 2 2
left_child=1 2 11 4 -4 9 7 8 -7 -6 -8 12 -1 -14 15 16 17 -2 -19 -20 21 -21 23 24 -16 -25 27 28 29 -24 31 32 -29 -33 36 -35 37 57 41 40 46 45 43 44 -43 51 48 -48 50 -50 -40 52 -32 -53 55 -55 -30 58 -34 -36 -61 -44
right_child=14 -3 3 -5 5 6 10 -9 -10 -11 -12 -13 13 -15 22 -17 -18 18 19 20 -22 -23 26 25 -26 -27 -28 30 56 -31 38 33 34 35 59 -37 -38 -39 39 -41 -42 42 61 -45 -46 -47 47 -49 49 -51 -52 53 -54 54 -56 -57 -58 -59 -60 60 -62 -63
leaf_value=-1.8481010985962503 0.098454184454179416 -0.03032885189510362 -952.7625096638202 -0.10131737055505526 -0.10000340643614188 -1489.1789335272124 -56.585195091875349 -203.77477300552482 -635.62290879003467 -145.32530564099051 -0.10000421151928274 0.21400517579003175 -9.0970308067215591 -3.5736156869635618 0.017042847983899965 0.00013980616281628869 -0.099286199299699729 0.7066457205260237 -0.10076346911528862 57.602938672840509 8.7010951247270061 9.3766425726991969 0.003160336019527003 0.013865471554283932 0.088924745300840713 -0.022630655391861591 0.0030948419909660168 -0.05541563196860845 -0.013508233638664558 -0.010878653267836593 -0.0054857926697441965 0.095842282223123854 0.058963192878007581 0.034069903358725111 -0.0098086055914255697 -0.011664709985989093 0.022718085594484731 -0.084496814681651863 0.10159810306918492 -0.024942900498732413 -0.028591815799539278 -0.14482627510047724 -0.10304991233743506 0.0048910061028377121 0.062174916548573024 0.042895437639060646 -0.061064443754520331 0.00097123003682574808 -0.108927193579891 0.14858386679317342 -0.00013718126660529619 0.088058231653743463 0.11637387604436891 -0.084304152705634863 -0.021558702374259109 0.10921195317230953 -0.067465155987485703 -0.044338375895406033 -0.073899515462892917 -0.020417293916263887 -0.10629115785598953 0.0031668567475780945
leaf_weight=4.4636418674362304 7.4838048956905636 615.61169985103129 0.0041987590539466204 0.54517018864135025 0.010860128700187124 0.0026190686894278325 0.0035407510775640194 0.0029458729975819775 0.0029896640793456758 0.0048200967136410476 0.0077630302621400915 1.3185371143081281 0.043562012778693121 0.11021720172183178 4978.4945439996518 985.42769738195807 373.02530079453987 0.72484552415762304 0.074760207821597618 0.0069320534694270455 0.034081977397784652 0.01055223509138159 19588.514257331422 1074.5930307896172 336.06627777837093 1940.0356781928174 56806.634022805927 1142.770530148855 792.1558560324238 20680.987324166112 17079.885257770733 614.45355983801824 531.23645107831067 4713.9869133175825 2232.8702457130694 1412.9933606314589 4751.5007878695351 498.35901031960134 452.85643903966331 7270.4233374978794 3453.8066073019763 78.003280806546172 120.40940468135523 3312.1572212756582 2170.6082700202587 928.26509273046031 528.68274703138013 29009.695779837944 122.37073843316088 38.894017763666994 225.50026279351266 211.02017372641876 236.08833396669434 751.54557536869834 2317.3099519368034 57.628560214012396 1281.5186101435056 291.74848136561047 96.493222174648167 407.74034739955641 336.05040203791577 36184.17166313003
leaf_count=3810 71719 39069 165 1077 505 124 106 120 108 180 215 810 179 998 313801 634672 7568588 79 359 112 86 140 794139 90942 38213 148991 4201114 447677 22383 3141408 632628 33412 60152 188827 49337 37183 132274 31221 56306 174228 531593 1996 3963 224981 45379 21957 105569 1004109 64899 2494 8902 9305 11502 31524 81032 5313 15917 82237 5545 9672 11612 1593192
internal_value=-0.000173531 -0.0623456 -3.08494 -19.4205 -284.467 -205.51 -332.453 -748.235 -1034.2 -44.7422 -17.7932 -1.47529 -1.95768 -5.13827 -5.67075e-06 -0.0255067 -0.0917767 0.244307 1.52669 6.23202 15.4132 28.4971 0.000146493 0.0102925 0.0215883 -0.00962126 -0.000236363 -0.00139078 -0.00614582 -0.00404959 0.000265289 0.00885679 -0.00507161 0.0301143 0.00121875 0.0235227 0.012496 -0.0217605 -0.00113419 -0.00597964 -0.00190446 0.00200478 0.00578144 0.0251512 0.0549941 -0.00532138 0.00112974 -0.000139095 0.0457682 -0.0468204 0.0677791 -0.00748847 -0.00382434 -0.0264991 -0.0342311 -0.0705221 -0.0468533 0.0122427 0.0385398 -0.0221542 -0.0592158 0.00281457
internal_weight=231047 622.133 6.52087 0.584908 0.0397374 0.0355386 0.0198584 0.00855461 0.00560873 0.0156802 0.0113038 5.93596 4.61742 0.153779 230425 1366.79 381.36 8.33498 0.851172 0.126326 0.0515663 0.0174843 229059 8329.19 5314.56 3014.63 220729 163923 42343.2 40269.5 121580 17030.2 10288.8 6741.43 9146 6126.98 6169.34 1417.84 104549 41102.2 33831.8 63447.1 41865.3 5560.77 2248.61 21581.7 30378 29538.4 839.621 161.265 678.357 20653.5 17316 3337.5 3126.48 809.174 2073.67 919.478 627.73 2976.66 743.791 36304.6
internal_count=22790150 47466 8397 2600 1523 1358 673 352 232 685 321 5797 4987 1177 22742684 8275755 7641083 72495 776 697 338 252 14466929 591947 352014 239933 13874982 9673868 3973847 3935547 5700021 1089149 829727 259422 382050 226010 311429 179155 4610872 1948100 1773872 2662772 1869511 272356 47375 793261 1242279 1109678 132601 67393 65208 771304 644130 127174 117869 36837 38300 147934 65697 70621 21284 1597155
is_linear=0
shrinkage=0.1


Tree=110
num_leaves=63
num_cat=0
split_feature=7 9 8 28 1 7 7 4 7 0 29 34 30 29 0 27 25 7 19 25 9 1 19 1 24 14 25 0 24 12 19 4 19 26 28 3 28 27 20 0 0 24 1 12 33 20 16 28 8 32 8 25 13 24 0 25 14 7 3 0 1 25
split_gain=230.594 493.039 164.902 826.509 3979.26 67964 7908.13 310.622 3936.73 166.984 141.815 78.2992 74.9294 179.418 150.84 205.412 203.939 178.6 134.344 139.717 268.353 171.706 203.377 175.455 381.751 526.219 479.788 290.526 541.15 173.37 963.78 465.025 285.79 166.047 160.106 152.837 150.598 159.696 628.737 305.77 284.444 137.596 136.81 134.909 129.173 127.107 124.697 123.547 253.098 128.708 122.339 122.284 124.352 120.006 163.983 134.422 119.372 267.753 117.442 590.647 267.07 260.607
threshold=40.783086776733406 0.15476191043853763 18.24123573303223 4.5000000000000009 73.942821502685561 38.51391792297364 34.674373626708991 0.75208166241645824 24.674446105957035 73.375530242919936 11.500000000000002 1.0982617735862734 11.500000000000002 19.500000000000004 90.815368652343764 14.500000000000002 1.5000000000000002 63.847667694091804 0.31547448039054876 2.5000000000000004 0.73214286565780651 84.028984069824233 0.4016165435314179 98.529094696044936 2.5000000000000004 inf 3.5000000000000004 87.841831207275405 2.5000000000000004 1.0000000180025095e-35 0.51334914565086376 0.88002100586891185 0.46423873305320745 1.0000000180025095e-35 154.50000000000003 90.521114349365249 108.50000000000001 42.500000000000007 0.17532896995544436 88.273490905761733 97.01425933837892 1.5000000000000002 99.473682403564467 1.0000000180025095e-35 0.15715578198432925 0.20652349293231967 1.5000000000000002 3.5000000000000004 50.710964202880866 11.500000000000002 65.559993743896499 3.5000000000000004 1.0000000180025095e-35 2.5000000000000004 97.825057983398452 4.5000000000000009 inf 83.029903411865249 10.128205299377443 9.2665472030639666 9.7167587280273455 2.5000000000000004
decision_type=8 10 8 2 2 10 10 2 8 2 2 2 2 2 2 2 2 8 2 2 10 2 2 2 2 8 2 2 2 2 2 2 2 2 2 2 2 2 2 2 2 2 2 2 2 2 10 2 10 2 10 2 2 2 2 2 8 10 2 2 2 2
left_child=1 2 3 4 5 6 9 8 -6 -1 -4 -12 18 44 58 16 -16 -18 53 20 36 -21 46 27 25 -25 29 -24 -29 41 31 -31 -33 -30 -22 -35 37 -20 -39 -40 -41 -27 -38 -37 -14 -17 -23 51 -49 -50 -36 56 -53 54 -2 -55 -26 -58 60 61 -15 -60
right_child=12 -3 10 -5 7 -7 -8 -9 -10 -11 11 -13 13 14 15 45 17 -19 19 21 34 22 23 24 47 26 -28 28 33 30 -32 32 -34 35 50 43 42 38 39 40 -42 -43 -44 -45 -46 -47 -48 48 49 -51 -52 52 -54 55 -56 -57 57 -59 59 -61 -62 -63
leaf_value=-0.10040222296070223 -0.011337311691858939 -0.0017936583307351225 -0.37359304081808015 -0.15692201271497269 -0.10000900480913533 -283.07857510600275 -20.268119404273001 -0.10133666873959957 -85.148527559657452 16.716021406802401 -0.10482899863584555 0.10724103327972401 0.021763815356419705 0.014648361390474596 -0.12627298667749629 -0.091587408632605768 0.19739823340691701 0.010152730745452629 0.0020665041014121216 -0.033549905863903932 0.039656112907098057 -0.0035439404319393742 -0.0005064563120922718 0.072021041676085487 -0.0030778778043345895 0.30427192288812926 0.080737526692990225 0.12091039880893505 0.1346645828710544 0.064538997015564273 -5.9345602184117219 -0.87515052558961581 -3.2146517631339777 0.057253172690259674 -0.080687636691867154 -0.049163199139091188 -0.038499018339600746 -0.026920457244684327 0.032796295977079476 0.152431733155732 0.0023914104375912411 -0.10144665328468597 -0.0047782089380270371 -0.17970213443161975 -3.0940960781099108e-05 0.078979600936279801 0.031912800791789896 -0.00655624625114131 0.010629797518893957 0.037738562175254398 0.041218541398630695 -0.051893524201223798 -0.010612288878241593 -0.0034677809577242044 -0.11838795146358752 0.027110359429464312 -0.010674490322231518 0.16548525395553582 -0.0025508276685150644 -0.00025152216731990138 -0.016865523890599376 -0.069801423904608334
leaf_weight=0.83845489784863925 18622.87040102329 945.83773458996188 19.05304704228223 48.944437093267055 0.073312078802700742 0.008834601587295654 0.24878198754973369 4.9825473574224439 0.0058789972110400148 0.0059467068113008273 313.40265072796984 18.434034381520121 7534.6043348211306 11534.6057640818 108.11071643844207 46.67294164019404 51.982579904436626 2539.9771587372525 52997.446009336418 1878.3062300530437 2799.1101295977278 1611.7964267625312 4662.2463891047137 286.64472191121422 6273.610309506359 8.4257437499966255 164.54529831033233 205.25453298911771 50.311936501910623 8.6974563322728446 0.31482500850688744 2.9719150285236551 0.63345285388641048 132.52395232213166 208.61029177827004 3530.9749274474452 1489.9854477180215 1654.2701829982543 2127.8731531809535 465.29925561702112 173.45259261401952 1055.7891743064999 6249.8839987419542 80.986101810995024 4255.1169511204289 683.51752182407654 2578.9197523268786 8874.0925837411432 8196.3199202149535 2227.3529318400178 135.98267029569251 1041.7499851504795 2436.0704026514918 12662.172744536938 144.20154633322818 1621.7683475717367 229.55473359090229 138.24335368844913 842.11383839327846 49246.671266585123 3506.7583566586945 1825.0222487345009
leaf_count=15528 1442277 616912 5867 49950 1483 81 151 4993 130 101 7311850 11629 282385 262536 2118 2951 1144 63920 1771150 258644 898774 50330 181169 9507 231380 172 6631 6109 1164 3407 129 753 165 3931 22670 130590 163574 295104 27768 8167 13362 47391 259369 19754 1093513 37004 94727 274215 418481 46025 82433 48233 81349 1533252 1407 67936 4003 7302 22271 4337549 89316 64399
internal_value=-0.000180668 -0.0413606 -0.133538 -0.294354 -1.38566 -6.83111 -4.59861 -0.200096 -6.41385 0.0180276 -0.108282 -0.0930482 6.22092e-05 0.00248071 0.000568338 0.0210208 0.00829516 0.013908 -0.0012895 0.000338256 0.0032014 -0.00394313 -0.00267343 -0.00488999 -0.00136858 -0.0501022 -0.0783015 -0.0174698 -0.0372414 -0.102603 -0.471104 -0.331296 -1.28619 -0.0457955 0.0317379 -0.0482202 0.00182459 0.00358968 0.0218494 0.0510107 0.111688 -0.0982344 -0.0112697 -0.0520901 0.0138977 0.0680772 0.0182757 0.00116282 0.00585568 0.0164225 -0.0325812 -0.00778665 -0.0229777 -0.0069029 -0.0121599 3.99619e-06 0.000168255 0.0555382 -0.000479487 -0.00273384 0.00730118 -0.0485679
internal_weight=230556 1351.84 405.998 55.1082 6.16376 1.10202 1.09318 5.06174 0.0791911 0.844402 350.89 331.837 229204 82175.2 70385.4 3430.26 2700.07 2591.96 147029 113978 68301.9 45676.3 43798 39607.3 30945 1528.02 1241.38 8662.3 4000.05 1076.83 12.6176 12.3028 3.60537 3794.8 3143.7 3744.48 65158.2 57418.3 4420.9 2766.63 638.752 1064.21 7739.87 3611.96 11789.7 730.19 4190.72 29417 19297.8 10423.7 344.593 10119.2 3477.82 33051 18767.1 14283.9 6641.41 367.798 66955.2 51913.8 15041.4 2667.14
internal_count=22790585 8018675 7401763 72417 22467 15861 15780 6606 1613 15629 7329346 7323479 14771910 6259106 4883208 107137 67182 65064 8512804 5467932 3542371 1925561 1666917 1521860 1179143 68155 58648 342717 161548 52017 4454 4325 918 155439 1003877 154275 2538494 2115551 344401 49297 21529 47563 422943 150344 1375898 39955 145057 1110988 738721 464506 105103 372267 129582 3044872 1443684 1601188 242685 11305 4776071 4424219 351852 86670
is_linear=0
shrinkage=0.1


Tree=111
num_leaves=63
num_cat=0
split_feature=7 9 8 28 2 4 7 0 0 0 16 4 2 3 31 0 0 19 0 34 29 21 7 33 28 8 2 3 7 35 24 0 28 7 33 9 7 26 35 27 8 10 27 4 33 10 25 31 22 7 4 25 8 7 34 9 32 25 18 8 9 33
split_gain=257.069 585.525 543.674 3809.04 12016.1 16806.8 8372.43 19821.7 13996.5 1797.09 1068.66 638.815 585.848 431.261 102.47 101.078 97.4538 585.916 715.049 115.639 86.571 67.284 247.26 215.812 146.957 131.6 228.188 148.469 424.567 177.049 144.097 137.32 133.539 131.795 244.525 127.233 180.783 162.396 190.55 124.362 111.551 151.265 110.957 109.686 234.87 181.407 208.076 133.146 105.469 103.322 102.481 96.8923 96.6561 310.135 202.787 123.38 97.8606 93.3968 93.0397 90.478 342.88 121.72
threshold=40.783086776733406 0.17424242943525317 18.24123573303223 4.5000000000000009 81.418708801269545 0.95302614569664013 34.674373626708991 73.375530242919936 79.814815521240249 75.905715942382827 4.5000000000000009 0.87972137331962597 64.932434082031264 87.226108551025405 0.60127571225166332 74.133811950683608 79.814815521240249 0.99999985098838817 73.375530242919936 0.42035371065139776 13.500000000000002 1.0000000180025095e-35 71.480709075927749 0.7148706614971162 154.50000000000003 73.399375915527358 83.795948028564467 96.824596405029311 72.082550048828139 5.5000000000000009 2.5000000000000004 91.922958374023452 16.500000000000004 93.557819366455092 0.21408721804618838 0.64583334326744091 73.92334365844728 1.5000000000000002 18.500000000000004 1.5000000000000002 61.024906158447273 1.5000000000000002 1.5000000000000002 0.8384767770767213 0.48638415336608892 1.5000000000000002 1.5000000000000002 0.6308543086051942 1.0000000180025095e-35 97.15900039672853 1.0000000180025095e-35 1.5000000000000002 91.256069183349624 95.393455505371108 0.72288537025451671 0.37980769574642187 11.500000000000002 1.5000000000000002 2.5000000000000004 88.473194122314467 0.29285715520381933 0.2026665806770325
decision_type=8 8 10 2 2 2 10 2 2 2 10 2 2 2 2 2 2 2 2 2 2 2 8 2 2 8 2 2 10 2 2 2 2 10 2 10 10 2 2 2 10 2 2 2 2 2 2 2 2 10 2 2 10 10 2 8 2 2 8 10 10 2
left_child=1 2 3 4 5 6 7 -1 9 12 -11 -12 15 -14 -10 -9 17 18 19 -6 -4 22 23 24 -2 26 33 28 -28 30 31 58 -31 35 -35 37 40 -23 -39 -33 41 -37 -25 48 -45 46 47 -46 -38 -36 -40 -42 -24 55 -55 56 -54 -41 -29 61 -61 -27
right_child=21 -3 20 -5 16 -7 -8 8 14 10 11 -13 13 -15 -16 -17 -18 -19 -20 -21 -22 25 52 42 -26 59 27 29 -30 32 -32 39 -34 34 49 36 43 38 50 57 51 -43 -44 44 45 -47 -48 -49 -50 -51 -52 -53 53 54 -56 -57 -58 -59 -60 60 -62 -63
leaf_value=-0.10014641862718253 0.0019255574792378972 -0.0019615424154488274 -0.29011560161522165 -0.16150435088634638 -0.10001391513605572 -118.99608794489789 -27.164418279641946 -75.921092813052255 8.5435706425626954 -14.943621563452727 -28.677467495237909 -59.090413282605311 -63.536705450186268 -42.186044791227374 -1.7032476572128203 -66.434777727802071 0.099159008152637784 -0.14580702402166468 -27.300615441635045 -14.508163185877615 -0.088976473111393256 0.0022539831636888938 0.00098826514219190484 -0.010152470471580159 -0.058808375946440873 0.0027276607441971677 0.099261955432640381 -0.010392668792704731 0.01376866951121287 0.0052403793856592197 -0.00090627156698299825 0.087134160488008816 -0.049771306851942809 0.0021958226607568833 0.065066443236195037 -0.0021818366878705651 0.025116793044349512 -0.028690180203114996 0.025904551841775082 0.087886943732222056 0.13909922249423967 0.080364333011989572 -0.067026954093037772 -0.012630050614864663 -0.07367489522047814 -0.052330374515156569 -0.19965339880907362 -0.85121885984481027 -0.015059702636795689 -0.063318595795517491 -0.021851722783029447 0.03407595263197475 -0.038997988226629338 0.04692048285709377 -0.0026526357804985551 0.012420218917888075 0.0014344515143053214 0.02003888452162687 0.018833520868360293 0.022416686659030002 -0.0040750263910084008 -0.0070980151944029018
leaf_weight=0.91787328744577512 2487.0709944054565 938.43813674039211 22.992629861269222 44.205625820153273 0.028217517787197881 0.014277408580558482 0.23322906375813346 0.022367947434759117 0.011569269838219043 0.013444742407955346 0.010469387698321952 0.020294452187954448 0.02201123343911604 0.01659188131816336 0.062381317153267446 0.022561429605048033 3.2413107732259379 0.39648660952479986 0.018341761009709086 0.0069405419983588615 308.59356697893185 6422.4338238317414 75461.158051052262 466.31555021922327 474.40342940158234 20663.67817716334 749.26051343436848 1298.7267740456118 2584.6958998242335 963.10220221532427 4784.4372198424935 484.5613443430409 814.39020327580738 3888.2172761897164 972.67816170470178 716.40798870446451 1307.4785499017016 5609.0938420758539 1189.6974399101614 236.20601525977486 182.50773364139604 321.67376913632324 1297.3518869852594 433.96037990486366 2.8577426167030344 52.393104556656908 36.532921181234997 9.6023100544698519 1306.1294861002534 67.002807203767588 722.07255695483809 169.36398231081694 4055.4135945511734 855.44308102340437 23322.098241306659 683.02763889740163 702.27774974663043 1438.3746946247434 6752.8495588792648 7139.2535723186011 15477.371331715534 32339.154096984013
leaf_count=19211 1264368 609828 18868 50059 437 50 281 72 181 171 164 146 94 169 432 131 532 173 190 51 7318457 2034042 2907740 308692 150351 854681 47555 43742 61670 68135 270205 49650 259518 118470 26565 414177 67812 1239826 57642 19498 7414 25966 587979 19926 570 1318 1103 404 15857 2067 240412 39757 150811 30136 923220 31924 9962 167538 520119 152502 715982 861835
internal_value=-0.000386049 -0.0444017 -0.148977 -0.458951 -3.05837 -11.0672 -9.92815 -6.33748 -34.7228 -54.7661 -38.4621 -48.7404 -63.3948 -54.36 -0.100174 -71.1575 -0.0922883 -1.47131 -11.2946 -2.94432 -0.102924 -0.000132406 -0.00191809 -0.0242959 -0.00780351 0.00151342 0.00589463 0.0137082 0.0329821 0.0098771 0.0134144 0.0201247 -0.0199642 -0.000816354 0.0137146 -0.00469073 0.00985146 -0.00942459 -0.0193975 0.0425191 0.0398905 0.023397 -0.0519893 -0.00340782 -0.0446455 -0.181681 -0.320008 -0.672887 0.00503891 0.0567926 0.00786708 0.0885491 -0.000911823 -0.00575285 -0.000898653 -0.027324 -0.0330298 0.0296091 0.0141193 -0.00100784 0.00428745 -0.00326738
internal_weight=230260 1319.29 380.85 49.264 5.05837 1.36707 1.35279 1.11956 0.201692 0.127741 0.0442086 0.0307638 0.0835325 0.0386031 0.0739506 0.0449294 3.6913 0.449986 0.0534998 0.0351581 331.586 228941 109805 4725.14 2961.47 119136 43516.7 20106.6 3333.96 16772.6 14995.2 10210.7 1777.49 23410.1 4927.9 18482.2 4538.91 13943.3 7520.86 2159.14 1389.95 1038.08 1763.67 3148.95 535.346 101.386 48.993 12.4601 2613.61 1039.68 1911.77 351.872 105079 29618.3 24177.5 5440.72 4757.69 1674.58 8051.58 75619.5 22616.6 53002.8
internal_count=22790838 8019697 7409869 72544 22485 21102 21052 20771 1560 947 481 310 466 263 613 203 1383 851 678 488 7337325 14771141 6365183 2311390 1414719 8405958 5820958 1507630 109225 1398405 1070752 800547 327653 4313328 147102 4166226 594304 3571922 1537880 236686 487314 440143 896671 106990 23321 3395 2077 974 83669 28632 298054 47171 4053793 1146053 953356 192697 160773 187036 563861 2585000 868484 1716516
is_linear=0
shrinkage=0.1


Tree=112
num_leaves=63
num_cat=0
split_feature=7 9 34 26 4 20 0 18 9 11 1 3 0 25 32 18 6 11 34 35 20 33 26 35 7 3 32 7 7 0 7 9 9 11 24 35 11 10 4 10 28 25 13 35 28 25 11 26 35 25 9 20 11 0 0 28 27 8 27 20 4 6
split_gain=139.974 344.194 116.588 73.3126 192.132 71.8652 165.535 146.985 152.19 269.459 207.813 185.299 157.32 133.345 131.499 260.637 949.846 324.064 186.463 137.054 132.995 441.547 395.552 346.127 282.877 240.865 173.723 158.638 209.713 155.593 150.802 147.857 137.461 821.683 126.795 123.542 123.04 158.104 120.239 175.331 176.378 121.17 119.442 116.154 143.426 155.062 115.066 165.39 133.054 132.192 128.291 144.034 117.659 123.751 111.786 108.43 124.444 107.403 106.77 104.224 104.205 131.491
threshold=41.277122497558601 0.15476191043853763 1.0982617735862734 10.500000000000002 0.50558543205261242 0.95876392722129833 99.473682403564467 8.5000000000000018 0.89898991584777843 1.5000000000000002 99.473682403564467 22.539682388305668 10.762548446655275 1.5000000000000002 2.5000000000000004 1.5000000000000002 1.0000000180025095e-35 1.0000000180025095e-35 0.90179800987243663 2.5000000000000004 0.74838292598724376 0.25040069222450262 1.0000000180025095e-35 1.5000000000000002 97.448913574218764 60.188678741455085 10.500000000000002 99.781658172607436 96.56854629516603 53.03663635253907 96.67456436157228 inf 0.23611111193895343 1.0000000180025095e-35 2.5000000000000004 5.5000000000000009 1.0000000180025095e-35 1.5000000000000002 0.86003342270851146 3.5000000000000004 1.0000000180025095e-35 2.5000000000000004 1.0000000180025095e-35 4.5000000000000009 29.500000000000004 3.5000000000000004 1.5000000000000002 1.5000000000000002 13.500000000000002 3.5000000000000004 0.23611111193895343 0.30347619950771337 1.0000000180025095e-35 92.907444000244155 83.239700317382827 1.5000000000000002 1.5000000000000002 97.15900039672853 6.5000000000000009 0.53908705711364757 0.94851297140121471 1.0000000180025095e-35
decision_type=8 10 2 2 2 2 2 8 8 2 2 2 2 2 2 10 2 2 2 2 2 2 2 2 10 2 2 8 8 2 10 8 10 2 2 2 2 2 2 2 2 2 2 2 2 2 2 2 2 2 10 2 2 2 2 2 2 10 2 2 2 2
left_child=1 2 3 -1 -5 14 7 8 9 13 11 43 -13 36 15 19 17 -17 -19 -2 21 23 30 55 31 -25 27 28 32 -28 -22 46 33 -24 -11 -21 37 -7 -12 -40 -41 -42 -43 -10 45 -45 48 50 49 -23 -48 -52 -51 -54 59 -16 -57 -29 -56 -33 61 -14
right_child=5 -3 -4 4 -6 6 -8 -9 10 34 38 12 60 -15 20 16 -18 18 -20 35 22 24 26 25 -26 -27 29 57 -30 -31 -32 54 -34 -35 -36 -37 -38 -39 39 40 41 42 -44 44 -46 -47 47 -49 -50 52 51 -53 53 -55 58 56 -58 -59 -60 -61 -62 -63
leaf_value=-0.11938177036245907 -0.0060470205228237775 0.00061444387315006408 0.1130863248740466 -26.683390151965909 -0.10000483586221634 0.097136966277172485 0.089273953057349739 -0.031844069871756329 0.023714564327723994 0.0062067074323046223 0.10068216986009651 -0.082723383643237225 -0.0076857139456578544 -0.019120063561321326 -0.050748709262137551 -0.028178348472561527 0.091035791185793691 0.0023818663692498649 0.068291968510050427 0.023999925086636096 0.045341869971318047 -0.0003073759807069058 0.071114731348522434 -0.00016251047832900354 0.026066611227329024 0.042781369324577975 -0.078182995618856999 0.017041686993303131 -0.029376997020159862 -0.019632685162191625 -0.0067292946411191615 -0.056180102651754486 0.0011456951745933098 -0.02787536303115027 0.058840383701315196 0.0011959318976659172 -0.0032897865184162729 -0.049258779707453466 0.033420815331895525 -2.3069829381533702 -0.048135525032358156 -0.94555081545003705 -0.099272296275051894 0.0045767080993000279 0.012340550548632208 -0.07495841010473317 -0.0061223641523978148 -0.03066147988767718 0.0072879522955293687 0.0023608310573462153 -0.047276081503592395 0.084850680499722955 -0.02777000084029024 0.0043886281705131282 0.034080390585041601 0.035234705833660028 -0.016789286088070978 -0.088664511756873898 -0.044565814828496371 -0.0017466013595857995 0.014654510226494021 0.03333072677531302
leaf_weight=400.56551759129519 9895.7612083638014 989.92704247465645 22.750279003879427 0.0037617499428836175 0.0098063874017499629 283.25428543550333 192.03832015952503 1795.8335191622245 4536.0108372611721 1419.649480781467 307.53590379329398 253.93466289105709 19591.86752344753 12603.307776907452 517.65944932810999 1991.3790446403409 1621.9102704399265 995.308934599655 754.69297429781 4055.2179643048539 1957.7056526715169 66941.76702829967 955.18795074459922 1705.2795306517937 3861.9579953462671 5579.3668145894835 625.96116205259023 3139.5935129414538 4453.9399312663008 1650.9030685379694 776.88644785608631 1190.0601810670232 12391.225888081677 6866.1297283605381 675.45863503434339 5736.2517071446209 1839.9984199842838 99.750130898319185 474.14551532057521 0.41465765074827032 13.29392609203933 3.7418939455528735 3.0087128353188746 519.91812968955492 2428.3378063704004 463.78500167364837 2958.2340079880928 3067.5737745340989 19687.463906702367 3488.1195300808376 110.05847097260266 329.56413043643988 5141.9236114879413 1559.5481510235104 487.04387629213306 686.72213938103232 1391.4300002514501 99.156455885677133 267.39282235304563 499.345407630517 2759.7737644912559 814.06968293141108
leaf_count=7605243 275335 666030 13113 55 298 8558 499660 84697 74571 78150 97145 1837 476869 285796 10197 239711 80709 131081 16572 156036 39550 3699287 141064 677325 127091 110706 16359 170042 101478 41316 13820 57092 594861 482877 25930 200329 29558 1566 507665 83 13431 692 2535 5636 42937 6120 739484 963249 2096356 222787 7007 29153 317808 36729 7499 13522 22615 1409 5257 20417 282249 113370
internal_value=-0.000283436 -0.0316578 -0.107124 -0.119631 -7.47022 -8.94022e-05 -0.00339463 -0.00374434 -0.00271641 -0.0103935 0.00132176 3.64807e-05 -0.00444102 -0.0151372 0.000862076 0.00757643 0.0271192 -0.000588983 0.0308058 0.00225249 -0.000241678 0.001309 -0.00586983 0.0215557 -0.000516414 0.0327285 -0.00916946 -0.00700236 -0.00973445 -0.0357295 0.0305487 -0.00148742 -0.00540612 -0.0157861 0.0231757 0.0106404 0.00744385 0.0590095 0.0515824 0.0210531 -0.26557 -0.22334 -0.568369 0.0132298 -0.000708681 -0.0329216 -0.000912184 -0.0138285 -4.96502e-05 -0.00192254 0.00136828 0.0517731 -0.0125336 -0.0202861 -0.0257986 -0.00979856 0.000401961 0.0138054 0.00620604 -0.0400909 -0.00358292 -0.00604941
internal_weight=229930 1413.26 423.329 400.579 0.0135681 228517 51079.1 50887.1 49091.3 16921.4 32169.8 31367.7 23419.6 14826.3 177438 25050.5 5363.29 3741.38 1750 19687.2 152387 119471 32916.7 9880.46 109590 7284.65 30182.1 27905.2 24666.5 2276.86 2734.59 105728 20212.5 7821.32 2095.11 9791.47 2223 383.004 802.141 494.605 20.4592 20.0445 6.75061 7948.05 3412.04 983.703 103284 6465.43 96818.8 77131.4 3397.86 439.623 10189.6 6701.47 2443.84 2595.81 2078.15 3238.75 754.437 1689.41 23165.7 20405.9
internal_count=22789924 8284739 7618709 7605596 353 14505185 2639055 2139395 2054698 429558 1625140 1003589 874325 325478 11866130 1099773 468073 387364 147653 631700 10766357 9163581 1602776 834365 8329216 788031 1549406 1491731 1320280 57675 53370 8202125 1218802 623941 104080 356365 39682 10124 621551 524406 16741 16658 3227 129264 54693 11756 8111860 1738893 6372967 4276611 775644 36160 577324 354537 90265 46334 36137 171451 12756 77509 872488 590239
is_linear=0
shrinkage=0.1


Tree=113
num_leaves=63
num_cat=0
split_feature=7 9 34 26 2 25 11 3 24 2 29 32 11 18 32 19 27 16 29 32 20 1 19 18 35 28 8 32 18 29 29 19 35 25 22 22 3 0 25 1 3 27 3 22 31 3 3 0 2 3 25 24 2 1 1 2 34 0 1 25 1 0
split_gain=129.511 332.658 87.6434 96.6261 245.298 61.7118 97.9899 89.5319 94.1205 98.3296 61.7355 175.578 124.55 123.796 122.528 164.036 97.9013 103.66 90.4445 92.7741 124.411 137.054 98.665 93.0113 83.4234 149.941 99.9971 82.3811 95.882 86.3422 82.0667 79.6216 73.8409 72.4553 71.2783 71.0886 65.0636 389.89 293.525 249.659 380.957 333.281 160.226 152.808 254.96 223.791 431.71 144.003 156.671 142.742 179.621 159.098 418.992 304.549 281.822 142.917 136.143 139.064 524.976 331.121 262.681 275.768
threshold=41.277122497558601 0.17424242943525317 1.0000001788139345 10.500000000000002 64.565757751464858 5.5000000000000009 1.0000000180025095e-35 72.871574401855483 4.5000000000000009 83.457714080810561 16.500000000000004 5.5000000000000009 1.0000000180025095e-35 4.5000000000000009 3.5000000000000004 0.19548859447240832 1.5000000000000002 7.5000000000000009 12.500000000000002 4.5000000000000009 0.88975995779037487 64.565757751464858 0.22176440060138705 3.5000000000000004 4.5000000000000009 4.5000000000000009 80.08438873291017 3.5000000000000004 2.5000000000000004 15.500000000000002 14.500000000000002 0.21152965724468234 5.5000000000000009 1.5000000000000002 1.0000000180025095e-35 1.0000000180025095e-35 8.4219856262207049 8.5867896080017108 3.5000000000000004 9.1431555747985858 1.0000000180025095e-35 161.00000000000003 10.128205299377443 1.0000000180025095e-35 0.99999985098838817 20.256410598754886 45.222154617309577 5.5946791172027597 5.7556936740875253 33.06010818481446 2.5000000000000004 2.5000000000000004 5.1615052223205575 7.2508215904235849 7.2508215904235849 8.3920187950134295 1.0000000180025095e-35 44.327484130859382 33.520599365234382 2.5000000000000004 49.089704513549812 53.410852432250984
decision_type=8 8 2 2 2 2 2 2 2 2 2 2 2 10 2 2 2 10 2 2 2 2 2 10 2 2 8 2 10 2 2 2 2 2 2 2 2 2 2 2 2 2 2 2 2 2 2 2 2 2 2 2 2 2 2 2 2 2 2 2 2 2
left_child=1 2 3 -1 -5 10 -7 -8 9 -9 11 13 16 18 33 -16 17 34 -2 20 23 35 -23 27 25 -14 -26 28 -20 -29 -21 -25 -32 -15 -13 -22 39 38 47 40 -12 -41 -40 56 -45 -46 -47 48 -38 50 -49 52 53 -52 -54 -53 -39 58 59 -58 61 -59
right_child=5 -3 -4 4 -6 6 7 8 -10 -11 36 12 24 14 15 -17 -18 -19 19 30 21 22 -24 31 26 -27 -28 29 -30 -31 32 -33 -34 -35 -36 -37 37 43 42 41 -42 -43 -44 44 45 46 -48 49 -50 -51 51 55 54 -55 -56 -57 57 60 -60 -61 -62 -63
leaf_value=-0.12047660179772156 -0.024946309473021403 0.00053806697731998505 0.066789438499278611 -34.333602307301689 -0.10000769633685265 0.014445766687408108 -0.073075573380869271 0.048182976614310598 -0.029721092728220808 0.37945014604825539 -0.043656660181748894 0.045401154678125305 -0.019156694432327391 0.069542034188742566 0.0087818416717363613 0.12747227159400176 -0.0080010474116673572 -0.048556461738920413 0.032994428998879409 0.050978253127193 0.050456308478224812 -0.033842196411719615 0.0076218488563373878 0.011316096657383066 -0.0082547452266160583 0.03925963050850461 -0.0447346388053593 0.047849080189002767 0.10311671920237127 -0.015604383509038526 -0.034276024411098158 0.1282199641701692 0.028565642128356807 -0.018975998201929738 -0.067074735577159941 -0.044978574900310611 0.0084024409522537227 -0.045236449782441061 -0.038536805611157271 -0.054405783832444599 0.03037489501922452 0.017792835922030906 -0.10095613911158263 0.038250392848476179 0.0061962688650317168 -0.11388514621288426 0.030922664769782622 0.032886757496798792 -0.12756561178132483 -0.12791234630260981 -0.15596540166757594 0.11413036418822481 0.03768372291996628 0.041150308686008129 -0.16024291694597781 -0.045961721017046035 0.0020345467427696361 0.0086110874516563667 -0.035818764189500606 -0.064975480746518252 -7.5389317732272058e-05 0.084570610659183226
leaf_weight=368.75549577803633 644.99902811677202 982.63331284592118 26.725993125989589 0.0029211072306265006 0.0073841568758503074 471.11138528803519 443.89286199359879 53.457099504696998 298.96594952356463 10.764773631013666 808.65029326709282 1170.4316949895524 1249.526432376601 137.30055324281057 185.63142039119703 312.40371903601044 1272.9087868281515 148.15218069237767 1199.0445236962569 185.3778177839954 863.00204967950094 726.16134687751173 2736.538037322025 85.200790118436998 1613.4603561529407 677.70294219476045 1406.4004690322831 328.14531338440793 232.86568428636383 618.8853149214101 876.9893934580582 184.25191493828606 237.65269097970486 283.21517699527067 59.192196711075667 85.813505658785289 147.47743308618436 691.28443284492823 1134.9631201962441 1252.9118661449547 4949.7965536950505 1305.6577299999462 644.91771903791118 2440.8497988124655 20138.837248031228 444.71953927592403 383.33818951248759 1118.2579017959324 199.22853202950893 85.500786643617175 91.623720620092968 144.62671588888043 92.41526722171875 542.34076597949399 324.68920579339647 90.754026086509839 20217.007030371453 1340.7831878823035 5230.8774586203581 765.3217198549828 143879.99194006051 742.6938757679618
leaf_count=7573697 34913 657244 53470 150 212 54913 52463 3775 6894 185 30265 176789 17597 4461 41468 12674 47834 8955 42949 6970 29129 16116 309776 7498 290192 10044 65516 11839 12097 19613 24885 9393 21343 29773 3450 1409 6264 164306 56211 62382 113583 24783 48358 43116 383008 22224 6448 21904 14464 4728 4679 3154 3559 10163 13691 4632 1821096 389760 2370673 1115421 6323012 70599
internal_value=-6.78953e-05 -0.0306313 -0.108074 -0.120747 -9.80379 0.000116835 -0.0217943 -0.0429485 -0.0061268 0.103709 0.000240359 0.00594227 -0.00549814 0.0147015 0.0496727 0.0832331 0.0119932 0.0304657 0.0111342 0.013918 0.0184385 0.00815292 -0.00107356 0.0355714 -0.0148701 0.00138519 -0.0252441 0.0292644 0.0443981 0.00638219 -0.0106312 0.091255 -0.0208776 0.0099256 0.0399867 0.0418249 -0.000237175 -0.000595998 -0.0293205 0.00842998 0.0199788 -0.0175623 -0.0611537 7.96591e-05 0.00766225 0.00410135 -0.0468483 -0.00934833 -0.0697292 -0.000941638 0.00357288 -0.0219085 -0.0385505 0.0126622 -0.11639 0.0524048 -0.000947086 -0.000769266 -0.00747556 -0.000409616 0.0004351 0.0356883
internal_weight=229387 1378.13 395.492 368.766 0.0103053 228009 1278.19 807.081 363.188 64.2219 226731 17521.3 7597.78 9923.48 918.551 498.035 2650.68 1377.78 9004.93 8359.93 7059.91 4411.51 3462.7 2648.39 4947.09 1927.23 3019.86 2378.94 1431.91 947.031 1300.02 269.453 1114.64 420.516 1229.62 948.816 209210 200892 4616.8 8317.02 5758.45 2558.57 1779.88 196276 23407.7 20966.9 828.058 2836.91 346.706 2490.21 2404.71 1286.45 1051.07 633.964 417.104 235.381 172868 172177 26213.2 20982.3 145963 2083.48
internal_count=22792169 8284773 7627529 7574059 362 14507396 118230 63317 10854 3960 14389166 1256683 620377 636306 88376 54142 237028 189194 547930 513017 459819 356430 325892 103389 383349 27641 355708 86498 55046 31452 53198 16891 46228 34234 180239 30538 13132483 12901470 191807 231013 143848 87165 104569 12709663 454796 411680 28672 87238 20728 66510 61782 39878 32092 14842 17250 7786 12254867 12090561 5307190 2936517 6783371 460359
is_linear=0
shrinkage=0.1


Tree=114
num_leaves=63
num_cat=0
split_feature=7 9 34 8 19 27 30 11 1 28 8 11 20 8 0 9 26 7 20 18 7 34 1 32 11 9 26 26 27 0 24 28 9 20 26 25 7 8 2 1 8 2 34 0 0 0 24 13 27 1 19 25 20 25 2 1 2 2 1 3 3 3
split_gain=114.804 312.117 114.337 75.8041 72.5526 162.268 134.81 65.8885 65.3779 61.3024 60.2878 195.991 83.1711 166.661 115.001 113.099 219.831 209.775 169.597 151.908 216.667 147.64 125.637 114.167 108.036 149.34 127.791 118.467 106.481 106.044 94.8268 97.5558 93.6603 157.073 138.969 92.3124 142.478 164.96 171.902 151.16 198.532 258.273 498.733 358.014 145.019 190.83 189.248 175.577 211.646 235.781 194.158 180.075 141.554 151.612 208.864 171.721 226.633 225.847 201.302 147.747 142.36 136.367
threshold=42.674797058105476 0.17424242943525317 1.0982617735862734 34.158597946166999 0.22938410192728045 31.500000000000004 9.5000000000000018 3.5000000000000004 16.064516067504886 3.5000000000000004 98.421009063720717 1.5000000000000002 0.95876392722129833 96.788921356201186 99.473682403564467 inf 1.0000000180025095e-35 96.164356231689467 0.47752584517002111 7.5000000000000009 60.771903991699226 0.5985449254512788 96.449581146240249 11.500000000000002 1.5000000000000002 0.23611111193895343 3.5000000000000004 1.5000000000000002 5.5000000000000009 74.133811950683608 2.5000000000000004 112.50000000000001 0.47222222387790685 0.99999985098838817 1.0000000180025095e-35 1.5000000000000002 98.799980163574233 97.787567138671889 99.473682403564467 94.39203262329103 48.107236862182624 94.201679229736342 1.3374547958374026 88.273490905761733 84.660633087158217 71.148777008056655 2.5000000000000004 1.0000000180025095e-35 14.500000000000002 99.473682403564467 0.22176440060138705 3.5000000000000004 0.93513667583465587 2.5000000000000004 62.145593643188484 77.581478118896499 76.253131866455092 85.912700653076186 88.273490905761733 99.333332061767592 91.596042633056655 88.067794799804702
decision_type=8 10 2 10 2 2 2 2 2 2 10 2 2 10 2 8 2 10 2 8 10 2 2 2 2 10 2 2 2 2 2 2 8 2 2 2 10 10 2 2 10 2 2 2 2 2 2 2 2 2 2 2 2 2 2 2 2 2 2 2 2 2
left_child=1 2 -1 4 8 6 -6 10 -3 -8 12 -12 15 14 24 16 17 18 -2 21 28 -17 -20 -22 32 27 30 -26 29 -21 31 -27 33 34 -14 -18 39 38 -38 40 -37 43 -43 52 45 -41 47 48 49 50 -47 -51 53 54 61 56 59 58 -57 60 -56 -42
right_child=7 3 -4 -5 5 -7 9 -9 -10 -11 11 -13 13 -15 -16 19 35 -19 22 20 23 -23 -24 -25 25 26 -28 -29 -30 -31 -32 -33 -34 -35 -36 36 37 -39 -40 44 41 42 -44 -45 -46 46 -48 -49 -50 51 -52 -53 -54 -55 55 57 -58 -59 -60 -61 -62 -63
leaf_value=-0.11614092423608811 -0.021108602758349082 0.043921134908166404 0.069634799477813578 -0.033517974801058552 0.071957027886189226 -0.027725424514445075 0.18533581517880682 -0.090537397336207553 -0.072369282860395179 0.55337088227529219 0.0061834573971507167 0.15646985028234614 -0.0085311563596397934 -0.03131943569578139 0.087436099352897867 -0.048731037289227015 0.0057961852280463732 -0.017300922240908619 0.053365069421927105 -0.040925870691619626 -0.061533291942217565 0.025199819447903622 0.011279562420704464 -0.16461582093954211 0.00021513035788749406 0.0086812206263914265 -0.074249033273802556 -0.10818781444229522 -0.053035146496932875 0.031556360898945854 0.074137299534280304 0.1028405520224855 -0.0023310393810837531 -0.02574124794946249 0.070313551552095774 0.0051012716915485564 0.010215233862484139 -0.14145297035841953 0.063331869578383007 -0.005925663833745415 -0.028696244964483822 -0.061484651804651902 -0.009325165328627795 0.027759982145542386 -0.0014190786143781161 -0.027696859302536223 0.026199064345923589 0.014401167550066755 0.0044536523222189778 -0.073340613622813494 0.18287739536691366 0.06635291065277496 0.02258236907342609 -0.014197297148348539 0.024366865851632936 0.043492735360104125 -0.061500477157262812 -0.018062211769578111 -0.038659825896042256 -0.046904534606352112 0.17578486247638173 0.032810193251916329
leaf_weight=387.93006257102491 509.98747635281825 77.220098571240669 36.22224753165267 408.20903507046137 270.41025886387069 198.61286293432204 9.9492067440151022 80.110543876158772 129.28117561925319 8.3026904296712001 10963.813648054929 87.467519962054212 646.49267868237621 2152.7787019136304 140.9057251096674 358.68577538574073 27419.199089023663 1072.753720269553 2367.5581009344628 311.63952898928335 409.8581962359749 1093.9132164788061 1012.768592515029 145.61196533660404 416.73956358904502 779.65272541528248 101.05888612715353 132.98273871966126 466.24154645386682 572.93723266138113 565.52226389506541 128.11493611364858 31978.784692264271 4044.0486866292576 341.70570053554547 14257.802168851806 4972.9716650205955 66.708361615019385 694.35460649302695 7281.1718868880234 2575.8363138427485 2494.8241852189822 6912.0742051644484 3136.7274186645009 50651.951912529992 102.21255722690603 6967.8306372372044 7499.8263919720575 2736.5343149377659 1042.1409283394578 76.602771615671372 101.24358889088035 1464.9597388690599 19697.827349312553 634.74504067088674 2994.141483745585 645.49789049618994 1041.0953449291337 331.2682242856099 278.2246802111149 68.823922238894738 419.12180876105231
leaf_count=8178710 101978 28815 19024 466815 44382 44289 1580 156252 194093 1900 575806 870 7322 71776 375970 25397 1672163 11191 97605 13720 20055 46722 11066 2878 28277 19327 2787 40449 13004 5112 15824 2852 1345403 174713 5005 2518760 259575 855 129353 187950 1650011 95123 149347 51243 1240480 993 153344 128988 91095 45088 1034 1954 30450 2119161 23979 43049 11241 11929 5363 5650 919 10671
internal_value=-4.66878e-05 -0.0273824 -0.100276 0.000674213 0.0207925 0.0418443 0.0897116 0.00013673 -0.0288831 0.352753 0.000168678 0.00737293 -0.000199376 -0.00422812 -0.00274321 0.000754985 0.00111084 0.0218501 0.032646 -0.0174177 -0.0359817 0.0069443 0.040756 -0.0885555 -0.0030679 0.0188643 0.0345327 -0.0260085 -0.0143628 0.00602061 0.0419945 0.0219701 -0.00432659 -0.0170078 0.0187323 0.000492887 -0.000552143 0.0148828 0.016723 -0.00121553 -0.00511565 -0.00852753 -0.0231585 -0.00439298 0.00168958 0.00779086 0.0131817 0.00533443 -0.0114193 -0.0442713 0.0625111 -0.0609711 -0.00773792 -0.00928631 0.00147554 0.0122508 -0.0154757 0.0225838 0.0353089 0.0147841 0.0391787 -0.0200889
internal_weight=228974 1526.14 424.152 1101.99 693.776 487.275 288.662 227448 206.501 18.2519 227368 11051.3 216316 41428.8 39276 174888 171529 4963.07 3890.31 3358.89 1906.29 1452.6 3380.33 555.47 39135.1 2124.07 1574.35 549.722 1350.82 884.577 1473.29 907.768 37011 5032.25 988.198 166566 139147 5734.03 5667.33 133412 56953 42695.2 9406.9 33288.3 76459.5 25807.6 18526.4 11558.6 4058.73 1322.2 178.815 1143.38 30151.5 28686.6 8988.75 5993.8 1627.29 4366.51 3325.41 981.794 703.569 2994.96
internal_count=22790737 8979608 8197734 781874 315059 92151 47862 13811129 222908 3480 13654877 576676 13078201 2089705 2017929 10988496 10861608 221840 210649 126888 54769 72119 108671 22933 1641959 109516 40790 68726 31836 18832 38003 22179 1532443 187040 12327 10639768 8967605 389783 388928 8577822 6726896 4208136 244470 3963666 1850926 610446 422496 269152 140164 49069 2027 47042 3912423 3881973 1762812 102130 41789 60341 48412 30548 24898 1660682
is_linear=0
shrinkage=0.1


Tree=115
num_leaves=63
num_cat=0
split_feature=7 9 34 1 2 2 22 7 3 21 28 4 3 35 4 21 28 28 0 29 0 11 34 30 29 33 19 19 19 2 28 18 7 9 26 11 0 28 2 4 34 2 3 3 4 0 4 32 9 29 11 2 3 29 3 0 28 28 0 32 18 32
split_gain=91.2437 276.769 80.1228 54.6489 186.679 100.359 72.0933 73.3242 70.5337 65.1184 57.592 53.9407 113.475 103.332 77.1145 64.3888 70.503 55.2164 53.7833 53.6764 98.3361 118.59 88.2146 76.5242 124.148 178.951 113.357 200.072 175.814 189.227 166.024 153.642 143.549 131.285 184.589 210.568 159.674 130.891 175.573 121.108 132.323 199.25 260.73 205.524 118.851 137.922 107.544 107.243 173.066 144.447 121.153 120.891 199.118 145.778 101.37 190.599 144.308 144.383 104.069 96.8767 96.4567 121.668
threshold=40.783086776733406 0.17424242943525317 1.000000059604645 5.0316455364227304 5.1615052223205575 4.301572561264039 1.0000000180025095e-35 97.15900039672853 9.1966171264648455 1.0000000180025095e-35 36.500000000000007 0.85716116428375255 96.362434387207045 20.500000000000004 0.3150112926959992 1.0000000180025095e-35 37.500000000000007 1.0000000180025095e-35 7.7422575950622567 31.500000000000004 92.805381774902358 1.0000000180025095e-35 0.87237685918807995 13.500000000000002 21.500000000000004 0.18771848082542422 0.21442873775959018 0.16927243024110797 0.18791647255420688 81.418708801269545 6.5000000000000009 1.5000000000000002 59.588558197021491 0.64583334326744091 3.5000000000000004 1.0000000180025095e-35 39.767442703247077 8.5000000000000018 64.075469970703139 0.61807265877723705 1.0000110864639284 43.534002304077156 65.419578552246108 60.188678741455085 0.85417693853378307 90.815368652343764 0.79166349768638622 5.5000000000000009 0.47222222387790685 18.500000000000004 1.0000000180025095e-35 52.027397155761726 20.256410598754886 24.500000000000004 11.269841194152834 9.8563041687011737 50.500000000000007 894.50000000000011 89.943820953369155 2.5000000000000004 1.0000000180025095e-35 2.5000000000000004
decision_type=8 10 2 2 2 2 2 10 2 2 2 2 2 2 2 2 2 2 2 2 2 2 2 2 2 2 2 2 2 2 2 10 8 10 2 2 2 2 2 2 2 2 2 2 2 2 2 2 10 2 2 2 2 2 2 2 2 2 2 2 8 2
left_child=1 2 -1 4 5 6 7 -2 10 -9 -7 13 -13 -3 17 -14 -17 -15 -6 23 -21 -22 -23 26 25 -25 27 31 29 -29 -31 -5 -33 36 39 44 -28 46 -39 40 41 42 43 -35 -36 -46 -30 49 50 -34 -49 52 53 -51 56 -56 -26 -58 -57 -54 -38 -62
right_child=3 11 -4 19 18 8 -8 9 -10 -11 -12 12 15 14 -16 16 -18 -19 -20 20 21 22 -24 24 54 -27 33 28 37 30 -32 32 47 34 35 -37 60 38 -40 -41 -42 -43 -44 -45 45 -47 -48 48 -50 51 -52 -53 59 -55 55 58 57 -59 -60 -61 61 -63
leaf_value=-0.12295801968882743 0.12356471969090797 -0.07799416685491653 0.015019551432193485 0.0037948119066233813 -0.12964707797421191 -0.10647171952761679 -0.085221267106428522 0.13420471029893896 -0.10839801748821319 -0.11794512281900099 0.082216613964508425 0.15800022071039832 -0.080073246693253275 1.0922085050740502 -0.07580917265742651 0.050240580451788898 -0.022203475186086133 0.11665046744465296 0.13406743336486179 -0.010014448423444219 0.022781581037653223 0.075411668124433895 -0.027694982519603784 0.030251205052044285 -0.043375422967935798 -0.0050466441727418602 -0.066227746892454156 -0.0064106270199802834 -0.043756850830990415 -0.072989253847214414 0.015791632390822995 -0.063314908941583592 0.0047533453870731816 3.5964611883286342 0.02529811273108187 0.002808648696045139 -0.012712772736363065 0.036921959916261522 -0.06569446694091205 0.015661092332454538 0.058033181163903547 0.19126947267824515 0.37336443587304008 0.84986413241302527 -0.12748359346811458 0.03979959641983688 0.015440218993108124 0.022971646542830338 0.026012744783106195 -0.0010766289346642564 -0.021268439550361378 0.0060458855378764283 -0.040535436010229298 -0.036106616299560884 -0.049215113651979059 -0.0020263818063248509 0.016910847217900035 -0.073993100458606215 0.02709739873323776 -0.015014539050857506 0.011111816798213749 7.827894885638196e-05
leaf_weight=295.96591323560682 42.590461796822638 185.28448855591796 49.062878839518078 25009.575782220691 166.5762680197405 17.597118742207385 150.35846761520486 13.835791965480892 25.629894007742223 39.43132071220316 200.30560018402684 52.28065655889975 78.463986887371107 0.58658563709468481 28.669506024103612 291.59168677871128 249.1031493648552 53.123422235395992 8.1100741427526355 11649.070592629992 2201.7788839618888 91.126546640382799 928.05468722232956 4005.03108785534 453.13900158132583 2239.3431213738286 358.55325409100624 1056.479865290451 361.12062183317039 1465.7147434107951 245.98678871993798 444.08139849041868 5702.2433405004267 0.56766865828103907 93.390925969113596 1331.0790409323527 5167.6014660532455 225.81603837821422 637.2629268576502 8811.583153606487 244.89293294452364 28.385899544256972 2.1025786197860725 0.52385333989514038 310.92462602481828 58.570868627502932 2043.652372910592 848.90540227058591 2493.5893533286944 6941.862810610266 2285.8231693158195 2651.8713754606215 3836.5922001291988 1433.2675990767093 819.1593919602783 16815.593188193227 7312.3293906272838 179.00066938809141 1323.5207130193994 2429.1516191468868 11227.929195961668 90953.263627768189
leaf_count=6898441 3576 389773 533175 1021175 14782 3245 22533 163 9304 320 3005 7783 29506 92 51258 31144 68311 11515 199 858304 66953 1010 82900 161253 30398 517855 207642 28649 22021 16197 5067 1370139 454663 181 3220 17661 115921 5334 16171 1704848 13320 780 87 37 32354 27145 47771 185118 210967 132245 905074 57926 346030 21313 21434 1589600 133224 4403 46291 616810 265958 3352224
internal_value=-0.00016468 -0.0267458 -0.103338 -1.4565e-05 -0.0286517 0.00300493 -0.0420158 0.0257546 0.0485217 -0.0524508 0.0669788 0.0013942 0.0165261 -0.0365644 0.0566176 0.00458027 0.0168649 0.127305 -0.117404 6.93603e-05 -0.00573835 0.00972677 -0.0184761 0.000477012 0.00488995 0.0175928 -0.000341534 -0.00387905 -0.021147 -0.0396902 -0.0602306 -0.00195162 -0.00689584 0.00145163 0.0119193 -0.0173947 0.000394046 -0.00543909 -0.0388459 0.0177059 0.0828765 0.275528 1.02434 2.27829 -0.0754917 -0.100967 0.0065507 -0.00602052 0.0063518 -0.0090488 -0.00928793 -0.0136 -0.0171585 -0.00707144 0.00194151 -0.00203214 0.011424 0.0147388 9.86353e-05 -0.0306413 0.000616568 0.00129067
internal_weight=228668 1284.13 345.029 227384 664.435 489.749 246.216 95.8576 243.533 53.2671 217.903 939.103 671.439 267.664 82.3795 619.159 540.695 53.71 174.686 226720 14870 3220.96 1019.18 211849 33147.1 6244.37 178702 60113 6036.03 2768.18 1711.7 54077 29067.4 118589 10882 1793.97 107707 3267.85 863.079 9088.06 276.473 31.58 3.1941 1.09152 462.886 369.495 2404.77 28623.3 5628.32 22995 3134.73 17292.7 14640.9 8375.13 26902.7 18958.3 7944.47 7491.33 18139.1 6265.74 107349 102181
internal_count=22795798 8020998 7431616 14774800 57127 42146 26592 4059 15554 483 6250 589382 136744 452638 62865 128961 99455 11607 14981 14717673 1009167 150863 83910 13708506 2504458 679108 11204048 5462670 141210 49913 21264 5321460 4300285 5741378 1799633 80380 3941745 91297 21505 1719253 14405 1085 305 218 62719 59499 69792 2930146 1301159 1628987 1090192 1174324 1116398 153558 1825350 1657325 168025 137627 1635891 962840 3734103 3618182
is_linear=0
shrinkage=0.1


Tree=116
num_leaves=63
num_cat=0
split_feature=7 9 34 28 29 35 31 34 25 28 7 7 7 9 35 29 0 25 30 18 35 14 20 18 0 2 25 0 4 2 24 28 28 25 1 2 25 25 1 25 1 1 0 9 25 26 25 25 11 2 1 0 0 1 9 18 9 7 0 20 32 18
split_gain=88.7641 197.037 78.2016 62.0946 162.146 107.311 70.4958 67.959 146.312 122.682 95.0815 129.347 181.357 79.6048 71.3438 145.053 73.5528 110.162 71.9436 74.5259 80.9164 74.3073 67.5285 103.865 66.0449 163.762 229.454 152.992 163.265 145.422 144.324 492.684 117.288 345.381 121.347 108.878 224.728 158.943 262.696 192.946 136.686 85.3165 82.5883 80.6958 79.784 73.2734 69.3428 69.2392 78.9341 67.6095 158.943 333.621 108.479 560.483 90.8983 83.5739 69.3865 67.5555 159.352 87.5231 175.641 523.998
threshold=40.783086776733406 0.15476191043853763 1.000000059604645 1.0000000180025095e-35 20.500000000000004 1.5000000000000002 0.060073643922805793 1.0000000180025095e-35 4.5000000000000009 4.5000000000000009 53.583101272583015 43.344987869262702 42.506038665771491 0.64583334326744091 15.500000000000002 25.500000000000004 93.127067565917983 1.5000000000000002 6.5000000000000009 7.5000000000000009 18.500000000000004 inf 0.63504463434219371 2.5000000000000004 9.8563041687011737 6.2019231319427499 3.5000000000000004 5.5946791172027597 0.42367844283580786 7.7296488285064706 2.5000000000000004 33.500000000000007 4.5000000000000009 2.5000000000000004 8.1912217140197772 4.301572561264039 4.5000000000000009 3.5000000000000004 9.3933825492858904 4.5000000000000009 6.4866759777069101 7.2508215904235849 8.2762556076049822 0.84523808956146251 1.5000000000000002 1.5000000000000002 1.5000000000000002 5.5000000000000009 1.0000000180025095e-35 4.9390244483947763 7.2508215904235849 5.5946791172027597 8.2762556076049822 6.4866759777069101 0.81666666269302379 2.5000000000000004 0.89898991584777843 98.799980163574233 99.473682403564467 0.97196012735366832 2.5000000000000004 1.5000000000000002
decision_type=8 10 2 2 2 2 2 2 2 2 8 10 10 10 2 2 2 2 2 10 2 8 2 10 2 2 2 2 2 2 2 2 2 2 2 2 2 2 2 2 2 2 2 10 2 2 2 2 2 2 2 2 2 2 8 8 10 10 2 2 2 10
left_child=1 2 -1 4 5 -2 -6 8 13 10 11 12 -10 -5 24 18 -17 -18 -16 21 -21 -20 -23 -24 25 30 27 46 32 -28 31 44 -29 -34 -35 36 40 49 39 42 -33 -32 -39 -44 -9 -38 -27 -43 -49 50 51 -37 53 -51 -55 -56 -53 59 -59 60 61 -26
right_child=3 -3 -4 7 6 -7 -8 14 9 -11 -12 -13 -14 -15 15 16 17 -19 19 20 -22 22 23 -25 57 26 29 28 -30 -31 41 35 33 34 -36 37 45 38 -40 -41 -42 47 43 -45 -46 -47 -48 48 -50 52 -52 56 -54 54 55 -57 -58 58 -60 -61 -62 -63
leaf_value=-0.11534463463911415 -0.049358345386086459 -0.0034468618701215523 0.024981609254815747 -0.034188668163049683 -0.029045727268037225 -0.012066906583416791 0.016752007685214992 0.030474318302184951 2.0207637578186195 0.0068397899514510349 0.17619957105614273 0.67575580260731516 11.461774946489763 0.065478548094463948 -0.018809247722882425 -0.0040273308531289242 -0.086645469177281942 0.066678436410382458 -0.01205696120932054 -0.034658205754141198 0.011687594904013774 0.026906450950318295 -0.013994725626744562 0.02016304639508051 0.0018212719793456187 0.059810593403156448 -0.047376266835791797 0.046367019021442739 -0.10566870891240106 -0.14152493647126752 -0.064876684042014493 -0.061136608913868844 0.019782444005888612 -0.00071491457031275262 -0.18279454929319577 0.086388742802104457 -0.061929605978061408 -0.085499923865096 -0.012207911667974573 0.10524071625860681 0.022906223943186022 0.083722494446213019 -0.14809793860328502 -0.31858109995391959 -0.090626369631550421 -0.011014781752802495 -0.16347046523258371 0.10664140908399236 -0.049238358599473113 0.029921676005144966 0.066918567440103605 -0.13316319163156767 0.018562493184561997 -0.13023993031706901 -0.44487016110008448 -0.20192952586555998 -0.33737389391390948 0.0046539114778884399 0.098622976244981453 -0.0061495897054267461 -0.000803932915039717 0.046488182995741152
leaf_weight=270.44411444723448 1094.9540412671045 930.15681325467301 46.548988114824169 1437.4694622622867 397.92302043380096 2613.4803316213074 2163.5099252799205 58.917400093604556 0.0942682992762508 84.67826229626084 47.903419504473277 1.8925801610366759 0.025947321113562793 84.868651834418415 684.43112746543011 11154.67921070229 55.671416981383118 296.11017523230748 790.88547477072643 600.47398453866299 1010.9604262850789 5732.7838313705633 1246.8572272404454 3112.1469338468105 14601.602812935815 16.613143384391151 594.58904445789904 532.79776902737831 135.10318836727947 226.57776509803443 60.736462546979965 201.8124612640313 680.30543239451163 50.044193778448971 136.26921894735824 93.457807231039624 416.07058239197431 171.50250810483158 1024.3256136636373 37.43132759038599 4708.506367971755 366.11373117336007 129.67256121719765 35.328632100834511 710.00197528068838 881.49566801033689 85.45326661589479 48.578403659921605 98.058421416881174 375.80094195981656 426.0085616360775 65.073722256533074 726.46256317647203 117.0055492861884 20.452424289425835 46.027019918888982 22.354425106546842 23417.735986133506 181.86442008696758 22392.019473131193 117325.60225959642 3202.3949444193295
leaf_count=6869112 43690 616998 531157 249989 26054 326752 131419 2106 330 6554 1275 1275 161 4799 99071 974446 1002 6761 18864 197644 252286 625696 40410 285872 443558 701 20245 15674 4561 9092 5095 4602 11311 1525 2333 1121 10022 4159 13015 635 64908 5160 1552 343 121417 15629 7768 414 1829 5878 5559 1469 9111 3289 128 273 133 1138187 292638 1372877 7574295 307996
internal_value=-4.53956e-05 -0.0266508 -0.0947384 0.000100755 -0.00971258 -0.0230776 0.00963725 0.000379464 -0.0197965 0.0801412 0.20449 0.877793 4.05851 -0.0286323 0.00053204 0.00559618 -0.0026075 0.0424141 0.012759 0.0144883 -0.00558239 0.0174602 0.0197735 0.0103925 -0.00011094 -0.00691276 -0.0302187 -0.00857536 -0.000690039 -0.0733539 -0.00162918 -0.004356 0.00944486 -0.0132549 -0.133888 0.00187638 0.00967147 -0.0128281 -0.0383965 -0.110135 0.0194521 0.0471917 -0.134093 -0.1846 -0.0813472 -0.0273409 -0.127127 0.0604664 0.00240208 0.00606149 0.0335715 -0.0449649 -0.0069237 -0.040028 -0.183294 -0.27667 -0.185378 0.000388488 0.00537806 -0.00035904 0.000600498 0.00985548
internal_weight=228279 1247.15 316.993 227032 6269.87 3708.43 2561.43 220762 1656.93 134.594 49.9162 2.0128 0.120216 1522.34 219105 24685 11506.5 351.782 13178.5 12494.1 1611.43 10882.7 10091.8 4359 194420 13298.9 2457.75 1636.59 1534.52 821.167 10841.2 10267.7 1399.42 866.619 186.313 9498.79 6207.89 3290.9 1398.26 373.935 4910.32 573.487 336.504 165.001 768.919 1297.57 102.066 512.751 146.637 1892.64 606.895 180.886 1285.75 559.286 183.485 66.4794 87.4281 181121 23599.6 157522 135130 17804
internal_count=22792225 8017267 7400269 14774958 527915 370442 157473 14247043 264383 9595 3041 1766 491 254788 13982660 2502052 982209 7763 1519843 1420772 449930 970842 951978 326282 11480608 351057 73210 43873 35404 29337 277847 265349 30843 15169 3858 141826 95161 46665 19704 6689 69510 12498 6054 1895 123523 25651 8469 7403 2243 26961 8282 2723 18679 9568 3690 401 1602 11129551 1430825 9698726 8325849 751554
is_linear=0
shrinkage=0.1


Tree=117
num_leaves=63
num_cat=0
split_feature=11 34 9 28 27 27 28 31 31 25 29 25 24 27 16 34 30 25 20 33 35 32 32 1 25 0 26 9 34 11 9 35 32 29 35 34 35 30 16 27 4 4 1 0 9 9 4 11 9 11 26 11 9 20 4 31 4 1 18 9 18 24
split_gain=78.6647 75.1665 97.8696 61.5084 94.0142 143.784 62.5578 135.736 106.895 90.9237 76.783 73.0267 69.3603 58.4868 56.0058 183.658 247.6 99.903 83.4319 233.578 316.606 229.194 188.046 186.557 167.386 158.743 148.522 366.079 197.785 152.076 146.906 136.131 157.617 129.231 123.092 175.389 154.793 113.628 198.462 133.188 348.442 185.724 225.251 109.024 108.15 186.468 107.961 101.58 214.507 100.53 98.6899 111.666 401.097 131.253 117.494 115.815 107.523 104.216 104.318 95.379 100.025 94.3159
threshold=3.5000000000000004 1.0000000180025095e-35 0.5634920895099641 1360.0000000000002 423.50000000000006 387.00000000000006 1.0000000180025095e-35 0.060073643922805793 0.31084209680557257 2.5000000000000004 20.500000000000004 2.5000000000000004 2.5000000000000004 295.50000000000006 6.5000000000000009 0.72634482383728038 7.5000000000000009 1.5000000000000002 0.67825055122375499 0.32012796401977545 1.5000000000000002 4.5000000000000009 10.500000000000002 62.563131332397468 1.5000000000000002 99.473682403564467 2.5000000000000004 0.73214286565780651 1.0000110864639284 1.0000000180025095e-35 1.0000000180025095e-35 11.500000000000002 7.5000000000000009 20.500000000000004 3.5000000000000004 1.0000110864639284 7.5000000000000009 3.5000000000000004 2.5000000000000004 1.5000000000000002 0.29419191181659704 0.83031708002090465 68.801231384277358 97.332859039306655 0.087121214717626586 0.26136364042758947 0.99772727489471447 1.5000000000000002 0.29285715520381933 1.0000000180025095e-35 6.5000000000000009 1.0000000180025095e-35 0.89898991584777843 0.94228670001029979 0.84496542811393749 0.99999985098838817 0.936404049396515 97.999198913574233 4.5000000000000009 inf inf 2.5000000000000004
decision_type=2 2 10 2 2 2 2 2 2 2 2 2 2 2 10 2 2 2 2 2 2 2 2 2 2 2 2 10 2 2 8 2 2 2 2 2 2 2 10 2 2 2 2 2 10 10 2 2 10 2 2 2 10 2 2 2 2 2 8 8 8 2
left_child=1 2 -1 6 5 13 7 11 9 -9 -10 -3 -11 -5 18 16 17 -16 19 20 33 -22 25 -24 -23 26 43 28 -28 -30 49 34 -33 -8 46 -36 -37 38 -34 40 -39 44 -43 47 -41 -46 -21 59 -49 -27 51 52 -29 -53 55 -54 57 58 -56 -20 -61 -50
right_child=-2 3 -4 4 -6 -7 14 8 10 12 -12 -13 -14 -15 15 -17 -18 -19 22 31 21 24 23 -25 -26 30 27 50 29 -31 -32 32 37 -35 35 36 -38 39 -40 41 -42 42 -44 -45 45 -47 -48 48 61 -51 -52 53 54 -55 56 -57 -58 -59 -60 60 -62 -63
leaf_value=-0.026970613960142983 -0.097940156365766917 -0.011359696423437583 0.069157891092244142 -0.091613373538531412 -0.0052822334512354205 -0.1363745406263506 -0.031651485685547667 -0.011492950661390175 -0.035749081663585425 0.092487540739034826 0.0040014191598862804 -0.057986982989766983 0.019125095577845436 0.0042624425219902739 -0.029313173338520123 0.00035606766090948616 0.0023754002613131523 -0.087248022002711478 0.00019082617814085404 -0.02111738165502336 0.0028012120910162978 0.080780390789170015 -0.058566915639795186 -0.0098667574790509867 0.031819240145607344 0.096713250137160894 -0.039666133358889896 -0.09202005598956324 -0.069508498654313799 -0.0038445442156919024 0.086263236046640934 -0.0067217273278778744 0.016454297754526039 0.010438714316399452 -0.0009475355099788429 -0.015219801408246685 -0.09577183375941889 -0.039523874915820531 -0.055606138773626926 0.0031612768440935773 0.041244563067712209 -0.067564241706479386 0.0027995421929489185 -0.042530186935676929 0.098647955537217932 0.024811522081248386 0.0055336057865343589 0.0012118867357390787 0.027214019571285414 -0.027758184196761973 -0.06154738332065153 0.042043241051244733 0.066979487331190871 0.0032692744122546666 -0.032483063204570721 0.007322752455031183 0.0046459484293570148 -0.27451849383252924 -0.18553531170085658 0.02274660500302458 -0.18981193695172727 0.077692895731498568
leaf_weight=1626.5730389235978 82.047391438565683 600.10401037573104 113.28815528891573 84.276366023708761 1670.904433415551 150.67536970221272 1484.6092836011976 1120.5074148642523 1183.1330191222119 140.23938176303909 824.62900132320146 762.9165681225644 1590.1172669377486 259.67710648984212 519.83376660557883 8745.3158874062246 1140.44767591032 696.37150529915994 80847.75943918954 1613.0370854519751 2505.8884643680922 829.60874772292209 1019.2773384150514 3445.7204277889377 4410.1410292123755 83.273289691423997 4037.420574240241 456.7252112073038 384.90284523213631 4215.7548193412804 408.79804002099263 5217.1847143213963 970.12369796892199 1434.1261962149383 26560.003952145737 8044.609226611301 245.85159710910739 618.0828083188776 630.6435922918663 1816.0814383091501 3932.3840818002859 512.10974715976499 4076.3561028432914 563.50629559619119 388.35755859292567 2867.0686934877376 26350.298512617537 3378.3197803280418 1009.9279802357341 293.87012443208368 218.15170281637984 1569.527062939349 353.39384920004522 1967.3323911035986 305.92391430819407 4111.2862547263212 437.70650563828531 22.9643159408879 52.119779087021016 2308.6851754448908 22.353107963772345 584.27827895964583
leaf_count=716860 453750 124185 6972 6606 220145 10887 24211 168406 226454 18221 80655 82373 81715 31857 448435 1257568 627833 537890 4111828 61659 312387 73172 35936 79164 481974 35629 307737 7651 11344 53659 632325 943975 188496 29656 4765856 225808 20633 34621 272095 533221 1136212 130509 334276 16138 40350 230762 1826268 315183 28123 21062 3934 22685 13457 19616 18286 77503 92635 5728 2015 86285 739 21174
internal_value=-4.09129e-05 -5.65757e-06 -0.0207114 0.000153679 -0.0166187 -0.0549144 0.000315878 -0.00957124 -0.00174795 0.0106998 -0.0194227 -0.0374582 0.0250709 -0.0192293 0.000598432 -0.00632069 -0.0310975 -0.0624854 0.000970232 0.00315882 0.0170984 0.0276753 -0.000874891 -0.0209841 0.0395713 -4.06967e-05 -0.000370067 -0.00861663 -0.0235134 -0.00933816 0.0447369 0.00138577 0.00834999 -0.0109704 -0.00094566 -0.00491097 -0.0176086 0.0133232 -0.0119349 0.0161684 0.0302739 0.00952381 -0.00505362 0.00131552 0.0227128 0.0336199 0.00399627 0.00159581 0.0154796 -0.000274884 0.00493551 0.00649888 -0.00211316 0.0204757 0.00565888 0.0120448 -0.0291652 -0.0680078 -0.0547626 0.000765817 0.0207083 0.0457146
internal_weight=227917 227835 1739.86 226095 2165.53 494.629 223929 6221.65 4858.63 2850.86 2007.76 1363.02 1730.36 343.953 217708 11102 2356.65 1216.21 206606 94506.6 10664.4 7745.64 112099 4465 5239.75 107634 106848 18133.2 8638.08 4600.66 785.941 83842.2 21028.4 2918.74 62813.8 34850.5 8290.46 15811.2 1600.77 14210.4 4550.47 9659.97 4588.47 88714.8 5071.51 3255.43 27963.3 88151.3 4972.53 377.143 9495.13 9276.98 5740.12 3536.86 5283.39 4464.68 818.715 381.008 358.044 83178.8 2331.04 1594.21
internal_count=22786789 22333039 723832 21609207 269495 49350 21339712 782009 575451 268342 307109 206558 99936 38463 20557703 2871726 1614158 986325 17685977 11666141 921400 867533 6019836 115100 555146 5904736 5215720 636250 372740 65003 689016 10744741 3844517 53867 6900224 5012297 246441 2900542 460591 2439951 1170833 1269118 464785 4579470 804333 271112 1887927 4563332 364480 56691 263510 259576 217275 42301 209624 90960 118664 26029 20301 4198852 87024 49297
is_linear=0
shrinkage=0.1


Tree=118
num_leaves=63
num_cat=0
split_feature=7 9 25 7 34 8 25 34 7 7 28 32 8 27 0 26 8 29 33 8 35 24 2 19 25 7 0 0 9 3 21 7 22 27 2 9 7 0 33 8 22 27 34 3 16 8 7 20 25 9 7 9 9 26 7 11 7 0 3 3 0 11
split_gain=130.232 340.503 255.08 91.942 90.637 65.9581 68.2503 497.543 285.798 60.4336 58.8501 304.572 2748.68 114.054 448.579 73.4371 381.46 68.1261 930.041 62.4616 1023.14 55.1516 78.6532 183.577 153.57 454.39 88.4783 84.4276 83.1822 57.1328 52.9007 149.714 212.388 154.305 171.54 110.568 105.775 248.161 209.125 286.656 204.552 179.883 155.729 131.978 130.796 90.9817 88.2009 271.728 175.609 176.734 163.914 159.896 204.487 188.575 154.565 130.591 130.644 546.513 150.618 204.728 145.475 118.886
threshold=43.344987869262702 0.15476191043853763 4.5000000000000009 42.506038665771491 1.0746952295303347 34.158597946166999 4.5000000000000009 1.0000000180025095e-35 42.674797058105476 39.907407760620124 6.5000000000000009 23.500000000000004 25.658350944519047 5.5000000000000009 63.453348159790046 8.5000000000000018 20.42305946350098 11.500000000000002 0.50751650333404552 51.630626678466804 3.5000000000000004 4.5000000000000009 77.485187530517592 0.31280612945556646 4.5000000000000009 65.724277496337905 79.277816772460952 88.493064880371108 0.41428571939468389 99.333332061767592 1.0000000180025095e-35 65.724277496337905 1.0000000180025095e-35 1.5000000000000002 73.499401092529311 0.52777779102325451 63.847667694091804 46.709957122802741 0.54436513781547557 38.361755371093757 1.0000000180025095e-35 1.5000000000000002 0.99999985098838817 65.419578552246108 4.5000000000000009 59.384469985961921 90.952175140380874 0.78370851278305065 1.5000000000000002 0.64583334326744091 93.557819366455092 0.29285715520381933 0.15476191043853763 1.0000000180025095e-35 97.15900039672853 1.0000000180025095e-35 99.781658172607436 21.132376670837406 65.419578552246108 32.071428298950202 14.415584564208986 1.5000000000000002
decision_type=8 10 2 8 2 10 2 2 10 10 2 2 8 2 2 2 8 2 2 10 2 2 2 2 2 10 2 2 8 2 2 8 2 2 2 8 8 2 2 10 2 2 2 2 10 10 10 2 2 10 10 8 8 2 10 2 10 2 2 2 2 2
left_child=1 2 4 -4 10 9 -7 8 -8 -3 11 13 -13 15 -15 19 -17 18 -12 -1 -21 30 23 -23 25 27 -27 -24 29 -28 31 32 33 34 -2 -34 37 40 42 -40 -32 44 43 -39 -41 -43 48 50 49 -38 -48 52 53 -50 -52 56 -49 58 59 -58 -61 -54
right_child=21 5 3 -5 -6 6 7 -9 -10 -11 17 12 -14 14 -16 16 -18 -19 -20 20 -22 22 24 -25 -26 26 28 -29 -30 -31 36 -33 35 -35 -36 -37 46 38 39 41 -42 45 -44 -45 -46 -47 47 55 51 -51 54 -53 61 -55 -56 -57 57 -59 -60 60 -62 -63
leaf_value=-0.14185577366094543 -0.055531021789388707 0.0051260130724204182 0.026650077287627822 -0.52401798363693675 0.053236635427013013 -0.026073160744976162 -0.67814907357510301 -0.017755559765010382 -3.7346625827511044 0.086905943349716658 -0.1000050768697055 152.48198873254518 -0.10000226411471276 -56.444354002681862 -0.10000298915318842 45.308259861055504 -0.10005444554892323 -0.054084038439506037 -99.825327112461522 54.096734580968615 -0.10000532502786602 -0.0060325862750010596 -0.017385457987915725 -0.11360146058547926 -0.016491947307006226 0.079391705680318225 0.1588280220153962 -0.18296192545226686 0.098522158398330228 0.3531522641959135 -0.065986657791622078 -0.00082744161398778839 0.00071817768329278213 -0.061921845271202675 0.048314322919453798 0.097462412127840792 0.0036302739154286225 -0.047054480778312313 0.053870487545894678 0.055622373143914883 0.012716676219516207 -0.034736896029295965 0.029796757798763847 0.11925716622597227 -0.046412316139029131 0.043247186576989352 0.0085443351504603214 -0.0099282100864425266 0.03464656818711518 0.033421227518810159 0.04209510926770739 -0.011216574241860428 0.057183917626409377 -0.0027947093006228476 -0.049489574711550841 0.008272882151185908 -0.0097749891162246839 0.03828572956554685 0.03832405105601263 -0.14547195471196042 -0.050440494469001444 0.0045855672328433267
leaf_weight=202.77056538650007 306.79106733486168 614.09082284773945 3.6122695395378961 18.87600117257298 40.102211385791293 434.18951374319408 0.62313031324447254 8.2223737851036258 0.60094954743544804 105.95242789482654 0.013875539861090656 0.0013107706841286597 0.011892467979050969 0.0017748009058763965 0.0069310806547950281 0.0022022409364242938 0.011567369786705362 135.87722503142876 0.0010027544045081794 0.003690251909397777 0.06210293285591293 461.03401591678812 96.827800062044844 241.89250404017548 1563.888294643195 61.499501936952583 22.0465695024468 45.15763053586852 32.406789683271199 48.224295707768761 611.62525766397425 104651.44287621957 464.53323705862135 1279.0193683510461 330.36555742456045 158.42396554239895 9677.2196457040845 53.100303853936566 1146.5099544504396 577.48568708036385 717.77527321170624 1403.7986994173789 678.33832968279239 470.50431380282134 160.56179292211789 167.44874623522264 4622.4504068532879 13607.065134653174 1395.9808783415574 2507.3125377048855 3368.6133908865158 18188.959683581408 959.92406969870717 36972.214152516142 194.93783595430432 12887.235475137732 1140.4587638942758 2821.2968443559366 302.16720951723983 216.11459316452965 632.60914190695621 778.00739598836299
leaf_count=3390162 643789 276107 79356 3925 25062 523649 312 18231 39 65224 2660 98 903 92 403 68 551 4882510 320 48 2169 83956 2033 23207 45850 1479 202 747 2871 612 1475797 4268659 80184 870340 30674 5088 404743 94281 270926 79800 86336 487900 24362 18769 116700 7259 133985 925283 60035 72554 103404 869234 41532 1628911 7427 275028 11502 175999 4743 1477 4636 68862
internal_value=-0.000173829 -0.0289212 -0.108345 -0.435565 -0.0889224 -0.0015278 -0.0318586 -0.297774 -2.17871 0.0171597 -0.105751 -0.139863 15.0478 -0.140852 -11.5865 -0.14036 7.16232 -0.0548249 -6.82121 -0.140856 2.93982 2.52237e-05 -0.0145319 -0.0430494 -0.00381253 0.0609544 0.174248 -0.0700461 0.231062 0.292186 0.000192845 -0.00140958 -0.0254025 -0.041893 -0.00168724 0.0253212 0.00167027 0.0146152 0.0254919 0.0129956 -0.0234928 -0.00729783 0.0614211 0.102391 0.0334248 -0.0264261 0.000967431 0.00473127 -0.00115764 0.00976061 0.0209688 -0.00343972 8.7248e-05 -0.00143245 0.0370851 0.000525858 -0.00480744 0.00882126 -0.0274578 -0.0374504 -0.0746388 0.0336376
internal_weight=227588 1565.03 401.355 22.4883 378.866 1163.68 443.636 9.44645 1.22408 720.043 338.764 202.872 0.0132032 202.859 0.00870588 202.85 0.0137696 135.892 0.0148783 202.836 0.0657932 226023 2572.98 702.927 1870.05 306.163 164.177 141.985 102.678 70.2709 223450 107191 2539.13 1916.18 637.157 622.957 116260 5987.15 4657.75 3455.8 1329.4 2309.29 1201.94 523.605 738.047 1571.25 110273 39792.9 70479.6 12184.5 8186 58295.1 40106.1 38368.2 3563.55 31606.9 18719.7 5112.65 2291.35 1989.18 848.724 1737.93
internal_count=22783065 9271889 8388327 83281 8305046 883562 542231 18582 351 341331 8279984 3394494 1001 3393493 495 3392998 619 4885490 2980 3392379 2217 13511176 160957 107163 53794 7944 5164 2780 3685 814 13350219 5898734 1630075 1544803 674463 85272 7451485 2662130 1099997 962585 1562133 691659 137412 113050 196500 495159 4789355 1643484 3145871 477297 244816 2668574 1799340 1688946 110831 1398668 1123640 198357 22358 17615 6113 110394
is_linear=0
shrinkage=0.1


Tree=119
num_leaves=63
num_cat=0
split_feature=7 32 4 10 7 7 7 29 16 7 19 26 1 33 7 28 30 10 2 2 18 28 1 28 16 7 34 27 35 1 0 19 35 30 1 3 0 0 0 31 2 7 20 31 29 2 0 33 11 33 7 16 7 33 19 27 1 7 16 35 7 33
split_gain=240.171 8896.19 87265.2 403792 3.02788e+06 81999.4 10301.8 17480.2 5008.91 1292.09 1313.25 1194.78 2070.96 17363.3 159281 173357 533.491 349.016 183.598 183.349 152.329 766.377 1411.05 149.366 137.063 295.324 110.569 99.125 269.476 1361.55 3901.34 84.7663 2241.59 9033.76 477.391 969.649 2006.71 4793.76 469.07 454.051 453.398 140.629 193.908 76.5504 1662.26 2255.22 444.828 60.532 81.0955 283.156 611.212 3575.54 3398.9 4565.12 87.0111 1004.52 5463.65 261.999 622.493 78.0646 677.609 75.5295
threshold=43.344987869262702 23.500000000000004 0.92382782697677623 1.0000000180025095e-35 29.046044349670414 32.155344009399421 35.624311447143562 30.500000000000004 6.5000000000000009 24.674446105957035 0.3251952081918717 8.5000000000000018 59.885057449340827 0.91501551866531383 26.198685646057132 62.500000000000007 3.5000000000000004 1.0000000180025095e-35 63.702239990234382 80.243904113769545 1.0000000180025095e-35 1.5000000000000002 30.341388702392582 6.5000000000000009 7.5000000000000009 34.807033538818366 1.137147128582001 4.5000000000000009 3.5000000000000004 92.907444000244155 85.553771972656264 1.0000000180025095e-35 3.5000000000000004 8.5000000000000018 27.639257431030277 33.615818023681648 33.508771896362312 28.730158805847172 25.677655220031742 0.28407120704650884 45.222154617309577 42.88975906372071 0.65623000264167797 0.84134307503700267 15.500000000000002 63.702239990234382 87.20676422119142 0.97268784046173107 1.0000000180025095e-35 0.91980767250061046 34.11308670043946 1.5000000000000002 40.443298339843757 0.94292938709259044 0.99999997019767772 1.5000000000000002 92.907444000244155 32.947860717773445 1.5000000000000002 25.500000000000004 27.305428504943851 0.87094238400459301
decision_type=8 2 2 2 10 8 10 2 10 10 2 2 2 2 10 2 2 2 2 2 8 2 2 2 8 10 2 2 2 2 2 2 2 2 2 2 2 2 2 2 2 10 2 2 2 2 2 2 2 2 8 8 8 2 2 2 2 8 8 2 8 2
left_child=1 11 3 4 -3 -6 7 -7 16 10 -4 17 24 -14 15 -15 -8 20 -16 -11 21 22 -1 26 -13 -26 27 31 29 30 -29 32 33 -22 -35 36 37 -36 -37 -40 41 -41 -43 47 45 -45 -46 48 49 61 54 52 53 -52 55 57 -57 -51 -59 -49 -61 -33
right_child=-2 2 9 -5 5 6 8 -9 -10 19 -12 12 13 14 18 -17 -18 -19 -20 -21 23 -23 -24 -25 25 -27 -28 28 -30 -31 -32 43 -34 34 35 38 -38 -39 39 40 -42 42 -44 44 46 -47 -48 59 -50 50 51 -53 -54 -55 -56 56 -58 58 -60 60 -62 -63
leaf_value=-116.61076434515422 1.4320873275785857e-05 -5452.8707218409791 -38.386429707135953 -0.10055951222055504 -919.33885934391174 -583.07354477578554 -65.352492053199384 -0.10000098000123142 -181.25932897621058 -6.2404120684350133 -0.1003317774432001 -0.61697896583605505 -0.88996002991480339 -1260.6635730129501 -21.164842618316126 -0.10000391751264492 -0.10000228956743787 -0.002534268472567807 -0.1000923252271804 0.052328525364186709 -207.2135537057313 -0.10000393029280651 -0.100002272153444 -0.036678053348752716 -5.2066484345548112 -0.24849388699221603 0.11323701509564695 -0.10000303642163033 -0.10048425620794416 -0.10002162784074563 -187.97340969674448 -0.08043786305140177 -0.28808267312700692 -0.10000310486120711 -0.10000233079372181 -62.307787759167027 -0.10000203694951225 -177.25908276653968 -57.024740592984926 -0.10000179724783297 -52.79225689378201 -0.10000297629046309 -36.169517368868881 -0.10000189997078675 -0.10117718516372483 199.02250039182636 45.210890273954135 -0.10856725342787643 -0.18259594593945969 0.0051603781155884799 -19.98165177555272 -0.1001237075293666 -5.2933703453383512 -120.20809744667886 -0.68408892495595264 -0.10000958011348984 -165.45675667936979 -45.340229308076452 -0.10000412710336509 75.451113708714331 -0.10000194206316343 -0.74377369187383258
leaf_weight=0.001716579637899395 226010.52132696888 0.0011737152225947964 0.018284143003259645 0.063730869388564315 0.0013054278433628505 0.0010292062247572184 0.0015325085876582989 0.00102814524416317 0.0022080011412981557 0.048875336272885761 0.017566569940754562 1.4865125794299507 0.28392073899533188 0.002221228717324413 0.0047472729426663021 0.0021440092814373202 0.0068684589023506604 1170.9143981210452 0.032221072459378802 0.87942455547701859 0.0024141346638459895 0.021827473095981986 0.0026351749529567314 158.6488163765284 0.2247333498312537 0.25810033617653971 13.654039395429889 0.0035909119506067752 0.062581526396941728 0.018920629500926309 0.0015968199249982717 6.4364416610851709 30.329652647934331 0.027151475832852157 0.003328963182411826 0.0016075158337116582 0.0059994650264343363 0.0028223221647749597 0.001756705474917907 0.032233965687510135 0.0018978121386946647 0.0032232573175861026 0.0027724243882403243 0.0013114395419641925 0.11822201446862804 0.0010044068349088775 0.0022069743708925662 109.83424829383053 65.81944640695454 0.17946551743942707 0.010017918783407149 0.14811144849419208 0.019258204174647187 0.0083177946114244179 1.2491362777761523 0.011492428294673115 0.0024187528838108307 0.004402628391776576 0.0098376676360203419 0.0013236071431482759 0.011512976055655599 2.3407845342415641
leaf_count=95 13515603 167 11 73 150 124 100 116 171 129 235 168 103 118 152 88 476 913801 623 4487 139 834 155 4920060 224 163 286 220 3301 801 103 33080 292910 1352 199 96 411 188 117 2350 119 118 91 131 5352 102 102 2406857 665590 2488 113 4355 70 143 135 487 81 22 527 86 954 9257
internal_value=-0.00025586 -0.0393169 -9.2716 -110.4 -574.529 -164.718 -86.9445 -291.737 -47.2299 -0.998401 -19.6265 -0.033153 -2.31335 -9.70568 -70.261 -641.531 -12.0034 -0.029799 -2.80511 -0.278987 -0.111859 -7.73965 -46.0585 -0.111346 -1.09244 -2.55625 -0.162768 -0.180158 -3.56097 -12.5438 -57.9287 -0.178806 -0.333586 -16.5304 -10.9704 -16.2747 -41.2497 -81.3838 -9.29716 -7.26261 -5.08412 -2.71577 -16.7787 -0.153524 2.34296 86.2615 0.729209 -0.155171 -0.223631 -0.482846 -1.68793 -7.09086 -34.6328 -65.4483 -0.999169 -2.89486 -28.8508 -1.03081 -14.0868 -0.107656 7.69023 -0.257342
internal_weight=227574 1563.29 1.04303 0.0788763 0.0151455 0.0139717 0.0126663 0.00205735 0.010609 0.964151 0.0358507 1562.25 2.2946 0.325254 0.0413336 0.00436524 0.00840097 1559.95 0.0369683 0.9283 389.04 0.0261792 0.00435175 389.013 1.96935 0.482834 230.365 216.711 0.0866899 0.0241084 0.00518773 216.624 30.4149 0.085208 0.0827939 0.0556424 0.0121508 0.00615129 0.0434917 0.0418842 0.0401275 0.0382296 0.00599568 186.209 0.122745 0.00231585 0.120429 186.086 76.2391 10.4197 1.64246 0.185705 0.0375939 0.0183357 1.45675 0.207617 0.0139112 0.193706 0.0142403 109.847 0.0128366 8.77723
internal_count=22791159 9275556 6239 1377 1304 1137 987 240 747 4862 246 9269317 1639 1084 981 206 576 9267678 775 4616 8353877 1084 250 8352793 555 387 3432733 3432447 4425 1124 323 3428022 298090 5180 5041 3689 798 387 2891 2795 2678 2559 209 3129932 5687 233 5454 3124245 716348 50758 8421 4681 326 256 3740 3605 568 3037 549 2407897 1040 42337
is_linear=0
shrinkage=0.1


Tree=120
num_leaves=63
num_cat=0
split_feature=7 9 34 19 31 29 29 0 27 0 7 29 28 29 31 8 0 29 8 8 7 28 34 8 28 16 33 0 7 0 34 29 7 16 30 33 29 30 34 28 30 19 4 3 34 19 16 19 27 9 4 8 3 28 7 7 7 21 20 1 1 11
split_gain=298.106 1010.2 1437.47 19978.1 477449 3.23284e+06 7.35134e+06 798288 4.31083e+06 9048.87 3423.41 32569.5 200017 260622 13944.1 2080.59 8308.1 1337.27 4244.07 960.355 6294.08 32634.9 98786.5 1251.98 4400.01 9665.97 897.715 631.836 572.926 2004.5 283.804 1199.49 16806.4 36102.3 58510.8 70304.9 15420.3 25012.1 9490.05 24744.1 123069 120858 20002.8 3590.41 636.526 1146.07 634.956 369.565 1329.12 270.561 7194.05 22913.4 202.197 124.667 100.618 467.737 83.6806 64.9776 62.1834 61.4012 678.173 57.5
threshold=43.344987869262702 0.13392857462167743 0.23288983851671222 1.0000000180025095e-35 0.84134307503700267 16.500000000000004 15.500000000000002 87.20676422119142 5.5000000000000009 62.563131332397468 27.305428504943851 26.500000000000004 6.5000000000000009 28.500000000000004 0.79812839627265941 53.365695953369148 93.957649230957045 25.500000000000004 21.886404991149906 51.630626678466804 41.277122497558601 6.5000000000000009 0.62909427285194408 53.021175384521491 6.5000000000000009 4.5000000000000009 0.4495962262153626 43.288288116455085 41.277122497558601 78.319625854492202 0.45652583241462713 25.500000000000004 27.305428504943851 7.5000000000000009 8.5000000000000018 0.99999991059303295 27.500000000000004 4.5000000000000009 0.31232632696628576 6.5000000000000009 10.500000000000002 0.25565765798091894 0.91315466165542614 55.646631240844734 0.33171121776103979 0.32784871757030493 5.5000000000000009 0.41274426877498632 2.5000000000000004 0.095454547554254546 0.52976897358894359 25.658350944519047 43.288288116455085 279.50000000000006 34.11308670043946 26.198685646057132 42.358736038208015 1.0000000180025095e-35 0.57915553450584423 54.653680801391609 53.907203674316413 1.5000000000000002
decision_type=8 10 2 2 2 2 2 2 2 2 10 2 2 2 2 8 2 2 10 8 10 2 2 10 2 8 2 2 10 2 2 2 10 10 2 2 2 2 2 2 2 2 2 2 2 2 10 2 2 10 2 10 2 2 8 10 8 2 2 2 2 2
left_child=1 2 3 56 10 6 -6 -7 -9 -8 11 17 13 14 -13 19 28 59 -19 30 21 22 27 24 25 -22 -27 -21 29 -17 31 49 33 38 36 -36 -35 -38 39 40 42 -42 43 -33 45 46 -40 -46 -49 -4 51 -51 -30 -26 55 -52 -1 -32 61 60 -5 -3
right_child=-2 58 15 4 5 7 9 8 -10 -11 -12 12 -14 -15 -16 16 -18 18 -20 20 23 -23 -24 -25 53 26 -28 -29 52 -31 57 32 -34 34 35 -37 37 -39 44 -41 41 -43 -44 -45 47 -47 -48 48 -50 50 54 -53 -54 -55 -56 -57 -58 -59 -60 -61 -62 -63
leaf_value=0.0096243277612936828 0.00013012379555047456 0.016486559095567545 -0.18060705408185987 -0.10000103576640829 -10251.599437059167 -0.10000211402606468 -0.10000102859899901 -5669.5508068358213 -0.10000335907834575 -396.13275996220739 -0.19716578304325563 -47.958226547512083 -0.10000180189324551 -1787.7985077747846 -466.41595665495447 -0.10000372908677607 -169.03608008681022 -187.68160607533514 -0.10000159877919189 -90.246425126175538 -215.25215060837178 -0.10041233124711163 -1063.6735314870207 -0.20761744890804501 -0.10010012258821595 -63.533434926238762 -0.10000400958870535 -0.10000166249208778 -23.619496097344168 -140.05506459946977 -0.13844969621612424 -191.63812844768512 -0.21840888625160748 -0.1000012500249917 -0.10000110469305433 -1001.9956102818629 -0.1000009069102414 -584.019526231795 -0.10000211562054562 -0.10000171120015822 -126.9491977453969 -1395.7781447637572 -450.55166818514317 -0.10000413295119276 -0.10383468402863988 -91.940033626635682 -74.637874634525076 -86.794663164389931 -0.10000179489615163 -379.94667588061014 -57.512948882020993 -0.1000035758445753 -0.10002964767807442 15.513703620352153 -0.22515091202421897 -0.10000237565547687 -0.28542258653153152 -0.019886497499258148 -0.071121091469207129 -0.10463342595176986 -74.378534633982028 -0.06484728284723168
leaf_weight=14.309044953325138 226069.62942099094 964.700445718428 78.975046375931456 0.014130684488380729 0.0010437497526254993 0.069915488892210526 0.0013455422995320987 0.0016227321341597267 0.0077290760764299193 0.0010100174618030699 2.2907024576488739 0.0020895050133257682 0.026739113176518003 0.0015103217853306363 0.00128668125983665 0.0036049421590763518 0.0035516394547530075 0.0015993039487511842 0.0049065169332607184 0.0011093063434817882 0.0032535117285807944 0.022625099388733361 0.0012222944642880512 0.45129264740405417 0.025370654486323474 0.0031508289921475807 0.0076423325131003139 0.0025994986185423619 0.0042517923775449154 0.0014290301273831574 61.81430018763578 0.0010441785284488183 2.659853969429558 0.0072400514472974742 0.0011927158129765312 0.0016967835617838212 0.0015790620225288876 0.0013700518056793953 0.007714508694016714 0.032593519115080141 0.0015766753526805467 0.0014329951437770071 0.0011099970051873234 0.015598381415575062 0.10418846681222051 0.0021776995863547208 0.0013415998496384418 0.0023069471345823073 0.0075751863587356638 0.0021061125803260869 0.001741767468048252 0.0064565262014761029 0.026053836643453076 0.0064046117713587583 0.28784639977092208 0.0076574235851561588 29.287870444985678 183.26822312792999 106.14638705337347 0.30474772297143743 0.0013462839947380187 95.5282962685435
leaf_count=506986 13518491 416570 2677971 1592 228 5743 164 185 425 82 169983 186 1706 180 99 251 90 94 382 115 84 387 62 205 446 110 241 220 159 83 1274959 114 132377 788 123 171 197 174 580 2353 104 116 86 1515 3203 179 155 205 487 77 67 349 534 75 2799 482 24182 3547886 351779 7449 143 132991
internal_value=-0.000168619 -0.0440098 -0.186997 -0.708393 -9.00426 -245.665 -3265.47 -116.163 -983.867 -169.911 -1.61903 -10.7079 -107.608 -695.893 -207.435 -0.113302 -23.2415 -1.32857 -46.2126 -0.110558 -4.38544 -50.9056 -284.012 -1.80672 -17.5561 -64.1627 -18.618 -27.0629 -8.58908 -39.8301 -0.103703 -0.26458 -2.27961 -30.8731 -191.251 -588.437 -78.6148 -271.368 -19.1328 -54.4522 -139.777 -731.077 -39.5309 -12.1174 -4.09347 -26.8051 -11.1423 -1.8568 -20.3385 -0.192103 -3.16082 -93.5291 -3.39974 3.04701 -0.557616 -10.7392 -0.188585 -0.0497903 0.0018524 -0.41669 -6.56121 0.00915825
internal_weight=227610 1540.48 374.107 46.3286 2.73173 0.0826666 0.00339931 0.0792673 0.00935181 0.00235556 2.64906 0.358356 0.0316256 0.00488651 0.00337619 327.779 0.0388912 0.326731 0.00650582 327.74 0.524671 0.0275562 0.0049311 0.497115 0.0458219 0.0140467 0.0107932 0.0037088 0.0353396 0.00503397 327.215 82.1324 2.85159 0.191739 0.0130787 0.0028895 0.0101892 0.00294911 0.17866 0.0533557 0.0207622 0.00300967 0.0177526 0.0166426 0.125304 0.0112338 0.00905611 0.114071 0.00988213 79.2809 0.305808 0.00856264 0.0303056 0.0317753 0.297246 0.00939919 43.5969 245.083 1166.38 0.320225 0.015477 1060.23
internal_count=22790219 9271728 8370388 719809 188641 6827 474 6353 610 246 181814 11831 2171 465 285 7650579 1117 9660 476 7649462 1945 784 397 1161 956 435 351 335 1027 334 7647517 2824672 142927 10550 1453 294 1159 371 9097 4288 1935 220 1715 1629 4809 914 735 3895 692 2681745 3774 426 693 521 3348 549 531168 4822845 901340 9184 1735 549561
is_linear=0
shrinkage=0.1


Tree=121
num_leaves=63
num_cat=0
split_feature=7 8 27 9 1 9 27 9 4 32 0 35 16 19 8 8 20 9 34 2 21 3 7 32 9 1 0 34 35 19 2 27 11 24 3 7 7 29 30 29 32 9 10 7 19 4 27 24 1 4 7 6 4 1 19 27 34 27 0 24 20 32
split_gain=87.9169 1654.7 6823.42 3173.11 470.685 234.319 216.694 234.157 152.503 3409.01 11206.1 20927.2 584.61 56.4934 688.69 56.4754 55.0812 80.0765 84.0629 88.2752 50.2099 163.518 470.542 49.9071 154.126 254.016 48.1405 137.473 104.572 125.151 360.203 320.268 231.212 206.173 174.266 121.253 115.793 82.6047 78.1284 194.332 122.304 77.4437 98.7155 86.5272 74.594 78.2139 73.3615 109.049 77.458 71.5607 70.2862 89.3647 84.4009 74.2208 69.5215 86.4322 67.4013 71.5159 66.981 66.9746 66.5642 211.439
threshold=43.344987869262702 51.630626678466804 109.50000000000001 0.29285715520381933 77.032970428466811 0.15476191043853763 53.500000000000007 1.0000000180025095e-35 0.98544973134994518 23.500000000000004 66.343040466308608 32.500000000000007 1.5000000000000002 0.24745133519172671 42.133712768554695 34.158597946166999 0.35292701423168188 0.52777779102325451 0.2427872717380524 17.467581748962406 1.0000000180025095e-35 83.43881988525392 41.128122329711921 3.5000000000000004 0.52777779102325451 31.851119995117191 92.805381774902358 1.9399994611740115 12.500000000000002 0.22938410192728045 96.34091949462892 16.500000000000004 1.0000000180025095e-35 2.5000000000000004 99.333332061767592 97.613353729248061 97.15900039672853 31.500000000000004 15.500000000000002 22.500000000000004 5.5000000000000009 0.52777779102325451 1.5000000000000002 72.787475585937514 0.19158418476581576 0.65281102061271679 93.500000000000014 1.5000000000000002 93.957649230957045 0.95790389180183422 43.533412933349616 1.0000000180025095e-35 0.96274891495704662 96.808147430419936 0.13427435606718066 48.500000000000007 0.79661083221435558 26.500000000000004 99.473682403564467 4.5000000000000009 0.78622359037399303 3.5000000000000004
decision_type=8 10 2 10 2 8 2 8 2 2 2 2 10 2 8 10 2 8 2 2 2 2 10 2 8 2 2 2 2 2 2 2 2 2 2 10 8 2 2 2 2 10 2 10 2 2 2 2 2 2 10 2 2 2 2 2 2 2 2 2 2 2
left_child=1 5 6 4 -4 8 23 -8 9 -1 12 -12 -11 14 -10 16 17 -7 19 -19 21 22 -15 24 25 -3 37 28 29 31 50 32 34 -34 49 41 56 38 60 40 -40 46 43 -43 54 -46 47 48 -32 -28 59 53 -53 -52 -41 -56 -30 -58 -37 -31 -2 -62
right_child=26 2 3 -5 -6 15 7 -9 13 10 11 -13 -14 20 -16 -17 -18 18 -20 -21 -22 -23 -24 -25 -26 -27 27 -29 36 30 35 -33 33 -35 -36 58 -38 -39 39 44 -42 42 -44 -45 45 -47 -48 -49 -50 -51 51 52 -54 -55 55 -57 57 -59 -60 -61 61 -63
leaf_value=-0.16356714538306 0.0010350130689413927 -0.10002274637692132 -14.413850574875463 -0.10047881914281848 -21.661432233658186 0.015753348847038821 -9.4226587293680009 -0.10050494571897087 -0.1000019277451755 -0.10037356156105443 -591.21931461164263 -0.10000176507051312 -66.994023172388623 -0.1000090499525256 74.545408027017785 -0.026184254371325606 -0.024833582401886739 0.64568646565780574 0.087191974628129054 -0.10237035912201059 -0.0097442940354356133 -0.12703512192266656 63.253914218608294 0.0029000561359774127 -0.10002039680266298 -22.880753893391113 -0.020145771818943614 0.056249713635077574 0.076302000206548454 0.0016844375923949853 0.1759009353693447 0.10850942117890661 -0.071030545658405053 0.013603707057662479 -0.18950721412345042 0.021076595483017373 -0.011114237360341964 -0.0087973868286084431 0.052330517215443073 0.003772476176005379 -0.0038783841478916394 -0.057626201433268645 0.077885079812158572 0.060864393777940388 0.074101494172860577 -0.01719001336691986 -0.026723102229970264 -0.0011965734313650327 0.028845900159680693 0.019781327589124667 0.04751279393543735 0.12083289171502215 0.026280985246117938 -0.023833064414312027 0.0068464124800489872 0.074222076006690826 -0.010177849999160986 0.096290393992084722 0.096201093273403593 -0.23119239034180958 -0.00039148853541741223 -0.014192844878629108
leaf_weight=146.90152607601101 94656.485408495035 0.011062084588959045 0.17917252421285912 0.1360420606288244 0.17925713161912427 412.4357300021706 0.052763405711194866 0.055064827614842216 0.015972111097481867 0.010364201673863632 0.0010150235108504812 0.0014609054061445192 0.0014949018972174747 0.0045566236071498114 0.001339666979674802 435.03215080367397 203.89016119247924 5.4615964860366253 107.80107286113662 2.2181932093963042 163.7822155382454 49.134978777486516 0.0015784341858307016 2.3744469035339235 0.064418692269100575 0.0087793464153437563 709.93425946272691 488.4694207314169 495.87012808842337 56.589987812742038 37.470435314207862 197.4397187307477 1205.0668630541768 378.15493174276344 47.137819566531107 315.74270019837422 426.9118696184596 11555.869033373281 1376.1178633714735 10578.764325189541 538.62339072319082 147.16600099510106 283.7891822422971 106.03236837645818 97.825210208166027 2308.0839417028474 1060.3117321771097 21359.059448310647 812.42611456711893 1220.7922266662354 1112.5617813138088 295.75188584028365 138.67382050570086 167.80218740102282 462.26152683039982 323.75121620086429 240.42158753366311 85.536259095038986 190.16231716671609 15.797175896717816 58974.630677394322 13674.31847945934
leaf_count=3975852 7037860 113 108 235 127 129513 262 152 1288 552 203 172 620 341 52 555638 202436 959 16932 1131 3274580 1104749 45 5461 400 115 15346 595711 10140 802 487 16013 7806 4662 2076 19607 6973 739183 77557 889193 139288 13322 73695 98371 4655 70133 46387 499973 17868 30376 54991 15201 6611 5649 10237 8550 5283 4016 86645 94 2302276 600490
internal_value=-0.00017122 -0.0240637 -2.34676 -13.1033 -18.0385 -0.0194067 -0.274396 -4.6621 -0.0899521 -0.168326 -48.9317 -242.433 -8.53267 -0.0358793 5.67641 0.0023497 0.0193121 0.0363619 0.109964 0.429621 -0.0363437 -0.124997 16.1998 -0.0819706 -2.47362 -10.1799 -9.59705e-06 0.00361089 0.0027843 0.00159856 0.00405543 -0.015462 -0.0223355 -0.0508155 0.000461994 0.000870275 0.0311357 -0.000597577 -7.97594e-05 0.00666857 0.0365188 -0.000159216 0.0373862 -0.00800567 0.00251806 -0.0134781 -0.00102566 0.000201206 0.0353293 0.00510001 0.0473853 0.0514598 0.0906508 0.0381623 0.00590442 0.0345978 0.0530832 0.017761 0.0493148 -0.0491367 -0.000712438 -0.00298924
internal_weight=227672 1529.76 3.06101 0.494472 0.35843 1526.7 2.56654 0.107828 359.857 146.916 0.014335 0.00247593 0.0118591 212.941 0.0173118 1166.84 731.807 527.917 115.481 7.67979 212.923 49.1411 0.00613506 2.45871 0.0842601 0.0198414 226142 31595.1 31106.6 29857.9 26099.3 3758.53 3561.09 1583.22 1977.86 24312.2 1248.74 194547 182991 15685.4 1914.74 23806.3 536.988 253.198 13770.7 2405.91 23269.3 22209 849.897 1930.73 1787.18 1714.79 434.426 1280.36 11364.8 786.013 821.828 325.958 505.905 72.3872 167305 72648.9
internal_count=22789563 9272036 6973 470 235 9265063 6503 414 8358454 3977399 1547 375 1172 4381055 1340 906609 350971 148535 19022 2090 4379715 1105135 386 6089 628 228 13517527 1638105 1042394 1015982 939703 76279 60266 12468 47798 856355 26412 11879422 11140239 1199613 216845 750103 185388 111693 982768 74788 564715 518328 18355 45722 83348 82452 21812 60640 907980 18787 19439 9299 106252 896 9940626 2902766
is_linear=0
shrinkage=0.1


Tree=122
num_leaves=63
num_cat=0
split_feature=7 9 34 4 31 7 3 7 7 31 32 35 2 0 7 16 26 16 30 32 34 7 28 27 21 21 4 27 22 33 34 31 34 20 35 34 28 35 26 11 10 9 11 2 24 2 25 7 25 3 0 4 9 7 11 33 31 28 2 34 30 29
split_gain=101.056 331.019 318.564 1282.43 218585 153662 74033.9 344326 60023 53061.9 16377.7 8180.1 7178.61 801.902 333.232 1698.52 126.632 143.578 366.39 87.9493 862.705 69.0001 266.462 323.008 60.1131 54.9342 70.3936 95.3678 79.9121 62.8503 85.9429 84.4453 53.8958 53.6906 53.1664 74.2231 53.0066 51.7626 50.727 52.3891 56.3588 79.0369 49.8947 48.6227 47.5199 70.3486 129.715 344.385 119.695 77.3695 70.7317 62.8174 53.4757 49.1575 47.6853 46.5594 45.9867 72.6536 45.6462 99.5286 45.6248 45.0404
threshold=43.344987869262702 0.17424242943525317 0.69704610109329235 0.98544973134994518 0.75733357667922985 41.872640609741218 83.43881988525392 41.128122329711921 35.493415832519538 0.8096526861190797 12.500000000000002 21.500000000000004 94.201679229736342 96.178188323974624 19.625349998474125 7.5000000000000009 8.5000000000000018 6.5000000000000009 11.500000000000002 23.500000000000004 0.28958377242088323 19.625349998474125 3.5000000000000004 1.5000000000000002 1.0000000180025095e-35 1.0000000180025095e-35 0.85417693853378307 11.500000000000002 1.0000000180025095e-35 0.78110033273696911 1.152514696121216 0.73682653903961193 1.0746952295303347 0.11798351630568506 2.5000000000000004 1.2246400713920595 13.500000000000002 20.500000000000004 5.5000000000000009 1.5000000000000002 3.5000000000000004 0.84523808956146251 1.0000000180025095e-35 6.7231638431549081 4.5000000000000009 77.485187530517592 4.5000000000000009 72.082550048828139 1.5000000000000002 99.333332061767592 90.501251220703139 0.63109001517295849 0.41428571939468389 87.10666656494142 1.0000000180025095e-35 0.49864014983177191 0.50155785679817211 5.5000000000000009 93.419914245605483 0.60611212253570568 12.500000000000002 27.500000000000004
decision_type=8 8 2 2 2 8 2 8 8 2 2 2 2 2 8 8 2 8 2 2 2 10 2 2 2 2 2 2 2 2 2 2 2 2 2 2 2 2 2 2 2 10 2 2 2 2 2 10 2 2 2 2 8 8 2 2 2 2 2 2 2 2
left_child=1 2 3 16 6 8 7 -5 12 -10 11 -11 -6 -14 15 -8 19 -18 -19 36 -21 22 23 -4 -23 43 28 29 58 30 31 56 -26 -29 35 -35 -1 -30 44 40 -40 -42 -32 -3 61 48 47 50 51 -49 -47 -46 -51 -50 -55 -53 -28 -58 -27 -60 -39 -2
right_child=38 25 21 4 5 -7 14 -9 9 10 -12 -13 13 -15 -16 -17 17 18 -20 20 -22 24 -24 -25 32 26 27 33 37 -31 42 -33 -34 34 -36 -37 -38 60 39 -41 41 -43 -44 -45 45 46 -48 49 53 52 -52 55 -54 54 -56 -57 57 -59 59 -61 -62 -63
leaf_value=-0.18123186280105252 0.00087342888227918709 0.072289062675643612 6.5941397334029537 -0.10000611704162406 -269.19544951401048 -1326.6503349099798 101.66319885389173 -1195.9072606500954 -1082.5627073438868 -348.26474002726053 -626.40920859469963 -0.10000133143184542 -0.10000110618432963 -99.795454306022961 -0.032115384153963054 -0.10000203255649574 -0.46534174018577801 -5.8819495433773348 -0.18167196882961845 -0.10031219306170268 -95.310850962776556 -0.13771893821562428 0.089181300475517478 -0.10450655850816176 -0.040119233435286505 -0.08231461852691041 0.16907573835839773 -0.066729741526063646 -0.057434735152028439 0.026906177193801912 -0.00610603457861068 0.048453781997882001 0.10284773402032471 0.26707626795609268 -0.031382466112212341 0.029596268262335065 0.020515338282060591 0.23493837085994129 0.018220904648660441 -0.089366402394381927 -0.058271394025372285 0.00072511216788817274 0.15300943318262814 -0.073871543626567324 -0.021917825750808875 -0.013231650480393563 -0.014914434007680428 0.088077785827298805 -0.1215803369330174 0.28167015217305613 -0.1755517238038429 0.11993174869847319 0.10018077587800299 -0.076647327015982772 0.043776282036660098 -0.073546347949648566 0.30281774174637882 0.78796055433874601 -0.018999540774714822 1.7566206655982999 0.03943952329813339 -0.003379133472364057
leaf_weight=116.28930052419247 193506.76539776981 26.846130679220892 0.14904226137641874 0.013581149029321504 0.0014864614113321408 0.0015830533930056836 0.001965346943113685 0.0029268931029946535 0.0012933470984393116 0.0017233221328848327 0.0014369898915447266 0.0011091415999544552 0.0041237806431126955 0.0010030547705355275 4.9106708795267142 0.0099129705390514043 1.2480919599008 0.19133017373811334 0.27458138407334243 0.010164302883849952 0.0010499934046492862 48.77500063086319 1.8413240952270968 0.13922983028169256 130.46558597423396 165.28674124664229 17.047587333616903 128.79604033181204 34.678369859506105 271.96187393258327 61.01742624444887 23.142588202230399 33.047621333348417 16.478235412098002 99.575421751203976 65.373849139199592 14.665478096117168 16.966351719257048 389.48668431382112 98.193999551077923 431.58007852700393 479.22887903751689 29.109026060556062 149.54769874534054 285.94775529472281 116.2431958719244 1550.1393118167762 73.798813316156156 167.68109291753899 57.155483632523101 34.906797879644728 60.611671561615367 22.676293379918206 126.69311176483461 44.407983054981742 15.649052815460889 17.075184183325451 3.7680603069202325 1.193480995198114 0.42920783977024246 40.274448660322378 28584.898347690003
leaf_count=3443092 11719505 11309 91 1031 152 64 117 94 149 165 148 102 423 109 77663 518 271 311 223 816 747 1092498 40990 151 3206059 449291 946 72020 22646 45358 551 1959 15666 1736 18476 1979 517204 2758 17435 16291 8901 13508 251 236508 11285 2400 45713 1724 70967 728 591 2629 2509 10758 10436 1197 926 220 358 15 7853 1580462
internal_value=-0.000120966 -0.025814 -0.110818 -0.22955 -1.80946 -399.834 -0.700649 -212.118 -279.336 -521.42 -351.433 -211.93 -75.7053 -19.6052 0.00835016 16.7374 -0.170573 -1.02454 -2.52253 -0.159397 -9.01487 -0.0346057 0.531775 3.35882 -0.0402874 -0.000205019 0.008937 0.0247613 -0.0358984 0.0556395 0.107335 0.198964 -0.0112242 -0.0173542 0.0176977 0.0774051 -0.158638 0.0389767 5.18715e-05 -0.0189345 -0.0136157 -0.0272299 0.0452851 -0.0516267 0.000170067 -0.0133875 -0.00318867 0.0564495 -0.0403749 0.161887 -0.0507181 -0.000411421 0.230118 -0.0831018 -0.0453923 0.0802291 0.290891 0.390522 -0.0771331 0.450659 0.097386 0.000326092
internal_weight=227567 1520.62 352.051 137.633 4.95282 0.0137592 4.93906 0.016508 0.0121761 0.0055628 0.00426945 0.00283246 0.0066133 0.00512684 4.92255 0.0118783 132.68 1.714 0.465912 130.966 0.0112143 214.418 2.1296 0.288272 212.288 1168.57 992.174 733.345 258.829 423.122 151.16 61.0334 163.513 310.224 181.428 81.8521 130.955 91.9192 226046 1398.49 1300.3 910.809 90.1265 176.394 224648 2555.91 1854.92 304.781 700.991 153.631 151.15 362.208 79.8318 338.782 171.101 76.2607 37.8908 20.8432 166.909 1.62269 57.2408 222092
internal_count=22791053 9274014 8398854 4043399 80735 1312 79423 1125 1248 564 415 267 684 532 78298 635 3962664 805 534 3961859 1563 4355455 41232 242 4314223 875160 627343 144422 482921 50211 4853 4051 3221725 94211 22191 3715 3960296 33257 13517039 56135 39844 22409 802 247817 13460904 160937 53665 7952 107272 4961 2991 15111 3237 92161 21194 3826 2092 1146 449664 373 10611 13299967
is_linear=0
shrinkage=0.1


Tree=123
num_leaves=63
num_cat=0
split_feature=7 1 0 19 0 9 1 27 30 2 30 4 0 1 2 0 31 30 4 35 9 28 29 29 32 34 20 1 30 34 22 8 35 16 11 22 19 4 2 0 25 1 2 0 4 24 0 31 2 0 2 34 24 27 25 0 33 28 25 2 0 33
split_gain=367.975 884.08 13242.5 14822.1 1869.92 8283.01 36146.9 82184.8 14962.6 112372 457.454 2706.99 90.6008 516.063 1371.62 157.296 586.124 87.3732 1542.29 81.616 443.409 2484.39 59.9531 63.767 111.974 106.408 81.8033 123.851 208.737 107.51 92.0809 66.475 66.2996 60.2808 56.0487 52.0251 204.457 327.834 500.542 255.749 211.452 269.235 269.576 207.879 152.061 149.152 148.602 127.391 136.1 175.488 127.669 112.743 104.473 487.822 362.6 299.111 229.466 213.982 187.598 226.661 694.882 141.013
threshold=19.625349998474125 70.659969329833999 72.438781738281264 0.38220225274562841 60.120481491088874 1.0000000180025095e-35 53.410852432250984 35.500000000000007 4.5000000000000009 92.907444000244155 2.5000000000000004 0.90002673864364635 51.744421005249031 48.808847427368171 59.317129135131843 52.40406799316407 0.59482067823410045 4.5000000000000009 0.98544973134994518 16.500000000000004 0.13392857462167743 1.5000000000000002 11.500000000000002 15.500000000000002 9.5000000000000018 0.56958836317062389 0.80166837573051464 58.898942947387702 10.500000000000002 0.77325350046157848 1.0000000180025095e-35 73.92334365844728 4.5000000000000009 7.5000000000000009 1.0000000180025095e-35 1.0000000180025095e-35 1.0000000180025095e-35 1.0000000180025095e-35 26.158231735229496 12.59920644760132 3.5000000000000004 7.2508215904235849 8.3920187950134295 10.762548446655275 1.0000000180025095e-35 1.5000000000000002 10.300619125366213 0.32351681590080267 4.7065336704254159 6.9366478919982919 3.6700336933135991 1.0000000180025095e-35 2.5000000000000004 31.500000000000004 4.5000000000000009 9.8563041687011737 0.90511241555213939 4.5000000000000009 4.5000000000000009 3.9607843160629277 8.9719939231872576 0.83734396100044262
decision_type=8 2 2 2 2 8 2 2 2 2 2 2 2 2 2 2 2 2 2 2 10 2 2 2 2 2 2 2 2 2 2 10 2 10 2 2 2 2 2 2 2 2 2 2 2 2 2 2 2 2 2 2 2 2 2 2 2 2 2 2 2 2
left_child=1 2 4 -4 12 6 7 -6 10 -10 -8 -12 -1 14 -14 16 -15 -3 -19 -17 21 -21 34 24 26 33 29 28 -28 -24 -30 -27 -29 -26 -2 44 37 39 -39 40 46 -42 52 -44 45 -25 47 -37 49 -49 -51 -46 53 54 -43 -56 57 -54 59 61 -61 -55
right_child=22 17 3 -5 5 -7 8 -9 9 -11 11 -13 13 15 -16 19 -18 18 -20 20 -22 -23 23 35 25 31 27 32 30 -31 -32 -33 -34 -35 -36 36 -38 38 -40 -41 41 42 43 -45 51 -47 -48 48 -50 50 -52 -53 56 58 55 -57 -58 -59 -60 60 -62 -63
leaf_value=-0.13612319944129617 0.015067467392922616 -0.065248339507804717 -5.3406524942627547 -102.50823468835593 -963.81659653315819 -0.10113781396971232 -0.10358179928950749 -0.10000182763614524 -0.10000656279629501 -872.12103430431807 -0.10003147077880624 -161.19442031194521 -0.10011571195067787 -38.668910235409605 -65.239133031338326 -0.3054707736204898 -0.10026832434535589 -0.11735856591158585 -9.1415125923976603 -151.3113450170766 -0.10029217841092537 -0.10000100028127848 -0.014660150613618906 0.0090755617142211763 0.05428827655808241 -0.0086937776880376735 -0.037444160381141033 0.010878759700091315 0.10052730497864944 0.037864168912100024 -0.054359866397068503 -0.052446536084026822 -0.019075645180348821 -0.039960427926832298 -0.050655887706620953 0.12409629504325866 0.05220316313583663 -0.13091976878671929 0.021415081696166273 0.034131654355118599 -0.069320255064132252 -0.09117053721740763 -0.14461969048023646 -0.020586955523023732 -0.04059632204677683 -0.062746470633056134 0.059680913208356307 -0.014050012322171811 0.0017206768058974703 0.013485709763515562 0.09385931351056645 -0.00051954925339491281 0.018591935439485351 0.02767574098688258 -0.089153953891276019 0.052984494873041355 0.19896734633678395 -0.075273033423592428 -0.024101708205850468 -0.11358178696305243 0.0036592934931911694 -0.051324387293521123
leaf_weight=3.4815532447396018 184.92496034522503 26.681907032871191 0.036865929011117689 0.027341928467708491 0.0013489442926108699 0.32445446204656037 0.062017371334443828 0.0025723221633597859 0.010487743177120605 0.0017201419963336758 0.0065270098496057428 0.0012415079362169644 0.01084374645484687 0.0051855317546558579 0.004605532098594268 0.5000502149411008 0.016407249710027827 3.8101757502991225 0.19929387711999869 0.0013226520868128136 0.034074978011631174 0.0060869455289775942 474.16278831163982 461.90209316771097 308.5715509402138 945.22310643981336 205.30958228339023 1573.4802682002519 386.64721668155926 2187.7044653389712 42.613258139531354 548.91290215604386 1393.1112992721637 86.994457074241041 434.93331629070724 99.30952136556698 833.46121874122036 455.0061296220947 410.10710937513159 2543.8968375080149 598.15672702282609 1030.036936466902 223.6433300685303 341.39860933640102 704.68250096263364 773.07857952610038 728.10171375310529 422.39046098085566 4517.539636841484 309.96856085866273 545.32311446933636 180799.76417891795 3499.6787223963788 4666.7751080633079 225.95672035166854 429.40036521008255 66.865575616368915 260.97926900559878 2385.7092221796047 531.14419217619979 10485.174330150025 237.4416998261695
leaf_count=17711 24716 42645 87 204 137 100 783 146 1139 126 499 139 232 197 112 4029 300 5262 117 192 24 693 174886 45945 102467 56071 13329 175797 19694 64955 1487 16218 54225 74797 22771 2430 24865 28731 10233 59117 78313 114875 7723 4848 497992 93854 16020 13319 140545 8103 11921 20211972 62972 64514 28990 11486 2486 7350 58069 11249 242484 52698
internal_value=-4.0902e-05 -0.32322 -1.62653 -46.718 -0.978899 -7.41193 -35.0208 -331.626 -20.836 -122.971 -2.96909 -25.845 -0.328694 -1.48748 -19.5185 -0.9928 -9.36257 -0.130654 -0.565911 -0.65907 -4.92131 -27.092 9.17002e-06 9.40747e-05 0.00877757 -0.0125579 0.015215 0.00538924 0.0454867 0.0285079 0.0851514 -0.0247676 -0.00318783 0.0335607 -0.0310484 -0.000229797 0.00325343 0.00208824 -0.0587054 0.00362836 0.00117314 -0.00303826 -0.00141233 -0.0696791 -0.000913092 -0.0358839 0.0170597 0.0117951 0.00987062 0.0386866 0.0647309 -0.000675145 0.000207104 -0.00269073 -0.0541727 0.00397741 0.0153429 0.012078 0.00204904 0.00596776 -0.0019934 0.0238509
internal_weight=227395 35.2261 4.53471 0.0642079 4.4705 0.41037 0.085915 0.00392127 0.0819938 0.0122079 0.0697859 0.00776852 4.06013 0.578577 0.0154493 0.563128 0.0215928 30.6914 4.00947 0.541535 0.0414846 0.0074096 227359 226740 8152.73 1889.7 6263.03 3601.16 634.57 2661.87 429.26 1494.14 2966.59 395.566 619.858 218587 35847.5 35014 865.113 34148.9 31605 24982.4 24384.2 565.042 182739 1234.98 6622.63 5894.53 5795.22 1277.68 855.292 181504 23819.2 19991.6 1685.39 655.357 3827.52 3760.66 18306.2 15920.5 11016.3 4904.22
internal_count=22789391 74874 26850 291 26559 3069 2969 283 2686 1265 1421 638 23490 5779 344 5435 497 48024 5379 4938 909 885 22714517 22667030 753926 249553 504373 264532 34510 239841 21181 72289 230022 177264 47487 21913104 1063341 1038476 38964 999512 940395 748057 669744 12571 20849763 139799 192338 176318 173888 33343 20024 20709964 657173 584365 155351 40476 72808 70322 429014 370945 253733 117212
is_linear=0
shrinkage=0.1


Tree=124
num_leaves=63
num_cat=0
split_feature=7 3 4 27 28 9 28 11 25 0 24 2 9 2 0 22 22 27 19 3 3 0 3 24 2 4 25 19 13 2 3 2 4 27 3 0 9 3 3 2 19 24 28 0 2 21 7 3 2 4 2 6 34 0 3 34 24 0 3 19 33 4
split_gain=75.9247 137.07 4445.46 10990.4 58448.2 223247 659628 57.4689 49.3367 137.735 122.646 471.31 508.321 217.15 274.963 192.909 188.589 206.871 181.615 249.059 274.262 218.11 323.394 261.866 215.43 173.276 361.61 268.856 392.526 247.073 370.738 192.583 575.465 281.51 274.659 370.602 246.458 303.648 191.732 241.086 367.981 334.615 252.667 190.866 193.945 170.328 406.986 165.178 163.132 172.739 161.788 161.059 194.18 189.092 158.912 154.915 148.557 248.33 247.484 234.539 267.292 198.344
threshold=19.625349998474125 96.225070953369155 0.98544973134994518 1.5000000000000002 79.500000000000014 0.29285715520381933 61.500000000000007 3.5000000000000004 2.5000000000000004 6.9366478919982919 2.5000000000000004 57.93287658691407 0.47222222387790685 80.243904113769545 70.064933776855483 1.0000000180025095e-35 1.0000000180025095e-35 31.500000000000004 0.18791647255420688 77.485187530517592 99.333332061767592 29.679679870605472 45.222154617309577 3.5000000000000004 19.139194488525394 0.94486194849014293 1.5000000000000002 0.37128926813602453 1.0000000180025095e-35 87.298336029052749 97.64673233032228 87.559524536132827 0.92004612088203441 14.500000000000002 73.798625946044936 74.862636566162124 0.86607143282890331 52.277431488037116 86.72955703735353 93.788581848144545 0.24498424679040912 1.5000000000000002 28.500000000000004 92.63776016235353 95.488464355468764 1.0000000180025095e-35 99.781658172607436 95.742755889892592 84.680576324462905 0.77440893650054943 90.501251220703139 1.0000000180025095e-35 0.39819738268852239 60.120481491088874 93.643951416015639 0.37923517823219305 1.5000000000000002 81.28433990478517 99.333332061767592 0.33352173864841467 0.54436513781547557 0.93045547604560863
decision_type=8 2 2 2 2 10 2 2 2 2 2 2 10 2 2 2 2 2 2 2 2 2 2 2 2 2 2 2 2 2 2 2 2 2 2 2 8 2 2 2 2 2 2 2 2 2 10 2 2 2 2 2 2 2 2 2 2 2 2 2 2 2
left_child=1 2 -1 -4 5 6 -5 8 10 -10 16 15 13 51 -15 18 25 -18 19 21 -21 24 -23 -24 -12 26 56 31 -29 30 -27 32 34 -33 36 -36 37 -28 50 41 42 -40 43 44 54 -38 -47 -42 49 -37 -31 52 -13 -53 -41 -16 61 59 -59 60 -58 -2
right_child=7 -3 3 4 -6 -7 -8 -9 9 -11 11 12 -14 14 55 -17 17 -19 -20 20 -22 22 23 -25 -26 29 27 28 -30 38 -32 33 -34 -35 35 48 45 -39 39 40 47 -43 -44 -45 -46 46 -48 -49 -50 -51 -52 53 -54 -55 -56 -57 57 58 -60 -61 -62 -63
leaf_value=-0.098956402289177792 0.025491079212150183 -0.051450137842180138 0.62218134651135482 -3086.8484507801654 -0.10145342393251665 -0.10049523876077698 -0.10002976681573911 -0.088338845200734775 -0.039759692325014619 -0.0013863022652939579 -0.015642979156315524 -0.030984250646009411 0.071180185800833878 -0.07972236800717597 -0.044054183397895588 -0.13457665163891169 -0.091197243033048603 0.032677443202417125 -0.052980087818812999 0.081686539418049181 -0.08411519455549353 -0.060900998164683841 -0.01800743229186897 0.076808268723759801 0.019203951095552261 0.073832637403493814 -0.081665224077175164 -0.09135709695888708 0.054825287889754139 -0.0036264818084806882 -0.073813268683871239 -0.054824209081630361 0.042574432996605981 0.075618756041289731 -0.060197620565815818 -0.080681139997469356 -0.0082317927641314317 0.0096798656871859168 -0.19176896684641759 -0.18048122542524747 0.052068480335313243 0.034382657381777926 0.053345837285413845 -0.032107787905166107 -0.16686001955176416 0.012812974705479761 0.14808956661831416 0.0015775717331286514 -0.092104017778071687 0.0038904706628593959 -0.10821403205904107 -0.063864360252999713 0.08037112997259839 0.023060180447499985 -0.0095833373540062487 0.023293604004514239 -0.0017736495425642645 0.094419655312294307 -0.12740196037618329 0.022859586087651304 -0.049340249143982613 -0.12593836086119925
leaf_weight=6.2264241017347777 3099.6847187952135 26.440589075388999 0.13490022726693526 0.001004293046121125 0.048746443960407393 0.0097507702807888563 0.0022285248292227 73.787043219374027 944.41291961855313 97702.562013762348 2947.5539864352204 190.98539934283372 1966.32887779064 472.28842506320711 459.1477115114219 112.50347467665233 142.3844439828772 2535.4139586624569 685.53954972809697 634.19788681494538 118.39166514136014 1439.7304638824298 1244.163427427904 380.3273752751611 4456.269705226553 967.16908741919451 591.93721596265573 980.28271734510849 226.0434692755 300.58732002740726 206.3543849536336 1830.5471022555421 1784.466510482076 181.88320533329625 2645.093186177734 264.87415073296097 710.59566891713666 944.71378584084482 66.884218499444614 70.780866867694158 655.27907584978675 2999.444794288398 245.12611672842786 1171.3554679109882 257.63188754243538 706.44944079907282 324.58267836814048 57759.373908804679 223.6121511008887 2738.3056908804456 291.18816297237936 276.5133033987895 869.6899396976678 2635.7126339600309 235.25586568093649 1333.4601430516454 17642.353971205066 61.516290435061364 275.77317643077959 3609.2718005266652 1266.1408848527099 88.979215159097294
leaf_count=17233 110129 56955 17 253 195 3 184 453664 90875 8228547 145585 165789 170280 26465 66371 7895 26019 57787 796239 32323 17250 691820 247025 65597 464404 103447 1480594 262667 13485 8024 15194 60667 44749 10633 253163 13697 143429 264693 2127 690 73828 72222 11945 11008 2647 187315 5594 5585849 3756 60325 5390 35070 22613 177809 2472 38504 647005 5822 15444 618025 590091 3095
internal_value=-0.000122802 -0.152108 -0.566469 -15.3706 -50.3199 -238.863 -959.016 -0.000100803 -7.2117e-05 -0.00175368 0.00122055 0.00836826 0.0268458 0.0128704 -0.0118408 -0.0042448 -0.000116588 0.0260908 -0.00301327 3.95191e-05 0.0556039 -0.00395522 -0.0263927 0.00419091 0.00533096 -0.000782264 -0.0059466 -0.0188126 -0.0639652 0.00240036 0.0478703 -0.0146056 -0.00937341 -0.0430348 -0.0195043 -0.0324497 0.0036829 -0.0255074 0.0015673 0.00209562 0.000706818 0.0294497 -0.0416892 -0.0551158 -0.102929 0.0294377 0.0553999 0.00214396 -0.00970395 -0.00356857 -0.0550897 0.0269579 0.0603205 0.0148068 -0.049109 0.00604355 0.0010454 -0.00177564 -0.0869452 -0.000499899 -0.00495878 0.0212655
internal_weight=227078 32.8636 6.42305 0.19663 0.06173 0.0129836 0.00323282 227045 226971 98647 128324 20222.8 8204.13 6237.8 2264.9 12018.7 108101 2677.8 11906.2 11220.6 752.59 10468 3064.22 1624.49 7403.82 105424 40197.1 14153.4 1206.33 65226.4 1173.52 12947.1 10934.6 2012.43 9150.16 5871.89 3278.28 1536.65 64052.9 63461.1 60394.8 3066.33 1980.15 1735.02 563.669 1741.63 1031.03 58414.7 3226.79 3003.18 591.775 3972.9 1060.68 2912.23 306.037 1792.61 26043.7 22855.1 337.289 22517.8 18908.5 3188.66
internal_count=22791992 74840 17885 652 635 440 437 22717152 22263488 8319422 13944066 3171039 702901 532621 131340 2468138 10773027 83806 2460243 1664004 49573 1614431 1004442 312622 609989 10689221 4794378 2804767 276152 5894843 118641 2528615 2457315 71300 2412566 330941 2081625 1745287 5776202 5762788 5688439 74349 28762 16817 5809 336338 192909 5659677 77778 74022 13414 401281 188402 212879 3162 104875 1989611 1876387 21266 1855121 1237096 113224
is_linear=0
shrinkage=0.1


Tree=125
num_leaves=63
num_cat=0
split_feature=30 29 2 20 0 32 7 27 1 11 13 16 35 34 33 27 7 35 24 26 1 30 16 19 16 30 32 16 20 8 35 34 16 29 14 1 7 8 27 29 32 19 1 11 2 35 7 1 0 3 3 3 4 0 2 4 2 3 2 4 3 3
split_gain=52.6668 176.81 143.411 103.443 206.678 204.415 143.066 128.469 210.605 157.362 602.772 194.899 349.839 217.597 213.314 155.692 153.339 151.715 148.597 133.192 144.135 197.778 297.453 169.119 154.253 251.834 132.244 129.14 122.544 228.212 122.041 148.398 115.023 103.796 101.066 232.329 165.338 113.306 100.85 137.215 100.396 108.245 119.572 107.809 105.524 98.8304 92.113 90.8518 171.759 276.485 249.914 167.695 156.194 202.388 147.243 146.463 144.215 140.937 140.656 135.277 155.956 126.331
threshold=11.500000000000002 19.500000000000004 95.742755889892592 0.83102512359619152 99.473682403564467 3.5000000000000004 97.613353729248061 1.5000000000000002 99.473682403564467 1.0000000180025095e-35 1.0000000180025095e-35 1.5000000000000002 12.500000000000002 0.39819738268852239 0.16963279247283938 74.500000000000014 26.713614463806156 2.5000000000000004 4.5000000000000009 1.0000000180025095e-35 86.526824951171889 3.5000000000000004 2.5000000000000004 0.41800953447818762 5.5000000000000009 6.5000000000000009 12.500000000000002 2.5000000000000004 1.0000000180025095e-35 71.241439819335952 5.5000000000000009 1.0415838956832888 6.5000000000000009 17.500000000000004 inf 95.293468475341811 73.92334365844728 73.92334365844728 5.5000000000000009 20.500000000000004 4.5000000000000009 0.21442873775959018 64.565757751464858 1.0000000180025095e-35 20.144927978515629 7.5000000000000009 84.63898086547853 77.581478118896499 28.730158805847172 88.416816711425795 98.303134918212905 82.807880401611342 0.8384767770767213 71.89255523681642 59.870130538940437 0.90910807251930248 29.459980010986332 72.065574645996108 77.485187530517592 0.82033187150955211 94.494949340820327 11.882352828979494
decision_type=2 2 2 2 2 2 10 2 2 2 2 10 2 2 2 2 10 2 2 2 2 2 8 2 8 2 2 10 2 8 2 2 8 2 8 2 8 10 2 2 2 2 2 2 2 2 8 2 2 2 2 2 2 2 2 2 2 2 2 2 2 2
left_child=3 2 40 6 5 33 7 9 15 10 18 12 28 -13 -15 34 -12 -16 19 -1 23 22 -22 -21 -23 -26 -14 46 29 -11 -10 -32 -25 -5 35 36 -9 -38 -35 -40 41 42 44 -42 -2 -29 -19 48 57 52 59 54 56 -54 -49 -52 61 -3 -55 -51 -61 -50
right_child=1 47 -4 4 -6 -7 -8 8 30 11 16 13 26 14 17 -17 -18 27 -20 20 21 24 -24 32 25 -27 -28 45 -30 -31 31 -33 -34 38 -36 -37 37 -39 39 -41 43 -43 -44 -45 -46 -47 -48 51 49 50 55 -53 53 58 -56 -57 -58 -59 -60 60 -62 -63
leaf_value=-0.053026219061168091 0.0086284603565290937 0.0016322612318307242 -0.044221204808705644 0.0068141859703360549 0.071461177461925596 -0.023589247180085891 0.019381215468182431 -0.052217982527529655 0.0028214510634200995 0.059570553173502953 0.040197420911568998 -0.064008214637917657 0.10789274553641814 0.057023785173574475 0.040638539978077162 -0.046335863661028431 0.093501553783625305 0.011589148826294488 -0.068328476811425565 0.010914213775850182 0.0036948268681007874 0.039190801684084051 -0.10361188322295407 0.085531364020036194 -0.087104284605953708 0.012077256214129245 0.022407592918089657 0.020037594792442603 -0.0092227521229839259 -0.044182351767207584 -0.0059473130118128451 -0.048843141792018568 -0.030606977514193515 -0.010360953710220418 -0.0023081827142631493 -0.095506943571542866 0.00097562035547783745 -0.02871167129468389 -0.021722999847253472 0.013665298484488718 0.022888223328883205 0.048914858243143552 -0.0025033702016204031 -0.013222367939335742 0.039974319897757876 -0.014879995442082281 -0.024165210791851216 -0.014913944486214709 0.028073475962196687 0.11404836911090295 0.004895036584762833 0.0012375229095182624 -0.076832211151409868 0.041487255704347949 0.034326153991345962 -0.065540426635683879 -0.0059155728761948155 -0.12545612521919414 -0.095788458554229974 0.0098109644993303064 0.10741345157512053 -0.040212828102027802
leaf_weight=386.89824827644043 1912.6004814176995 36659.873600966355 416.50716018706225 7728.5541975287088 343.5358475909743 5862.3757476385545 3816.0203396989091 994.11530064500153 36108.888461371884 674.02085452771598 1554.2269606200894 373.77700394722342 345.37843959068891 1024.5411396446762 1321.5636480445464 1283.3017729370167 826.7397402940428 1103.693490103954 292.4331149727268 3796.6737201394876 572.3676365152877 928.04704685493505 470.81287226913548 529.34402025621239 347.36242074419602 973.4259952240343 380.15022131871478 4422.3336605591303 19999.432814959029 309.27839477272983 7421.7642455061496 904.80755458710428 101.65404484620512 17473.926574197547 8017.8830746992517 372.2437593580471 4160.4906778387949 1860.5349200836499 1461.0446392160466 4381.4250282801568 1383.5422797596334 1240.3109670776594 2168.25436178167 2054.4715569002033 2449.284614116028 992.51485319863241 2075.6222125856721 756.43459438864511 301.96687340705921 258.76322081978537 1618.7897525585636 15310.679994576976 952.48324790028573 303.60241532110285 3080.0871849007058 361.06736836159735 5700.8437414895343 87.46763808921969 98.971831674611622 712.06657501970722 212.58841981067849 2635.0299986910259
leaf_count=25078 64586 1813236 10318 460152 619485 172046 187224 1216891 2723735 116176 59279 2254355 117470 14412 18171 416404 182405 72895 23803 985898 11893 20796 13116 37348 11092 27399 100151 131284 869716 2599 984812 41027 8770 786433 1972481 46630 80889 42462 62858 198501 429878 47565 47221 611401 257247 443505 34690 23401 19383 7749 111660 634922 37372 12380 125426 30824 1705917 3607 3276 79063 15731 1103789
internal_value=-6.34166e-05 0.00198712 0.0133967 -0.00119654 -0.00574449 -0.00646312 0.000361407 -0.000330316 -0.00329242 0.00380316 0.0142937 0.00037858 -0.00516764 0.0110201 0.0135835 -0.0128706 0.0587061 0.00909502 0.00170354 0.00422985 0.00709943 -0.00874739 -0.0447353 0.0188817 0.00794654 -0.0140071 0.0631017 0.00424443 -0.00752822 0.026937 0.000304853 -0.0106086 0.0668214 -0.00322911 -0.0100829 -0.0185211 -0.014436 -0.00819794 -0.0065581 0.00481564 0.0155378 0.0218331 0.0166893 0.00130943 0.0262298 0.0136374 -0.0117532 6.62689e-05 -0.00218056 -0.0119855 0.0137806 0.00592219 -0.0201418 -0.0517071 0.0246176 -0.00795031 -0.01519 0.00132976 0.00773838 0.0501365 0.0322509 -0.033192
internal_weight=226669 80675.7 11625 145993 37250.9 36907.3 108742 104926 61124 43802.3 10780 33022.3 21708.3 11314 10940.3 16688.6 2380.97 9915.73 8399.02 8106.59 7719.69 3292.02 1043.18 4427.67 2248.84 1320.79 725.529 8594.16 20982.7 983.299 44435.5 8326.57 630.998 31045 15405.3 7387.38 7015.14 6021.03 23316.4 5842.47 11208.5 7770.45 6530.14 3438.01 4361.89 5414.85 3179.32 69050.7 49903.5 13156.2 3163.28 19147.2 9992.9 1355.06 3836.52 1979.86 8637.84 36747.3 402.574 1183.42 924.655 2937
internal_count=22790283 7195952 1468216 15594331 2299475 1679990 13294856 13107632 7525331 5582301 1406877 4175424 1206112 2969312 714957 3775757 241684 700545 1165193 1141390 1116312 84296 25009 1032016 59287 38491 217621 682374 988491 118775 3749574 1025839 46118 1507944 3359353 1386872 1340242 123351 1047792 261359 1457898 416619 369054 1041279 321833 574789 107585 5727736 4943987 3127144 245027 783749 2882117 53028 148827 142484 2829089 1816843 15656 102543 94794 1123172
is_linear=0
shrinkage=0.1


end of trees

feature_importances:
addr_tset=595
name_ratio=571
name_tset=559
t_ntok=541
core_tsort=459
num_jacc=438
core_partial=380
num_extra_t=363
s1_key_freq=347
concat_jw=328
addr_ratio=291
s1_ntok=268
cos_sum=260
t_key_freq=236
cos_addr=233
rank_addr_tfidf=214
cos_addr_grp_rank=192
t_indic=183
s1_nnums=174
cos_name=156
n_cands=142
cos_addr_gap_to_max=139
cos_sum_grp_rank=137
name_exact=102
cos_name_grp_rank=80
rank_name_tfidf=74
concat_contains=69
cos_name_gap_to_max=66
t_src3=60
num_shared=58
num_equal=39
addr_tfidf=34
rank_name_exact=15
name_tfidf=5
concat_eq=4

parameters:
[boosting: gbdt]
[objective: binary]
[metric: binary_logloss]
[tree_learner: serial]
[device_type: cpu]
[data_sample_strategy: bagging]
[data: ]
[valid: ]
[num_iterations: 3000]
[learning_rate: 0.1]
[num_leaves: 63]
[num_threads: 0]
[seed: 13]
[deterministic: 0]
[force_col_wise: 0]
[force_row_wise: 0]
[histogram_pool_size: -1]
[max_depth: -1]
[min_data_in_leaf: 100]
[min_sum_hessian_in_leaf: 0.001]
[bagging_fraction: 0.8]
[pos_bagging_fraction: 1]
[neg_bagging_fraction: 1]
[bagging_freq: 1]
[bagging_seed: 16376]
[bagging_by_query: 0]
[feature_fraction: 0.9]
[feature_fraction_bynode: 1]
[feature_fraction_seed: 20348]
[extra_trees: 0]
[extra_seed: 30076]
[early_stopping_round: 0]
[early_stopping_min_delta: 0]
[first_metric_only: 0]
[max_delta_step: 0]
[lambda_l1: 0]
[lambda_l2: 0]
[linear_lambda: 0]
[min_gain_to_split: 0]
[drop_rate: 0.1]
[max_drop: 50]
[skip_drop: 0.5]
[xgboost_dart_mode: 0]
[uniform_drop: 0]
[drop_seed: 24096]
[top_rate: 0.2]
[other_rate: 0.1]
[min_data_per_group: 100]
[max_cat_threshold: 32]
[cat_l2: 10]
[cat_smooth: 10]
[max_cat_to_onehot: 4]
[top_k: 20]
[monotone_constraints: ]
[monotone_constraints_method: basic]
[monotone_penalty: 0]
[feature_contri: ]
[forcedsplits_filename: ]
[refit_decay_rate: 0.9]
[cegb_tradeoff: 1]
[cegb_penalty_split: 0]
[cegb_penalty_feature_lazy: ]
[cegb_penalty_feature_coupled: ]
[path_smooth: 0]
[interaction_constraints: ]
[verbosity: -1]
[saved_feature_importance_type: 0]
[use_quantized_grad: 0]
[num_grad_quant_bins: 4]
[quant_train_renew_leaf: 0]
[stochastic_rounding: 1]
[linear_tree: 0]
[max_bin: 255]
[max_bin_by_feature: ]
[min_data_in_bin: 3]
[bin_construct_sample_cnt: 200000]
[data_random_seed: 81]
[is_enable_sparse: 1]
[enable_bundle: 1]
[use_missing: 1]
[zero_as_missing: 0]
[feature_pre_filter: 1]
[pre_partition: 0]
[two_round: 0]
[header: 0]
[label_column: ]
[weight_column: ]
[group_column: ]
[ignore_column: ]
[categorical_feature: ]
[forcedbins_filename: ]
[precise_float_parser: 0]
[parser_config_file: ]
[objective_seed: 11872]
[num_class: 1]
[is_unbalance: 0]
[scale_pos_weight: 1]
[sigmoid: 1]
[boost_from_average: 1]
[reg_sqrt: 0]
[alpha: 0.9]
[fair_c: 1]
[poisson_max_delta_step: 0.7]
[tweedie_variance_power: 1.5]
[lambdarank_truncation_level: 30]
[lambdarank_norm: 1]
[label_gain: ]
[lambdarank_position_bias_regularization: 0]
[eval_at: ]
[multi_error_top_k: 1]
[auc_mu_weights: ]
[num_machines: 1]
[local_listen_port: 12400]
[time_out: 120]
[machine_list_filename: ]
[machines: ]
[gpu_platform_id: -1]
[gpu_device_id: -1]
[gpu_device_id_list: ]
[gpu_use_dp: 0]
[num_gpu: 1]

end of parameters

pandas_categorical:null
