tree
version=v4
num_class=1
num_tree_per_iteration=1
label_index=0
max_feature_idx=75
objective=binary sigmoid:1
feature_names=name_ratio name_tset core_tsort core_partial concat_jw concat_eq concat_contains addr_tset addr_ratio num_jacc num_shared num_extra_t num_equal name_exact rank_name_exact name_tfidf rank_name_tfidf addr_tfidf rank_addr_tfidf cos_name cos_addr t_src3 t_indic t_addr_empty s1_ntok t_ntok s1_nnums s1_key_freq t_key_freq n_cands cos_name_grp_rank cos_name_gap_to_max cos_addr_grp_rank cos_addr_gap_to_max cos_sum cos_sum_grp_rank sib0_p sib0_name sib0_addr sib0_num sib0_same_src sib1_p sib1_name sib1_addr sib1_num sib1_same_src sib2_p sib2_name sib2_addr sib2_num sib2_same_src sib_max_name sib_strong_max_name sib_max_addr sib_strong_max_addr sib_max_num sib_strong_max_num sib_strong_max_combo sib_wmean_combo p1 p1_rank grp_max_p_other grp_sum_p_other grp_n_strong_other p1_gap_to_max_other s2 comp_n comp_n_strong comp_best comp_margin comp_rank comp_sum_other comp_dcos_name comp_dcos_addr comp_same_key s1_n_contested
feature_infos=[0:100] [0:100] [0:100] [0:100] [0:1] [0:1] [0:1] [13.559322357177734:100] [5.5555553436279297:100] [0:1] [0:10] [0:6] [0:1] [0:1] [0:0] [0:1] [0:9] [0:1] [0:9] [0:1.0000002384185791] [0:1.0000003576278687] [0:1] [0:1] [0:1] [1:9] [1:12] [0:16] [1:881] [0:3522] [8:74] [1:61] [0:1.0000002384185791] [1:42] [0:1.0000002384185791] [0:2.0000004768371582] [1:65] [2.18877503357362e-05:1] [0:100] [13.483145713806152:100] [0:1] [0:1] [0:1] [0:100] [12.820512771606445:100] [0:1] [0:1] [0:1] [0:100] [5.5045871734619141:100] [0:1] [0:1] [0:100] [0:100] [14:100] [13.675213813781738:100] [0:1] [0:1] [0:100] [2.3532004356384277:100.00001525878906] [0.010003325529396534:1] [0:22] [2.18877503357362e-05:1] [4.2259693145751953e-05:11.429014205932617] [0:12] [-0.99966704845428467:0.98983246088027954] [0.010000420734286308:1] [0:1202] [0:33] [0:1] [-0.98998016119003296:1] [0:242] [0:44.550449371337891] [-1.0000002384185791:1.0000002384185791] [-1.0000002384185791:1.0000002384185791] [0:1] [0:8]
tree_sizes=6786 7004 7019 7039 7034 7013 7051 7068 7031 7016 7094 7122 7079 7070 7071 7081 7100 7113 7111 7139 7088 7085 7084 7107 7101 7142 7098 7113 7123 7101 7128 7126 7117 7140 7123 7130 7130 7072 7108 7145 7117 7084 7132 7142 7095 7117 7121 7112 7111 7120 7077 7116 7147 7115 7134 7113 7130 7100 7072 7114 7104 7112 7093 7074 7075 7107 7123 7120 7097 7112 7147 7041 7101 6999 7063 7126 7127 7039 7130 7060 7111 7073 7160 7070 7081 7060 7055 7040 7157 6996 7072

Tree=0
num_leaves=63
num_cat=0
split_feature=69 65 65 69 65 11 69 65 11 69 68 11 65 34 69 34 34 69 65 1 72 59 69 2 59 69 69 71 52 4 25 25 65 69 65 52 25 9 4 52 69 25 69 59 71 65 52 4 65 71 25 68 65 15 52 59 68 3 59 52 72 33
split_gain=3.68387e+06 61213 55655.2 35992.1 11889.3 10165.2 7623.82 5464.59 5411.1 5453.73 4895.58 4550.61 3812.15 2745.93 2430.39 1954.39 1570.79 1487.41 2373.23 1414.33 1096.45 1053.23 896.536 896.262 863.543 820.293 762.511 758.692 676.372 651.708 647.561 548.922 540.956 539.1 486.519 482.082 763.108 473.725 626.077 467.26 522.485 691.623 453.381 450.304 443.239 437.403 426.758 420.364 400.212 376.127 367.032 398.428 340.134 285.022 347.793 284.112 283.437 281.025 279.472 268.97 262.787 255.101
threshold=0.31815157830715185 0.17254898697137835 0.71328237652778637 -0.048427304252982133 0.98053398728370678 1.0000000180025095e-35 0.070104897022247328 0.91872718930244457 1.0000000180025095e-35 0.1046985797584057 0.9207158386707307 1.0000000180025095e-35 0.50811585783958446 1.0023535490036013 1.0000000180025095e-35 1.0023535490036013 1.0023535490036013 -0.37147544324398035 0.054184313863515861 65.545505523681655 -0.10131090879440306 0.38638786971569067 0.19444286823272708 97.825057983398452 0.14641784876585009 -0.17549589276313779 0.82525554299354564 0.96879127621650707 45.773809432983406 0.99110671877861034 1.5000000000000002 1.5000000000000002 0.97568511962890636 0.60022661089897167 0.39993983507156378 44.610280990600593 1.5000000000000002 0.15476191043853763 0.69320744276046764 50.352111816406257 0.024175604805350307 1.5000000000000002 0.54448062181472789 0.40683434903621679 0.83740472793579113 0.27311302721500402 47.690120697021491 0.99772727489471447 0.11262705922126771 0.50746119022369396 1.5000000000000002 0.039451584219932563 0.11262705922126771 1.0000000180025095e-35 50.352111816406257 0.074122425168752684 0.98466318845748912 70.678733825683608 0.94609045982360851 50.352111816406257 -0.25298540294170374 0.49528333544731146
decision_type=2 2 2 2 2 2 2 2 2 2 2 2 2 2 2 2 2 2 2 2 8 2 2 2 2 2 2 2 8 2 2 2 2 2 2 8 2 10 2 8 2 2 2 2 2 2 8 2 2 2 2 2 2 2 8 2 2 2 2 10 8 2
left_child=1 6 5 10 8 13 17 19 9 21 25 15 24 31 -6 30 20 -1 39 -4 -11 44 -22 42 59 -3 61 -23 50 58 -8 -2 -9 -14 -26 36 57 60 -39 40 -19 -42 -15 -27 -5 55 -20 -17 -48 -50 51 -10 -37 54 -32 -30 -29 -13 -18 -7 -33 -21
right_child=2 3 7 4 14 12 11 32 28 16 -12 35 33 23 -16 47 29 18 46 26 22 27 -24 -25 34 43 -28 56 45 -31 53 37 -34 -35 -36 52 -38 38 -40 -41 41 -43 -44 -45 -46 -47 48 -49 49 -51 -52 -53 -54 -55 -56 -57 -58 -59 -60 -61 -62 -63
leaf_value=0.78009699610916483 1.3161986044040208 0.86036421536659902 1.326481692648491 0.97515140261880595 0.87883801526288807 1.2669493414359549 1.1595700477658935 1.3323125559300599 1.2357103911908742 0.89432122552001503 0.78588715441222712 1.1979835254808016 1.1302088784012054 1.0419413078226203 1.3186560521769546 0.82734129007629931 0.9053480395638196 0.80640425217925715 0.8813350150761784 1.2373263150847866 1.1036028743775166 1.059974208426292 1.1914279935191432 1.2888735297183769 0.9952273688134492 0.89533770196496842 1.2950913070009724 0.97887079319420156 0.99936870900036379 1.2135636229762801 1.1001742280850888 0.96618538722200287 1.3449736994614583 1.1934592454204163 1.0596448521649606 0.82939686516254851 0.8738676454796247 1.2669873941003462 1.1476764234072414 0.79127605189370098 1.0187132172795998 0.83677018848004159 1.1580780712650522 0.96139282793061032 0.89883419527937125 0.97210476971372395 0.82061794067622407 1.1012364862314057 0.91323001605872534 0.84025794794128861 0.98602971165924669 0.94554059362973431 0.86194244369420936 1.1504549701729263 0.95136878069354391 0.90955515072377247 0.82651283398867492 0.83868679704783966 1.2979125432742169 1.1164296962941711 1.303479180806453 1.2857059675262976
leaf_weight=46734.893725588918 2880.4433621764183 4453.4702019542456 9779.2568911314011 2315.0073213279247 136.68525628745556 146.2091322094202 528.39874559640884 36068.858165279031 148.3255490809679 172.84071117639542 9149.0937676280737 119.22481709718704 2453.632626414299 627.34123434126377 1554.8609282970428 533.51341970264912 464.7298713773489 5313.6172921657562 1778.495644390583 4381.3356602489948 2162.8016746491194 2369.15231962502 2512.7159307450056 326.10456629097462 2108.3039402067661 2600.0181266963482 9728.2865181416273 961.73510004580021 380.95503687858582 90.124085113406181 223.28197994828224 23.456953659653664 523884.4284093976 2989.2624629884958 2641.2882556915283 7600.052985727787 525.9295925796032 1210.9431866705418 690.65737241506577 63260.229394778609 276.54513788223267 854.50331188738346 724.167306214571 1711.2994087189436 1133.6939708590508 1948.8672025501728 12006.609280362725 62.610665783286095 922.58138792216778 3013.7776250839233 468.60996897518635 69.489020615816116 5560.7089619189501 140.91809003055096 529.63332210481167 4668.286514416337 139.85988159477711 26.631578966975212 18.871383771300316 631.39770001173019 1512.1798547208309 1450.8037654459476
leaf_count=264985 16332 25251 55448 13126 775 829 2996 204509 841 980 51875 676 13912 3557 8816 3025 2635 30128 10084 24842 12263 13433 14247 1849 11954 14742 55159 5453 2160 511 1266 133 2970404 16949 14976 43092 2982 6866 3916 358683 1568 4845 4106 9703 6428 11050 68077 355 5231 17088 2657 394 31529 799 3003 26469 793 151 107 3580 8574 8226
internal_value=1.21596 0.831449 1.33664 0.941983 1.02853 1.16804 0.802247 1.3421 1.00703 1.04805 0.837054 0.867833 1.10554 1.2538 1.28312 1.0081 1.12314 0.794498 0.802197 1.29668 1.14166 0.989203 1.1508 1.14007 1.04704 0.890464 1.27795 1.02809 0.941155 0.966677 1.07181 1.284 1.34416 1.16495 1.03105 0.847366 0.929995 1.25702 1.22365 0.793889 0.819541 0.881256 1.10417 0.921557 0.950064 0.931863 0.834873 0.856108 0.82969 0.857361 1.03588 1.14314 0.843148 1.01993 0.995498 0.916331 0.959527 1.13238 0.920667 1.14473 1.29833 1.24936
internal_weight=793902 189644 604258 39631.5 21717.6 18965.4 150012 585293 20026.1 12341.5 17913.9 15850.9 10970.1 7995.29 1691.55 2018.36 5422.08 134161 87426.4 25339.7 4848.36 6919.45 4675.52 1677.61 5527.2 8764.79 15560.4 3470.75 7684.53 573.725 1422.23 6317.68 559953 5442.9 4749.59 13832.5 671.786 3437.24 1901.6 69704.9 6444.67 1131.05 1351.51 4311.32 3448.7 6998.11 17721.5 596.124 15943 3936.36 686.425 217.815 13160.8 893.833 752.915 5049.24 1101.59 145.856 483.601 777.607 1535.64 5832.14
internal_count=4501393 1075272 3426121 224709 123138 107533 850563 3318588 113547 69976 101571 89874 62200 45333 9591 11444 30743 760689 495704 143675 27490 39233 26510 9512 31339 49696 88227 19679 43571 3253 8064 35821 3174913 30861 26930 78430 3809 19489 10782 395224 36541 6413 7663 24445 19554 39679 100480 3380 90396 22319 3892 1235 74621 5068 4269 28629 6246 827 2742 4409 8707 33068
is_linear=0
shrinkage=1


Tree=1
num_leaves=63
num_cat=0
split_feature=69 69 65 11 65 69 11 65 65 65 65 34 65 69 34 68 65 71 65 71 1 11 71 69 4 57 19 69 1 9 73 59 59 69 34 69 57 65 25 69 11 68 1 69 59 73 73 69 59 71 0 72 57 65 4 73 65 0 25 73 9 0
split_gain=2.62434e+06 38292 37203.9 16080.9 9671.88 8229.27 6443.69 3751.22 3114.28 2872.07 2617.9 2231.07 2117.55 2172.48 1994.99 1773.88 1735.93 1077.61 1071.19 1018.88 816.614 750.671 1698.67 737.74 712.917 675.71 671.64 651.999 565.538 709.435 500.882 490.918 474.238 450.085 448.29 452.024 408.937 385.198 365.075 360.503 981.338 358.281 343.005 318.125 306.034 305.419 304.768 302.933 300.386 291.639 345.556 281.95 274.789 270.748 240.311 228.718 228.552 220.617 250.937 643.418 237.849 278.602
threshold=0.37287624180316931 0.12137811258435251 0.78395643830299389 1.0000000180025095e-35 0.24927582591772082 -0.079197674989700304 1.0000000180025095e-35 0.92841586470603954 0.94327107071876537 0.59062442183494579 0.99031701683998119 1.0023535490036013 0.062107522040605552 -0.25445331633090967 1.0023535490036013 0.94776034355163585 0.24927582591772082 0.68545213341712963 0.89487832784652721 0.9849066734313966 67.099567413330092 1.0000000180025095e-35 0.33311556279659277 0.23038917034864428 0.98960864543914806 84.672775268554702 0.54494565725326549 1.0000000180025095e-35 54.692083358764656 0.58571431040763866 0.035264730453491218 0.1153191812336445 0.23577848821878436 0.86396411061286937 1.0023535490036013 0.038244498893618591 79.50934219360353 0.6318296790122987 1.5000000000000002 0.027006366290152076 1.0000000180025095e-35 0.99265149235725414 63.245613098144538 -0.30888731777667994 0.06956090405583383 0.0537480115890503 0.1020946502685547 0.48789329826831823 0.45332880318164831 0.7604079842567445 99.51456451416017 -0.10131090879440306 82.001697540283217 0.98053398728370678 0.68376630544662487 -0.060889661312103265 0.67381462454795849 97.999198913574233 1.5000000000000002 0.0537480115890503 0.15476191043853763 59.122919082641609
decision_type=2 2 2 2 2 2 2 2 2 2 2 2 2 2 2 2 2 2 2 2 2 2 2 2 2 10 2 2 2 10 10 2 2 2 2 2 8 2 2 2 2 2 2 2 2 10 8 2 2 2 2 8 10 2 2 10 2 2 2 8 10 2
left_child=1 4 6 7 12 15 14 11 20 25 19 17 39 -14 28 43 36 23 31 30 -4 22 34 51 37 32 -13 -12 46 -30 48 -18 -8 -22 35 -15 38 -16 54 -1 44 45 -11 -6 -41 -21 -2 -27 -7 50 -24 -3 -33 -10 -5 -50 -44 58 59 -53 -60 -62
right_child=2 3 8 16 5 10 9 -9 53 42 27 26 13 21 24 -17 18 -19 -20 41 33 -23 49 -25 -26 47 -28 -29 29 -31 -32 52 -34 -35 -36 -37 -38 -39 -40 40 -42 -43 56 -45 -46 -47 -48 -49 55 -51 -52 57 -54 -55 -56 -57 -58 -59 60 -61 61 -63
leaf_value=-0.31347925734036658 0.032726093866645482 -0.2288290881565066 0.11227817355625661 0.018287063781793591 -0.28262554548976865 -0.17882565400343897 0.025823621242622316 0.10992298122533627 0.11616930135799167 0.044673269648281069 -0.2452823056791012 -0.23696483707818117 -0.3131072635850034 -0.2198606184885088 -0.10971670858016201 -0.31538152578339246 -0.1024153370162092 -0.16508427822494132 0.084649709015932911 -0.21688411447345712 0.053236374945228385 -0.28655187363124418 -0.26178932172006281 0.0033482550781043022 0.083747233939782922 -0.15120750935487712 -0.0064849219642472249 0.095184111329182253 0.075485790401794359 -0.032354699307653965 0.005780656396654647 -0.15552254286714851 -0.087242031211266988 0.088032126972720989 -0.28502656633896323 -0.14562944444886453 -0.25313930441720406 -0.016749152150088372 -0.21596593049746585 -0.15984065734268404 -0.30447809633953243 -0.32068851987869129 -0.04737802895784772 -0.22953734847497631 -0.26311301541700671 -0.033213560722956927 0.10593436571945763 -0.098499674319326297 -0.27901327145429228 -0.28744365867421678 -0.14107358660238595 -0.14267965633017146 -0.21042235136105769 0.1254729414579828 -0.20669352649682016 -0.12553175595112903 -0.0017334880446721259 -0.0085647169736218273 -0.070746708152354162 0.054739139885193404 -0.11025254086242214 -0.26419415915402744
leaf_weight=109524.4204429239 661.79110643267632 111.21961757540703 10580.59001468122 125.13083964586258 1506.0347475707531 2595.5569583028555 511.50073060393333 1242.5427840799093 33466.787594377995 1005.9315757453442 63.855832755565643 984.10961301624775 19476.312711149454 1669.0150585770607 854.17648638784885 7671.9309691339731 645.15597240626812 757.96543747186661 152.58707910776138 2334.2814185470343 5457.2540710121393 14906.142883837223 5116.3123740851879 2380.7380834519863 418.8454787582159 2475.2682847082615 145.07469996809959 472.03675769269466 1763.641839787364 932.60598391294479 202.38995581865311 1250.6328158825636 1350.2089362293482 11660.287840694189 499.92583492398262 1613.2568491399288 9330.861212849617 931.91982543468475 898.57622644305229 593.62697002291679 22764.80802115798 330.83189412951469 1816.0914021134377 4505.8665146827698 555.43118108808994 94.188070550560951 4040.6970580369234 1949.025873079896 100.84197479486465 6736.5642256736755 248.65704491734505 291.03568141162395 3364.2777951955795 478590.94170853496 76.504206657409668 2611.8421286791563 2770.5123609304428 528.55017594993114 830.11291611194611 381.48070397973061 409.4853883087635 164.90887939929962
leaf_count=509799 3929 554 63877 698 7174 13100 2770 7384 202968 5793 308 4815 90774 8031 4533 35675 3341 4091 866 11616 31960 70679 24608 13549 2456 12915 820 2835 10377 5268 1067 6331 7133 69769 2388 8231 45182 5252 4402 2846 106375 1572 10128 21903 2618 486 24137 10493 518 32117 1221 1581 16893 2918750 379 13605 15820 2863 4470 2094 2188 866
internal_value=0.00132806 -0.28295 0.117962 -0.163598 -0.296883 -0.234984 -0.0110947 -0.0501719 0.123098 -0.06034 -0.159577 -0.0786521 -0.304461 -0.286968 0.0498156 -0.283509 -0.222496 -0.0538331 -0.176545 -0.173457 0.0904384 -0.270434 -0.255308 -0.0372909 -0.033674 -0.10672 -0.207353 0.0546148 0.0746968 0.0381848 -0.14862 -0.184122 -0.0561775 0.0769389 -0.196812 -0.183376 -0.24634 -0.0612096 -0.188679 -0.311051 -0.299927 -0.22306 -0.00820866 -0.242836 -0.20976 -0.20976 0.0956316 -0.127988 -0.154506 -0.27359 -0.256194 -0.0729031 -0.195545 0.124865 -0.0670749 -0.131237 -0.0198067 -0.0662473 -0.0809261 -0.0306951 -0.104978 -0.154449
internal_weight=791503 230265 561238 24071 206194 22489.7 21482.2 8227.22 539756 11878.5 8805.82 6984.68 183704 50266.2 9603.68 13683.8 15843.7 5855.5 5412.65 8269.93 27698.1 30789.9 15883.7 5097.53 2204.94 6286 1129.18 535.893 7398.74 2696.25 5510.63 5260.07 1861.71 17117.5 3782.2 3282.27 10431.1 1786.1 1100.21 133438 23913.9 2759.3 5592.54 6011.9 1149.06 2428.47 4702.49 4424.29 5308.24 12101.5 5364.97 2716.79 4614.91 512058 201.635 2712.68 4586.6 2605.57 2077.02 672.516 1404.51 574.394
internal_count=4501241 1092913 3408328 123367 969546 109859 121004 45275 3287324 65052 45107 37891 859687 238049 55952 64752 78092 32256 27431 41964 165606 147275 76596 28165 12241 33311 5635 3143 43711 15645 28290 26565 9903 101729 18650 16262 50661 9785 5479 621638 111839 13674 31741 29077 5464 12102 28066 23408 27223 57946 25829 14616 23224 3121718 1077 14123 25948 14062 11199 3675 7524 3054
is_linear=0
shrinkage=0.1


Tree=2
num_leaves=63
num_cat=0
split_feature=69 69 65 11 65 69 1 65 65 65 65 68 34 65 69 65 33 71 55 65 69 59 1 73 33 57 59 59 69 11 59 68 59 69 59 59 18 57 73 25 71 65 33 71 22 69 71 55 69 59 65 34 65 11 69 27 18 74 19 2 69 65
split_gain=2.03433e+06 33564.4 25373.7 11740.1 6990.26 6417.17 4516.32 2959.22 2458.07 2193.75 1944.06 1918.08 1721.82 1669 1502.38 1394.09 868.189 857.996 746.53 698.275 666.893 644.805 644.091 633.665 586.478 558.271 395.683 391.108 390.133 921.759 372.443 368.321 363.034 362.037 343.733 325.005 312.006 295.262 292.419 591.658 290.143 290.142 286.634 440.028 281.062 279.399 276.125 263.051 252.951 246.197 242.548 239.084 230.931 225.249 268.365 224.972 223.035 223.542 217.773 216.769 211.588 191.304
threshold=0.42965407669544226 0.14136780798435214 0.813308745622635 1.0000000180025095e-35 0.22847542911767962 -0.022547412663698193 59.317129135131843 0.93615427613258373 0.94327107071876537 0.6318296790122987 0.99317359924316417 0.94776034355163585 1.0023535490036013 0.077111490070819869 -0.17549589276313779 0.2999835759401322 0.64993470907211315 0.7992122769355775 0.89444443583488475 0.89487832784652721 0.2704103291034699 0.98752048611640941 68.457099914550795 0.060391992330551154 0.55828949809074413 74.246433258056655 0.079049985855817809 0.99521625041961681 0.030280471779406074 1.0000000180025095e-35 0.090102236717939391 0.99508434534072887 0.47764921188354498 -0.25445331633090967 0.14641784876585009 0.99137380719184887 5.5000000000000009 80.883197784423842 0.14949497580528262 1.5000000000000002 1.0295582413673403 0.97905978560447704 0.58298632502555858 0.50746119022369396 1.0000000180025095e-35 0.89250019192695629 0.54521769285202037 0.61250001192092907 0.015972190536558632 0.86964577436447155 0.20834278315305713 0.99999985098838817 0.9491688907146455 1.0000000180025095e-35 0.048177160322666175 1.5000000000000002 3.5000000000000004 1.0000000180025095e-35 0.23172140866518023 72.377109527587905 0.73820394277572643 0.54806572198867809
decision_type=2 2 2 2 2 2 2 2 2 2 2 2 2 2 2 2 2 2 8 2 2 2 2 10 2 8 2 2 2 2 2 2 2 2 2 2 8 10 8 2 2 2 2 2 2 2 2 8 2 2 2 2 2 2 2 2 8 2 2 2 2 2
left_child=1 4 6 7 13 11 18 12 22 16 23 33 17 28 -15 26 27 20 44 34 51 36 -4 32 35 38 37 59 -1 30 -30 -12 46 -6 -17 49 -14 -5 -16 -40 -35 -10 -27 53 -2 -24 -7 -18 -34 60 -28 -3 -50 54 -44 -19 57 -46 -56 -8 -11 -25
right_child=2 3 8 15 5 10 9 -9 41 24 31 -13 21 14 25 19 47 55 -20 -21 -22 -23 45 61 -26 42 50 -29 29 -31 -32 -33 48 40 -36 -37 -38 -39 39 -41 -42 -43 43 -45 56 -47 -48 -49 52 -51 -52 -53 -54 -55 58 -57 -58 -59 -60 -61 -62 -63
leaf_value=-0.25446986733447785 0.079872014716370496 -0.080779787275706172 0.10989897142337668 -0.037379496545609806 -0.22440885513178244 -0.12041829861770526 -0.042317970306688331 0.11075633410652624 0.11191450599524229 -0.014297522541368788 0.11081196633291197 -0.25522212175423142 -0.19417369217216354 -0.25188675023332657 -0.1989605685719078 -0.071810459971271112 -0.035598714590104184 -0.26968658806302714 0.09533096519396321 0.08104958948191629 0.021061488103239333 0.12755696489487456 0.060181160930458999 -0.1448059384476974 0.067423999674098636 -0.2305069246291753 -0.20984567100431259 0.12847397282900602 -0.12242002803828085 -0.24592637422159874 -0.21948224996641189 -0.13783945491337132 -0.14626545705472399 -0.1655238549947595 -0.14420891741439285 0.12312631776021805 -0.056797364862938862 -0.16081639140784551 -0.029449292415793932 -0.18432232771712564 -0.20671388139296673 0.12231268731407773 -0.18334055596838558 -0.22407203268554785 -0.073858970573108695 0.087922468514605334 -0.17739687140539831 0.069440979454625754 -0.10195362478519952 -0.047659606248016732 -0.17888434119217539 -0.024825394047639809 -0.0055882287354666613 -0.21338026832999879 -0.23127533700035144 -0.11528569618127252 0.036697587830807475 0.10739535980665399 -0.082036521158474124 -0.093280907227758753 0.027632362897065173 0.05879654113366687
leaf_weight=131029.90765590966 517.01115207374096 1311.2820965945721 8928.1336872726679 255.05193676054478 2628.2032844275236 1358.9378787726164 1021.8867137432098 1338.4656133204699 28553.165358126163 2709.2300666570663 427.92489130795002 9667.2803630083799 1036.8857563138008 18432.043977409601 1531.6828027665615 772.76250095665455 434.26498357951641 128.40661557018757 5009.0195761173964 156.71747288107872 2495.5442263931036 76.155982315540314 6415.1233602613211 57.886278495192528 1560.3468515872955 11537.167510896921 5393.876943603158 88.049743220210075 850.45125031471252 26769.997888371348 738.72093573212624 69.20665730535984 1171.9550248235464 4521.3591372817755 4332.2038221210241 203.46692995727062 196.68562182784081 806.70097582042217 375.09411685168743 720.47319951653481 2750.4224245101213 445845.11483101547 2197.1579488664865 6819.5424299240112 530.54760552942753 8364.0170147418976 2273.3177146613598 528.64367234706879 1653.2794927805662 1120.2413930296898 4765.8396883904934 1828.399766087532 292.70793536305428 1625.5934249311686 120.24092143774033 356.00593143701553 563.44340012967587 78.05335958302021 523.38418312370777 4554.3933456689119 2165.413331374526 227.58626592159271
leaf_count=554553 3097 6885 57649 1236 11415 6480 5370 8568 185614 15141 2720 40937 4739 78253 6933 3918 2261 636 31304 952 14687 426 39420 291 9328 50035 23885 519 3844 114060 3225 355 5603 20591 20592 1205 1020 3658 1890 3237 12310 2934007 9747 29661 3018 52886 10563 3213 8106 6432 21633 9746 1517 7032 565 1808 3315 454 2527 23470 12606 1235
internal_value=0.00187113 -0.229057 0.115568 -0.119607 -0.241053 -0.193346 0.0081166 -0.0261156 0.120116 -0.0234641 -0.114918 -0.223539 -0.0507743 -0.247414 -0.230144 -0.169337 -0.0657166 -0.028503 0.0759447 -0.126867 -0.0175248 -0.154836 0.0886921 -0.128422 0.0126267 -0.214398 -0.189252 -0.0806397 -0.252168 -0.241534 -0.167539 0.0761967 -0.134593 -0.1926 -0.13325 -0.00116772 -0.17227 -0.131165 -0.170745 -0.131298 -0.181103 0.121687 -0.219423 -0.208092 0.0184533 0.0758809 -0.156079 0.0220688 -0.109563 -0.00538627 -0.195322 -0.0481946 -0.0874587 -0.183693 -0.166705 -0.156214 -0.00863971 -0.050613 -0.109917 -0.0839416 0.00432856 0.0175113
internal_weight=774812 255623 519190 25251 230372 27100.1 21084 8767.83 498106 14385.9 7532.8 19567.3 7429.37 203271 43882.4 16483.2 6627.24 6119.64 6698.08 5261.68 5635.23 1309.73 23707.3 7035.67 7758.7 25450.3 11221.5 5664.33 159389 28359.2 1589.17 497.132 6750.2 9899.98 5104.97 6198.35 1233.57 1061.75 2627.25 1095.57 7271.78 474398 22823.1 11285.9 1689.06 14779.1 3632.26 962.909 3117.94 5994.88 10159.7 3139.68 1945.99 4466.38 2840.78 484.413 1172.04 608.601 643.625 5576.28 4874.64 285.473
internal_count=4502383 1112074 3390309 124389 987685 122123 120733 48515 3269576 79545 36870 85253 39947 865562 189880 75874 34833 33762 41188 25462 31318 6185 149955 33795 44712 111627 50412 29359 675682 121129 7069 3075 32269 44316 24510 35384 5759 4894 12060 5127 32901 3119621 99567 49532 9884 92306 17043 5474 15226 34179 45518 16631 9623 19871 12839 2444 6787 3472 3092 28840 27747 1526
is_linear=0
shrinkage=0.1


Tree=3
num_leaves=63
num_cat=0
split_feature=69 69 69 11 11 69 68 69 69 68 69 11 70 34 64 69 72 69 1 51 68 69 68 34 69 1 68 4 1 69 69 68 55 64 68 64 68 9 69 64 34 72 73 57 71 57 70 20 55 73 20 64 72 71 0 69 55 71 69 52 73 17
split_gain=1.64191e+06 25214.6 20625.6 8579.02 5445.31 2724.56 5417.66 3579.4 2003.54 1944.96 1355.28 1290.88 3216.37 1200.36 1190.56 872.761 806.421 783.157 750.149 1444.19 739.989 656.347 615.545 614.251 579.835 578.009 617.89 496.29 429.757 408.692 352.474 340.705 335.008 320.017 288.761 286.358 279.668 278.873 274.427 262.165 259.898 249.99 242.749 241.738 232.99 231.802 229.423 227.8 225.338 222.378 215.645 191.712 189.293 187.888 194.241 182.719 182.39 180.581 178.133 177.867 456.237 282.67
threshold=0.42965407669544226 0.14136780798435214 0.80084347724914562 1.0000000180025095e-35 1.0000000180025095e-35 -0.30888731777667994 0.3651451468467713 1.0000000180025095e-35 0.94741943478584301 0.57716235518455516 0.60022661089897167 1.0000000180025095e-35 1.5000000000000002 1.0023535490036013 0.05819207429885865 0.2704103291034699 -0.058035090565681451 0.038244498893618591 59.317129135131843 97.825057983398452 0.077120490372180953 0.23038917034864428 0.98928901553154003 1.0023535490036013 0.070104897022247328 67.099567413330092 0.033873537555336959 0.99023810029029857 63.245613098144538 -0.11978236213326453 0.9036976993083955 0.62977331876754772 0.90454545617103588 0.083695381879806532 0.24737294018268588 0.82115161418914806 0.33988478779792791 0.35416667163372045 0.65211600065231334 0.015479236841201784 1.1060553789138796 -0.10131090879440306 -0.0041691660881042472 80.883197784423842 0.54521769285202037 80.496570587158217 4.5000000000000009 0.41073001921176916 0.89444443583488475 -0.032808572053909295 0.79297706484794628 0.8958919644355775 -0.058035090565681451 0.58096009492874157 99.51456451416017 0.69869837164878856 0.90454545617103588 1.0295582413673403 0.98089075088500988 53.001201629638679 0.13943091034889224 1.0000000180025095e-35
decision_type=2 2 2 2 2 2 2 2 2 2 2 2 2 2 2 2 8 2 2 2 2 2 2 2 2 2 2 2 2 2 2 2 10 2 2 2 2 8 2 2 2 8 8 8 2 10 2 2 8 10 2 2 8 2 2 2 10 2 2 8 8 2
left_child=1 5 4 9 18 -1 11 22 25 13 35 12 17 16 40 31 -3 52 -2 20 37 44 29 41 -13 -4 30 -15 56 -8 47 43 55 -11 -30 36 45 -20 -39 -21 -9 -19 -23 51 -18 -6 -14 -27 50 -31 -41 -5 -7 54 59 -12 -17 -16 -10 60 -43 -62
right_child=2 3 8 15 10 6 7 14 58 33 32 24 46 27 57 28 21 23 19 39 -22 42 -24 -25 -26 26 -28 -29 34 49 -32 -33 -34 -35 -36 -37 -38 38 -40 48 -42 53 -44 -45 -46 -47 -48 -49 -50 -51 -52 -53 -54 -55 -56 -57 -58 -59 -60 -61 61 -63
leaf_value=-0.22161566963708701 0.094472955718730156 -0.18908615219261712 0.11106771543033139 -0.14228455241425386 -0.037436741795141663 -0.22209606185889036 -0.17659218754621064 -0.0059677710898518831 0.1122108623472704 0.10437145109893145 -0.02757059038341126 -0.21616245863466702 -0.19971769865196257 -0.15091449287289194 -0.080692710467725359 -0.080642197406488314 -0.038418886506265085 -0.21124168095055762 0.089429567797921425 0.11435808857189214 0.10882608026953738 -0.1007859288972737 -0.22086645909049168 -0.20016217477747006 -0.19510372772472986 0.094423346546210582 0.11629200749570015 0.025643426758712798 -0.12902698205327423 -0.22633399944422547 0.088293488436162942 0.046519308373578018 0.052376587371082445 -0.021656851174960575 0.087187303065692612 -0.00401272783725584 0.094817759698530929 -0.072644369574438483 -0.0052093490593694003 0.040403195556134697 0.098801449055498272 -0.13643239599533541 0.02025242948897258 -0.16906061586507409 -0.1125810175392713 -0.090389125248945157 -0.21692939632534777 0.050250303473658754 0.077125420642068454 -0.13182868348887838 -0.13629379230865576 -0.046099174660167226 -0.16879451891273098 -0.14743055072960176 0.0075141684361098113 0.010749360354251366 0.016704772235246152 -0.14240732173731016 0.11969958603774861 -0.11809916090772249 -0.16385784456230079 0.017656749756249989
leaf_weight=81144.111958563328 5691.6592288911343 282.04392223060131 11195.186841338873 1008.9027986228466 1091.1743081361055 708.69468401372433 6754.4696120768785 655.70314408838749 34563.142721146345 1204.7840511649847 2342.3535279482603 76102.086392566562 12120.416628658772 1199.7289743125439 2157.8539117574692 783.98815661668777 1882.2800713032484 234.48109993338585 196.12355077266693 1849.2046176493168 486.63850617408752 175.19443775713444 2038.8692640215158 926.74625180661678 15787.333686828613 1430.75195543468 4302.6384038031101 183.56627769768238 5647.5544618070126 264.84838476777077 7983.7156998515129 77.854951649904251 1162.9869885742664 241.94372934103012 62.451916128396988 670.85959467291832 96.135424852371216 1066.4087307304144 1390.1295015513897 219.39991995692253 370.59903773665428 544.93962490558624 3056.1909720301628 9252.2323344498873 546.63952910900116 3410.7506760954857 21450.212647929788 6343.9072000533342 1511.6224546283484 4157.8870458453894 100.80161619186401 260.78166325390339 11132.13212069869 843.29928760230541 176.27401469647884 2654.4434114545584 255.09092083573341 607.64276507496834 392129.83378505707 2048.0083183795214 102.31104117631912 531.42695221304893
leaf_count=328503 38431 1345 77853 4395 5576 2913 28172 3531 242820 8159 12850 308757 49669 5217 10155 3632 9651 1036 1204 12892 3395 1010 8296 3837 65024 9174 30517 1081 25463 1119 53828 459 7084 1271 391 3461 675 5461 7869 1327 2454 2456 17853 39032 2700 16692 87016 40423 9607 18234 555 1227 46381 3704 821 15640 1295 2711 2792224 9170 478 2507
internal_value=0.00235817 -0.196574 0.112572 -0.103255 0.0220889 -0.206694 -0.199113 -0.145764 0.117303 -0.0226612 -0.027812 -0.205471 -0.192682 -0.0435863 -0.0601174 -0.144006 -0.0240559 -0.157585 0.0676693 0.0453013 -0.00452714 -0.0158327 -0.170336 -0.126053 -0.212544 0.092864 0.0827053 -0.127485 -0.115898 -0.161119 0.0735349 -0.161903 0.00403696 0.0832951 -0.126662 -0.0650459 -0.0739506 -0.0253221 -0.0344836 0.0877966 0.0318645 -0.110726 0.0136902 -0.163446 -0.0551094 -0.0775546 -0.210715 0.0583794 0.0609831 -0.137488 -0.0152222 -0.122529 -0.171985 -0.105175 -0.0947035 -0.00721392 -0.0567438 -0.0942528 0.119093 -0.100288 -0.0693392 -0.0116471
internal_weight=748871 266982 481890 26121.2 23940.7 240860 159716 17007.9 457949 8772.37 11428.7 142708 50818.9 7325.64 3791.8 17348.9 5942.35 17248.3 12512 6820.33 3139.3 5660.31 13216.1 5407.49 91889.4 31256.2 20061 1383.3 6749.09 11177.2 15758.4 10599.8 6159.78 1446.73 5710.01 5268.92 4598.06 2652.66 2456.54 3681.03 1026.3 4480.74 3231.39 10521.9 2428.92 4501.92 33570.6 7774.66 1831.82 4422.74 320.202 1269.68 11840.8 4246.26 3402.96 4996.8 1039.08 2765.5 426693 3226.69 1178.68 633.738
internal_count=4500683 1111125 3389558 124181 142719 986944 658441 74672 3246839 48287 61978 583769 209988 38857 18851 75894 32559 73303 80741 42310 17929 31214 55821 24009 373781 211795 133942 6298 30781 47525 103425 45113 35574 9430 25854 26404 22943 14534 13330 24381 5985 20172 18863 44654 12351 22268 136685 49597 11489 19353 1882 5622 49294 19136 15432 28490 4927 12866 3035044 14611 5441 2985
is_linear=0
shrinkage=0.1


Tree=4
num_leaves=63
num_cat=0
split_feature=69 69 65 11 65 69 1 65 65 65 65 34 65 71 65 69 52 68 72 7 69 25 55 65 69 7 1 65 57 4 7 57 25 73 57 69 69 65 72 69 71 0 22 1 64 9 65 71 73 64 0 69 25 73 73 65 17 18 17 0 2 64
split_gain=1.35808e+06 26013.2 17209.9 6809.11 5924.09 4734.49 2993.32 2250.84 2038.01 1583.1 1439.91 1050.92 1032.38 1005.71 963.95 790.967 762.11 696.956 665.473 577.909 549.627 548.558 480.937 457.741 446.723 422.166 404.534 370.111 356.472 347.155 297.421 282.314 283.346 271.416 265.018 256.393 255.29 257.595 235.863 229.239 225.63 226.896 218.258 201.761 198.967 193.323 191.378 185.02 180.918 174.88 166.226 165.654 161.089 289.433 156.856 153.832 151.632 151.325 148.305 147.93 146.277 140.095
threshold=0.48789329826831823 0.16536848992109301 0.86103364825248729 1.0000000180025095e-35 0.11262705922126771 -0.14607119560241696 54.692083358764656 0.98770233988761913 0.92841586470603954 0.96264526247978222 0.67381462454795849 1.0023535490036013 0.18928714096546176 0.96879127621650707 0.33039470016956335 0.042788691818714149 44.610280990600593 0.9207158386707307 -0.058035090565681451 64.174236297607436 0.0095322076231241244 1.5000000000000002 0.89444443583488475 0.9491688907146455 0.2704103291034699 79.912281036376967 67.099567413330092 0.50811585783958446 78.072521209716811 0.99023810029029857 58.550062179565437 70.001838684082045 1.5000000000000002 0.026124611496925357 82.353977203369155 0.77125313878059398 -0.55426308512687672 0.035392517223954208 -1.0000000180025095e-35 0.91361889243125927 0.50746119022369396 80.874973297119155 1.0000000180025095e-35 40.238094329833991 0.77748969197273265 0.89444443583488475 0.33039470016956335 0.0012223124504089358 0.1020946502685547 0.30158764123916632 96.891109466552749 0.038244498893618591 1.5000000000000002 0.090445622801780715 -0.072263628244400011 0.39993983507156378 1.0000000180025095e-35 3.5000000000000004 1.0000000180025095e-35 98.837055206298842 75.162338256835952 0.94231674075126659
decision_type=2 2 2 2 2 2 2 2 2 2 2 2 2 2 2 2 8 2 8 10 2 2 8 2 2 10 2 2 8 2 10 8 2 10 10 2 2 2 10 2 2 2 2 2 2 8 2 2 10 2 2 2 2 8 10 2 2 8 2 2 2 2
left_child=1 4 6 8 15 17 22 12 11 26 19 18 28 27 31 36 21 46 47 -8 -9 43 42 34 -20 -12 -4 40 52 -13 -18 32 -5 51 44 -27 -1 -38 -15 -28 41 -14 -2 56 -16 -23 -6 -3 54 -26 -42 -29 53 -7 -40 -56 -17 -44 -24 61 -21 -33
right_child=2 3 9 14 5 7 10 20 -10 -11 25 29 13 38 23 16 30 -19 24 60 -22 45 58 -25 49 35 39 33 -30 -31 -32 59 -34 -35 -36 -37 37 -39 48 -41 50 -43 57 -45 -46 -47 -48 -49 -50 -51 -52 -53 -54 -55 55 -57 -58 -59 -60 -61 -62 -63
leaf_value=-0.19876590823649284 0.092719297180022156 -0.06467502655308055 0.10819471407389014 0.025878400657625145 -0.1725583464085112 -0.12562992180738253 0.061505475455457093 -0.09831534479292621 0.10557840594876505 0.11692848470458123 0.068967477096131755 -0.12096961812483352 -0.11567771437706167 -0.20538075073087292 -0.069654998624013906 -0.1252664376715121 -0.11430345798392834 -0.1974329802400937 -0.031218985433516151 -0.014173572552939905 0.10305392639650071 -0.16661372861539864 0.049139197704251597 0.099259204305953405 -0.02525030857208458 -0.0051280473217299267 0.065419858651990362 -0.095324434003878203 -0.15763926127643557 0.025448927002435381 -0.18115001852723958 -0.13995113768891904 -0.10949338689013353 0.050427356207090268 -0.099146087370597602 0.032454028622440699 -0.19325528324112498 -0.18185104972736427 -0.19721792840299288 0.090346516455393155 -0.13690434893340844 -0.060991321482597685 -0.021520412115752993 -0.15401033357571864 0.017261188641438104 -0.049801669535037077 -0.14206182675351958 -0.22610254027849988 -0.0046360629169385353 0.035654689932316519 -0.09618578502236444 -0.047252705653728737 -0.13543283060754527 0.0012313426376440921 -0.15828637968343484 -0.12140231249728511 0.022898965544595563 0.048893985951531944 0.10179925584044258 -0.010822620677567597 -0.052596959781832292 -0.072354791645633715
leaf_weight=56079.813946560025 462.71962414681911 125.16743823885918 9108.8873215913773 205.79689039289951 8124.922546595335 443.79534062743187 566.62131145596504 183.99140083789825 1381.2772670388222 395345.38768930733 1886.6252966672182 1282.4386988729239 1457.9204820096493 635.62733963131905 1275.6038886755705 84.080550819635391 683.27221088111401 16511.770598292351 2635.7894330322742 1264.808285266161 514.77022396028042 1028.3173535466194 605.19730070233345 135.70172727108002 576.72372758388519 3236.057922065258 5565.7365906387568 1655.9651018679142 12141.469359651208 185.33331789076328 25735.568438753486 9574.9657465666533 621.74412636458874 184.87473678588867 4404.8950949311256 4134.6422198414803 79803.621370956302 26344.904683545232 489.34134665131569 10944.122277975082 2861.4598565846682 1581.9248504191637 639.39254714548588 109.92339152097702 331.90773341059685 164.31978623569012 2755.6424793303013 164.06882633268833 95.730318948626518 2582.7494105249643 1543.286439448595 1264.0046027451754 1014.4286811500788 302.37469086050987 2021.8251288682222 2565.6656461656094 386.9321536719799 583.928651496768 4597.8627776056528 92.627886578440666 4573.4840497970581 316.74582616984844
leaf_count=224324 3121 612 68062 1006 32693 1865 3566 925 10170 3049372 12092 5493 6330 2590 5890 366 2840 66053 13557 6587 3597 4163 4257 931 3528 18604 37872 7245 49383 1114 103236 39679 2659 951 19676 26218 319270 105620 1984 80071 11987 6954 3833 472 1694 719 11202 744 462 15972 6642 5955 4250 1505 8285 10888 1741 3771 32873 387 23051 1357
internal_value=0.0025918 -0.172151 0.110808 -0.0767613 -0.182079 -0.154202 0.0257001 -0.127408 -0.00610509 0.115367 0.00153739 -0.0265315 -0.131506 -0.114478 -0.113979 -0.190622 -0.175161 -0.184485 -0.00820997 -0.0349151 0.0500312 -0.111705 0.0806334 -0.0823638 -0.000821705 0.0267579 0.0912772 -0.0960791 -0.151542 -0.102482 -0.179421 -0.131957 -0.0758285 -0.0670754 -0.0864631 0.0159539 -0.193308 -0.190425 -0.147895 0.0819433 -0.108175 -0.0872191 0.0342184 -0.0320198 -0.0517092 -0.15052 -0.164835 -0.156245 -0.140831 0.0245372 -0.122638 -0.074515 -0.10949 -0.0742212 -0.143399 -0.137658 -0.00355006 0.0120905 0.0956741 -0.136609 -0.0442729 -0.137787
internal_weight=718181 274665 443515 25893.5 248772 58350.8 22551.3 30958.5 8933.55 420964 15662.2 7552.27 30259.7 16357.6 16960 190421 28192.4 27392.3 6084.5 6404.91 698.762 1773.57 6889.1 6148.11 5795.26 9257.33 25618.7 10549.4 13902.1 1467.77 26418.8 10811.9 827.541 3104.84 6012.41 7370.7 162228 106149 5808.19 16509.9 7444.59 3039.85 1686.04 580.936 1607.51 1192.64 10880.6 289.236 5172.56 3159.47 4404.75 2919.97 1760.6 746.17 5076.83 4587.49 471.013 1223.32 5203.06 9984.34 5838.29 9891.71
internal_count=4502316 1128966 3373350 124469 1004497 241746 137973 131798 51190 3235377 90118 41020 127276 70273 73279 762751 113537 109948 34413 33204 4522 7461 47855 28191 33057 56914 186005 46064 57003 6607 106076 45088 3665 14151 27260 44822 649214 424890 24209 117943 31913 13284 10725 2579 7584 4882 43895 1356 21619 19500 18629 13200 7620 3370 21157 19173 2107 7604 37130 41423 29638 41036
is_linear=0
shrinkage=0.1


Tree=5
num_leaves=63
num_cat=0
split_feature=69 69 69 59 34 59 1 59 69 68 56 69 69 69 69 69 7 72 69 69 33 52 25 7 70 9 1 68 71 4 34 69 52 33 64 68 59 25 74 73 34 7 25 71 8 59 69 3 68 22 69 51 59 69 59 25 73 51 73 7 1 37
split_gain=1.1422e+06 21834.3 14407 4553.21 2965.81 2736.37 2478.77 2546.81 2081.39 2158.94 1525.69 1479.81 1408.82 1356.46 1075.26 970.874 650.563 650.364 638.756 620.649 569.58 505.404 504.352 498.928 1383.55 454.991 409.07 419.817 361.464 345.104 327.668 342.632 312.457 311.884 273.338 272.981 353.412 264.404 525.28 419.961 254.093 252.866 249.439 508.505 247.472 241.904 238.078 226.94 223.162 210.034 205.851 197.902 195.346 187.049 173.385 173.296 481.754 301.857 165.929 152.784 148.078 147.485
threshold=0.48789329826831823 0.14136780798435214 0.84640753269195568 0.96045470237731945 1.0023535490036013 0.94609045982360851 67.099567413330092 0.98444867134094249 -0.37147544324398035 0.3651451468467713 0.89444443583488475 -0.079197674989700304 0.95929375290870678 1.0000000180025095e-35 0.079677641391754164 0.69869837164878856 58.550062179565437 -0.058035090565681451 0.2704103291034699 0.23038917034864428 0.64993470907211315 47.690120697021491 1.5000000000000002 99.350620269775405 2.5000000000000004 0.89444443583488475 72.850124359130874 0.029267931357026104 0.9432528316974641 0.74369555711746227 1.074667811393738 0.013100647367537023 52.240802764892585 0.47620034217834478 0.85877087712287914 0.97739240527153026 0.29915052652359014 1.5000000000000002 1.0000000180025095e-35 0.079102426767349257 1.0522255301475527 84.240093231201186 1.5000000000000002 0.0021637976169586186 75.369602203369155 0.14641784876585009 0.91361889243125927 50.581396102905281 0.13000315427780154 1.0000000180025095e-35 0.65211600065231334 97.70084381103517 0.82412907481193554 0.37287624180316931 0.90157595276832592 1.5000000000000002 0.0537480115890503 98.275348663330092 0.0537480115890503 84.016807556152358 35.948717117309577 57.359306335449226
decision_type=2 2 2 2 2 2 2 2 2 2 8 2 2 2 2 2 10 8 2 2 2 8 2 8 2 8 2 2 2 2 2 2 8 2 2 2 2 2 2 8 2 10 2 2 10 2 2 2 2 2 2 2 2 2 2 2 8 2 8 8 2 2
left_child=1 5 6 4 10 8 25 15 -1 14 22 35 26 -7 23 20 -16 -12 55 -6 48 34 29 32 30 50 -4 46 -13 58 31 45 42 -17 -18 36 -11 39 51 47 59 -31 43 60 53 -25 54 -20 52 -33 -2 61 -8 -24 -28 56 -19 -57 -3 -15 -10 -39
right_child=2 3 12 -5 19 13 7 -9 9 11 17 28 -14 40 16 33 21 18 37 -21 -22 -23 44 24 -26 -27 27 -29 -30 41 -32 49 -34 -35 -36 -37 -38 38 -40 -41 -42 -43 -44 -45 -46 -47 -48 -49 -50 -51 -52 -53 -54 -55 -56 57 -58 -59 -60 -61 -62 -63
leaf_value=-0.17977767388617394 0.015848452338499425 -0.068453802011600853 0.10758547201410951 0.10103226899615553 -0.13860128898539578 -0.13231533335301424 -0.036793160346014812 0.1127070253929333 -0.0067274762676064401 -0.1587655201678394 -0.15010885696761289 -0.069567068376502075 0.11481355451744076 -0.15321411125911141 -0.075419196190448901 0.011683736496139066 -0.12973564132830565 -0.077980971966836343 -0.11612425572447294 -0.097375936009037697 0.035207051669738483 -0.15175565507494554 -0.094729432889741172 -0.15160604910290543 -0.17209155082793084 0.096874432251984138 0.072882312347339426 0.11294565216665675 -0.11843838388201972 0.019502549244789343 -0.18312229312957823 -0.098001363953937118 -0.17367437004214911 0.062437590911699051 -0.037413159863920575 -0.17974905888074863 -0.12273264551436523 -0.036155157342985876 0.064935724768197839 0.089032781491088259 0.10674400454280822 -0.12594379457549337 -0.16760469718347173 -0.14915594299241611 -0.12496222537228321 -0.12245163928877477 0.085588025835640735 0.036812484934562982 0.087203406235654243 -0.17292445451543606 0.068670346095996176 0.006046085879822985 -0.089508825122347646 -0.02624153052728961 0.036920723006913382 -0.098098442353816206 0.061186800084538431 -0.032478951712644921 0.08540759668776908 0.01784605050824738 -0.11932352718258532 -0.11699125793221093
leaf_weight=77064.177824378014 1189.9881988316774 91.618292912840843 10736.200575716794 1397.852875739336 6244.2486328035593 851.5342258810997 5249.0173865258694 2163.1764806360006 362.39903502166271 5596.7181868702173 380.63667754083872 3830.2110955417156 355983.50332084298 58.465021550655365 1448.5256809443235 5256.3780445829034 677.19793803989887 485.712028414011 184.12542773038149 8796.3295157104731 1163.7230356633663 12868.1726744771 1780.6506730169058 7491.515383452177 28833.073282435536 5183.8861214965582 3637.8816669881344 3759.3837625086308 2502.0214345902205 184.0849844366312 1376.4543888121843 3412.7752983868122 75346.20767301321 1573.0977509617805 609.16037039458752 2215.1309722661972 5299.2754580527544 614.58674568682909 727.84226135909557 888.3642345815897 371.35437154769897 340.86987543106079 5014.1183538287878 2895.459119617939 2479.3410532474518 4589.547564342618 9135.2537367492914 205.10899136960506 132.77506446093321 420.23240992426872 1941.4600100517273 632.20797622948885 811.64718244969845 513.85091343522072 2123.1791462153196 1057.462744385004 509.83732989430428 2079.8062695860863 298.30243846774101 488.29044821858406 172.34753511846066 356.69907356053591
leaf_count=311455 7330 460 86673 10729 25200 3456 26244 17486 1499 22466 1694 16765 2983078 266 6189 32241 2865 2355 1111 37419 7276 51577 7588 30070 116104 39965 25558 31327 10370 810 5541 13989 303566 10609 2711 8947 21381 3527 4459 5682 2598 1441 20189 11691 10471 18542 70955 1251 995 1696 13929 3796 4105 2505 14955 4821 2666 10256 1561 2695 701 1887
internal_value=0.0026979 -0.155361 0.108334 -0.075228 -0.0837678 -0.165304 0.0342418 0.0116339 -0.16621 -0.159871 -0.0503095 -0.128574 0.113076 -0.0414065 -0.164053 -0.00377773 -0.139249 -0.0224942 -0.0162198 -0.114491 -0.0289823 -0.145781 -0.0900243 -0.167032 -0.15868 0.0786939 0.0920342 0.0830846 -0.0888773 -0.0220081 -0.136314 -0.132265 -0.17163 0.0233744 -0.0860159 -0.147747 -0.141241 0.0145187 -0.00551864 0.0510823 0.0429102 -0.0749404 -0.153389 -0.13261 -0.103059 -0.14053 0.0755485 -0.0355335 -0.0410433 -0.106216 0.0485974 -0.0374986 -0.0438529 -0.0793916 0.059629 -0.0430617 -0.00671085 -0.054597 0.0492553 -0.000445556 -0.0430169 -0.0658417
internal_weight=684084 274044 410041 30249.5 28851.7 243794 24665.1 16349.8 242025 164961 13811.1 19443.4 385375 1769.64 145517 14186.6 15603.1 8122.39 7741.75 15040.6 7357.16 14154.5 5688.72 129914 46123.6 8315.33 29391.9 18655.7 6332.23 914.876 17290.5 15914.1 83790.5 6829.48 1286.36 13111.1 10896 3608.93 2331.34 1277.6 918.11 524.955 8444.32 3430.21 4773.84 12081.1 14896.3 389.234 6193.44 3833.01 3131.45 1603.49 6060.66 2294.5 5761.06 4132.82 995.549 3137.27 389.921 546.755 534.747 971.286
internal_count=4501744 1129018 3372726 141689 130960 987329 160180 98956 978314 666859 68341 79929 3212546 9015 586930 81470 63342 43505 41811 62619 38620 57153 24836 523588 185942 61224 229468 142795 27135 4272 69838 64297 337646 42850 5576 52794 43847 21713 13669 8044 5559 2251 34080 13891 20564 48612 111468 2362 31344 15685 21259 9210 30349 10093 40513 20098 5021 15077 2021 2961 2200 5414
is_linear=0
shrinkage=0.1


Tree=6
num_leaves=63
num_cat=0
split_feature=69 69 65 11 65 69 0 59 69 65 34 65 65 69 65 69 72 7 68 55 73 65 11 70 70 73 7 59 72 59 9 4 72 65 20 59 25 59 64 69 69 59 59 68 69 59 68 69 52 25 68 57 59 57 73 55 69 73 2 16 69 59
split_gain=970196 19593.1 16350.9 6083.35 3824.6 2960.12 2409.59 2249.15 1495.53 1440.81 1164.96 1070.97 824.155 899.638 746.712 629.622 558.814 546.292 528.723 523.903 485.925 420.225 378.138 589.895 358.624 294.345 279.909 278.978 276.135 276.118 269.397 262.31 256.404 244.677 223.22 199.901 197.832 193.216 241.94 192.138 191.928 190.347 188.09 187.828 181.549 173.881 168.258 159.05 173.642 189.965 288.782 156.661 156.547 150.403 148.698 148.432 145.561 141.709 193.712 159.06 140.942 301.162
threshold=0.48789329826831823 0.1046985797584057 0.89487832784652721 1.0000000180025095e-35 0.18928714096546176 -0.17549589276313779 50.352111816406257 0.94970616698265087 0.73820394277572643 0.27311302721500402 1.0023535490036013 0.96610558032989513 0.047570170834660537 -0.21138011664152143 0.99535465240478527 0.2704103291034699 -0.10131090879440306 72.04651260375978 0.94776034355163585 0.89444443583488475 -0.039813786745071404 0.94327107071876537 1.0000000180025095e-35 1.5000000000000002 1.5000000000000002 0.060391992330551154 78.456192016601577 0.13765959441661837 -0.10131090879440306 0.99538335204124462 0.18333333730697635 0.76257675886154186 -0.0082554668188095075 0.18928714096546176 0.886335849761963 0.92529723048210155 1.5000000000000002 0.99430277943611156 0.10212627053260805 0.2704103291034699 0.73820394277572643 0.28482554852962499 0.039602501317858703 0.99905985593795787 0.65211600065231334 0.053876198828220374 0.0076754512265324601 -0.11978236213326453 42.967033386230476 1.5000000000000002 0.00013260426203487444 82.353977203369155 0.1153191812336445 81.252204895019545 -0.0064181387424468985 0.58571431040763866 0.048177160322666175 0.14462500810623172 50.396825790405281 7.5000000000000009 0.048177160322666175 0.096100267022848143
decision_type=2 2 2 2 2 2 2 2 2 2 2 2 2 2 2 2 10 10 2 8 10 2 2 2 2 10 10 2 8 2 10 2 8 2 2 2 2 2 2 2 2 2 2 2 2 2 2 2 8 2 2 10 2 10 8 8 2 10 2 8 2 2
left_child=1 4 6 7 12 18 19 10 17 33 15 31 47 -14 16 28 -7 55 -6 36 -18 27 23 60 25 41 -10 -11 -3 35 -12 -4 46 45 -27 44 -2 38 -28 -32 -38 -22 -24 -16 -19 -5 -17 -1 49 50 -49 -29 53 -35 -34 -8 -43 59 -59 -30 -15 -62
right_child=2 3 11 9 5 14 8 -9 26 21 30 -13 13 22 43 32 20 29 -20 -21 24 -23 42 -25 -26 34 37 51 57 -31 39 -33 54 52 -36 -37 40 -39 -40 -41 -42 56 -44 -45 -46 -47 -48 48 -50 -51 -52 -53 -54 -55 -56 -57 -58 58 -60 -61 61 -63
leaf_value=-0.16708407733791719 0.086332836869639482 -0.13790430706706988 0.10535559543758617 -0.082237758089572816 -0.12903015801762469 -0.17642121769330285 -0.0067547436952847071 0.099299343083392055 0.076493270801251373 -0.03087649019119398 0.075274612122150447 0.11308320831728687 -0.16375243063933431 -0.11611282440669497 0.10084611915795064 -0.013852841394607846 -0.1626129589132603 -0.039431014363238259 -0.16637617286724693 0.091155054569733496 -0.10281396112109287 0.091407112727741963 -0.11808663549370715 -0.14447540351893143 -0.11941703409431781 -0.075384839121749092 0.00092420744315141164 -0.058215536694602416 -0.019225728003270708 0.11959351962498868 -0.14296425653523095 0.081330656601650564 -0.063844008740722061 0.0034282912646990851 0.079475281365982475 -0.10798065556176922 -0.021817657686396919 0.11801032140013737 0.03994964042450834 -0.077553927444593676 0.050682914931288708 -0.080398838344677356 -0.15095186020818324 -0.1237375220102255 -0.0065273686593426642 -0.13248081631485806 -0.20315519687491573 -0.025187992595425215 -0.16140940160358719 -0.15529737236539373 -0.13418397067371865 -0.089790884299788404 -0.11141394311272723 -0.088984828293345752 0.028561012209063444 0.066233851628611409 -0.046414545089811361 0.035835152967903287 -0.11378117282674534 -0.056256237459432937 -0.039345767641571251 -0.11479548155563767
leaf_weight=53083.43214020133 488.91168713569641 268.35888105630875 6859.2038872018456 737.47688131034374 6099.8815146237612 804.31030049920082 416.91372001171112 1443.0923978462815 1579.1438503414392 1263.3733553439379 79.416469499468803 332434.02542630583 25425.544856458902 5023.0375290066004 245.82937151938677 107.78159119188786 893.30382763594389 4818.8874043896794 10014.637189716101 5796.9281652793288 3225.500005364418 155.07863476127386 1903.1591098606586 9725.5903607606888 2733.2743439078331 172.97632466256618 2358.7551665008068 2138.5649953633547 2079.8830029815435 123.10355603694916 977.24633859097958 13467.24981764704 185.17572952061892 226.88737618923187 201.51737592369318 326.13113445043564 763.40089755505323 242.1947643533349 4865.3219823166728 830.90284787118435 699.89803656190634 7043.8994799330831 20484.734388813376 43.887786060571671 2571.8589204773307 10437.858603224158 83.195357516407967 286.57906310260296 73645.708599507809 4611.3973713219166 1601.4362632036209 5924.0358936339617 4979.2192882448435 786.94798849523067 2923.835085503757 839.9832800924778 1534.9938341453671 518.91416044533253 103.85583357512951 2622.5871003121138 856.45541104674339 1383.8403338491917
leaf_count=220115 3636 1094 59538 3004 24593 3291 2268 11711 11308 5689 400 3031363 105159 20195 1936 545 3663 23415 41521 47039 13029 1113 7761 39491 10974 796 15926 9306 9875 886 3975 110968 1068 1003 1031 1706 4488 1744 32666 3534 5411 29163 83411 197 14367 41965 388 1165 303742 18923 6543 24694 20002 3173 18725 5769 6639 2634 467 12334 3598 5684
internal_value=0.00282732 -0.142035 0.106091 -0.0763514 -0.153086 -0.121575 0.0293878 -0.0179428 0.00945017 -0.103144 -0.0336361 0.111721 -0.158339 -0.149089 -0.0923352 -0.0184923 -0.0951113 -0.0191797 -0.152239 0.076066 -0.0909736 -0.0718544 -0.139622 -0.128372 -0.0866821 -0.0793355 0.0382429 -0.0745692 -0.038929 -0.0289917 -0.104989 0.0894379 0.0161488 -0.120423 0.00794635 -0.031362 0.0312601 0.0301528 0.0272073 -0.112906 0.0128595 -0.0821045 -0.148158 0.0668251 -0.0279811 -0.129165 -0.0963187 -0.162839 -0.160027 -0.144358 -0.11764 -0.0814157 -0.104121 -0.0683036 0.0230573 0.0420235 -0.0743181 -0.0339413 0.0108845 -0.0398778 -0.10681 -0.0859514
internal_weight=648571 269919 378652 38873.7 231045 33014 25891.4 12224.2 18142.3 26649.4 10781.2 352760 198031 64802.4 16899.5 8893.59 16609.8 9096.88 16114.5 7749.14 15805.5 9481.05 39376.8 16988.9 14912.2 12178.9 9045.42 9325.97 5593.6 7839.98 1887.57 20326.5 3299.99 17168.4 374.494 7716.88 1952.21 7466.27 7224.08 1808.15 1463.3 11804.4 22387.9 289.717 7390.75 11175.3 190.977 133229 80145.1 6499.41 1888.02 8062.6 5993.05 1013.84 3109.01 1256.9 8578.89 5325.24 622.77 4702.47 7263.33 2240.3
internal_count=4501817 1129319 3372498 176699 952620 136833 170629 66750 110055 109949 55039 3201869 815787 265299 70719 47130 68586 48411 66114 60574 65295 40802 160140 68968 61632 50658 61644 39689 26404 40374 7909 170506 20726 69147 1827 39488 13535 50336 48592 7509 9899 48831 91172 2133 37782 44969 933 550488 330373 26631 7708 34000 24178 4176 19793 8037 35802 25310 3101 22209 29477 9282
is_linear=0
shrinkage=0.1


Tree=7
num_leaves=63
num_cat=0
split_feature=69 69 69 11 69 11 11 59 59 7 59 69 34 25 51 69 11 70 69 59 69 69 34 2 72 69 69 72 1 71 68 68 73 59 59 68 59 49 10 27 68 59 59 69 68 69 59 73 71 68 73 56 59 69 69 68 59 52 52 59 34 34
split_gain=830986 21182.8 10634.9 4037.21 2868.38 3065.46 2219.16 1557.02 1531.05 1294.67 877.6 859.941 848.298 839.809 867.155 814.853 843.197 1326.64 712.647 710.039 686.201 570.137 558.783 453.724 420.8 389.678 375.902 271.122 262.432 279.716 255.43 355.97 256.601 250.549 249.414 243.726 246.738 237.291 225.549 215.991 192.368 188.997 188.339 183.961 183.281 175.489 187.065 169.447 159.621 157.62 154.736 153.783 152.676 151.678 146.964 145.366 153.45 192.482 141.57 134.556 132.943 130.829
threshold=0.54448062181472789 0.16536848992109301 0.89250019192695629 1.0000000180025095e-35 0.054389383643865592 1.0000000180025095e-35 1.0000000180025095e-35 0.366000846028328 0.95286333560943615 1.0000000180025095e-35 0.92529723048210155 0.97009059786796581 1.0283354520797732 1.5000000000000002 97.97959136962892 -0.55426308512687672 1.0000000180025095e-35 2.5000000000000004 0.77125313878059398 0.91865006089210521 0.31815157830715185 1.0000000180025095e-35 1.0023535490036013 70.678733825683608 -0.10131090879440306 0.31815157830715185 -0.097895689308643327 -0.10131090879440306 68.457099914550795 0.017570495605468753 0.96634739637374889 0.086708087474107756 -0.01147252321243286 0.17260002344846728 0.20289998501539233 0.74909621477127086 0.030306419357657436 0.90454545617103588 1.0000000180025095e-35 1.5000000000000002 0.13000315427780154 0.10220175608992578 0.88120171427726757 0.77125313878059398 0.42402729392051702 0.015972190536558632 0.16346291452646258 -0.01147252321243286 0.9432528316974641 0.0024763147812336688 0.12462434172630311 0.88194444775581371 0.70268464088439953 0.09137942269444467 0.92990034818649303 0.19133670628070834 0.12969446927309039 48.331480026245124 45.773809432983406 0.95812162756919872 1.0023535490036013 0.23908293992280963
decision_type=2 2 2 2 2 2 2 2 2 10 2 2 2 2 2 2 2 2 2 2 2 2 2 2 8 2 2 8 2 2 2 2 10 2 2 2 2 10 2 2 2 2 2 2 2 2 2 10 2 2 10 8 2 2 2 2 2 10 10 2 2 2
left_child=1 4 6 8 7 10 13 15 12 39 22 28 24 -2 23 -1 17 26 34 30 37 47 27 -15 49 -26 -17 -6 -4 54 31 -11 -33 58 -8 36 -7 55 -14 -9 42 -19 -36 -25 -35 46 -28 -21 61 -3 -23 -16 -27 -38 -30 56 57 -5 -22 -56 -47 -29
right_child=2 3 11 20 5 35 18 9 -10 19 -12 -13 38 14 51 16 -18 41 -20 21 33 50 -24 43 25 52 45 48 29 -31 -32 32 -34 44 40 -37 53 -39 -40 -41 -42 -43 -44 -45 -46 60 -48 -49 -50 -51 -52 -53 -54 -55 59 -57 -58 -59 -60 -61 -62 -63
leaf_value=-0.15698845062294664 0.10160719497173427 -0.037610798857819254 0.10693171288414366 0.0097825865973986629 -0.15187080947635737 -0.071178495833692165 0.038023351105438551 -0.14830009943038108 0.10038822730906161 -0.1526040439379808 0.070062978633164921 0.11159971838104893 0.08544688310391868 0.057034870334137178 0.042634448630417182 -0.13178211867444248 -0.15063799554482252 -0.15035011506987073 0.040817957123455026 -0.15833388787101499 0.055104593031107242 -0.020288840434236493 -0.13840890608618439 -0.030945793140696801 -0.015054232110176577 0.0444936302730847 -0.12168366967258376 -0.12073899225033945 0.063329036371093148 0.10942254183190121 -0.15608171665092152 -0.15384043659373597 -0.095667986772890845 -0.065179029762681168 -0.01458786106698824 0.044194782114266945 -0.13861578706566247 0.0042246838653395829 -0.087268064255892758 -0.075000711835309264 0.083631111702154717 -0.13047132532520916 -0.078258749299477168 0.020010970785847224 0.06800136154422147 -0.081299736376763743 -0.094292205251174432 -0.08449754567989233 -0.098448564361536317 -0.17459729161466342 0.10616978888689051 0.093114389538579867 -0.013658533641774086 -0.12302329757588966 0.093302226141429606 0.01994477160992025 -0.10265101861999455 -0.083587329819007933 -0.031156872051329013 0.067471992579736559 -0.14905789546412215 -0.040808049654724766
leaf_weight=59886.122443556786 5335.638247795403 164.31166088581085 8866.7479011416435 251.32634730637074 272.78064507246017 704.30722679197788 956.47607745975256 432.69930346310139 1363.2397147789598 3561.5346465110779 512.76660937815905 292867.00761649758 79.505693703889847 2412.4740268960595 720.66056959331036 9369.9097316116095 63884.280779510736 27490.166745275259 4869.7531416267157 501.67438985407352 223.36482232809067 444.08858975768089 913.08117036521435 1233.1396894156933 3612.0663509294391 2440.1347157731652 7374.9689881503582 213.64439788460732 4098.3424882143736 3937.9273594841361 6678.8859717696905 996.15060248970985 3175.3295532017946 7060.3065818473697 5140.4777535796165 80.991505734622478 13107.636380791664 244.37891839444637 1543.1659912914038 5667.815547555685 183.73207668215036 5790.0591438412666 510.73485856503248 1665.1395148187876 104.86751881986856 3339.253207936883 3766.5719473510981 816.93280939757824 604.4858528226614 171.83926491439342 123.71493129432201 3711.8842151537538 553.98042524605989 11904.921006053686 7006.4332268163562 108.05617763102055 8393.4982061088085 1817.096866518259 1283.525712184608 2831.8263242170215 317.05619092285633 4931.698469877243
leaf_count=258253 47971 773 84564 1101 1106 2906 5490 1801 12288 15149 3501 2912643 432 18551 5457 38870 272362 117124 35840 2102 1204 2338 3743 6818 18638 16838 30513 880 33618 38619 28694 4154 13101 30270 27811 439 54628 1116 6526 23119 1564 23974 2703 11727 835 13569 15153 3349 2491 732 877 31806 3731 48601 63459 584 33757 7341 5701 26079 1319 21253
internal_value=0.00284397 -0.129983 0.104964 -0.0499463 -0.139923 -0.112689 0.0443827 -0.144369 0.00195624 -0.119496 -0.0561779 0.110032 -0.0137106 0.0697164 0.0522524 -0.147444 -0.142733 -0.133942 0.011624 -0.134205 -0.0763904 -0.0765136 -0.0655111 0.0249975 0.00150446 0.00705809 -0.116109 -0.0544592 0.0928663 0.0858891 -0.141757 -0.129384 -0.10956 -0.0554349 -0.00930938 -0.129005 -0.129551 -0.0931947 -0.0788056 -0.0801997 -0.0170683 -0.146892 -0.0203422 -0.00166976 -0.0632298 -0.106185 -0.112424 -0.112589 -0.0498378 -0.107638 0.00726439 0.0849072 0.0337341 -0.131194 0.0792395 -0.0954471 -0.0966389 -0.0722423 -0.0183704 0.0858673 -0.0871754 -0.0441269
internal_weight=612627 266278 346348 29414.7 236864 33246.3 26740.1 203617 9928.24 22398.8 7448.46 319608 8565 15078.9 9743.3 181218 121332 57448 11661.2 16298.3 19486.4 1886.41 6935.69 5310.75 6942.33 6606.18 24167.8 6022.61 26741.3 17874.5 14411.9 7733.01 4171.48 8672.06 6791.42 25797.9 25716.9 10814.4 1622.67 6100.51 5834.94 33280.2 5651.21 2898.28 7165.17 14797.9 11141.5 1318.61 5749.83 336.151 567.804 4432.54 2994.12 25012.6 13936.6 10570 10461.9 2068.42 1506.89 9838.26 3656.31 5145.34
internal_count=4501956 1147236 3354720 141867 1005369 139548 195738 865821 59958 94684 32974 3158982 47670 122330 74359 771137 512884 240522 73408 69764 81909 8666 29473 37096 40712 39207 99424 25730 246339 161775 61098 32404 17255 38010 37568 106574 106135 43899 6958 24920 32078 141098 30514 18545 31105 60554 45666 5451 24624 1505 3215 37263 20569 103229 123156 42783 42199 8442 6905 89538 14888 22133
is_linear=0
shrinkage=0.1


Tree=8
num_leaves=63
num_cat=0
split_feature=69 69 65 11 65 69 1 65 65 69 69 65 25 73 9 71 70 65 11 3 71 68 59 3 69 65 7 49 34 55 59 33 65 65 1 59 27 59 34 72 59 17 0 69 68 59 0 64 59 52 2 59 59 25 0 71 71 22 71 18 71 65
split_gain=715876 19286.8 12456.8 4496.84 3777.53 3116.66 1960.01 1855.32 1450.93 1081.96 794.206 784.461 712.24 1095.58 772.386 797.525 668.527 625.094 618.07 567.329 440.065 412.728 398.79 393.662 355.641 457.556 347.239 316.762 313.742 308.508 296.407 272.916 228.48 220.042 218.312 212.596 212.133 212.015 211.899 199.86 195.082 193.335 186.389 178.534 177.643 164.856 197.013 161.653 259.951 159.855 155.407 149.625 148.484 144.269 141.951 282.586 141.558 139.056 135.846 135.486 133.015 132.942
threshold=0.54448062181472789 0.1046985797584057 0.91872718930244457 1.0000000180025095e-35 0.14420017600059512 -0.21138011664152143 54.692083358764656 0.96264526247978222 0.27311302721500402 0.77125313878059398 0.042788691818714149 0.97369471192359935 1.5000000000000002 0.072898447513580336 0.15476191043853763 0.50746119022369396 1.0000000180025095e-35 0.95453548431396495 1.0000000180025095e-35 67.179485321044936 0.96879127621650707 0.9207158386707307 0.98533570766448986 44.722221374511726 -0.55426308512687672 0.039904469624161727 74.64676666259767 0.90454545617103588 0.23908293992280963 0.89444443583488475 0.096100267022848143 0.48084075748920446 0.2999835759401322 0.93615427613258373 69.631092071533217 0.99061894416809093 1.5000000000000002 0.060934530571103103 0.56108394265174877 -0.80886477231979359 0.026196922175586227 1.0000000180025095e-35 99.51456451416017 0.19444286823272708 0.99265149235725414 0.61819371581077587 78.979854583740249 0.092664152383804335 0.99341988563537609 48.331480026245124 75.162338256835952 0.27164700627326971 0.90157595276832592 4.5000000000000009 92.893215179443374 0.20028334856033328 0.68545213341712963 1.0000000180025095e-35 0.9432528316974641 2.5000000000000004 0.33311556279659277 0.86103364825248729
decision_type=2 2 2 2 2 2 2 2 2 2 2 2 2 8 10 2 2 2 2 2 2 2 2 2 2 2 10 10 2 8 2 2 2 2 2 2 2 2 2 8 2 2 2 2 2 2 2 2 2 10 2 2 2 2 2 2 2 2 2 8 2 2
left_child=1 4 6 7 10 21 29 12 37 26 24 34 13 23 15 28 17 58 30 38 51 -6 32 -3 -1 -26 60 33 -14 57 -12 47 -21 45 -4 50 -17 49 -16 -15 -20 -41 43 -39 -22 46 53 48 -11 -5 -28 -18 -32 -10 55 -30 -27 -2 -7 -59 -8 -49
right_child=2 3 11 8 5 16 9 -9 27 31 18 -13 14 39 19 36 20 -19 40 22 44 -23 -24 -25 25 56 35 -29 54 -31 52 -33 -34 -35 -36 -37 -38 42 -40 41 -42 -43 -44 -45 -46 -47 -48 61 -50 -51 -52 -53 -54 -55 -56 -57 -58 59 -60 -61 -62 -63
leaf_value=-0.14870404954793606 0.092071375098068647 -0.11767984751301873 0.10389619081493529 0.028156286069429923 -0.11445296097314035 -0.056307337577100817 0.045634603574321524 0.10117143079010733 -0.030786035611538212 0.0056696794274406406 -0.032349776807754853 0.11017105622882434 -0.12148962662586307 -0.2073089942336325 -0.093804374808577812 -0.170039944155815 -0.091845895138960021 0.034048780184812111 -0.071489757753663438 -0.12959169901407719 -0.10316070932968853 -0.14720982792393819 0.11414679602192633 -0.0036139271205461346 -0.14215075657632145 -0.11827550080717696 0.008886982076085707 0.026738684979179046 0.042770348165838176 0.091729072853639737 -0.10984025327170635 0.074907686973096174 -0.07029617735516408 0.083070789585407048 0.081258896730019861 0.11196878702015012 -0.053476589122762277 -0.11121959053314889 -0.0070691445516561507 -0.015397950225148055 -0.12932975482387662 0.086005572462851732 0.032260442699078823 -0.088326598601039641 -0.1469553204936663 -0.087150544230728891 -0.065743004427475188 0.028903944759740608 0.11253386965456486 -0.07460689313159112 -0.025665327240232422 -0.064295864530228522 0.12628659516352145 -0.10494959877803918 0.060630849682285083 -0.043398392189466443 -0.13428364517304428 -0.0092876748706997511 -0.092752203593909371 0.054983518325065754 -0.22919640556788323 0.061973716471119281
leaf_weight=52334.136051163077 451.06526586413383 537.16610947996378 6508.2180332392454 176.34778712689877 5731.0823961049318 4762.6759504526854 1233.171588934958 1338.5238273516297 3603.264368750155 2693.0519156008959 996.24231162667274 274607.43634768575 141.65268059074879 25.712999820709229 346.65847478061914 178.67794468253851 3382.0206979960203 726.08039802312851 598.74764241278172 1409.6642092615366 5661.4340109229088 11696.813035517931 88.021828979253769 692.75787210464478 77334.246194645762 11671.560440674424 1701.9169547110796 468.77029936015606 1117.4740710780025 5522.32649089396 1269.2709634900093 1964.8071632534266 1205.6050378605723 110.73848051577806 12333.480982720852 129.01074779033661 1237.16308478266 10519.551781728864 1502.4059074446559 214.38353390991688 22346.856289356947 1528.9320320934057 101.32952000200748 5038.0373003035784 1107.3702352643013 1707.7071453183889 5372.1058422774076 2598.0436854735017 248.64496359229088 1068.9159217327833 5535.7280205637217 4726.1353132873774 27.201815873384476 282.88801154494286 1020.5773021578789 577.1455872580409 10487.683341085911 566.67898715287447 1302.457332983613 778.69476363807917 17.865508481860161 2284.5746067166328
leaf_count=236858 3967 2638 66958 785 24162 19614 8342 13011 15448 20172 4122 2979600 677 113 1868 783 13819 4564 2552 5922 23191 52688 628 3670 344272 50111 9526 2434 6341 52285 5266 15761 5547 875 119609 1047 5705 43346 8115 1260 96631 10144 410 20317 4867 7193 22335 18014 2046 4364 28812 19111 110 1223 5927 2861 45640 4120 5267 6103 140 18612
internal_value=0.0028624 -0.121087 0.102967 -0.0587438 -0.133089 -0.104956 0.0362449 -0.0104143 -0.0811039 0.0188398 -0.1393 0.108817 -0.0230462 0.0190559 -0.0373535 -0.00681654 -0.079634 -0.0536365 -0.122874 -0.0660145 -0.0915017 -0.136438 -0.0952109 -0.0534319 -0.142031 -0.138521 -0.0070002 -0.0537779 0.0235983 0.080019 -0.0733672 0.0415876 -0.102257 -0.0571854 0.0890782 -0.0152724 -0.0681868 -0.0997675 -0.0233301 0.0694534 -0.12782 0.0735355 -0.102926 -0.103806 -0.110325 -0.0586018 -0.0533359 0.0332204 0.0147023 -0.0600541 -0.0175404 -0.0757874 -0.104886 -0.0361847 0.0311675 0.0134234 -0.125852 0.0440218 -0.0641337 0.0279121 0.0417099 0.0443773
internal_weight=576949 257774 319175 41612.2 216162 39096.1 25725.6 13162.5 28449.7 18406.8 177066 293449 11824 2998.95 8825.05 4272.69 21668.2 6791.21 25238.3 4552.36 14877 17427.9 2703.29 1229.92 151828 99493.5 8617.69 11545.5 2856.85 7318.77 2292.72 9789.12 2615.27 11076.7 18841.7 7366.66 1415.84 16904.2 1849.06 1769.03 22945.6 1743.32 15658.9 15557.6 6768.8 10966 9258.26 7824.32 2941.7 1245.26 7237.64 8108.16 1296.47 3886.15 2715.2 1694.62 22159.2 1796.44 6065.13 1345.37 1251.04 4882.62
internal_count=4501899 1146785 3355114 193940 952845 167283 188947 75210 118730 122472 785562 3166167 62199 17825 44374 22294 90433 29445 108681 22080 60988 76850 12097 6308 676881 440023 47867 49508 15806 66475 9498 74605 11469 47074 186567 39385 6488 69222 9983 11517 99183 11404 64073 63663 28058 46199 39006 58844 22218 5149 38338 32930 5376 16671 15129 9202 95751 14190 24881 10223 8482 36626
is_linear=0
shrinkage=0.1


Tree=9
num_leaves=63
num_cat=0
split_feature=69 69 65 65 11 69 1 65 65 69 69 11 65 69 69 71 65 34 65 7 69 65 9 68 74 2 73 73 34 71 18 20 65 71 68 57 4 71 57 69 2 73 55 0 7 2 57 0 1 73 19 18 71 65 72 71 57 53 35 72 34 15
split_gain=618684 18024 12353.9 3753.44 3603.21 3059.24 1788.51 1628.53 1314.47 1099.15 812.72 779.116 692.172 683.703 579.183 429.373 423.233 385.627 336.479 335.603 326.555 416.878 304.818 298.857 296.102 521.662 411.23 263.63 258.624 234.189 234.099 232.105 223.053 217.694 213.426 212.923 194.331 174.161 167.324 165.969 161.038 152.802 147.282 146.242 137.267 135.987 132.186 131.659 168.475 416.434 306.455 278.564 146.301 131.641 122.364 119.917 119.539 118.806 117.323 117.136 125.271 152.858
threshold=0.54448062181472789 0.1046985797584057 0.92841586470603954 0.13290768861770633 1.0000000180025095e-35 -0.25445331633090967 52.240802764892585 0.96264526247978222 0.22847542911767962 0.80084347724914562 0.034061813727021224 1.0000000180025095e-35 0.97905978560447704 -0.011664288118481634 0.2704103291034699 0.96879127621650707 0.87868806719779979 1.0283354520797732 0.39993983507156378 72.776679992675795 -0.55426308512687672 0.035392517223954208 0.89444443583488475 0.9207158386707307 1.0000000180025095e-35 47.165775299072273 0.035264730453491218 0.072898447513580336 1.0023535490036013 0.33311556279659277 inf 0.49812182784080511 0.95886832475662243 1.0012386441230776 0.98928901553154003 82.680995941162124 0.76257675886154186 0.7992122769355775 80.883197784423842 0.77125313878059398 80.243904113769545 -0.16097038984298703 0.90454545617103588 92.705101013183608 68.863315582275405 99.48453521728517 81.252204895019545 98.529094696044936 53.907203674316413 0.0537480115890503 0.23172140866518023 inf 0.2855892032384873 0.39993983507156378 0.089018024504184737 0.2855892032384873 65.772167205810561 99.134181976318374 2.5000000000000004 -0.10131090879440306 0.62156865000724804 1.0000000180025095e-35
decision_type=2 2 2 2 2 2 2 2 2 2 2 2 2 2 2 2 2 2 2 10 2 2 8 2 2 2 8 10 2 2 8 2 2 2 2 10 2 2 8 2 2 10 10 2 8 2 8 2 2 8 2 8 2 2 10 2 8 8 2 8 2 2
left_child=1 3 6 10 7 23 22 14 46 19 20 28 36 15 17 53 37 33 35 55 -1 -22 39 -5 25 26 56 41 -12 57 -28 -11 -20 47 -17 58 -4 43 42 -2 -21 -18 -13 -15 -27 -30 -6 48 49 -3 -50 -51 -52 -7 -43 -8 -16 -23 -10 -46 61 -61
right_child=2 4 12 5 8 13 9 -9 18 31 11 38 -14 16 24 34 27 -19 32 40 21 29 -24 -25 -26 44 30 -29 45 -31 -32 -33 -34 -35 -36 -37 -38 -39 -40 -41 -42 54 -44 -45 59 -47 -48 -49 50 51 52 -53 -54 -55 -56 -57 -58 -59 -60 60 -62 -63
leaf_value=-0.14191927926289002 0.02625823138353894 -0.065982671321516834 0.10397351567500308 -0.11028703929917023 -0.068277737732253971 -0.080467426975085674 0.050079302130990599 0.099358659858675646 -0.062066550619387907 0.074758593509709301 -0.047923099717248112 -0.10445166027171343 0.10907115035163964 -0.063693733283159318 -0.085047725601412549 -0.097372132327362027 -0.14966580846739569 -0.098418460580583525 -0.036008593470692886 0.011296627262201608 -0.1354008044869166 -0.11837017579346523 0.094717909365316239 -0.14054825440835331 0.058429931379273582 0.047972610532713539 0.066794650597645319 0.09338430851076733 -0.13881187034072562 -0.12427735262482985 -0.048864105013005837 0.036699000334157586 0.092314663910023742 -0.096346130500358465 -0.14156388361751929 -0.073657855115704551 0.083004332936275793 -0.08631570253749489 -0.12477388738703368 0.074929254655424049 -0.01845232077918137 -0.021715255490383816 -0.0031743893869144689 -0.026983994927369165 -0.13406512117905572 -0.0071582482637435677 -0.098702846555568879 0.0053787114821936969 -0.11192198729040857 0.05093110021635841 0.0017759650262490379 -0.081137482824261878 -0.058788830703868505 -0.053206933355902424 0.10108769859758129 -0.16225932894283412 0.0067460894118667354 -0.082715426584459406 -0.01789595931478144 -0.10144214996337034 -0.055664087331350157 0.059878696711702997
leaf_weight=48506.43112154305 1285.4387075006962 809.36001005768776 6540.5994325056672 4567.1886870115995 1617.6956482976675 5956.8176656514406 1236.6730490401387 1243.4616772010922 1142.1443458497524 2043.5250258743763 2008.0398197770119 2610.857393682003 247009.43149961531 3372.6087821722031 328.22292577475309 6104.8991222530603 85.678653195500374 973.71756620705128 5475.9351085945964 2587.2797364071012 67306.062330439687 1550.5082644820213 4486.4021155610681 11433.679289028049 849.05826339870691 152.38352856040001 1439.012079834938 245.73114156723022 561.0355229228735 15549.827987313271 199.23049356788397 7421.9861077144742 138.89160756766796 459.93434809148312 1331.1529086977243 6421.2613062560558 13628.442334719002 2084.6139496564865 25830.782751858234 1539.9966720342636 6132.9153984412551 873.26198033243418 151.94762429594994 1600.039326608181 154.7098014652729 91.212205871939659 12176.158902794123 1145.9655415713787 612.40227979421616 926.66329342871904 792.4772461950779 192.96460753679276 802.9816108122468 2521.1709545850754 89.451948322355747 27.181051000952721 249.86614530533552 2352.4745201319456 1269.9702326208353 80.744175046682358 1401.1572068482637 215.49917370080948
leaf_count=232077 9390 3621 73468 20049 6718 24606 8902 13075 4636 17669 8255 11586 2929853 13736 1984 25540 378 4166 23803 14961 315149 6958 46669 54391 5814 875 10472 1829 2451 70369 1306 60103 1201 1973 6206 25911 145618 8473 117073 15241 33131 4013 654 6581 672 377 50923 5439 2638 4714 3669 891 3608 10208 744 194 1563 10213 5368 497 6862 1479
internal_value=0.00298017 -0.113322 0.101128 -0.125365 -0.0529855 -0.097967 0.0363516 -0.00948474 -0.0730551 0.0205009 -0.13199 -0.117456 0.107617 -0.0755843 -0.0209677 -0.0877441 -0.0524129 -0.0402273 -0.0519754 -0.00264598 -0.135348 -0.131674 0.0785147 -0.131911 0.00454692 -0.00629215 0.0271413 0.000157367 -0.0656932 -0.11878 0.0527291 0.0449157 -0.0328343 -0.0303607 -0.105283 -0.0641423 0.0898044 -0.062053 -0.122272 0.0527863 -0.00962582 -0.021694 -0.0988817 -0.0518817 -0.0432589 -0.120401 -0.0951347 -0.0246158 -0.0329247 -0.0113347 -0.0517878 0.0281695 -0.0287058 -0.0723607 -0.0103048 0.0455126 -0.0453719 -0.0968797 -0.0388109 -0.050765 -0.0431726 0.015909
internal_weight=541997 248057 293940 206785 41271.9 40266.3 26761.4 13029.8 28242.1 19449.6 166519 31253.9 267178 24265.4 11786.4 15914 8351.39 6716.47 14448.2 9984.05 135265 86758.9 7311.84 16000.9 5069.88 4220.83 2216.33 1294.12 2660.29 19452.8 1638.24 9465.51 5614.83 5742.75 7436.05 8833.38 20169 7057.26 28593.6 2825.44 8720.2 1048.39 2762.81 4972.65 2004.49 652.248 13793.9 5282.81 4136.85 1928.99 2207.86 1119.63 1595.46 8477.99 962.714 1263.85 578.089 3902.98 2412.11 1852.11 1697.4 296.243
internal_count=4500993 1145794 3355199 951916 193878 176754 206260 75318 118560 134960 775162 140396 3148939 102314 62243 66560 35754 30719 60919 57188 634766 402689 71300 74440 31524 25710 15325 6964 11083 87540 11778 77772 25004 26553 31746 35915 219086 28790 129313 24631 48092 5135 12240 20317 10385 2828 57641 24580 19141 9226 9915 5605 7277 34814 4757 9096 3547 17171 10004 9510 8838 1976
is_linear=0
shrinkage=0.1


Tree=10
num_leaves=63
num_cat=0
split_feature=69 69 69 11 69 68 11 59 69 11 70 69 25 51 69 69 34 69 68 59 2 73 69 59 59 72 49 69 34 73 18 72 69 9 1 71 59 72 9 59 72 72 59 71 68 8 59 73 69 57 73 69 25 73 15 1 74 69 59 59 71 71
split_gain=537520 16750.8 10823.8 3352.19 2127.84 2546.29 1726.54 1509.06 1352.19 1142.95 2024.32 979.403 757.932 799.015 730.249 611.336 601.631 455.306 417.92 400.919 353.639 335.682 300.218 270.436 266.041 260.664 257.15 239.268 288.5 233.172 224.86 222.404 210.187 206.992 199.47 215.15 187.449 183.281 179.23 176.713 175.585 162.999 162.355 156.343 153.8 153.478 150.907 147.69 143.692 139.494 137.843 137.396 135.913 367.636 177.215 260.939 186.53 132.975 132.093 129.394 128.637 124.395
threshold=0.54448062181472789 0.09137942269444467 0.91361889243125927 1.0000000180025095e-35 -0.37147544324398035 0.3945604413747788 1.0000000180025095e-35 0.96451142430305492 0.23038917034864428 1.0000000180025095e-35 1.5000000000000002 -0.048427304252982133 1.5000000000000002 97.97959136962892 0.97391894459724437 0.77125313878059398 1.0023535490036013 0.31815157830715185 0.96634739637374889 0.074122425168752684 65.058139801025405 0.10757997632026674 0.042788691818714149 0.9861450493335725 0.29915052652359014 -0.058035090565681451 0.81666666269302379 0.017650300636887554 1.0023535490036013 -0.072263628244400011 8.5000000000000018 -0.10131090879440306 0.37287624180316931 0.18333333730697635 72.850124359130874 0.017570495605468753 0.053876198828220374 -0.019945383071899411 0.95454546809196483 0.20289998501539233 -0.02887378633022308 0.10749923065304758 0.026196922175586227 0.91420617699623119 0.62977331876754772 93.982490539550795 0.19278004765510562 -1.0000000180025095e-35 0.77125313878059398 84.433155059814467 -0.01147252321243286 0.23038917034864428 1.5000000000000002 0.0537480115890503 1.0000000180025095e-35 53.907203674316413 1.0000000180025095e-35 0.16536848992109301 0.95286333560943615 0.096100267022848143 0.46609540283679968 0.6507437825202943
decision_type=2 2 2 2 2 2 2 2 2 2 2 2 2 2 2 2 2 2 2 2 2 10 2 2 2 8 10 2 2 10 8 8 2 8 2 2 2 8 8 2 10 10 2 2 2 10 2 8 2 10 10 2 2 8 2 2 2 2 2 2 2 2
left_child=1 4 6 7 -1 9 12 16 36 10 23 18 -2 20 34 39 17 31 24 -12 -14 29 -11 25 -7 -6 32 46 61 -13 51 -3 59 -22 -4 58 49 -19 45 -8 -31 -42 -24 47 57 -15 -27 -33 -35 -5 -26 -18 53 -49 55 -54 -57 -38 -36 -10 -56 -29
right_child=2 3 14 8 5 11 15 -9 26 22 19 21 13 38 -16 -17 30 37 -20 -21 33 -23 42 -25 50 27 -28 28 -30 40 -32 43 -34 48 35 -37 44 -39 -40 -41 41 -43 -44 -45 -46 -47 -48 52 -50 -51 -52 -53 54 -55 60 56 -58 -59 -60 -61 -62 -63
leaf_value=-0.13478135749127843 0.094907944367234418 -0.10369948836653242 0.10186225661682793 0.0022495156351851663 -0.12954800493656929 -0.10439491031023136 0.033102349956739878 0.097148491686123106 -0.016200681398334259 -0.12967789937312713 -0.12774483597208347 -0.12483802766798323 0.05546926821475117 0.061671516852103515 0.1077484619171921 0.036621183752937457 -0.11293837740668461 -0.080536350303782644 -0.13082036357574503 -0.10222207190756541 0.094841395817317986 0.073693195025296213 -0.059632560699135521 0.18866113479232915 -0.13312432192060406 -0.092025641808117745 0.023744026981845311 -0.041719611842350679 -0.12259449763149172 -0.15014321628480709 0.013262208636484057 -0.074492580978389886 -0.035915966069714249 -0.028268098139956954 0.082995786680527248 0.10576670546375014 -0.099218061996932061 0.028170938337483287 0.098530251884623402 -0.014294401996097807 -0.039335007281778918 0.077565209287793591 -0.11637684470335002 -0.067004635466907964 0.044057654518457889 -0.16363203554529016 -0.064148022537199048 -0.039739218631140424 0.013737963487774044 -0.072988196093114216 -0.065846692599932352 -0.058448402229663403 -0.0058340489491419531 0.059366188978718704 0.019202800469027344 -0.10834884502691898 -0.02173536822368868 -0.079584802780235428 0.060093561352880437 -0.064784496024798729 -0.027225855911087254 -0.082552325460602538
leaf_weight=61667.96621632576 4909.0452106446028 333.90770316123962 7159.3602466508746 351.0891921967268 883.64674688875675 3531.9640141278505 908.42283454537392 1188.7510476708412 595.91715744137764 50692.585717976093 21581.584139108658 344.73269587010145 2081.7740251794457 2186.5226504951715 221824.71466246992 5642.5008374527097 777.59338586032391 164.06703940033913 2243.9073103815317 8610.0143217891455 234.46667548269033 248.07508223503828 518.80486667156219 38.472211703658104 322.45932891964912 6382.0431170165539 495.67546532303095 4030.1103464961052 602.06510157883167 139.27555450797081 294.99086316674948 397.59926573187113 6156.7836511060596 1314.9473417252302 7238.5963557288051 2864.6036612689495 10326.505089879036 2836.5604711025953 2269.9875883162022 5867.3181812688708 4343.633268147707 122.64394792169333 17936.340166136622 647.8189617022872 82.722415380179882 30.658866472542286 2790.9315392822027 685.13954492658377 2139.0769499614835 826.60687638819218 5480.3171659559011 1142.8619223460555 1041.2926800921559 825.03003446757793 1323.5026894509792 670.36569043248892 395.24210155010223 5180.2981742471457 3862.0544050484896 6844.7522906810045 1086.7541511133313 915.58344098925591
leaf_count=311986 55172 1392 87643 1502 3978 15886 5409 13088 2479 250444 106049 1535 19368 20591 2878322 47128 3365 827 11122 38846 1927 1757 2336 159 1409 28601 2519 16695 2753 607 1424 1752 26331 7003 78801 36547 45315 20728 24833 32038 18128 848 84601 2813 515 234 11459 3084 16564 3530 22697 4735 5106 4675 6557 2926 1792 21515 43107 27835 4950 3730
internal_value=0.00287538 -0.106704 0.0993167 -0.051511 -0.11945 -0.112275 0.0399555 -0.0105634 -0.0698369 -0.117585 -0.105339 -0.0758815 0.0625937 0.0471286 0.106057 0.0123074 -0.0207073 -0.0106345 -0.0920708 -0.120466 0.0225167 -0.0398221 -0.125702 -0.0761427 -0.0827561 -0.0767956 -0.0470049 -0.073629 -0.0572354 -0.0455107 -0.0680253 -0.0239475 -0.0495839 0.00391831 0.0882906 0.0813331 -0.0890277 0.0222271 0.0787784 -0.00793992 -0.0395729 -0.0361249 -0.114782 -0.0201824 -0.0919338 0.0585561 -0.0835437 -0.0154614 -0.00225375 -0.0505587 -0.0695853 -0.0805114 -0.0115673 0.0144037 -0.0202499 -0.0414348 -0.0762232 -0.0926593 0.0750278 -0.0608935 -0.00173129 -0.0492789
internal_weight=508633 238099 270534 44671.8 193427 131759 27584.7 13811.5 30860.4 114982 45834.5 16777 15166.5 10257.4 242949 12418.2 12622.7 10407.3 11578.6 30191.6 5770.26 5198.36 69147.7 15642.9 9334.74 15604.4 14093.1 14720.7 5547.76 4950.29 2215.45 7406.65 13597.5 3688.49 21124.6 13965.3 16767.2 3000.63 4487.17 6775.74 4605.55 4466.28 18455.1 7072.75 15589.5 2217.18 9172.97 6424.93 3454.02 1177.7 5802.78 1920.46 6027.33 1510.17 4517.16 2106.9 1065.61 15506.8 11100.7 7440.67 2410.26 4945.69
internal_count=4501068 1146381 3354687 210755 935626 623640 230267 79214 131541 549651 212270 73989 145692 90520 3124420 84575 66126 56602 51114 144895 44862 22875 337381 67375 39992 67216 59164 63238 23178 21118 9524 35047 56645 25494 246098 158455 72377 21555 45658 37447 19583 18976 86937 33655 67345 20825 40060 30842 23567 5032 24106 8100 29090 7759 21331 9824 4718 66830 121908 30314 11507 20425
is_linear=0
shrinkage=0.1


Tree=11
num_leaves=63
num_cat=0
split_feature=59 59 70 59 68 71 56 56 51 68 59 55 0 49 68 52 52 59 11 59 46 71 55 71 51 52 62 40 71 25 70 34 40 57 71 4 13 17 11 71 40 62 9 40 68 68 68 71 56 11 68 62 59 45 4 45 53 20 45 9 27 34
split_gain=418122 15588.4 12960.2 6188.42 4868.63 4310.74 4303.13 3367.49 1788.02 1308.09 1302.42 1243.49 917.671 872.603 859.413 1454.96 819.998 767.17 765.804 626.886 608.295 570.306 520.884 569.587 505.581 751.651 507.741 502.199 472.985 469.123 565.168 571.266 457.656 441.3 475.52 430.296 420.868 386.645 384.602 731.335 450.424 383.924 359.317 358.106 348.408 336.572 333.694 327.869 285.605 319.362 347.089 277.073 266.759 254.224 249.984 243.792 243.057 235.016 231.744 225.716 213.679 210.292
threshold=0.75791504979133617 0.28482554852962499 1.0000000180025095e-35 0.95570945739746105 0.87855032086372387 0.7604079842567445 0.90454545617103588 0.90454545617103588 98.529094696044936 0.0088348607532680052 0.5016259253025056 0.90454545617103588 99.51456451416017 0.90454545617103588 0.10626195743680002 57.338552474975593 98.07621002197267 0.10850000381469728 1.0000000180025095e-35 0.98683857917785656 0.080895449966192259 0.33311556279659277 0.86607143282890331 0.54521769285202037 98.213714599609389 50.352111816406257 1.0031376481056216 1.0000000180025095e-35 0.20028334856033328 1.5000000000000002 1.0000000180025095e-35 1.0000001788139345 1.0000000180025095e-35 89.119384765625014 0.24241367727518084 0.82049739360809337 1.0000000180025095e-35 1.0000000180025095e-35 1.0000000180025095e-35 0.42231898009777075 1.0000000180025095e-35 0.6125532090663911 0.29285715520381933 1.0000000180025095e-35 0.97739240527153026 0.19133670628070834 0.0021187673555687074 0.7992122769355775 0.84523808956146251 1.0000000180025095e-35 0.11755752936005594 0.97826838493347179 0.12969446927309039 1.0000000180025095e-35 0.80040928721427929 1.0000000180025095e-35 88.533126831054702 0.83936724066734325 1.0000000180025095e-35 0.95454546809196483 1.5000000000000002 0.23908293992280963
decision_type=2 2 2 2 2 2 10 10 2 2 2 8 2 10 2 10 10 2 2 2 2 2 8 2 2 10 2 2 2 2 2 2 2 8 2 2 2 2 2 2 2 2 10 2 2 2 2 2 8 2 2 2 2 2 2 2 10 2 2 10 2 2
left_child=1 5 3 11 6 7 10 12 14 24 22 32 13 17 15 -8 33 29 21 47 -15 61 27 41 25 37 -26 53 -18 30 31 46 58 34 -13 -17 -7 -9 39 42 -40 -24 -12 55 -4 51 -1 -5 -43 50 -50 -10 -38 -3 -27 -20 -39 -34 -2 -59 -41 -19
right_child=2 4 44 19 -6 36 8 9 45 -11 38 16 -14 20 -16 35 28 18 43 -21 -22 -23 23 -25 26 54 -28 -29 -30 -31 -32 -33 57 -35 -36 -37 52 56 40 60 -42 48 -44 -45 -46 -47 -48 -49 49 -51 -52 -53 -54 -55 -56 -57 -58 59 -60 -61 -62 -63
leaf_value=0.031841331843184661 0.054128012191959278 -0.046640278884700508 -0.059051205412096311 0.092802643490717332 -0.12670869693506187 -0.12980449448681816 0.06823663346356422 -0.075045703778556114 -0.045595616105418749 -0.086069529943804873 0.063505787680400647 0.078065703894072136 0.0052729334025878255 -0.079971601684067695 -0.074282236581028879 -0.073554407126137825 0.098052098097047929 -0.10435615163705954 -0.078048778976617078 0.10714387115542874 0.063537671420808309 -0.082757165867867258 -0.079159483671370157 -0.068012282465247417 -0.10656399487865215 -0.099780044527892103 0.069250879210206215 -0.094420433917374869 0.015499405641871539 -0.11222510810481046 -0.10958233399960791 -0.10474965961940647 0.020266670474835012 0.028696664345379402 -0.011162769036651622 0.0032004692898584064 -0.12211810753579203 -0.043524692365104617 -0.023808667141388865 -0.12126348932151224 -0.070485422024915867 0.074705319448174726 -0.016973240466242049 -0.10890551046120465 -0.12151447376152719 -0.035585774105341764 -0.053189650233952647 0.0079286784089998823 0.05640614586419921 -0.075362100575340291 -0.022545995261065932 0.095657886273266768 -0.09328633495974864 -0.078055531739213674 -0.0090072516290050902 -0.10055410990945518 0.057391060870124848 -0.054922359634969269 0.013729902228388283 0.052149322424187711 -0.029009806428216572 -0.016387708794054549
leaf_weight=771.23627310991287 4385.3622841238976 5898.8341575115919 1659.1160781234503 29462.736209198833 6931.2469069808722 55933.998736701906 2398.2465329840779 358.8353545665741 145.64429608732462 2753.4281467050314 1533.7427485585213 5761.193549156189 837.77213028073311 650.12191912531853 1542.1984659731388 1526.2742616310716 8818.2472921982408 305.10494204610586 10697.868147730827 176530.70578264445 541.27038086950779 4844.2961116731167 927.79202218353748 5631.9485423862934 187.21830999851227 1089.4167296439409 1339.4823185577989 7378.6560458466411 753.33103882521391 47851.339246273041 4136.7824648320675 1306.9212507903576 1539.6831111460924 4781.4482579603791 666.33608703315258 1400.6794352978468 7585.6364161670208 289.91562020778656 5453.7072248086333 268.5875693038106 3329.5265655294061 380.39657990634441 869.14883588254452 14578.92991130054 1933.7810129523277 232.64647559076548 1149.2725367695093 462.28821378201246 763.0338344052434 731.20369449257851 2060.306331500411 2983.8726709336042 5562.0328982323408 4572.8184852823615 420.49241473525763 8750.5944383069873 1350.1109720394015 1145.754608809948 2099.9749704897404 237.73744193464518 3849.4672954753041 2485.6720549315214
leaf_count=3656 47242 29743 7311 401727 36797 300049 23681 1877 1061 13592 12559 66391 3901 3373 7221 8059 115628 1319 49881 2501266 3544 21413 4428 23785 909 5102 13395 35954 4996 243944 21090 6621 11683 44515 3836 10443 39124 1435 34541 1194 16108 3968 5977 73693 9878 1209 5318 3172 5520 3893 9019 38228 25518 22395 2936 43851 7847 6499 18347 2283 16456 11924
internal_value=0.00290122 -0.0914606 0.0958294 0.0986914 -0.0478193 -0.106558 -0.0376705 -0.0939574 0.0207067 -0.03065 -0.0513517 0.0564021 -0.0989428 -0.0998331 -0.00854633 0.010491 0.0700582 -0.100879 -0.0906347 0.104875 -0.0147728 -0.0620131 -0.0640444 -0.0463649 -0.000346179 -0.0212475 0.0476908 -0.0744387 0.0915548 -0.108609 -0.085113 -0.0537492 0.0262398 0.0517019 0.0688155 -0.0368237 -0.12602 0.0189792 -0.0278435 -0.00944539 -0.0415028 -0.0212931 0.0343958 -0.0970568 -0.0926704 0.0804575 -0.019043 0.0914915 -0.00764923 -0.0164626 -0.00120845 0.0890841 -0.109921 -0.0603589 -0.0745009 -0.0881748 0.0395517 -0.00661112 0.041047 -0.0365233 -0.0350268 -0.026005
internal_weight=476825 236588 240238 236645 60810 175778 53878.7 106696 10229.6 7788.9 43649.2 30189.1 98907.2 98069.4 6867.4 5325.2 20780.6 96878 41662.5 206456 1191.39 7635.07 28345 10494.7 5035.47 3508.77 1526.7 17850.3 9571.58 55215.6 7364.21 3227.43 9408.51 11209 6427.53 2926.95 69081.7 1998.86 15304.2 6520.95 8783.23 4862.73 2402.89 34027.4 3592.9 3362.16 1920.51 29925 3934.94 3554.54 2823.34 3129.52 13147.7 10471.7 1509.91 19448.5 1640.03 2923.18 6485.34 1383.49 4118.05 2790.78
internal_count=4502325 1257551 3244774 3227585 352239 905312 315442 540621 89902 47093 225540 321420 493528 489627 49404 42183 235366 482710 202081 2906165 6917 34656 138705 50613 33501 19197 14304 88092 120624 280629 36685 15595 86054 114742 70227 18502 364691 11159 86835 36186 50649 26828 18536 167425 17189 40498 8974 404899 22400 18432 14539 39289 64642 52138 8038 93732 9282 20465 65589 8782 17650 13243
is_linear=0
shrinkage=0.1


Tree=12
num_leaves=63
num_cat=0
split_feature=65 65 65 71 71 65 68 65 68 68 0 68 58 68 25 52 25 65 65 0 68 52 68 65 68 4 34 25 71 59 59 59 25 68 59 59 65 73 73 65 59 0 71 18 59 71 54 34 62 59 72 72 59 71 33 71 72 64 4 59 73 17
split_gain=403616 20109.8 9835.53 6136.72 3871.98 2080.47 1761.38 1732.9 1421.16 1014.48 573.054 565.28 517.836 598.891 528.684 503.75 462.806 462.57 440.419 387.585 302.233 295.784 294.87 284.844 279.106 270.125 240.784 239.101 311.707 211.748 201.984 201.577 196.042 333.841 191.119 266.675 211.041 188.527 187.003 186.206 180.205 167.976 149.314 145.41 143.115 165.329 185.056 143.04 141.809 138.86 136.358 134.862 128.591 166.484 176.835 126.273 125.191 122.592 122.012 120.404 119.739 117.019
threshold=0.75113919377326976 0.17254898697137835 0.95453548431396495 0.87858495116233837 0.91420617699623119 0.057904653251171119 0.94776034355163585 0.39993983507156378 0.42402729392051702 0.9207158386707307 54.085849761962898 0.17436018586158755 74.812328338623061 0.051908032968640334 1.5000000000000002 53.694938659667976 1.5000000000000002 0.9851873815059663 0.89487832784652721 98.837055206298842 0.2263656556606293 50.352111816406257 0.96634739637374889 0.096507042646408095 2.56120056292275e-05 0.76702582836151134 0.94619935750961315 1.5000000000000002 0.0053129196166992196 0.86964577436447155 0.99205616116523754 0.94203513860702526 1.5000000000000002 0.0076754512265324601 0.75791504979133617 0.99430277943611156 0.6318296790122987 -0.014555841684341429 0.010968565940856935 0.027759895659983162 0.096100267022848143 44.590642929077156 0.6507437825202943 1.5000000000000002 0.58481794595718395 0.50746119022369396 59.32550239562989 0.92596882581710827 5.0050175189971933 0.94203513860702526 0.053244218230247504 -0.0082554668188095075 0.3140819519758225 0.6507437825202943 0.58298632502555858 0.68545213341712963 -1.0000000180025095e-35 0.90248000621795665 0.76257675886154186 0.99290195107460033 0.0069302320480346688 1.0000000180025095e-35
decision_type=2 2 2 2 2 2 2 2 2 2 2 2 2 2 2 8 2 2 2 2 2 8 2 2 2 2 2 2 2 2 2 2 2 2 2 2 2 10 10 2 2 2 2 8 2 2 10 2 2 2 10 8 2 2 2 2 8 2 2 2 10 2
left_child=1 5 4 7 10 20 17 16 15 26 11 -2 13 14 41 32 24 55 29 40 21 27 -6 -17 25 -3 -5 28 51 -12 48 -20 33 56 36 -36 -14 -8 -13 -23 -18 -9 -21 -16 45 46 -42 -15 49 -31 -28 -1 53 54 -25 58 -7 -34 -4 -46 -49 -58
right_child=2 3 6 9 22 8 37 12 -10 -11 18 38 34 47 43 23 19 -19 31 42 -22 39 -24 52 -26 -27 50 -29 -30 30 -32 -33 57 -35 35 -37 -38 -39 -40 -41 44 -43 -44 -45 59 -47 -48 60 -50 -51 -52 -53 -54 -55 -56 -57 61 -59 -60 -61 -62 -63
leaf_value=-0.11695284929251935 0.084725766590512161 0.082367740652237495 0.10285690640885975 -0.10750282123404183 -0.046393667755377212 -0.10250760218277499 -0.12684411216167299 0.091413551013134059 -0.12403627139119684 -0.12502105004620129 0.034401820445959068 -0.022555054271900802 -0.020264626966160864 -0.080424769939494656 -0.025029013976510119 -0.098744049286366375 -0.021775339717956057 0.10615679938469712 0.067878779807614226 0.030155765590299644 -0.1272150060975821 -0.12231161213390195 -0.11601176061589001 -0.0792282941641652 -0.02942479433066901 -0.027889818806761342 -0.070896945861769728 -0.10912897441389367 -0.090674694131914368 -0.0038691311469660895 0.10362321664755703 0.030882145644582845 -0.089935041302631857 -0.058146079688950331 -0.049815366173956932 0.11200267331228382 0.0070692485493796149 -0.015796596838980721 0.081410084393241933 -0.11105857860894636 -0.032022237312430465 0.015947402979119552 -0.037770063673336539 0.022333485904209079 -0.085389753618107203 -0.074919554838754829 -0.057949413308869172 -0.031724873737899915 0.038279205090593162 -0.063723071660030703 -0.018134564493840346 0.019259696583853545 -0.09632715438970961 -0.094182791524322906 -0.051305884581104869 0.031471371217204079 -0.049353287123166362 -0.03330145763895645 0.084468355697889269 0.097564467298592361 0.068844119461906383 0.066723874610551001
leaf_weight=86.593709051609039 6108.0362152308226 510.71345233172178 5263.6650170311332 1845.8246458917856 1164.8423379808664 63.381041586399078 207.30505195260048 1431.7296733558178 12656.131582647562 7754.0773134678602 5061.5921784415841 730.38335370272398 10815.966946229339 554.12993876636028 948.69132424145937 15766.969856724143 1456.8309884816408 184043.34302201867 4980.7274928763509 739.40816949307919 37988.069553866982 40461.586551129818 1273.5950046926737 5949.96280567348 2831.0289928987622 393.33549321442842 6415.3194585442543 4416.5929291248322 1579.5701561868191 1425.8544599488378 174.27516409009695 2090.9646654799581 1297.6901949048042 1210.1283568739891 2407.8437740728259 106.34015744179487 3823.0632680729032 582.34606868773699 226.71430157124996 23099.606245607138 3982.7867607921362 371.4729547649622 575.49036990106106 2046.701174274087 2149.8074916005135 3335.6902800649405 8914.8981302827597 732.98511520028114 527.4460155069828 532.31265613436699 530.30447897315025 452.5998879224062 3763.0952315405011 3453.0632398724556 3665.3077885508537 373.63025990873575 106.28280654549599 541.79973201453686 11473.976555526257 36.583533190190792 141.19252541661263 474.96702583134174
leaf_count=399 75961 3170 76571 8491 5018 264 1037 14833 72447 44543 38862 4031 49061 2696 5359 79497 6141 2856476 54417 3304 219738 225474 6903 27637 13035 1673 28070 23540 8127 10966 1825 23612 5899 5517 12255 1058 21236 3289 1828 124443 17119 2442 2366 13059 9170 14514 37651 3404 4113 4121 2409 2002 17316 16873 16450 2494 460 2437 160745 295 985 2258
internal_value=0.0028914 -0.0929393 0.0968772 -0.0460933 0.0367661 -0.112286 0.104109 -0.0280904 -0.095182 -0.0986549 0.0500995 0.0735288 -0.00853389 0.0161668 0.0330865 -0.0851198 -0.0464336 0.104695 0.0389098 -0.0521541 -0.120032 -0.116139 -0.0827552 -0.0890859 -0.0139773 0.0343967 -0.0753999 -0.0958809 -0.068265 0.0223972 -0.000446729 0.0569396 -0.0501227 -0.0271814 -0.0175007 -0.0429711 -0.0131262 -0.0449496 0.00207188 -0.118222 -0.0556325 0.075867 0.000426734 0.00733298 -0.0583103 -0.0550754 -0.0499431 -0.0406771 -0.00774344 -0.02014 -0.0668685 -0.00261584 -0.0800386 -0.0753483 -0.0685844 0.0889677 0.0309467 -0.0732543 0.0902512 -0.0823285 -0.0154815 0.0454989
internal_weight=448127 221886 226241 64852.2 24296.7 157033 201944 48306.7 48948.8 16545.5 21858.3 7065.13 23380.1 6226.9 4798.6 36292.6 24926.6 201155 14793.2 21191.5 108085 70096.5 2438.44 32598.4 3735.08 904.049 8791.45 6535.36 2118.76 7721.48 2659.89 7071.69 3694.25 1854.76 17153.2 2514.18 14639 789.651 957.098 63561.2 19876.6 1803.2 1314.9 2995.39 18419.8 16233.4 12897.7 1428.31 2485.61 1958.17 6945.62 539.194 16831.4 13068.3 9615.27 17111.3 644.631 1839.49 16737.6 2186.39 874.178 581.25
internal_count=4501386 1169117 3332269 318339 231657 850778 3100612 234826 247055 83513 219736 81820 126388 42778 35693 174608 108438 3096286 137916 90560 603723 383985 11921 157773 17878 4843 38970 34068 10528 59887 21025 78029 16835 8499 83610 13313 70297 4326 5859 349917 84890 17275 5670 18418 78749 69284 54770 7085 19200 15087 30479 2401 78276 60960 44087 239810 2982 8336 237316 9465 4389 2718
is_linear=0
shrinkage=0.1


Tree=13
num_leaves=63
num_cat=0
split_feature=69 65 65 69 59 69 1 69 68 65 57 69 69 65 1 72 65 33 22 73 25 73 57 33 69 7 74 73 52 59 0 55 27 65 75 59 59 65 69 64 59 65 59 59 62 59 13 73 59 59 65 59 65 25 68 65 18 73 64 58 34 69
split_gain=358100 17030 9925.83 5811.77 1740.8 1527.4 1280.83 1185.76 905.419 718.998 613.678 574.944 517.635 551.469 487.17 438.125 442.269 432.235 331.3 337.074 330.874 322.985 261.585 234.872 228.733 223.629 223.624 263.362 208.209 205.595 203.843 202.629 201.94 192.374 200.277 182.61 218.132 161.215 187.13 157.68 151.804 151.054 185.162 147.013 147 137.685 136.726 134.49 158.54 134.291 129.761 124.846 123.517 120.483 116.719 115.746 120.963 111.557 145.929 109.426 109.414 144.155
threshold=0.60022661089897167 0.13290768861770633 0.93615427613258373 -0.14607119560241696 0.98683857917785656 0.048177160322666175 54.692083358764656 0.31815157830715185 0.9207158386707307 0.98193717002868663 78.072521209716811 0.84640753269195568 -0.55426308512687672 0.02958411164581776 54.692083358764656 -0.10131090879440306 0.22847542911767962 0.65834957361221325 1.0000000180025095e-35 0.035264730453491218 1.5000000000000002 -0.060889661312103265 72.501106262207045 0.49023747444152838 0.010794795118272306 64.174236297607436 1.0000000180025095e-35 0.74364048242568981 42.967033386230476 0.90157595276832592 98.332870483398452 0.88194444775581371 14.500000000000002 0.89487832784652721 1.0000000180025095e-35 0.99538335204124462 0.84068593382835399 0.057904653251171119 -0.063157156109809862 0.90248000621795665 0.95812162756919872 0.75113919377326976 0.75791504979133617 0.67318987846374523 6.0053551197052011 0.33108308911323553 1.0000000180025095e-35 -0.049684315919876092 0.43009582161903387 0.98752048611640941 0.96610558032989513 0.99450796842575084 0.083176713436841979 5.5000000000000009 0.00016848294035298753 0.92841586470603954 4.5000000000000009 0.1582840830087662 0.70057266950607311 52.263404846191413 1.2711238265037539 0.048177160322666175
decision_type=2 2 2 2 2 2 2 2 2 2 8 2 2 2 2 8 2 2 2 8 2 8 8 2 2 10 2 10 8 2 2 8 2 2 2 2 2 2 2 2 2 2 2 2 2 2 2 10 2 2 2 2 2 2 2 2 10 8 2 2 2 2
left_child=1 5 6 8 7 12 31 15 47 32 20 23 -1 -14 18 54 22 41 19 -9 -7 -18 57 35 -6 -12 27 55 59 -13 43 53 40 60 -35 36 -8 -30 -39 -22 -4 42 -16 -19 -38 -24 -25 -3 -49 52 -42 -31 -27 -2 -5 56 -20 -17 -59 -15 61 -23
right_child=2 3 9 4 24 10 11 14 -10 -11 25 29 13 28 17 16 21 30 26 -21 39 33 45 46 -26 49 -28 -29 37 51 -32 -33 -34 34 -36 -37 44 38 -40 -41 50 -43 -44 -45 -46 -47 -48 48 -50 -51 -52 -53 -54 -55 -56 -57 -58 58 -60 -61 -62 -63
leaf_value=-0.12432634930762206 0.04614602339855696 -0.12178838072869214 0.08442759307045454 -0.048187249272084703 -0.042939879663664901 0.013161900755184114 0.0048052117416918678 -0.042856927462730295 -0.12155799957365165 0.10514353604164875 -0.041945558426590951 0.055936508580111378 -0.11673419754983508 -0.092549974098428162 -0.027882609348153627 -0.047554064161773775 -0.087694584001677803 0.013796334585460042 -0.033839062590151743 0.077714990595787958 -0.085450270072885137 -0.041934014002483942 -0.056896704492903065 0.062451795278538502 0.1020157041353488 -0.10197217314448784 0.092648428002308811 -0.21033725645637258 -0.10766767699686096 0.016460083138109236 0.077681782751945885 0.084998540675207943 0.09816838428111159 0.037056102504200626 -0.034030079560935227 0.10838118210257382 -0.041031263306597558 -0.10201980509247886 -0.071457094620293649 -0.027012664372475723 0.033276927569631284 0.078073857679176378 -0.070279155105404487 -0.087464258489054578 0.048029477456351631 -0.080664877256711509 0.0086901610187865904 -0.080988278205241279 -0.04782279524851224 0.16179176153310551 0.071800294650260471 0.10771685817921924 -0.085524642605059001 -0.18928640585212561 -0.12050776845870165 0.068163066469121444 0.031629285599002188 -0.061087517706267691 0.027815809108136566 -0.055952652870330556 -0.054558766527358207 -0.023785455479329989
leaf_weight=37149.61226734519 1523.6578399389982 589.57388110458851 6415.0352570451796 288.50568068027496 121.64247527718544 783.7104002982378 5815.6557256132364 286.99859120696783 9485.2067500352859 169890.76754572615 846.16385674476624 4105.3738642260432 47359.952335461974 1777.7251441478729 8966.3951050564647 861.95951238274574 1137.9872708246112 1186.9011481255293 1249.8168279007077 1206.9515902549028 1237.0503413230181 8703.8027141243219 9993.0440010428429 957.88179593533278 1035.7546956762671 10461.302996113896 201.6717536970973 68.720940336585045 18458.2618701756 2797.8935590609908 475.83440314978361 4303.2171052023768 5751.9461488611996 770.32647217065096 816.34171526134014 143.99822167307138 1938.2980551570654 5655.0316183567047 3102.4413352906704 736.71676255762577 1273.6363551840186 124.492820661515 1163.8385762646794 163.07446642965078 204.9232377782464 3223.3697454035282 934.59880200028419 5411.7157738953829 1964.5827449858189 20.420261844992638 2789.1842359937727 158.40175095945597 8102.0731829106808 22.051208280026913 985.28318126499653 167.98780084401369 364.53764837235212 257.53121498227119 652.24499125778675 1511.7723953723907 2664.7607696652412 8803.4636433571577
leaf_count=232779 15117 3068 89866 1242 706 3449 34608 1851 58467 2892574 3887 41111 281064 9460 37980 3709 5308 6696 6937 10670 5925 36177 44878 7643 14584 56776 1218 342 106130 27576 3484 57188 87125 4765 3792 1621 12104 30640 15539 3423 16707 1274 4994 1064 1301 14454 6803 26660 8848 86 43266 1797 40439 187 4761 1995 2361 1149 3181 7676 11064 39294
internal_value=0.00285267 -0.0891812 0.0955778 -0.0503007 -0.0345841 -0.10998 0.0334615 -0.037148 -0.100684 0.103222 -0.0859572 0.0196144 -0.114614 -0.10998 -0.0138597 -0.0464418 -0.0445022 -0.0234265 0.0187263 0.0545523 -0.0418106 -0.0357605 -0.0578566 0.00418264 0.0867809 -0.0922224 -0.00734727 -0.0182417 -0.0994941 0.0414571 0.0214017 0.0738433 0.0831133 -0.0330443 0.00048222 -0.00322556 -0.00524484 -0.102366 -0.0911926 -0.0636382 0.0748486 -0.031408 -0.0327534 0.00156425 -0.0325158 -0.0626936 0.0359017 -0.0758286 -0.0721551 -0.0945116 0.0597238 0.0213497 -0.0947936 0.0427873 -0.104128 -0.0108352 -0.0190556 -0.0217746 0.00264986 -0.0757307 -0.0356814 -0.0328081
internal_weight=419623 210597 209027 73394.3 55943.2 137202 22906 54785.8 17451.1 186121 22187.4 17057 115015 77865.2 15627.2 39158.6 37884.8 12080.5 3546.69 1493.95 2757.48 22896.7 14988.1 9995.36 1157.4 19430 2052.73 1851.06 30505.2 7061.67 1825.81 5848.93 16229.8 21758.7 1586.67 8102.88 7958.88 27215.7 8757.47 1973.77 10477.9 10254.7 10130.2 1349.98 2143.22 13216.4 1892.48 7965.87 7376.3 18583.8 4062.82 2956.3 18563.4 1545.71 1273.79 1782.34 1614.35 1771.74 909.776 3289.5 20172 17507.3
internal_count=4500840 1164246 3336594 366973 269930 797273 207056 254640 97043 3129538 113985 134564 683288 450509 80866 173774 167771 55492 25374 12521 12797 100400 67371 64080 15290 101188 12853 11635 169445 70484 11244 72492 236964 95092 8557 49634 48013 152309 46179 9348 149839 44248 42974 7760 13405 59332 14446 38576 35508 97301 59973 29373 97215 15304 6003 11293 9298 8039 4330 17136 86535 75471
is_linear=0
shrinkage=0.1


Tree=14
num_leaves=63
num_cat=0
split_feature=69 65 65 69 65 69 69 1 68 65 69 65 57 1 65 22 72 34 33 73 71 69 25 74 73 33 7 64 73 65 25 73 1 4 27 28 68 73 55 64 27 51 73 65 52 69 25 14 15 71 8 9 64 57 74 65 69 51 7 72 25 71
split_gain=313088 17796.3 8129.44 5721.93 1619.3 1544.38 1122.95 1067.2 1058.76 623.437 566.587 572.552 561.129 518.1 422.017 388.916 362.27 387.725 349.689 338.091 336.591 302.515 261.649 237.598 281.149 214.377 201.838 195.783 186.033 193.511 252.505 317.867 283.143 184.406 176.518 349.778 285.144 169.007 161.714 154.225 146.84 146.748 141.632 153.29 140.62 174.538 200.05 140.057 132 199.356 151.917 129.375 124.883 124.39 132.313 123.959 149.226 122.667 119.877 117.351 112.625 119.769
threshold=0.65211600065231334 0.13290768861770633 0.94327107071876537 -0.11978236213326453 0.98913982510566723 0.048177160322666175 0.31815157830715185 61.861471176147468 0.9207158386707307 0.98424145579338085 -0.55426308512687672 0.035392517223954208 78.072521209716811 52.240802764892585 0.86103364825248729 1.0000000180025095e-35 -0.10131090879440306 1.0159367322921755 0.65834957361221325 0.035264730453491218 0.99350452423095714 0.010794795118272306 1.5000000000000002 1.0000000180025095e-35 0.7577197551727296 0.68546321988105785 68.863315582275405 0.076478749513626113 -0.039813786745071404 0.50811585783958446 1.5000000000000002 0.060391992330551154 40.238094329833991 0.76257675886154186 1.5000000000000002 9.5000000000000018 0.039451584219932563 0.030625700950622562 0.89444443583488475 0.90248000621795665 23.500000000000004 52.240802764892585 -0.039813786745071404 0.33039470016956335 50.352111816406257 0.013100647367537023 1.5000000000000002 inf 1.0000000180025095e-35 0.42231898009777075 67.507961273193374 0.89444443583488475 0.1366701424121857 81.617935180664077 1.0000000180025095e-35 0.071687370538711562 -0.097895689308643327 94.166259765625014 82.06610488891603 -0.63978129625320423 1.5000000000000002 0.13583783805370334
decision_type=2 2 2 2 2 2 2 2 2 2 2 2 8 2 2 2 8 2 2 8 2 2 2 2 10 2 10 2 8 2 2 8 2 2 2 2 2 10 8 2 2 2 10 2 8 2 2 8 2 2 10 8 2 10 2 2 2 2 8 8 2 2
left_child=1 5 7 8 6 10 16 38 42 33 -1 44 22 15 25 19 -5 20 -15 -8 28 -6 -7 24 57 40 -14 -16 -18 30 31 -30 -33 -4 35 36 47 -31 -2 -24 52 60 -3 -44 45 -12 -47 -20 53 50 -50 -48 -9 54 -32 -43 -57 -17 -34 -21 61 -13
right_child=2 3 9 4 21 12 13 14 -10 -11 11 41 26 18 27 23 17 -19 34 59 -22 -23 39 -25 -26 -27 -28 -29 29 37 48 32 58 -35 -36 -37 -38 -39 -40 -41 -42 55 43 -45 -46 46 51 -49 49 -51 -52 -53 -54 -55 -56 56 -58 -59 -60 -61 -62 -63
leaf_value=-0.12135253058138998 0.045812399101522079 -0.11582937573994311 0.099870221655628325 -0.096996870629822832 -0.050287366172807713 0.0099324710976915424 -0.038129845708611332 -0.021729651770787367 -0.11787640488507785 0.10446331236645408 -0.1075215730353252 -0.011444539649265541 -0.047846471655164313 -0.02638178845004013 0.021126135730187887 -0.029494477653619851 -0.070148571858825837 -0.056259570817189644 -0.021946388141116904 -0.2524397355256377 -0.057881737011768422 0.098860972474156164 -0.080440626770479876 0.091326279188351206 -0.20414822468680605 0.056032903586706144 -0.090222319400448239 0.055316327995879634 -0.031364195282598699 -0.01215572416533281 -0.034246739165336763 0.07618049518225796 0.077712350768959659 0.076394334940068462 0.045785770670174232 -0.35460678970136555 -0.15231726551375985 0.069157092993310687 0.084283836436128773 -0.02197591173310174 0.035983694709861964 -0.10103956959140599 -0.075384424433741076 -0.046551114607401689 -0.11354349917168459 -0.00060447244804993124 -0.10110486508174475 0.061894216316538846 0.0036370826940558738 -0.039778889151400786 -0.070327262410242439 -0.0011978732339759021 0.0073653592149162924 -0.056657921881300491 0.058954810495204825 -0.098888587526692606 -0.068097755976234367 0.020921250468547193 -0.065903271486258713 0.082664799293478544 -0.094789017120523594 -0.071319610720311663
leaf_weight=34381.406624153256 1483.3256330750883 610.78244246542454 4820.277530990541 1135.0758523903787 154.20542035251856 784.23810687661171 295.98086390644312 2230.2562098503113 8990.7572522312403 152821.27860964835 3813.7392214089632 463.55250181257725 1202.0178215950727 12032.709769062698 2791.5324008353055 1174.9101201742887 993.62769090011716 10080.891502201557 413.01213733106852 10.533431015908716 4538.1707898490131 1151.3152632601559 1206.6793005019426 229.07669388875365 76.489361152052879 856.3733087927103 17316.849121257663 4186.7761427126825 1521.8247999995947 4028.1304860077798 1927.9926370456815 709.03033685684204 74.279994562268257 10940.552847515792 1093.0630401931703 29.102029554545879 111.36093394830823 272.93432918563485 4148.2281392738223 720.67096322774887 1168.2871554121375 13676.840762376785 5635.0987872630358 2740.5884422063828 45179.771749898791 347.40883846580982 957.49143736064434 384.96644575893879 2324.4919991195202 4524.7192282676697 315.3662430793047 149.90905731916428 4357.8625066578388 4255.4216332733631 165.38536833226681 3275.3621086329222 3030.1281488090754 819.04096634685993 267.16949474811554 1322.6391847208142 1202.1607654392719 1196.1440613120794
leaf_count=232715 16068 3338 82511 5457 869 3457 1958 15006 59542 2855752 23372 2180 5870 53207 29680 7392 4374 45198 1956 70 20317 17846 5950 1502 369 7567 95117 45376 6503 17743 8415 4106 344 171633 7258 210 768 1652 59817 3375 7968 82154 28715 12297 287913 1694 5852 2703 10276 19196 1393 777 28252 18648 723 18712 15667 5714 1269 13243 6724 6486
internal_value=0.00280368 -0.0834227 0.0951674 -0.0444825 -0.0288312 -0.105901 -0.031438 0.0368387 -0.093614 0.10251 -0.110761 -0.105793 -0.0812509 -0.0109342 0.0233614 0.0211722 -0.0413728 -0.0396189 -0.0199028 0.0585525 -0.0331467 0.0812439 -0.0387647 -0.00531087 -0.016003 0.00855228 -0.0874718 0.0416392 -0.0278964 -0.0258371 -0.030875 -0.00215814 0.0401525 0.0835742 0.0184729 -0.0133401 -0.00241837 -0.00699583 0.0741506 -0.0585796 0.00331002 -0.0926585 -0.0693401 -0.0659499 -0.111741 -0.09628 -0.0668106 0.0185006 -0.0363413 -0.0270376 -0.00519894 -0.0875804 -0.00248409 -0.0468404 -0.0268834 -0.0956917 -0.0840919 -0.00878557 -0.0346607 0.0800171 -0.0714799 -0.0545965
internal_weight=393119 203315 189805 74410.1 56432.9 128904 55127.4 21222.6 17977.2 168582 107674 73292.5 21230.5 17992.9 15591.1 3928.67 37134.5 35999.4 14064.2 1629.15 25918.5 1305.52 2711.59 2299.52 2070.44 8612.78 18518.9 6978.31 21380.4 20386.7 16085.7 2572.3 1050.48 15760.8 2031.5 938.442 909.34 4301.06 5631.55 1927.35 7756.41 22844.2 8986.47 8375.69 50448.3 5268.55 1454.81 797.979 13513.4 7164.58 2639.86 1107.4 6588.12 6348.8 2093.38 19982.3 6305.49 1993.95 341.449 1333.17 2861.86 1659.7
internal_count=4502216 1182586 3319630 384571 280679 798015 261964 209734 103892 3109896 684246 451531 113769 96350 133849 30248 165614 160157 66102 15271 114959 18715 12782 14977 13475 58793 100987 75056 94642 90268 70873 12222 5719 254144 12895 5637 5427 19395 75885 9325 51226 131923 44350 41012 319608 31695 8323 4659 58651 30865 11669 6629 43258 27786 9138 116533 34379 13106 1613 13313 15390 8666
is_linear=0
shrinkage=0.1


Tree=15
num_leaves=63
num_cat=0
split_feature=69 65 65 69 69 59 69 1 68 69 65 65 57 55 69 72 65 25 71 51 64 59 11 71 65 59 59 0 59 57 27 59 55 65 58 11 59 34 71 0 68 40 62 54 72 34 72 72 71 20 25 71 1 62 59 59 65 59 68 64 7 10
split_gain=273389 17036.3 8212.57 5260.75 1619.83 1473.45 1012.15 977.825 767.889 622.905 593.187 568.77 535.802 472.623 438.073 421.626 373.082 285.735 283.576 235.394 229.677 206.068 203.11 603.952 197.128 187.728 199.787 187.301 186.399 185.22 173.378 160.433 158.106 157.098 155.848 152.509 143.266 139.706 134.367 234.27 132.541 129.432 129.401 128.835 126.355 124.562 121.783 120.693 120.54 119.261 119.05 153.843 190.566 115.771 115.419 112.062 132.215 111.839 110.325 106.886 99.7621 95.858
threshold=0.65211600065231334 0.13290768861770633 0.9491688907146455 -0.17549589276313779 0.048177160322666175 0.99290195107460033 0.31815157830715185 53.907203674316413 0.9207158386707307 -0.55426308512687672 0.02958411164581776 0.98608362674713146 78.072521209716811 0.89444443583488475 0.86396411061286937 -0.10131090879440306 0.20834278315305713 1.5000000000000002 0.9849066734313966 97.825057983398452 0.85877087712287914 0.94203513860702526 1.0000000180025095e-35 0.33311556279659277 0.50811585783958446 0.804333657026291 0.99137380719184887 98.717739105224624 0.34757435321807867 78.57456207275392 19.500000000000004 0.17260002344846728 0.89444443583488475 0.083176713436841979 77.618286132812514 1.0000000180025095e-35 0.99450796842575084 1.3043004274368288 0.58096009492874157 98.837055206298842 0.98928901553154003 1.0000000180025095e-35 4.0161001682281503 97.375312805175795 -0.34910203516483301 1.454089939594269 0.18479627370834353 -0.78080242872238148 0.00092974305152893077 0.49812182784080511 1.5000000000000002 0.03766033053398133 47.856706619262702 5.0434627532958993 0.039602501317858703 0.95812162756919872 0.97141262888908397 0.024325197562575344 0.99905985593795787 0.47082331776618963 97.309360504150405 1.0000000180025095e-35
decision_type=2 2 2 2 2 2 2 2 2 2 2 2 8 8 2 8 2 2 2 2 2 2 2 2 2 2 2 2 2 8 2 2 8 2 2 2 2 2 2 2 2 2 2 10 8 2 10 8 2 2 2 2 2 2 2 2 2 2 2 2 10 2
left_child=1 4 7 8 9 6 15 32 46 -1 -11 30 20 31 25 48 28 47 24 34 -6 49 23 -12 37 35 42 33 29 -17 55 -8 -2 -14 -19 61 53 38 39 50 -20 -33 -27 59 -21 -46 60 -15 -5 -16 51 52 -18 -23 -35 -4 -57 -24 -7 -43 -3 -9
right_child=2 3 11 5 12 58 13 14 -10 10 22 -13 27 17 21 16 18 19 40 44 -22 36 57 -25 -26 26 -28 -29 -30 -31 -32 41 -34 54 -36 -37 -38 -39 -40 -41 -42 43 -44 -45 45 -47 -48 -49 -50 -51 -52 -53 -54 -55 -56 56 -58 -59 -60 -61 -62 -63
leaf_value=-0.11879185921327191 0.044627812098827123 -0.07797392113021237 0.086085417203794742 -0.044615631713293212 -0.068473909032443797 0.10084103605098085 0.0094187770147924413 0.088359533646819741 -0.11592814944268226 -0.10941796713155323 -0.045467106586046128 0.10386624944548216 -0.091649063323176627 -0.23392597109148727 0.078539816095783047 -0.012253241367346922 0.077874247564069174 0.0047582458665616292 -0.046127875892400944 -0.11252686966607831 -0.0091672427029214961 -0.0089452542166415551 -0.057644178403665314 -0.093224767063367561 -0.0072430028773094101 -0.028468271628532667 0.10264488448145651 0.087411883166061397 -0.075173125397988136 -0.050577222719685989 0.098092860536437648 -0.032901333591920302 0.083721830367367772 -0.016274816327824175 -0.043216093584138797 0.01126019783310042 0.10435323213378148 -0.048261901345651975 -0.041563670517601958 0.035891363546289107 -0.1043445889340569 -0.0051349422014053984 0.01295635789748906 -0.043543602069468113 0.039957275256693431 -0.024851971724892279 -0.01383475799089422 0.049858915216473593 -0.11324660890306293 0.043727894283967846 -0.029172767339622121 -0.02936137760683924 -0.024030756984036054 0.0534055710728258 -0.075260781206158589 0.038777734895065391 0.07528982085149423 -0.10273286782527553 -0.072742264255728384 0.054784379274946782 -0.040712471493667947 0.031418391067020011
leaf_weight=31670.446116119623 1407.5905000828207 4950.7601767331362 5065.7453143075109 350.77239751815796 1139.5203472226858 939.50768786296248 1409.9888253957033 437.95548943430185 8011.2616559416056 41233.495375677943 3363.729743540287 137564.62478191033 9764.9031098634005 15.124260608106852 1286.6943172849715 1485.0977339148521 426.78803322464228 1297.1951261200011 4768.5039928779006 65.482771206647158 1529.4203609526157 1327.8432098254561 579.00463111698627 12444.641881883144 4899.2473138645291 2175.2682750038803 153.3148703686893 64.598362222313881 2541.5365764200687 8360.8257646411657 5297.9297523573041 7736.719668187201 3902.8288477696478 347.04657982289791 1416.6457494162023 4200.1374029964209 158.71584712341428 3368.0456537678838 3659.6091725379229 719.2587206363678 426.00660998374224 1376.1916423477232 1154.2009493857622 676.19269383698702 1689.9664134308696 359.6749534830451 375.98303556442261 1647.0790513083339 946.30222198739648 4184.8024735078216 6888.8524471074343 782.02963131666183 321.92888827621937 383.88580260798335 7515.1175327301025 1390.6569319702685 3457.5642566494644 11027.378094106913 38.099836573004723 379.88508570194244 840.52143725752831 909.87263838201761
leaf_count=232158 16262 26055 85783 1568 5721 15391 6144 4384 57495 281140 17744 2822556 58465 94 15887 6853 2607 8470 21610 316 7069 15077 3681 76995 22869 15027 1835 311 11964 39385 98326 34057 61686 1780 6557 27370 2031 14460 15447 3299 2497 6246 8229 3119 13479 1697 1975 16249 5146 47792 29483 3392 1421 4388 40426 21322 64960 71476 190 1623 4408 6556
internal_value=0.00284587 -0.0788873 0.0936635 -0.0408157 -0.101971 -0.0276704 -0.0297219 0.0360718 -0.0955094 -0.107191 -0.101838 0.101837 -0.0762545 -0.0100837 0.0239777 -0.0386058 -0.0367237 0.0115162 -0.0299756 -0.000793187 -0.0344886 0.042119 -0.0904381 -0.0830628 -0.0248153 0.00922889 -0.00896837 -0.0825552 -0.051029 -0.0447967 0.0834887 -0.0221925 0.0733595 -0.0831781 -0.0202847 0.0206524 0.0134654 -0.0301406 -0.0253718 -0.0188879 -0.0509023 -0.0265756 -0.0141079 -0.00645437 0.0242157 0.0285844 -0.0689854 0.0472768 -0.0946865 0.0519144 -0.0235675 0.0016581 0.0340577 0.00503803 -0.0726571 0.0756844 0.0648167 -0.100484 0.0940761 0.00782717 -0.072566 0.0499205
internal_weight=368310 193850 174460 73171.1 120679 58992.6 58015 21683.1 14178.5 100319 68648.2 152777 20360.6 18070.1 16372.7 39944.8 38647.7 6491.17 26260.3 4828.97 2668.94 7341.94 27414.8 15808.4 21065.8 9030.75 3482.78 17691.7 12387.5 9845.92 15211.9 11579 5310.42 17627.1 2713.84 5547.97 1870.44 16166.5 12798.5 9138.86 5194.51 10169 3329.47 2432.27 2115.12 2049.64 6167.26 1662.2 1297.07 5471.5 8419.6 1530.75 748.717 1711.73 7862.16 9913.97 4848.22 11606.4 977.608 1756.08 5791.28 1347.83
internal_count=4502003 1182532 3319471 385566 796966 295633 280052 226524 89933 683194 451036 3092947 113772 98051 148576 182001 175287 46862 117085 30519 12790 85175 169896 94739 92978 63401 25091 100982 58202 46238 270391 51189 77948 100671 15027 38310 21496 70109 55649 40202 24107 45045 23256 10988 15492 15176 32438 16343 6714 63679 36903 7420 4028 19465 42206 172065 86282 75157 15581 7869 30463 10940
is_linear=0
shrinkage=0.1


Tree=16
num_leaves=63
num_cat=0
split_feature=69 69 69 69 11 66 11 69 1 59 59 69 69 69 59 34 69 59 68 69 72 69 59 72 69 18 33 59 73 59 59 55 34 18 15 73 68 59 28 59 53 72 69 71 57 0 9 13 68 59 72 68 59 6 59 57 68 57 62 7 73 1
split_gain=239319 15361.5 7309.13 2675.4 2652.11 1792.2 1651.66 1194.69 917.786 955.244 895.697 866.51 495.314 476.502 419.247 388.076 383.276 324.312 310.615 274.231 266.571 304.416 253.552 228.925 218.63 182.021 179.543 177.719 177.105 177.26 169.508 166.281 163.758 159.722 242.54 161.348 158.676 158.549 152.212 149.841 142.134 139.951 134.596 129.334 119.348 118.401 117.083 114.58 114.466 143.104 112.493 111.178 137.296 109.91 104.041 125.171 98.2132 97.6306 94.3508 93.025 130.343 190.189
threshold=0.65211600065231334 0.079677641391754164 0.94741943478584301 -0.45105782151222223 1.0000000180025095e-35 7.5000000000000009 1.0000000180025095e-35 0.19444286823272708 68.457099914550795 0.9887264370918275 0.97497683763504039 -0.079197674989700304 0.0095322076231241244 0.98089075088500988 0.15471532940864566 1.0023535490036013 0.8785742223262788 0.057349432259798057 0.97739240527153026 0.038244498893618591 -0.019945383071899411 0.37287624180316931 0.1153191812336445 -0.10131090879440306 0.37287624180316931 5.5000000000000009 0.48563149571418768 0.047783620655536659 -0.049684315919876092 0.99487793445587169 0.032427966594696052 0.89444443583488475 1.0283354520797732 8.5000000000000018 1.0000000180025095e-35 0.1582840830087662 0.0043503905180841693 0.93741396069526683 37.500000000000007 0.7311309576034547 92.508502960205092 -1.0000000180025095e-35 0.19444286823272708 0.0017309337854385378 79.060863494873061 98.61084365844728 0.13392857462167743 1.0000000180025095e-35 0.086708087474107756 0.84068593382835399 0.61980566382408153 0.0084276953712105768 0.95812162756919872 1.0000000180025095e-35 0.28482554852962499 86.080242156982436 0.26988522708415991 80.883197784423842 6.0873196125030526 99.803920745849624 0.047649055719375617 52.240802764892585
decision_type=2 2 2 2 2 2 2 2 2 2 2 2 2 2 2 2 2 2 2 2 8 2 2 8 2 8 2 2 8 2 2 8 2 8 2 8 2 2 2 2 10 10 2 2 10 2 10 2 2 2 10 2 2 2 2 10 2 10 2 10 8 2
left_child=1 3 8 -1 5 11 10 27 31 16 15 14 17 38 40 20 26 -7 -16 -6 43 59 44 -13 -24 42 48 -8 -25 32 57 -2 33 35 -35 -30 -36 -18 51 -23 -5 -19 -17 -3 -9 -29 -37 -28 49 -10 56 52 -4 -44 55 -26 -41 -21 -51 -22 -61 -62
right_child=2 6 13 4 19 12 7 22 9 -11 -12 23 -14 -15 18 25 37 41 -20 30 21 39 24 28 54 -27 47 45 29 -31 -32 -33 -34 34 36 46 -38 -39 -40 50 -42 -43 53 -45 -46 -47 -48 -49 -50 58 -52 -53 -54 -55 -56 -57 -58 -59 -60 60 61 -63
leaf_value=-0.11509509640135518 0.045088771450788441 -0.011464818641931164 0.081361460836156724 -0.097840757450688209 -0.10546105071324979 -0.10368551198136784 -0.020315433083797393 0.051755125653149686 0.0099064937422131856 0.10010126237363424 0.094439604932458163 -0.09963206840442225 -0.034604406390456303 0.10288599991996857 -0.048980341082422794 -0.096273625057168521 0.051548925743755136 -0.11159620219200908 -0.11131528522786896 0.007829194515244298 -0.010151223170889258 0.044713362890655306 -0.039541685701886008 -0.088962321401553135 0.034567391353008278 0.015741735893734534 0.062384540633842689 -0.065836843873166601 -0.022754875853507939 0.11457853694145491 -0.091675371546388509 0.081447360574735228 -0.093079432057950259 -0.055388403763299343 0.10670515674112808 0.13002553551758742 -0.025303568163925108 0.016116395984029492 0.097118768697064331 -0.025897912008364211 -0.044152094064171685 -0.072458669025588479 -0.031361104248369735 -0.10452563913546696 -0.0044182803716051036 0.051090838864258303 0.01617586653714663 0.011974586548368242 0.083066292745904352 -0.024394652966028649 -0.28191257599395009 0.099657965115598462 0.05240822545798627 -0.12393754718392685 -0.024412273084085181 -0.013640349647332456 0.046354551427087304 -0.066407501516101766 0.047988227244350964 -0.01352432455981183 0.070068976574988534 -0.062316464060606126
leaf_weight=37462.753088980913 1680.8063757717609 265.25859696790576 3802.9818958416581 4552.1726560741663 33682.549539349973 12191.062708392739 951.26391461491585 490.0229918435216 4825.8962279930711 1682.5776770152152 928.5902169495821 519.97774200513959 1539.6458955816925 124068.82350091636 7464.5485960394144 544.4660317003727 4107.7647190093994 1054.3013401031494 895.26527488231659 237.42549639940262 7189.2069898098707 2229.7694771140814 8502.2084541544318 527.51088412106037 722.29247848689556 464.81185634061694 880.90855617076159 13137.539319690317 1870.7530578076839 84.370421659201384 12687.49266635254 4998.6248142309487 409.7932127378881 3621.8665218874812 92.254124820232391 104.46805912256241 7008.1427473276854 1823.4644316658378 4573.8088167160749 526.95326457545161 552.99985668063164 6849.7903438284993 1541.0262398421764 341.73975099995732 1657.883131429553 87.175063002854586 667.44721359014511 923.68131252005696 168.29021866247058 2443.368779078126 14.414025992155073 1425.2003088928759 2876.7211307771504 139.88473829999566 6338.2781084403396 2117.8567369505763 292.59504516795278 697.84112879633904 194.41218329966068 693.2550180144608 614.63576962426305 131.787108913064
leaf_count=294360 20786 1366 67449 29903 243453 88598 4777 2519 32199 34227 16529 2958 7586 2794142 37092 2879 50773 7020 6793 1310 34632 20928 36632 2853 3447 2384 8377 69707 8806 857 82274 85566 2496 18115 466 499 31058 22643 92870 4045 3409 39512 6727 1694 7196 438 3328 8295 2638 16427 117 31211 51008 642 28158 8928 3312 4425 1389 3278 3837 600
internal_value=0.00277978 -0.0748352 0.0921087 -0.0923874 -0.0836455 -0.0675888 -0.0274502 -0.0398951 0.0408771 0.0285679 -0.000865639 -0.0510572 -0.0892681 0.100999 -0.0694451 -0.00676962 0.0207359 -0.0934563 -0.0556559 -0.100619 0.000755369 0.00410964 -0.0240465 -0.0344476 -0.0279879 -0.0411741 0.00821561 -0.0620631 -0.0320917 -0.029927 -0.0886468 0.0722981 -0.0308121 -0.0289029 -0.0343301 -0.0068827 -0.0235884 0.0406557 0.0825332 0.0311885 -0.0920251 -0.0776791 -0.053062 -0.063858 0.00839711 -0.0650661 0.0315838 0.0365822 0.0015083 -0.000330658 -0.00497309 0.0743023 0.0688923 -0.0390653 -0.0172853 -0.0013804 -0.000102346 -0.0475619 -0.0190598 -0.00550484 0.0176974 0.0466952
internal_weight=345175 184697 160477 134774 97311.7 50006.4 49922.9 34004.5 23729.8 17050.4 15918.4 28371.6 21634.8 136748 13465 14989.8 15367.8 20095.2 8359.81 47305.3 12299.6 11692.6 19828.5 14906.6 17680.6 2690.19 9436.56 14176 14386.6 13859.1 13622.8 6679.43 13774.7 13364.9 10722.3 2642.67 7100.4 5931.23 12678.7 3063.73 5105.17 7904.09 2225.38 606.998 2147.91 13224.7 771.915 1804.59 7631.97 7463.68 833.962 8104.9 6679.7 1680.91 9178.43 2840.15 819.548 935.267 2637.78 8628.88 1439.68 746.423
internal_count=4501943 1181943 3320000 917171 622811 291349 264772 161802 283320 176968 102970 148633 142716 3036680 77197 86441 142741 135130 43885 331462 73809 70749 86880 71436 77165 12632 69325 74922 68478 65625 88009 106352 64768 62272 49639 12633 31524 73416 242538 28402 33312 46532 10248 3060 9715 70145 3827 16672 52653 50015 7474 149668 118457 7369 40533 12375 7357 5735 17816 42347 7715 4437
is_linear=0
shrinkage=0.1


Tree=17
num_leaves=63
num_cat=0
split_feature=69 65 65 69 69 59 69 1 69 65 68 11 3 72 65 65 65 73 22 33 59 59 59 71 7 73 65 74 73 57 68 59 57 51 1 57 69 64 59 75 65 0 71 13 71 65 68 65 73 59 59 72 59 18 59 71 34 71 0 57 68 59
split_gain=209257 17508 5975.12 4760.08 1735.14 1396.28 1115.17 803.426 721.914 656.627 628.36 454.984 415.756 410.282 388.585 341.917 306.698 297.495 267.444 248.022 220.79 218.007 217.787 214.011 196.417 195.011 190.124 187.638 215.171 185.482 174.757 197.886 169.051 161.834 156.086 151.033 175.703 207.262 150.086 147.265 142.76 142.493 189.903 197.51 142.006 140.525 131.318 119.844 119.678 119.473 182.745 119.025 116.672 116.263 115.724 114.993 113.855 162.17 212.618 128.975 130.787 159.505
threshold=0.73820394277572643 0.13290768861770633 0.96610558032989513 -0.21138011664152143 0.048177160322666175 0.98924532532691967 0.37287624180316931 50.333333969116218 -0.55426308512687672 0.035392517223954208 0.94776034355163585 1.0000000180025095e-35 67.179485321044936 -0.10131090879440306 0.90774759650230419 0.22847542911767962 0.98913982510566723 -0.039813786745071404 1.0000000180025095e-35 0.54663541913032543 0.042293800041079528 0.95286333560943615 0.12969446927309039 1.3270344138145449 78.456192016601577 0.035264730453491218 0.89487832784652721 1.0000000180025095e-35 0.7577197551727296 81.252204895019545 0.2263656556606293 0.75791504979133617 80.883197784423842 53.694938659667976 41.763566970825202 76.191413879394545 0.013100647367537023 0.97189185023307811 0.9861450493335725 1.0000000180025095e-35 0.071687370538711562 98.837055206298842 0.20028334856033328 1.0000000180025095e-35 0.33311556279659277 0.083176713436841979 0.99810996651649486 0.93615427613258373 0.022374272346496586 0.90157595276832592 0.99487793445587169 0.11736276373267175 0.9696662724018098 1.5000000000000002 0.52593299746513378 0.0031322836875915532 1.3043004274368288 0.6507437825202943 99.51456451416017 76.666667938232436 0.033873537555336959 0.25847432017326361
decision_type=2 2 2 2 2 2 2 2 2 2 2 2 2 8 2 2 2 8 2 2 2 2 2 2 10 8 2 2 10 8 2 2 10 2 2 8 2 2 2 2 2 2 2 2 2 2 2 2 10 2 2 10 2 10 2 2 2 2 2 10 2 2
left_child=1 4 7 10 8 6 13 -2 -1 35 51 22 18 55 24 29 52 39 25 30 32 -16 -6 26 -9 -8 56 28 47 -15 31 -14 -13 -11 -27 36 -10 -38 -37 -17 -35 42 43 -21 -42 -22 -7 53 -28 -26 -51 -3 -4 -20 -31 -5 57 58 59 60 61 -19
right_child=2 3 16 5 11 46 12 14 9 33 -12 20 19 15 21 17 -18 23 27 41 45 -23 -24 -25 49 34 48 -29 -30 54 -32 -33 -34 40 -36 38 37 -39 -40 -41 44 -43 -44 -45 -46 -47 -48 -49 -50 50 -52 -53 -54 -55 -56 -57 -58 -59 -60 -61 -62 -63
leaf_value=-0.11461366848376825 0.078226504532611651 -0.069001546403772596 0.093671383079048084 -0.044603259097967293 0.0024371681072364467 0.095688315071187927 -0.026995160486374015 0.053034414851248227 -0.099004533047620955 -0.056401592265349888 -0.1127186499669022 0.021882501923056321 -0.012087652203440354 -0.017153970143542661 0.059988815421711805 -0.042852403380185276 0.10280349029018035 0.051768039994436278 -0.03406872171281828 0.049772974064179479 -0.085868014035259246 0.020544716110108212 -0.059427870627696257 -0.05092602415853531 0.018873037983674679 0.085884189108313871 0.0033749987020990171 0.085059416211207106 -0.17312032356629592 -0.044516333011985015 0.082477693775410157 -0.045085453664278505 -0.055989366180810053 -0.089714651586083577 0.012178997087496448 -0.10470793466666078 -0.08068087273914977 -0.0022096363526641102 0.19225174161647302 -0.10683787906606922 -0.031673279186511707 0.066418323978790092 -0.096878351706857754 -0.013427985731439768 -0.076833689859813592 -0.066453219586465703 -0.063119133475466313 0.076231444097704423 0.07861837875371569 -0.016917553502598787 0.10284851729070782 -0.0061216818517231368 0.07350035349934439 0.015596619115306879 -0.080142430080023197 -0.10498945377453157 -0.036629767015755869 -0.029440409005897106 0.018933035360534315 -0.023540004746561337 -0.025102046743134477 -0.0090071559960617793
leaf_weight=26913.439041674137 4773.7921163514256 4468.6495414823294 7668.281322542578 473.04905419051647 1248.1638552993536 1091.1905208751559 253.91400570049882 1276.0254557579756 3864.143978215754 2564.1130367219448 6359.4840927273035 371.3364452123642 9221.4891015142202 2431.3211030811071 4960.2037979252636 989.97845739498734 110865.64236417413 795.05903398990631 894.73689610511065 885.29046009108424 8108.7549323886633 1952.8964000754058 1045.8373848944902 2198.7939404509962 5035.4894002750516 1157.6721280962229 957.33236376568675 250.61356206610799 74.697026774287224 11456.301832064986 173.66816039383411 2263.4557542391121 1118.4250001907349 11443.800725065172 382.17127907648683 35163.920798167586 1356.2808978557587 447.69256343692541 17.027675449848175 564.97468140348792 818.71045933663845 475.30541181191802 165.82415008544922 1120.091251693666 4656.5981299579144 6900.9037187099457 54.678693637251854 185.94336985424161 271.29040156677365 2007.4154853895307 136.03651056811213 322.77673581987619 4580.3777167387307 996.05575125664473 990.61321847140789 945.96621941402555 3629.9055189043283 6966.9623085409403 2065.3861320093274 7101.5610223636031 1115.7645945250988 945.25792633742094
leaf_count=232616 86730 26483 168687 2159 5392 21177 1882 13368 29001 15563 53825 1922 42080 11340 75684 4367 2744563 4239 6141 6158 54375 28881 5307 10387 42062 15642 5157 2089 408 56165 2394 10697 6881 82049 2419 277677 9611 2888 80 3462 4286 3814 1424 5922 29990 40128 293 3005 2225 16106 1999 1817 103285 7779 4845 5841 15420 30353 9667 30802 5017 4885
internal_value=0.00261481 -0.0689347 0.0928839 -0.0318516 -0.0950572 -0.0212769 -0.0232856 0.042392 -0.100994 -0.0949187 -0.0921137 -0.0674956 -0.00269314 -0.0319641 0.0312607 -0.0301972 0.101144 -0.0236105 0.0249865 -0.0108118 -0.0732974 0.0488462 -0.0257672 -0.0210739 0.0168822 0.0542023 -0.0183216 0.00316928 -0.00636984 -0.042417 -0.0170853 -0.0185909 -0.0365791 -0.0798129 0.0675914 -0.102124 -0.0869747 -0.0612066 -0.104564 -0.0661008 -0.0833609 0.0168249 0.0059682 0.0144725 -0.070081 -0.0769418 0.0881103 -0.000372078 0.0199894 0.0104564 -0.00931647 -0.0647656 0.0861284 -0.00790538 -0.0473517 -0.0848589 -0.0204025 -0.0173007 -0.0102661 -0.0163226 0.00162341 0.0187578
internal_weight=323993 180736 143256 74697.2 106039 63546.3 62400.4 20141.9 87245.7 60332.3 11150.9 18793.4 18500.9 43899.5 15368.1 42480.5 123114 27602.3 4195.8 14305.1 16499.4 6913.1 2294 26047.3 8454.97 1793.76 23848.5 2402.05 2151.43 14878.2 11658.6 11484.9 1489.76 19483.2 1539.84 40849.1 5668.12 1803.97 35180.9 1554.95 16919.1 2646.51 2171.21 2005.38 5475.31 15009.7 1145.87 2076.74 1228.62 7178.94 2143.45 4791.43 12248.7 1890.79 12446.9 1419.02 22619.9 18990 12023 9957.64 2856.08 1740.32
internal_count=4500911 1219546 3281365 421780 797766 339655 318185 264830 683761 451145 82125 114005 111854 206331 178100 198331 3016535 125981 39365 72489 103306 104565 10699 118152 73535 19943 107765 19422 17333 72350 55171 52777 8803 131888 18061 319257 41500 12499 277757 7829 116325 17318 13504 12080 34276 94503 21470 16925 7382 60167 18105 28300 271972 13920 61010 8000 100383 84963 54610 44943 14141 9124
is_linear=0
shrinkage=0.1


Tree=18
num_leaves=63
num_cat=0
split_feature=69 65 65 69 69 65 65 1 11 69 72 65 65 65 1 73 69 22 73 74 71 2 73 25 71 59 4 59 75 71 0 33 7 65 74 59 65 17 18 71 54 57 73 71 1 55 59 59 69 69 11 71 57 69 25 72 72 59 9 51 73 0
split_gain=182706 15940.5 7268.28 4647.98 1379.75 1179.23 869.422 805.07 629.293 588.117 570.233 511.869 401.258 395.016 336.87 327.291 279.965 274.614 545.556 345.165 250.776 252.876 261.964 265.301 246.218 242.859 239.95 223.78 221.26 216.202 371.938 204.809 202.55 197.141 203.163 185.164 183.387 179.749 179.591 171.005 166.864 166.55 149.846 136.718 136.003 135.795 131.289 186.151 127.215 125.384 138.545 256.818 122.476 135.806 180.127 119.194 108.485 106.693 123.938 106.339 127.737 105.368
threshold=0.69869837164878856 0.11262705922126771 0.96264526247978222 -0.25445331633090967 0.034061813727021224 0.36465424299240118 0.99279776215553295 54.692083358764656 1.0000000180025095e-35 -0.45105782151222223 -0.040389619767665856 0.02958411164581776 0.98913982510566723 0.90774759650230419 52.240802764892585 -0.072263628244400011 -0.45105782151222223 1.0000000180025095e-35 0.084565371274948134 1.0000000180025095e-35 1.6846092939376833 82.807880401611342 0.035264730453491218 1.5000000000000002 0.0050999224185943612 0.024325197562575344 0.76257675886154186 0.096100267022848143 1.0000000180025095e-35 0.99350452423095714 98.837055206298842 0.30292963981628424 78.171367645263686 0.813308745622635 1.0000000180025095e-35 0.94203513860702526 0.062107522040605552 1.0000000180025095e-35 4.5000000000000009 0.54521769285202037 76.970855712890639 67.049041748046889 0.030625700950622562 0.46609540283679968 80.243904113769545 0.89444443583488475 0.99521625041961681 0.93168774247169506 0.0095322076231241244 -0.17549589276313779 1.0000000180025095e-35 0.33311556279659277 75.005722045898452 0.013100647367537023 1.5000000000000002 -0.040389619767665856 -0.61266145110130299 0.98974925279617321 0.64583334326744091 91.010101318359389 0.7577197551727296 98.529094696044936
decision_type=2 2 2 2 2 2 2 2 2 2 8 2 2 2 2 8 2 2 8 2 2 2 8 2 2 2 2 2 2 2 2 2 10 2 2 2 2 2 10 2 10 8 10 2 2 8 2 2 2 2 2 2 8 2 2 10 8 2 10 2 10 2
left_child=1 4 7 16 9 14 10 45 27 -1 24 52 44 32 17 28 -3 18 -5 38 21 22 41 26 -7 -10 -24 -6 -12 30 31 -16 -9 34 59 -15 -27 -20 -19 40 -33 -17 -21 -32 -4 -2 47 -34 -8 -13 51 -51 53 -11 -55 -18 -39 58 -29 60 -25 -23
right_child=2 3 12 5 8 6 48 13 25 11 15 49 -14 35 29 20 55 19 37 42 -22 61 23 33 -26 36 -28 57 -30 -31 43 39 46 -35 -36 -37 -38 56 -40 -41 -42 -43 -44 -45 -46 -47 -48 -49 -50 50 -52 -53 -54 54 -56 -57 -58 -59 -60 -61 -62 -63
leaf_value=-0.11265452885780343 0.043212866004822971 -0.10580228456144601 0.096647023430674661 -0.034504558137848342 0.0086219519514210783 -0.020623668891051179 -0.021001858939602068 0.047318712752305141 -0.010152750844194151 -0.096393814615714113 -0.025904074283807872 -0.094446049706067917 0.10221383890697233 0.058400484571351899 -0.05082484737281593 -0.03476008279564987 -0.10754669936355706 -0.055905638664671922 -0.044983671048258435 -0.055889927026321812 -0.055222947989581841 -0.017130805852278729 0.080933001314340447 -0.012759812836872914 -0.11267783996101757 -0.088898275783515668 -0.0061471519592888211 -0.013185911953122379 -0.10472341389812168 -0.063386531126029308 0.054867677856450185 -0.01301952506442056 0.011041170502651933 0.078106651398136911 0.084105946701193077 0.021800728924791068 -0.0690706634350918 -0.11643067634983205 0.0042291525998792668 -0.050315942154804151 -0.037497403217378725 0.0051861224529529673 0.1400408569989664 -0.0087442626093624208 0.0748696385758508 0.081739643953621002 0.10360254083155368 -0.030906240883266618 0.098800580931295193 -0.036657218325924328 -0.089628871099767235 -0.077052265630064606 -0.10297469228179255 0.019068534815208441 -0.075933342219359684 -0.061311890690129656 0.07970838856696745 0.15855497891565498 -0.083058671854739752 0.017273629540466393 -0.13402361217794623 0.00013672151413292815
leaf_weight=24814.640821918845 1241.2246637605131 6973.9250575378537 4589.1107581704855 1215.8093398958445 1174.4780515432358 467.3814242631197 99.042739674448967 1407.2428256608546 524.69474735856056 3088.7203108221292 1049.88210676983 3545.103661775589 101021.96404814348 3744.5439038015902 9467.0880549028516 1702.7371249943972 702.245641104877 2122.2629027366638 143.01564727723598 51.926105737686157 997.05064774677157 11439.433132082224 1148.8404976688325 2106.9569324851036 768.0050948522985 9474.3672768771648 436.72212901711464 394.38484697043896 538.99805282056332 3307.3522450178862 482.18364571779966 5339.3559403568506 7020.0925361029804 377.27493508532643 282.43396418914199 2191.1559194028378 9188.9244350492954 28.985531583428383 648.35029263794422 3813.2255735248327 5821.1815157160163 2696.8703905455768 157.21508135646582 1128.8866987973452 7645.1753517501056 3479.4800933077931 136.48948481678963 1245.6459333263338 843.53355249762535 2213.7675125524402 3401.5005469843745 5444.9274936616421 28477.944359250367 246.7682796344161 1043.653207026422 2706.9125801920891 1039.9690777137876 23.193114593625069 712.43471576273441 1430.4201566204429 90.602079197764397 5113.4814110174775
leaf_count=232813 18182 61730 112901 5605 5143 2435 607 14777 3281 24796 5347 27059 2748630 59288 45460 8817 5873 9842 752 239 4868 52270 14496 11512 5426 71556 2340 1834 3626 17885 2215 24332 55409 3739 1876 32243 59985 135 2971 19444 28077 14815 727 5024 177023 70492 2181 9587 18535 13298 27340 39349 243334 1392 8016 17474 6333 97 3959 8159 416 24361
internal_value=0.00272404 -0.0659042 0.0902319 -0.0321056 -0.0935644 -0.0223704 -0.00838526 0.0353878 -0.0713197 -0.100179 -0.0112947 -0.0936567 0.100142 0.0245277 -0.0350776 -0.00849909 -0.0943214 -0.0121414 0.0128245 -0.0324826 -0.00597821 -0.0041479 0.00817659 0.0219977 -0.0778512 -0.0772497 0.0569479 -0.0219443 -0.0526421 -0.0393021 -0.0362445 -0.0393122 0.0122067 0.00907328 0.00241298 0.0448897 -0.0791361 0.0603035 -0.0418335 -0.0320334 -0.0257868 -0.0102739 0.0913947 0.0102944 0.0830384 0.0716097 0.006326 0.0047197 0.0862121 -0.0780804 -0.0728348 -0.065376 -0.100581 -0.0850112 -0.0577661 -0.0708357 0.0743899 -0.0537134 -0.0581614 -0.00394673 -0.0177593 -0.0117966
internal_weight=304231 170509 133722 76739.6 93769.5 66356.5 31589.7 20465.9 21492.5 72277 30647.1 47462.4 113256 15745.2 34766.8 29411.7 10383.1 5407.53 2427.78 2979.75 27822.8 26825.8 10272.9 5873.25 1235.39 19188 1585.56 2304.49 1588.88 29359.3 26051.9 24440.9 9809.47 4287.69 3910.41 5935.7 18663.3 1211.97 2770.61 14973.8 11160.5 4399.61 209.141 1611.07 12234.3 4720.7 8402.23 8265.74 942.576 14605.3 11060.2 7658.7 32857.1 4379.14 1290.42 3409.16 1068.95 1130.01 1106.82 3627.98 2197.56 16552.9
internal_count=4501728 1201015 3300713 437763 763252 352686 183645 262159 145855 617397 164503 384584 3038554 173485 169041 156642 85077 26604 12825 13779 147669 142801 66170 42538 7861 134822 16836 11033 8973 142437 124552 117313 81954 25702 21963 91531 131541 7220 12813 71853 52409 23632 966 7239 289924 88674 67177 64996 19142 107046 79987 52647 277538 34204 9408 23347 6468 5890 5793 20087 11928 76631
is_linear=0
shrinkage=0.1


Tree=19
num_leaves=63
num_cat=0
split_feature=69 65 65 69 69 69 65 1 69 11 65 72 65 3 0 69 22 65 71 74 59 59 71 11 33 65 59 1 17 59 69 69 59 69 59 69 11 71 71 59 0 20 55 1 52 69 64 59 59 59 62 53 59 7 59 9 72 17 71 33 59 25
split_gain=160099 15815.1 6233.25 4403.84 1414.75 1256.16 841.142 734.125 621.323 594.587 507.876 481.819 362.063 336.073 323.253 318.435 307.446 298.487 282.842 271.798 270.125 242.84 232.921 362.146 215.534 206.056 194.517 181.946 263.943 172.416 165.866 163.073 158.808 185.854 163.914 147.095 187.43 194.853 141.313 204.12 158.455 134.148 131.089 130.566 125.11 137.31 177.538 124.491 120.394 167.225 119.197 115.379 111.576 124.48 109.272 139.373 108.972 104.642 100.97 98.9543 97.995 102.314
threshold=0.73820394277572643 0.11262705922126771 0.96610558032989513 -0.30888731777667994 0.034061813727021224 0.23038917034864428 0.96883705258369457 54.692083358764656 -0.55426308512687672 1.0000000180025095e-35 0.02958411164581776 -0.058035090565681451 0.99235475063323986 67.179485321044936 98.837055206298842 0.92239227890968334 1.0000000180025095e-35 0.97568511962890636 0.061445742845535285 1.0000000180025095e-35 0.89181405305862438 0.026196922175586227 0.96879127621650707 1.0000000180025095e-35 0.245713084936142 0.062107522040605552 0.096100267022848143 38.327016830444343 1.0000000180025095e-35 0.95286333560943615 -0.55426308512687672 0.014430342707782986 0.6464107632637025 0.42965407669544226 0.99538335204124462 -0.097895689308643327 1.0000000180025095e-35 0.54521769285202037 0.46609540283679968 0.23577848821878436 83.047893524169936 1.0000000180025095e-35 0.58571431040763866 75.905715942382827 52.240802764892585 0.011915802955627443 0.97189185023307811 0.060934530571103103 0.99521625041961681 0.95570945739746105 5.018144130706788 98.830371856689467 0.27164700627326971 91.184089660644545 0.28482554852962499 0.95454546809196483 0.067275241017341628 1.0000000180025095e-35 0.00067856907844543468 0.13773846626281741 0.27164700627326971 1.5000000000000002
decision_type=2 2 2 2 2 2 2 2 2 2 2 8 2 2 2 2 2 2 2 2 2 2 2 2 2 2 2 2 2 2 2 2 2 2 2 2 2 2 2 2 2 2 8 2 8 2 2 2 2 2 2 10 2 8 2 8 10 2 2 2 2 2
left_child=1 4 7 30 8 11 13 -2 -1 26 44 58 43 16 32 24 18 22 27 54 -16 -11 23 38 48 -23 -6 28 -7 -17 -3 -19 33 -15 50 51 37 -37 40 -40 -13 -21 -35 -4 45 -10 -47 -25 49 -9 -34 -12 -24 -54 -18 -56 -32 -57 -5 -20 61 -27
right_child=2 3 12 5 9 6 -8 15 10 21 35 17 -14 14 20 29 19 31 59 41 -22 25 52 47 -26 60 -28 -29 -30 -31 56 -33 34 42 -36 36 -38 -39 39 -41 -42 -43 -44 -45 -46 46 -48 -49 -50 -51 -52 -53 53 -55 55 57 -58 -59 -60 -61 -62 -63
leaf_value=-0.11144008035972673 0.073376550608597491 -0.10715063013989599 0.098638544670869258 -0.032340894139200292 0.0087086053022768627 -0.053287612105384463 0.089367967315447341 0.0064570376320275541 -0.093293844583969679 -0.014212238547878328 -0.091464622718472235 -0.017695995454035936 0.10201927411392371 -0.02143163383858708 0.059858463218247809 0.059547964452881789 0.014228593564628238 -0.024611003786123707 -0.0066144332891021054 -0.094247736115495334 -0.064246386513285139 -0.086652122256332786 -0.062324673125037047 -0.0054352065696770795 0.034853687113983227 -0.013671527274728316 -0.049535169990195464 0.011947494826315554 0.088185775183077159 0.019824266325102237 -0.082797825373351591 0.070918583844633648 -0.041077888799792697 -0.0078756126730733494 0.10316404784869282 -0.036366975372433372 -0.08642723534045936 -0.07453329570916227 -0.045882102427053421 -0.016789452483648572 0.014768676636889353 0.10386056734826994 0.021909385531641169 0.078073080923805993 -0.10040593735764983 -0.075640267815580614 0.016229503301034339 -0.044769661077555194 0.1018086792552788 -0.059287707672629558 0.0037721735817717889 -0.038831207184196366 -0.081126622838568335 -0.031602007632717623 -0.044074107282016169 -0.069777182408106223 -0.002081598977275645 0.023421872011137865 -0.099813204809344303 -0.11627833782008268 -0.079895595521344842 -0.061480050799901077
leaf_weight=21855.267720401287 4280.1583613939583 5331.6552389115095 4571.4040654562414 270.99203823506832 1178.9896434098482 146.48506999015808 924.10922922566533 5388.6850670948625 2428.2819605544209 662.86285029351711 5492.004264973104 4521.2687360942364 88197.871507722884 8673.5710232630372 972.70218199491501 3378.5060850344598 938.83924515172839 296.41968784853816 346.94202348962426 38.726841323077679 213.96103722974658 8818.9429070428014 2786.914969034493 876.75802075117826 3591.0894427783787 488.83507885038853 1116.3251075744629 694.20807642489672 1322.1383640281856 1614.9297175072134 3008.6086761951447 449.92324536666274 4066.8976313583553 5600.8478304594755 88.036367323249578 2655.6235138252378 3120.957865357399 2695.3199517577887 3358.348685503006 8555.4973518438637 2252.4231457263231 291.15806847810745 2007.193245459348 9507.8966010995209 27431.107121609151 751.32968200743198 292.14317657798529 9779.9749692380428 122.7630319930613 416.80808294191957 693.63390706852078 450.66693338751793 573.82871033251286 4392.4935693070292 1523.1451739035547 146.38698337972164 177.10630717873573 680.47446317970753 1221.5393710173666 107.8639532327652 2926.8148164600134 5311.4902257621288
leaf_count=224489 88769 52154 126886 1364 5165 1285 21298 47798 20910 4256 44481 20613 2639960 37991 6762 59890 4979 1670 2922 240 1153 70907 16147 4245 36827 3131 5955 4168 16737 25645 24012 5932 19917 25266 1221 16855 26805 20617 17646 37539 9986 2248 11769 250665 252691 5874 1868 51022 2105 3751 3607 3248 3757 21398 8568 1210 1130 6329 8925 608 19950 36447
internal_value=0.00258123 -0.0614981 0.0899158 -0.0285334 -0.090573 -0.0201378 -0.00453006 0.0369823 -0.0975911 -0.0675813 -0.0909122 -0.0318336 0.0996421 -0.00756902 -0.0133041 0.0262487 0.0129539 -0.0296357 0.03906 -0.00593011 0.0374818 -0.0736272 -0.0308954 -0.0268224 0.0155204 -0.0758718 -0.0196182 0.0541337 0.0740748 0.0467009 -0.0963637 0.0329778 -0.0161562 -0.0114253 -0.0320426 -0.0754117 -0.0669512 -0.0555917 -0.0184333 -0.0249903 -0.00690067 0.0806036 -1.75784e-05 0.0847505 -0.0981423 -0.0802572 -0.0499193 -0.0415335 0.00380916 0.00173686 -0.034543 -0.0874731 -0.0463107 -0.0373243 -0.0146098 -0.0261309 -0.0783105 0.00692198 -0.0875626 -0.0326228 -0.0649782 -0.0574509
internal_weight=286078 165008 121070 77331.1 87677 68813.7 29477.3 18792.9 67172.7 20504.3 45317.4 39336.4 102277 28553.2 22316.8 14512.8 6236.37 37843.9 2617.64 3618.73 1186.66 18208.9 37097.5 29344.3 9519.35 17546.1 2295.31 2162.83 1468.62 4993.44 8517.37 746.343 21130.2 16281.6 4848.57 14414.6 8471.9 5350.94 18687.5 11913.8 6773.69 329.885 7608.04 14079.3 30902.9 3471.75 1043.47 10656.7 5928.26 5805.49 4760.53 5942.67 7753.24 4966.32 3288.85 2350.01 3185.71 826.861 1492.53 454.806 8727.14 5800.33
internal_count=4501763 1219467 3282296 455818 763649 378522 178278 264785 617838 145811 393349 200244 3017511 156980 107686 176016 49294 189955 25720 23574 7915 134691 182353 141051 90481 130435 11120 22190 18022 85535 77296 7602 99771 75026 24745 112006 64277 37472 85784 55185 30599 2488 37035 377551 281343 28652 7742 55267 53654 51549 23524 47729 41302 25155 21086 16107 25142 7539 10289 3530 59528 39578
is_linear=0
shrinkage=0.1


Tree=20
num_leaves=63
num_cat=0
split_feature=65 65 65 68 65 69 69 65 69 71 1 57 71 0 52 55 65 7 69 69 25 57 25 3 73 56 17 68 68 69 66 72 71 59 59 72 34 59 54 65 25 17 7 71 59 73 59 0 59 27 9 40 59 59 1 0 34 64 68 75 4 58
split_gain=140105 15185.9 5504.69 4516.57 1565.5 1139.64 1015.31 978.457 629.577 418.687 403.852 399.587 364.197 306.693 301.157 291.777 267.184 241.597 234.625 232.795 216.607 196.389 197.104 192.948 409.738 232.825 228.787 187.415 186.421 185.404 177.461 171.145 158.826 158.767 155.735 151.889 146.336 142.857 138.863 138.056 136.659 168.262 135.157 131.606 128.159 128.149 126.361 124.953 124.513 123.483 130.386 120.87 133.008 120.842 114.641 113.137 170.464 112.586 110.663 108.507 108.142 116.775
threshold=0.83967128396034252 0.096507042646408095 0.97568511962890636 0.9207158386707307 0.33039470016956335 -0.21138011664152143 0.038244498893618591 0.035392517223954208 0.030280471779406074 0.6507437825202943 72.850124359130874 81.252204895019545 0.50746119022369396 98.837055206298842 44.610280990600593 0.89444443583488475 0.99354600906372081 82.621711730957045 0.80084347724914562 0.92990034818649303 1.5000000000000002 80.006305694580092 1.5000000000000002 60.188678741455085 0.047649055719375617 0.90454545617103588 1.0000000180025095e-35 0.98928901553154003 0.0038185972953215246 0.011915802955627443 1.5000000000000002 -1.0000000180025095e-35 0.37647342681884771 0.9861450493335725 0.96451142430305492 0.089018024504184737 0.89499929547309887 0.99538335204124462 82.392688751220717 0.17254898697137835 2.5000000000000004 1.0000000180025095e-35 83.034858703613295 0.68545213341712963 0.21365817636251452 -1.0000000180025095e-35 0.89181405305862438 99.51456451416017 0.99341988563537609 49.500000000000007 0.52777779102325451 1.0000000180025095e-35 0.93168774247169506 0.19278004765510562 52.240802764892585 98.61084365844728 0.95317149162292492 0.94608640670776378 0.025183511897921566 1.0000000180025095e-35 0.82049739360809337 86.722988128662124
decision_type=2 2 2 2 2 2 2 2 2 2 2 8 2 2 8 8 2 10 2 2 2 8 2 2 8 10 2 2 2 2 2 10 2 2 2 10 2 2 10 2 2 2 10 2 2 10 2 2 2 2 10 2 2 2 2 2 2 2 2 2 2 2
left_child=1 5 6 4 9 -1 27 21 -4 13 18 20 15 14 30 44 -10 32 -8 46 28 22 29 24 58 53 59 -2 -9 -7 40 -14 38 -23 -21 45 -11 49 -16 -19 41 -3 43 47 -6 -33 -12 -13 -44 50 60 -46 -53 -25 -43 56 -55 -22 -17 -26 -27 -62
right_child=2 3 8 -5 12 7 10 11 16 36 19 42 31 -15 17 23 -18 39 -20 34 57 33 -24 25 26 37 -28 -29 -30 -31 -32 35 -34 -35 -36 -37 -38 -39 -40 -41 -42 54 48 -45 51 -47 -48 -49 -50 -51 -52 52 -54 55 -56 -57 -58 -59 -60 -61 61 -63
leaf_value=-0.10760442368623396 -0.021710953835783985 -0.044664268845272082 -0.024694395154052921 -0.10506027945684582 0.011852123848473521 -0.066792454190759187 0.024324240717786421 0.04856331042974818 0.085892026394962503 -0.078878056257391527 0.034707931209664311 -0.0539814773133106 -0.094333017046627637 0.039580913940287774 -0.0031660948064399681 0.029118768715876511 0.10165602944810925 -0.052974685300184378 0.077366056938581063 0.059086641735228596 -0.06487961487906535 -0.096666102308154422 -0.085725275125242556 0.080167486050872136 -0.0075960665535331779 -0.12269434062853413 0.065582351283147947 -0.10530680875383658 -0.031001658525314765 0.018864426296008999 -0.023668280463341004 -0.083355023149567387 -0.04061403061953809 0.2134061138447908 0.021269716646445915 0.046923011143632391 -0.047237076170859295 0.10751426389069951 -0.036922318833219683 -0.033572524381968886 -0.01443821876520214 0.07963994543735875 -0.078910906855769042 -0.080431364936464758 -0.018445038424913494 -0.020450029915774937 0.0051121616226671284 0.086947568996552871 0.17769914708867521 0.042115043373968993 -0.01292203043655229 0.010624297777700301 -0.050221720790517434 0.042106387551024207 -0.032851877504787685 0.046356827590494226 -0.0070299258498149877 -0.0154927991710652 -0.049622862856446535 -0.21523553941211548 0.020206099003470965 -0.079401464705846025
leaf_weight=23847.528073020279 961.45434994250536 171.029935374856 409.86724526807666 6886.5201651230454 2459.0678650401533 748.21520140767097 1020.8450522981584 457.36976087838411 12437.315839776769 1825.9492578059435 3055.8579645305872 5115.0232560411096 323.90691988915205 638.77578971534967 4421.8953112587333 251.60896691307425 79332.180974543095 6749.1957359090447 4555.0140531659126 4189.2634290717542 1930.1101788952947 25723.139497518539 3609.3011802881956 300.90121339261532 288.879793766886 202.600227676332 2079.830341771245 371.93089978396893 826.83395072072744 381.55749294161797 1926.6175678595901 336.53613621741533 2985.760748244822 16.523927167057991 1471.4534490332007 323.57099065929651 7326.6847541481256 94.798384379595518 1682.2751999273896 8031.5907142683864 638.82486567646265 684.38090076297522 11341.244102336466 2436.3978248015046 10127.391732361168 8591.0753930471838 2732.7074052020907 63.697165884077549 18.940541297197342 327.49217049777508 2960.6834455803037 2997.6468422189355 408.18320551887155 976.98706563189626 104.41535641252995 898.13696452230215 2545.8309889473021 606.68746922165155 614.10593956708908 27.569175112992525 210.44387138262391 267.05525700002909
leaf_count=259435 4573 825 2596 73230 11462 6391 8477 2140 369963 13057 35509 37969 1887 2860 20878 2540 2608095 39801 105540 83875 13214 253761 32880 1782 3278 1284 30668 3292 4813 2244 9491 1867 15639 76 28226 1514 44224 1595 8719 37250 2936 4060 90863 20359 52475 38054 29524 401 81 2345 17384 15503 2276 7800 500 6481 13278 3735 3519 262 1399 1616
internal_value=0.00256044 -0.0576103 0.0890083 -0.027564 -0.0204295 -0.0894353 0.0390039 -0.0813023 0.0989673 -0.034979 0.0455852 -0.0656321 -0.00604504 -0.0289162 -0.0305133 -0.000294873 0.0995196 -0.0345425 0.067655 0.0348371 -0.0361282 -0.0930227 -0.0743153 0.0114584 0.0322272 0.00374663 0.0535296 -0.045029 -0.00266456 -0.0378636 -0.00323049 -0.0228835 -0.0217139 -0.096467 0.0492565 -0.0203819 -0.0535494 -0.0138033 -0.0124691 -0.0424319 0.0214002 0.0452529 -0.0715732 -0.0612651 -0.00914858 -0.0228213 0.0207361 -0.0522481 -0.0784831 -0.0167014 -0.021992 -0.0129645 0.003332 0.018848 0.0647491 0.0146745 0.0065971 -0.0530685 -0.0267376 -0.0256857 -0.0614767 -0.0355023
internal_weight=269349 158811 110538 81688.2 74801.7 77122.6 18358.5 53275 92179.4 37187.4 17025.1 22796.3 37614.3 28034.8 27396 28039.2 91769.5 23870.7 5575.86 11449.3 3821 30478.7 4739.07 12046.9 3261.99 8784.93 2396.28 1333.39 1284.2 1129.77 3525.27 9575.09 9089.93 25739.7 5660.72 9251.18 9152.63 4063.07 6104.17 14780.8 1598.65 959.826 18975.3 7615.12 15992.3 8927.61 5788.57 5178.72 11360.2 3968.27 3640.78 13533.2 3405.83 4721.86 788.796 4420.96 3522.82 2536.8 865.715 316.449 680.099 477.499
internal_count=4501771 1222101 3279670 493739 420509 728362 299016 468927 2980654 200240 291151 173575 220269 142959 140099 176947 2978058 122287 114017 177134 23902 295352 41515 95231 40267 54964 34208 7865 6953 8635 17812 43322 45236 253837 112101 41435 57281 25623 29597 77051 8321 5385 149673 58729 81716 39921 65033 38370 90944 24028 21683 70254 17779 29341 4560 27559 21078 16949 6059 3540 4299 3015
is_linear=0
shrinkage=0.1


Tree=21
num_leaves=63
num_cat=0
split_feature=69 69 69 69 11 70 69 59 72 1 59 11 73 25 59 4 73 18 69 69 70 7 59 55 11 71 69 72 7 59 3 69 57 72 34 6 59 72 53 0 69 17 59 34 68 25 57 68 73 55 68 73 19 33 59 59 59 68 59 1 59 66
split_gain=122703 12916.8 4715.3 3095.54 2538.71 2293.12 1096.28 721.878 633.867 621.124 606.785 547.224 383.879 365.658 341.419 283.24 322.615 275.587 252.572 246.671 238.901 227.977 227.364 198.809 204.566 275.191 191.61 190.484 194.839 184.805 179.56 178.327 161.797 157.909 147.55 139.541 129.199 128.229 154.295 159.844 126.274 126.039 124.36 167.263 122.995 120.651 119.712 117.569 133.649 113.016 106.866 106.551 114.07 143.351 128.156 104.891 103.671 108.595 103.647 102.829 100.341 98.6818
threshold=0.77125313878059398 0.070104897022247328 0.97009059786796581 -0.45105782151222223 1.0000000180025095e-35 2.5000000000000004 0.19444286823272708 0.98533570766448986 -0.10131090879440306 69.631092071533217 0.99100637435913097 1.0000000180025095e-35 -0.049684315919876092 1.5000000000000002 0.074122425168752684 0.79540237784385692 0.090445622801780715 6.5000000000000009 0.027006366290152076 0.989854395389557 1.5000000000000002 80.096618652343764 0.026196922175586227 inf 1.0000000180025095e-35 0.37647342681884771 0.42965407669544226 0.37744775414466863 97.22989654541017 0.074122425168752684 44.722221374511726 0.93631166219711315 84.433155059814467 -0.80886477231979359 0.23908293992280963 1.0000000180025095e-35 0.16346291452646258 0.7181263566017152 45.189340591430671 87.551651000976577 -0.25445331633090967 1.0000000180025095e-35 0.99430277943611156 1.0023535490036013 0.20861589163541797 1.5000000000000002 82.680995941162124 0.48996892571449285 -1.0000000180025095e-35 0.35416667163372045 0.52926039695739757 0.040740162134170539 1.0000000180025095e-35 0.013658076524734499 0.91064062714576732 0.21365817636251452 0.92529723048210155 0.039451584219932563 0.58481794595718395 47.856706619262702 0.95812162756919872 33.500000000000007
decision_type=2 2 2 2 2 2 2 2 8 2 2 2 8 2 2 2 8 8 2 2 2 8 2 8 2 2 2 10 10 2 2 2 10 8 2 2 2 10 10 2 2 2 2 2 2 2 10 2 10 8 2 8 2 2 2 2 2 2 2 2 2 2
left_child=1 3 9 -1 5 8 11 13 -5 -2 17 42 -10 15 -7 16 30 31 47 -4 27 -17 45 26 25 34 36 28 40 32 -8 56 -13 -18 -25 44 46 -36 39 -39 -14 -35 43 -3 -23 -20 -15 -6 -49 -19 58 -30 53 -53 -54 -28 -11 -58 -38 -43 -33 -42
right_child=2 6 19 4 18 14 7 -9 12 10 -12 29 20 23 -16 21 33 49 22 -21 -22 35 -24 24 -26 -27 55 -29 51 -31 -32 60 -34 41 37 -37 50 38 -40 -41 61 59 -44 -45 -46 -47 -48 48 -50 -51 -52 52 54 -55 -56 -57 57 -59 -60 -61 -62 -63
leaf_value=-0.10635258234855466 0.073634885895471361 -0.0063158607030374021 0.084283285368399533 -0.094324768082253901 -0.095506005107019828 -0.090617794968962939 -0.055429922898959122 0.093884395149642141 -0.081979282745740178 0.013714496464070611 0.097363047560181604 0.020966683307833404 -0.061148125705413829 0.032622085455896566 -0.058550382545735094 0.057500131163091432 -0.18636025362925066 0.021684555178690432 0.11574540141534945 0.10080848073838732 -0.043390085209779328 -0.12075953156159179 -0.079050893247721396 -0.096908667700963846 -0.042403444932498584 -0.026259345817828059 0.01797759402932499 0.046919092489449893 -0.0052677566650108755 -0.049564339797413842 0.045067114056127872 0.051439787996990165 -0.036589811646126839 -0.012897940361611588 0.05567479980608786 -0.0090627020056121606 -0.024431234950902839 -0.3708374613277568 0.092030772059104413 -0.0054690376244587524 -0.0204821663619273 0.085497262261297211 0.10730168141250268 -0.058757796809097984 0.084834385496726908 -0.03394871574627998 -0.015822618847308251 -0.10622637572454677 -0.021751960821098676 0.055320654909951084 0.038185759343183738 0.11502613413914678 -0.10270519057375137 -0.0030090606708343473 0.14097045890535542 -0.0088690131028940893 -0.023730382880210316 0.080741274990797918 -0.050041210012126316 0.0073673121349923645 0.0099057326281229621 -0.061718756008907076
leaf_weight=24626.696184709668 5141.2577873151749 6057.4204112067819 10343.871763521805 1480.0083828642964 17936.87228833884 9989.5373692139983 434.45593503117561 734.29471389017999 1204.0455596596003 3962.1587059609592 1331.2724155690521 715.70702097564936 883.31860883533955 685.61194917559624 4973.0175496116281 495.75789218023419 24.81945164501667 1415.7355042304844 58.428728811442852 71267.596745101735 5015.2940065562725 198.51342611014843 12801.502937681973 71.071733992546797 562.5601489841938 775.21613755263388 1677.2751913443208 431.39245837926865 1815.8421342782676 11790.212198670954 300.93879131413996 1672.4144972525537 1537.8543303310871 175.49219173565507 1745.000917730853 2136.2260147798806 7355.0890481993556 23.910216528922319 33.44935317710042 23.985264390707016 13895.960049513727 1432.7637964263558 89.156655251979828 676.07514667883515 34.096112901344895 685.88716687262058 1992.4713293612003 313.79386779293418 464.57508451119065 3392.7820929214358 236.10675423964858 262.35305690392852 87.800605744123459 169.28132209926844 28.617989275604486 10997.418257759884 1465.2031966410577 106.74624741449952 2012.7436128742993 190.89773383364081 891.84155078977346 605.61701995134354
leaf_count=294467 127946 27047 331769 13188 188969 102913 2432 20811 8954 40086 42636 3817 6348 3041 36105 2847 158 18259 317 2580650 32448 1026 116444 406 2648 4761 8905 2656 9548 74971 2271 35396 9729 1483 14476 11179 32657 163 274 205 69063 21031 1994 4159 485 5659 8749 2873 3022 54011 2137 1451 697 925 329 60830 14378 2845 9019 1400 17432 4190
internal_value=0.00263991 -0.0538454 0.0881845 -0.0756892 -0.0653595 -0.0487971 -0.0151831 -0.00420103 -0.03078 0.0438421 0.0330842 -0.0332617 -0.0269256 -0.00634358 -0.0799597 0.0174341 0.0416101 0.0264542 -0.0863273 0.098714 -0.0240678 -0.00416593 -0.0759269 -0.0109183 0.0124055 0.0239422 -0.0139418 -0.0187375 -0.0203333 -0.0445491 -0.0143044 0.0151945 -0.0183105 0.0641539 0.0444528 -0.0170716 -0.022843 0.0499538 -0.0727718 -0.187867 -0.0244402 0.0676097 -0.0100277 -0.0115813 -0.0906234 -0.0221977 -0.00342037 -0.0938549 -0.0558072 0.0454174 -0.028259 0.00639596 0.0450409 0.0687343 -0.0428049 -0.00531633 0.0050935 -0.016636 -0.0299337 0.0763113 0.0369944 -0.0222043
internal_weight=253937 152946 100991 97729.8 73103.1 40842.1 55216.6 34350.2 25879.5 19379.4 14238.2 20866.4 24399.5 33615.9 14962.6 5423.96 2559.37 12906.9 32261.1 81611.5 23195.5 2864.59 13545.8 28191.9 3235.19 2672.63 24956.7 18180.2 17748.8 14043.8 735.395 8098.36 2253.56 1823.97 1897.42 2368.84 12282 1826.35 81.3448 47.8955 15384.9 1799.15 6822.65 6733.5 232.61 744.316 2678.08 18715.2 778.369 4808.52 9603.94 2363.9 548.053 431.634 116.419 12674.7 5534.11 1571.95 9367.83 1623.66 2564.26 14501.6
internal_count=4501085 1235677 3265408 900566 606099 288815 335111 213394 149797 352989 225043 121717 136609 192583 139018 44312 28775 182407 317284 2912419 127655 15537 122420 148271 22933 20285 125338 95207 92551 88517 4703 110137 13546 24072 15524 12690 55603 15118 642 368 79601 23914 33200 31206 1511 5976 11790 194864 5895 72270 43813 12950 3402 2376 1026 69735 57309 17223 41676 22431 52828 73253
is_linear=0
shrinkage=0.1


Tree=22
num_leaves=63
num_cat=0
split_feature=65 65 68 65 65 68 65 71 57 71 68 1 0 71 2 1 22 68 74 33 33 25 71 72 18 9 65 65 65 71 1 59 25 17 68 65 52 72 59 59 71 37 68 0 71 17 20 64 18 59 14 27 28 72 71 0 17 27 59 51 57 68
split_gain=107818 14618.9 4175.06 3428.32 1434.63 1250.88 1036.41 579.161 457.544 435.334 364.252 343.341 339.908 302.719 289.137 283.32 283.686 326.671 276.539 243.763 229.907 219.365 202.87 197.454 196.612 192.571 188.73 187.592 182.077 171.074 162.35 156.864 146.458 146.149 144.714 144.312 139.298 134.124 131.969 130.38 127.763 127.058 133.634 151.005 125.299 124.989 123.929 121.415 119.957 114.537 113.171 139.383 311.879 109.039 108.502 130.298 147.264 108.468 117.597 108.265 268.705 107.38
threshold=0.89487832784652721 0.096507042646408095 0.94776034355163585 0.98193717002868663 0.39993983507156378 0.42402729392051702 0.02958411164581776 0.9432528316974641 81.252204895019545 0.72236648201942455 0.9207158386707307 67.099567413330092 99.51456451416017 0.46609540283679968 73.765182495117202 52.240802764892585 1.0000000180025095e-35 0.018668262287974361 1.0000000180025095e-35 0.60396653413772594 0.55828949809074413 1.5000000000000002 0.42231898009777075 -0.040389619767665856 5.5000000000000009 0.89444443583488475 0.057904653251171119 0.99601760506629955 0.95886832475662243 0.0081788897514343279 99.51456451416017 0.99538335204124462 5.5000000000000009 1.0000000180025095e-35 0.98928901553154003 0.17254898697137835 50.352111816406257 0.11736276373267175 0.96045470237731945 0.94203513860702526 0.11052337288856508 11.651583671569826 0.0015277306665666404 52.419982910156257 0.0037433207035064702 1.0000000180025095e-35 0.15829948335886004 0.96694630384445202 1.5000000000000002 0.6464107632637025 inf 1.5000000000000002 8.5000000000000018 -1.0000000180025095e-35 0.13583783805370334 37.089946746826179 1.0000000180025095e-35 30.500000000000004 0.95570945739746105 93.788581848144545 78.072521209716811 0.021737353876233104
decision_type=2 2 2 2 2 2 2 2 8 2 2 2 2 2 2 2 2 2 2 2 2 2 2 8 10 8 2 2 2 2 2 2 2 2 2 2 8 10 2 2 2 2 2 2 2 2 2 2 8 2 8 2 2 10 2 2 2 2 2 2 10 2
left_child=1 5 4 7 9 6 36 11 21 12 27 40 15 14 23 16 17 33 24 31 35 29 -22 44 59 32 -10 -5 39 -8 -11 57 48 -3 -9 -17 41 53 -30 -13 -2 -1 43 -43 -6 -19 -20 -23 -25 -37 51 52 -21 -15 55 56 -27 58 -16 -18 -61 -50
right_child=3 2 -4 10 13 -7 8 34 26 30 -12 28 -14 37 19 20 18 45 46 50 22 47 -24 25 -26 54 -28 -29 38 -31 -32 -33 -34 -35 -36 49 -38 -39 -40 -41 -42 42 -44 -45 -46 -47 -48 -49 61 -51 -52 -53 -54 -55 -56 -57 -58 -59 -60 60 -62 -63
leaf_value=-0.088506282068803496 0.083458818024452805 -0.021563870462586735 -0.10350226104216663 0.087753728650967144 -0.016725713267242447 -0.10671669323764983 0.041970487554295534 -0.0060355499965965287 -0.076138244000514832 -0.070650954611434058 0.0038034533454591023 0.040062946889902223 0.033623619045630611 -0.08125673191717489 -0.010770697890300183 -0.047424663415405799 -0.055328075078779439 -0.11297422781594589 -0.041218174825230963 -0.0087389259035255597 -0.0044537529900209351 -0.056137983157539179 -0.034021286123548822 -0.014177577961268204 0.023521168568546618 -0.018748176552906507 -0.057109459850789052 0.10124954197994834 0.073033002522557344 -0.026894431620380067 -0.039264588047716265 0.099260032152733435 -0.14396245849977732 0.066683839626399496 -0.095968523711864859 -0.024572234253361795 -0.093104203083790221 0.052939734227412105 0.037400301102582606 0.0073938850007129108 0.037719046816684219 0.052999969959701312 -0.066922355586999549 -0.080514723816376796 -0.14369559575305046 -0.0069706130348032571 0.12264130525905814 0.0093947705095272852 0.028695448376125726 -0.05899080294913818 0.051583733558482003 0.025357888703567893 -0.27269563342543945 -0.016554516906737753 -0.0095556303995808986 0.024952541090221349 0.074713722730477869 0.012822839179462156 -0.063458544103020001 0.079202960170824802 -0.048783071752195109 -0.02409948464251542
leaf_weight=1505.4908660501242 3410.2398176658899 222.55417042970657 5721.1982534453273 12370.282613113523 403.97240003943443 17481.289802312851 559.96528491377831 842.20127690583467 11760.820303581655 2157.2117293030024 404.21876963600516 3501.5343858003616 1062.0319585800171 269.21661455929279 11549.397696141154 6318.9008335471153 1875.4000761881471 123.83552128821611 62.306558549404144 728.00794412195683 5863.2294068820775 2546.86046115309 3840.5293269380927 1260.1163053512573 548.06959686428308 188.49713958799839 9360.6338516250253 61527.183478606865 2238.9314089883119 1013.8958117961884 6982.3930564969778 134.73962674662471 60.825997035950422 1197.1763539016247 227.19374442100525 9156.8400341123343 21579.114041410387 270.1773523055017 1939.9819133225828 1876.1875000037253 743.89716943912208 236.69792923331261 846.34780332446098 131.92176288366318 96.238242495805025 1092.934169575572 178.06842800974846 318.02199048548937 2991.3828890025616 1080.994473118335 909.21192030981183 1893.9788798205554 47.695891484618187 8009.3073250278831 385.06865722313523 1513.0972664020956 1596.2217323482037 1933.1013405583799 439.74754685908556 232.19646096974611 558.85640311986208 442.19414636865258
leaf_count=15568 101597 1106 71743 459764 3356 231103 2675 4162 115383 18074 3320 59250 4865 1677 65052 39343 9281 615 312 5351 28367 19452 20938 9435 2673 2899 75414 2449142 60361 6786 42169 2702 425 7937 2104 41949 248606 1269 50378 27889 8680 1499 8146 1271 647 5498 875 2084 25578 5141 8416 12322 357 36173 3042 12436 33834 11149 2844 1114 2869 3094
internal_value=0.00250206 -0.049043 -0.0210589 0.089723 -0.0149866 -0.0836993 -0.0756291 0.0457378 -0.0615716 -0.0273333 0.0984725 0.0512662 -0.0220434 -2.74959e-05 0.00523819 -0.0238708 -0.00444039 0.0202634 -0.0232924 -0.00218755 -0.0283779 -0.0323862 -0.0161559 0.0198908 -0.0310289 0.0235098 -0.067705 0.0989904 0.040833 -0.00239293 -0.0466727 -0.00811971 0.0102135 0.0528503 -0.0251419 -0.0355411 -0.0904159 -0.0163958 0.0564912 0.0286653 0.075268 -0.0690919 -0.0450352 0.00521768 -0.0411541 -0.017759 0.080168 -0.0488634 0.0122115 -0.0282064 0.0211125 0.0107349 -0.0249689 -0.0186586 0.0406751 0.0465403 0.0648425 -0.00915894 -0.0127032 -0.0422413 -0.0112155 0.0218962
internal_weight=239820 150738 83396.9 89081.9 77675.7 67341.1 49859.8 14780.2 25560.2 42553.5 74301.7 13710.8 33413.9 35122.2 26573.5 32351.9 6091.4 2636.5 3454.9 17635.9 26260.5 4438.74 9703.76 8937.61 3214.52 8437.4 21121.5 73897.5 9556.64 1573.86 9139.6 14057 4754.52 1419.73 1069.4 16556.7 24299.6 8548.7 4178.91 5377.72 4154.14 2720.46 1214.97 368.62 500.211 1216.77 240.375 2864.88 4693.69 10237.8 3578.89 2669.68 775.704 8278.52 3682.88 3297.82 1784.72 13922.2 11989.1 2666.45 791.053 3433.58
internal_count=4501561 1274914 546927 3226647 475184 727987 496884 314421 221794 233126 2912226 308155 172883 242058 202939 168018 32280 15156 17124 108193 135738 30997 49305 94746 15937 90743 190797 2908906 197878 9461 60243 81747 38532 9043 6266 86433 275090 39119 110739 87139 110277 26484 10916 2770 4003 6113 1187 21536 38107 47090 26446 18030 5708 37850 52211 49169 36733 79045 67896 13264 3983 28672
is_linear=0
shrinkage=0.1


Tree=23
num_leaves=63
num_cat=0
split_feature=65 65 68 65 65 68 65 71 57 71 0 27 68 1 22 73 54 71 2 20 64 34 65 65 55 68 65 65 59 18 72 59 57 17 68 25 25 71 27 40 59 73 59 51 25 24 72 59 71 59 13 27 28 64 1 59 18 1 59 62 72 54
split_gain=94796.5 13794.3 3884.44 2954.93 1366.8 1309.92 1035.53 554.901 434.139 392.333 344.134 322.282 286.737 247.208 251.541 401.461 204.747 202.249 228.447 187.373 185.825 182.545 177.982 176.851 168.724 167.461 160.328 158.012 182.349 153.856 150.921 146.947 145.002 143.162 130.605 129.224 128.154 131.747 126.393 125.499 129.331 124.033 123.208 120.762 113.33 137.447 109.985 109.383 114.066 106.679 106.116 117.087 164.757 105.467 104.705 104.49 102.913 105.678 102.604 108.044 98.8449 94.9027
threshold=0.90774759650230419 0.096507042646408095 0.94776034355163585 0.9851873815059663 0.4705475270748139 0.33988478779792791 0.02958411164581776 0.91420617699623119 81.252204895019545 0.7604079842567445 98.837055206298842 14.500000000000002 0.97739240527153026 50.333333969116218 1.0000000180025095e-35 0.1582840830087662 97.642425537109389 0.50746119022369396 75.162338256835952 0.34736680984497076 0.90248000621795665 0.94619935750961315 0.18928714096546176 0.050683282315731056 0.89444443583488475 0.059357130900025375 0.99601760506629955 0.96264526247978222 0.95286333560943615 4.5000000000000009 -1.0000000180025095e-35 0.99538335204124462 75.005722045898452 1.0000000180025095e-35 0.99265149235725414 1.5000000000000002 1.5000000000000002 0.0097931325435638445 24.500000000000004 1.0000000180025095e-35 0.18262135237455371 0.1020946502685547 0.95812162756919872 97.01425933837892 4.5000000000000009 2.5000000000000004 -0.0082554668188095075 0.1153191812336445 0.7992122769355775 0.21365817636251452 1.0000000180025095e-35 1.5000000000000002 9.5000000000000018 0.90838983654975902 37.089946746826179 0.9861450493335725 2.5000000000000004 61.861471176147468 0.78172948956489574 6.0053551197052011 -1.0000000180025095e-35 71.126026153564467
decision_type=2 2 2 2 2 2 2 2 8 2 2 2 2 2 2 8 10 2 2 2 2 2 2 2 8 2 2 2 2 10 8 2 8 2 2 2 2 2 2 2 2 8 2 2 2 2 8 2 2 2 2 2 2 2 2 2 10 2 2 2 10 10
left_child=1 5 4 7 9 6 32 11 20 10 13 27 26 14 15 -3 22 18 24 50 -8 -11 -15 -10 44 35 -5 28 -2 -16 -22 38 36 -17 -9 -26 37 -1 58 53 -41 -32 -29 46 45 -6 -37 48 61 -23 -20 52 -52 -24 -35 -34 -43 -58 -21 -60 -19 -25
right_child=3 2 -4 12 17 -7 8 34 23 21 -12 -13 -14 16 29 33 -18 60 19 31 30 49 39 47 25 -27 -28 42 -30 -31 41 -33 55 54 -36 43 -38 -39 -40 40 -42 56 -44 -45 -46 -47 -48 -49 -50 -51 51 -53 -54 -55 -56 -57 57 -59 59 -61 -62 -63
leaf_value=0.019496493414279541 0.042744019432782408 -0.016373304660116151 -0.10158815539016866 0.087128207683088182 -0.0017702983430836873 -0.10463689165246273 -0.053022022784199534 -0.0051585670060689121 -0.074588199746764117 -0.069589701920298633 0.026236645617036616 0.07637642343897777 -0.018883799518986697 -0.032043404381089442 -0.031301940126268739 -0.022091731129002964 -0.045426676777927888 -0.081355627877933712 0.054620697622634141 -0.002283147290632395 -0.091968840916014413 -0.049934511646262898 -0.023435173234821791 -0.022912272940290301 0.063341707663215965 -0.016652280445543281 0.10084971802941814 0.076288760938007655 -0.0012721581050113978 0.015414654906354833 -0.024734167652063484 0.10283293373402563 -0.091167281302751618 0.085394507249327872 -0.10193382327931558 -0.081029133541919596 -0.080622911869903904 -0.062397515964662358 0.019350876450170463 0.062215703837075712 -0.0058934853081231463 -0.0024459939558960355 0.041819499156771939 0.05818896802739007 -0.05758235080646245 0.05448538316523354 0.019766522097534201 -0.065055400393113347 -0.072882436543473164 -0.025553287731500309 -0.011356264619300007 0.026727238698449781 -0.2415351487686761 0.019806824694202751 0.0093645731299388923 0.18875429480213532 0.087938462740342033 -0.04292063888344088 -0.027085475017208777 0.035219427919747429 -0.010280164860679689 -0.053418584653613557
leaf_weight=291.48419024050236 3418.3061242289841 1575.2339141182601 5323.7951987609267 10045.196721414104 2306.8291344568133 17024.322460711002 1771.4647000133991 953.98150551319122 8663.1349918171763 1909.289980404079 1594.2341913916171 4353.2507198341191 207.83171065896749 10234.990637376904 3062.9747120067477 192.9584777764976 4262.3313387073576 202.28499277681112 771.61122008785605 6419.3476470448077 207.18218830227852 2927.1410583630204 10286.035119473934 2173.2092776149511 1467.5410608183593 615.17334258183837 55916.094725318253 1883.1973727103323 1298.8046171739697 915.7404360473156 1183.4573158472776 125.07766506075859 19059.644841127098 947.87477930262685 163.3292663693428 114.31824336200953 2190.8657264858484 602.47934406250715 1681.0085628516972 296.98431236296892 4553.0751898810267 625.04998522251844 2307.778309257701 890.96686883270741 282.57504348829389 535.0467273183167 2041.2865792512894 5697.0048763304949 1149.0213139876723 4638.3054943010211 683.35687014460564 1620.7106370143592 32.57910019159317 596.75430621951818 223.9250517077744 13.344574257731436 319.88018473237753 76.465085297822952 3804.1965413577855 300.29947236180305 5979.5172776132822 1921.3343852236867
leaf_count=1883 68049 7962 72430 408681 18378 242890 13608 4879 91477 15664 7424 125772 1391 61934 15438 1056 21537 1279 7906 36471 1413 20978 46361 16964 30708 5354 2449724 58391 20953 4597 8429 2755 237481 7900 1639 818 24146 6183 10751 1346 21254 3905 69199 13875 2250 4421 21556 49742 11065 25788 5661 11152 215 2621 1376 60 1717 566 26001 2169 26956 16390
internal_value=0.00233181 -0.0456114 -0.0189401 0.0894621 -0.0133057 -0.0809427 -0.0721631 0.048374 -0.0576736 -0.0237191 -0.0192583 0.0540762 0.0983906 -0.0212107 -0.00415909 0.0180224 -0.0251133 0.00350204 0.00770501 0.000525085 -0.0284293 -0.0419596 -0.0217791 -0.0639145 0.0211347 0.0322936 0.0987601 0.0431784 0.0306246 -0.0205497 -0.0103677 -0.0050063 -0.0877181 0.0577227 -0.0193052 0.0389638 -0.0676032 -0.0356953 -0.00611146 -0.0151016 -0.00172295 -0.00269989 0.0573081 0.0272209 0.00281557 0.00882109 0.014421 -0.0554626 -0.0450403 -0.0349866 0.0224671 0.0118493 -0.0218307 -0.021064 0.0708656 -0.0909714 0.0228305 0.0626924 -0.0101786 -0.022527 -0.0126059 -0.0372271
internal_weight=226932 146385 83415.4 80547.8 78091.6 62969.3 45945 14378.6 23787.2 48217.8 38743.1 13261.3 66169.1 37148.9 6918.71 2939.99 30230.2 29873.7 23691.9 15438.2 4183.5 9474.74 25967.8 19603.7 8253.74 5129.29 65961.3 8908.09 4717.11 3978.72 2412.03 12329.9 22157.8 1364.76 1117.31 4514.11 3084.83 893.964 12204.9 15732.8 4850.06 2204.85 4190.98 3046.57 3124.45 2841.88 2155.6 10940.6 5243.56 7565.45 3108.26 2336.65 715.936 10882.8 1171.8 19073 1021.4 396.345 10523.8 4104.5 6181.8 4094.54
internal_count=4500939 1292261 564342 3208678 491912 727919 485029 348882 215276 263236 200806 342364 2859796 193382 38329 18294 155053 228676 200441 103081 29638 62430 133516 185638 97360 72311 2858405 216592 89002 20035 16030 78147 269753 10332 6518 66957 32212 8066 75392 71582 22600 14617 127590 36249 25049 22799 22374 94161 44419 46766 24934 17028 5876 48982 9276 237541 6188 2283 64641 28170 28235 33354
is_linear=0
shrinkage=0.1


Tree=24
num_leaves=63
num_cat=0
split_feature=69 69 69 69 11 70 59 69 72 1 59 73 7 59 3 25 4 73 69 69 18 72 18 7 69 40 59 3 59 72 0 17 73 21 59 1 74 22 73 1 11 17 0 46 0 71 30 71 3 22 69 51 68 9 54 1 7 68 59 73 69 59
split_gain=82529.7 10342.6 3754.1 3278.64 2275.02 1974.57 789.416 675.547 625.225 445.915 436.132 392.059 320.976 316.009 269.217 266.468 270.555 272.08 259.025 253.367 225.406 212.091 201.951 180.582 246.464 168.953 167.428 157.309 138.822 134.273 129.054 126.434 121.9 150.328 119.681 114.963 107.925 124.771 156.094 152.048 117.063 113.669 105.542 101.078 100.064 156.298 122.101 98.3231 113.208 96.5357 205.384 125.3 113.95 95.6317 95.3914 91.6111 90.0751 88.8109 95.8575 88.7652 87.2672 96.4754
threshold=0.82525554299354564 0.070104897022247328 0.97209855914115917 -0.55426308512687672 1.0000000180025095e-35 2.5000000000000004 0.98533570766448986 0.19444286823272708 -0.10131090879440306 68.457099914550795 0.99341988563537609 -0.049684315919876092 76.376262664794936 0.074122425168752684 71.563343048095717 1.5000000000000002 0.79540237784385692 0.0016399621963500979 0.038244498893618591 0.99026647210121166 6.5000000000000009 0.20824138820171359 3.5000000000000004 97.309360504150405 -0.25445331633090967 1.0000000180025095e-35 0.27164700627326971 62.678571701049812 0.028230086900293831 -0.80886477231979359 98.837055206298842 1.0000000180025095e-35 0.066694527864456191 1.0000000180025095e-35 0.12248792499303819 50.333333969116218 1.0000000180025095e-35 1.0000000180025095e-35 0.0537480115890503 38.327016830444343 1.0000000180025095e-35 1.0000000180025095e-35 91.616462707519545 0.022682789713144306 82.413585662841811 0.33311556279659277 10.500000000000002 0.16411416977643969 93.710441589355483 1.0000000180025095e-35 0.0095322076231241244 35.519714355468757 0.52926039695739757 0.43650794029235845 95.391052246093764 69.631092071533217 80.658718109130874 0.0041662068106234082 0.9696662724018098 -0.0041691660881042472 0.94741943478584301 0.95812162756919872
decision_type=2 2 2 2 2 2 2 2 8 2 2 8 10 2 2 2 2 8 2 2 8 8 8 10 2 2 2 2 2 8 2 2 10 2 2 2 2 2 8 2 2 2 2 2 2 2 2 2 2 2 2 2 2 10 10 2 8 2 2 10 2 2
left_child=1 3 9 -1 5 8 7 12 -5 -2 20 -10 -3 -7 36 16 17 27 35 55 60 23 47 24 -13 30 54 -9 -20 -19 34 -31 -25 -34 -17 49 37 38 -14 41 -39 -40 -23 -36 -26 46 -46 48 -18 50 -6 -52 -51 -16 -27 -4 -24 58 -57 -54 -11 -62
right_child=2 6 19 4 18 13 -8 15 11 10 -12 21 14 -15 53 25 22 29 28 -21 -22 42 56 32 44 26 -28 -29 -30 31 -32 -33 33 -35 43 -37 -38 40 39 -41 -42 -43 -44 -45 45 -47 -48 -49 -50 52 51 -53 59 -55 -56 57 -58 -59 -60 -61 61 -63
leaf_value=-0.1044421855908063 0.071319940414522762 -0.0058891431395787421 0.098018126592668953 -0.087040900195892085 -0.072145404393727006 -0.083209247131942887 0.087996729845223692 -0.050733872664594476 -0.076072063875855911 0.0073285550160814466 0.097798815910284886 -0.059393088878779955 -0.032001385746083993 -0.050668825382499942 -0.0382374553033379 0.0095289465052950037 -0.12551211660762304 -0.1535072725202786 -0.0073967122445830124 0.099374672846029202 0.045060545298640217 0.0066567956632237017 0.053240854640038228 -0.0029245145089545708 -0.028736134856991592 0.058380336006755622 -0.0022080467907335381 0.065380647644217693 -0.065573859666724132 -0.01570249778266079 0.025669591835385648 0.069446976372138799 0.026580181221798539 0.18785667207292309 -0.030945042799692169 -0.087684358835421944 0.091514226326994616 0.00013695842640903757 -0.052752074738918867 -0.013830732951304084 -0.05048428322251948 0.08188358965666509 0.07388438887248365 -0.012763043685292777 0.051876015584886193 -0.016101255366529808 -0.080388290124188383 0.083687234823214038 -0.031543036862323702 -0.08539564126346072 0.094853171475407963 -0.047193498857559607 -0.10108123582045243 -0.062695163817098762 0.0080796080269106025 0.082483208531857602 0.0033387667309294775 0.096205780235528102 0.053491060366932845 0.0038821889570054276 0.051714290073506988 0.0063805287815959042
leaf_weight=17541.30103655532 3716.1284011732787 5331.4105698987842 2167.1417899057269 1466.6489543765783 535.35519946366549 8398.0932523608208 802.65669791400433 432.39710827916861 1175.0064738094807 4756.2584712058306 911.1818846873939 1666.8727626353502 656.59915965795517 4629.532199382782 8590.1293084509671 1917.2906622886658 149.08518390916288 29.61609336361289 435.73466581851244 53186.191656930372 3816.9332212675363 1073.6146076284349 480.82347890362144 2191.4741204641759 6581.2802755236626 779.95886743068695 8095.4721978753805 159.79390488378704 6988.4541855789721 193.52112469822168 846.26963566802442 1763.1293684970587 269.25510855391622 73.59299586340785 3920.747635865584 15980.080911967903 99.073833387345076 732.16875582188368 71.799629360437393 433.59050986915827 1214.7896894291043 495.2099609747529 298.43660709261894 13887.710005953908 553.04173830896616 9728.5660606101155 79.877780087292194 63.187292937189341 915.40074227750301 2237.9752235114574 151.54534873366356 105.2142685316503 113.8349671214819 1964.2855768054724 729.77669053897262 2176.1166473124176 1460.2040935084224 1383.5337763447315 2396.1591987982392 275.70155565440655 1111.4870381392539 812.65327836759388
leaf_count=276152 117722 25976 93378 16392 5718 106956 28487 2424 10375 60710 38249 14774 2838 38017 60081 9416 841 203 3383 2562799 69895 7065 3128 12831 40295 3913 49898 1476 70770 1717 5863 28614 1861 453 20321 208127 552 3621 311 2350 7654 2669 1776 77271 3029 49255 552 1062 4440 27210 1024 1093 1162 13169 3956 82222 8535 63892 92984 1720 29620 18759
internal_value=0.00241307 -0.0435473 0.0858548 -0.0660764 -0.0557243 -0.0400453 -0.0104645 -0.0118907 -0.0236814 0.0412348 0.031435 -0.019759 -0.0268222 -0.0716456 -0.0346497 -0.00372604 0.0162109 0.0400895 -0.0780442 0.0968624 0.0256746 -0.0168203 -0.00385304 -0.0192926 -0.022703 -0.0074569 0.00349346 -0.0194021 -0.0621594 0.0578266 -0.0125697 0.0610253 0.00575017 0.0611985 -0.0142102 -0.0841233 -0.0114516 -0.014282 0.00588525 0.0307467 -0.0314478 0.0648349 0.0212796 -0.016766 -0.0190934 -0.0129686 0.0351836 -0.0375096 -0.0447038 -0.0674822 -0.0368814 0.0366457 -0.0767074 -0.0427893 0.0340659 0.0804128 0.0157003 0.0740068 0.0672895 -0.0267915 0.0145981 0.0325677
internal_weight=215200 138767 76433.8 82550.5 65009.2 38185.3 56216.1 55413.4 25157.7 15124.6 11408.5 23691 19589.1 13027.6 14257.6 35824.4 5647.16 2578.46 26823.9 61309.1 10497.3 22516 3068.7 21144 18609.6 30177.2 9605.21 592.191 7424.19 1986.27 20572 1956.65 2534.32 342.848 19725.7 19399.7 3703.23 3604.16 1657.2 1000.6 1946.96 567.01 1372.05 17808.5 16942.8 10361.5 632.92 1127.67 1064.49 3419.63 792.115 256.76 2627.51 10554.4 1509.74 8122.95 1941.03 5955.81 4572.28 389.537 6680.4 1924.14
internal_count=4501006 1270776 3230230 899990 623838 303631 370786 342299 158658 334955 217233 142266 119221 144973 93245 223078 52440 34434 320207 2895275 178984 131891 18006 123050 107905 170638 57767 3900 74153 30534 112871 30331 15145 2314 107008 246054 19995 19443 8168 5330 11275 2980 8841 97592 93131 52836 3581 6343 5281 37927 7835 2117 30092 73250 7869 332476 11663 239098 175206 2882 109089 48379
is_linear=0
shrinkage=0.1


Tree=25
num_leaves=63
num_cat=0
split_feature=65 65 68 65 65 69 65 69 59 65 1 27 69 59 69 69 59 69 59 62 72 22 65 7 1 73 72 65 51 59 72 59 69 35 75 67 9 68 73 52 69 68 59 33 17 58 0 69 59 40 68 68 33 62 68 68 65 68 59 16 40 69
split_gain=72912.2 12255 3586.77 2288.89 1256.5 1224.87 831.798 416.368 393.682 376.596 338.757 279.142 226.949 274.246 220.156 213.514 230.507 147.734 153.247 144.574 142.486 139.53 138.887 135 134.751 261.439 130.517 118.98 116.443 113.483 111.373 106.552 134.349 167.638 131.186 106.054 104.079 104.016 103.448 102.818 120.03 101.656 99.1058 98.2437 96.6431 93.1833 106.866 87.4427 86.9521 89.9475 136.275 86.11 82.2799 79.3214 77.8205 76.9273 75.9859 73.9273 73.6827 78.6663 73.1333 72.9842
threshold=0.92841586470603954 0.083176713436841979 0.94776034355163585 0.98770233988761913 0.50811585783958446 -0.25445331633090967 0.024798057973384861 0.030280471779406074 0.090102236717939391 0.18928714096546176 77.485187530517592 25.500000000000004 -0.097895689308643327 0.29915052652359014 0.010794795118272306 0.80084347724914562 0.88120171427726757 0.97209855914115917 0.95286333560943615 4.0033404827117929 -0.10131090879440306 1.0000000180025095e-35 0.99601760506629955 58.550062179565437 53.093112945556648 0.20469915866851809 -0.040389619767665856 0.054184313863515861 43.557312011718757 0.050762904807925231 -0.10131090879440306 0.67318987846374523 0.23038917034864428 2.5000000000000004 1.0000000180025095e-35 2.5000000000000004 0.89444443583488475 0.45617958903312689 -0.039813786745071404 11.882352828979494 0.0095322076231241244 0.0043503905180841693 0.9696662724018098 0.23686510324478152 1.0000000180025095e-35 78.798233032226577 98.837055206298842 -0.097895689308643327 0.804333657026291 1.0000000180025095e-35 0.018668262287974361 0.98466318845748912 0.62603944540023815 5.0110151767730722 0.018668262287974361 0.0019627339206635956 0.6318296790122987 0.99508434534072887 0.99538335204124462 3.5000000000000004 1.0000000180025095e-35 -0.035495992749929421
decision_type=2 2 2 2 2 2 2 2 2 2 2 2 2 2 2 2 2 2 2 2 8 2 2 8 2 8 8 2 2 2 8 2 2 2 2 2 8 2 8 10 2 2 2 2 2 2 2 2 2 2 2 2 2 2 2 2 2 2 2 8 2 2
left_child=1 5 4 7 9 -1 28 57 10 12 20 17 -3 29 -5 26 36 18 -9 -18 -8 24 -16 55 25 -22 41 -10 39 -14 -11 32 38 -34 -33 48 43 -13 -32 -7 -41 -6 -19 -17 -27 54 -47 -25 49 -28 -51 56 -49 -20 -35 -12 -4 -2 59 -50 -31 -54
right_child=3 2 51 14 15 6 8 11 27 30 23 37 13 -15 22 16 19 42 53 -21 21 -23 -24 47 -26 44 35 -29 -30 60 31 34 33 45 -36 -37 -38 -39 -40 40 -42 -43 -44 -45 -46 46 -48 52 58 50 -52 -53 61 -55 -56 -57 -58 -59 -60 -61 -62 -63
leaf_value=-0.10255857476846003 -0.012644458114453928 -0.052344362441196217 -0.090547889492111899 -0.019875949964817764 -0.016293421995774264 -0.081329140913486808 -0.083311598842848777 0.047238744631093565 -0.078106206819701304 -0.048751337728882946 0.08324002777169523 0.082434099930090821 0.012397867733151657 -0.047830104425640216 0.085270488887162016 0.0085671115831341786 -0.016293978562058543 0.077943589859211293 -5.1105737854988117e-06 0.02595887746823184 -0.0057185666191381405 -0.041413721103123025 0.10010630285369991 -0.076774556165376373 -0.021827132046618028 -0.021309114725585738 0.0013628305350584851 -0.056535504939867399 -0.088035514931704972 -0.027225817402755866 -0.058617374761503777 -0.039900418655806298 -0.018747375338979855 0.024223611217669833 0.036819084218777241 -0.057207321334799804 0.057627037121524671 0.029751324810928233 -0.015387535959142003 -0.067015564108794487 0.013375102268120477 -0.10222304384517521 0.041936048237174083 0.042162156069772784 0.11635777267045185 -0.0052879422557215207 0.072079527263157722 -0.060547069184840242 -0.045214289335341717 0.034322864462346302 -0.00082443460346480132 -0.10425558829608667 -0.054449798719227629 0.049340519574631626 -0.028221133945581962 -0.047902021746918759 -0.029053025333466754 -0.10484074267627973 0.10047517146466077 -0.0059304139532726499 -0.010425572804576009 -0.022479912651277651
leaf_weight=14157.064374748617 566.87225031107664 3915.9571858085692 608.07909151166677 158.70041965693235 418.63227320834994 1062.7985811084509 266.12615174800158 2844.9838008079678 5949.5393002331257 868.35199273005128 112.76604849100113 3370.1055391356349 1112.6590478569269 4135.198130980134 7308.3526720143855 1817.4208356831223 2127.4652231428772 1592.0565100163221 1504.6186176985502 1307.4857018236071 705.23810230195522 819.16285794973373 46198.122476937249 1461.6917996108532 866.25877279788256 60.0399389564991 10802.384016485885 4484.4772901386023 14464.482245758176 7094.9956328496337 573.8815548568964 2249.1532010994852 4650.9073062948883 2744.8491589948535 247.39877897873521 298.80843541026115 1319.8237774986774 421.66021497175097 15623.130848035216 441.517154738307 320.58608168363571 205.13256057724357 1470.3233217149973 1670.6400712374598 338.42143737524748 5543.7380091026425 184.47524499893188 3205.9392069727182 599.64812075346708 2414.1676994357258 2031.3577850759029 4105.2279697842896 1326.8258129507303 415.77292288094759 315.45395661145449 74.136905252933502 300.10063380002975 102.73339473456144 59.297643177211285 3400.3367883581668 4081.7616278231144 1546.2504804059863
leaf_count=239767 2795 35930 10029 955 2733 13780 2476 71453 71880 5196 897 127225 6321 27573 355900 23516 25722 63200 32285 17264 5060 7940 2449936 17494 8152 285 66259 42008 207791 44896 3686 11153 20440 17020 1338 1536 27110 3335 78568 5066 2398 1338 56423 23755 1618 24876 1317 36689 3162 21151 11212 67628 14987 8734 1732 646 2503 1132 1455 22214 25645 14921
internal_value=0.0022796 -0.0389322 -0.0159862 0.0888164 -0.010955 -0.0774964 -0.0680364 0.0498871 -0.0549877 -0.0200091 -0.0415881 0.0543058 -0.0307116 -0.025554 0.0977311 0.00600736 0.0195735 0.0435183 0.0325054 -0.000210778 -0.0133993 -0.00672861 0.0980799 -0.0527331 0.00769441 0.0308649 0.000479682 -0.0688352 -0.0850324 -0.0180584 -0.0134125 -0.0124575 -0.0107862 -0.00339469 -0.0322978 0.00191238 0.0337082 0.0765756 -0.0169192 -0.0612291 -0.0331985 -0.0445524 0.0606555 0.0246578 0.0956142 0.00472999 -0.00279635 -0.0548139 0.00282735 0.00628993 0.0182625 -0.0980914 -0.0495335 0.0106784 0.0188176 0.0312212 -0.0702274 -0.0267896 -0.0101792 -0.0118196 -0.0210904 -0.037244
internal_weight=204446 138491 86827.9 65954.3 81814.5 51663.3 37506.3 12289.1 21216.9 53341.9 10782.9 11619.5 20340.6 16424.6 53665.2 28472.6 8242.84 7827.76 4765.38 3434.95 3055.25 2789.12 53506.5 7727.61 1969.96 1103.7 20229.8 10434 16289.4 12289.4 33001.3 32133 29636.4 13439.4 2496.55 19606 4807.88 3791.77 16197 1824.9 762.103 623.765 3062.38 3488.06 398.461 8788.52 5728.21 7540.71 19307.2 15247.9 4445.53 5013.41 6079.02 1920.39 3060.3 186.903 908.18 669.606 4059.28 3999.98 11176.8 2873.08
internal_count=4501506 1328133 634278 3173373 554118 693855 454088 366582 225053 305691 111165 362655 140365 104435 2806791 248427 117367 232095 112472 42986 25531 23055 2805836 85634 15115 6963 131060 113888 229035 76862 165326 160130 147639 65385 12491 126989 74381 130560 82254 21244 7464 4071 119623 47271 1903 44945 26193 84091 125453 98622 32363 80160 66597 41019 18752 1543 12532 3927 26831 25376 70541 29908
is_linear=0
shrinkage=0.1


Tree=26
num_leaves=63
num_cat=0
split_feature=65 65 68 65 69 69 65 59 69 65 1 27 71 1 22 69 59 69 71 18 14 74 73 73 68 22 72 73 55 65 33 71 71 59 65 18 75 25 69 65 59 20 59 68 8 1 73 51 72 58 55 72 69 58 1 33 38 51 62 69 34 71
split_gain=63969.6 11475 3342.96 2007.42 1243.98 1113.91 771.257 389.292 383.245 373.88 350.018 256.921 246.765 235.924 322.391 206.874 192.864 190.998 188.801 187.395 182.209 164.045 367.147 157.775 162.625 155.755 178.979 183.369 142.008 141.111 139.514 188.956 129.33 128.609 151.352 127.626 134.501 125.515 131.875 121.733 115.299 115.008 112.091 106.748 106.492 102.693 102.429 98.7496 98.5928 106.766 89.3491 86.6587 119.388 119.352 85.0013 81.0752 80.6016 79.2829 77.7165 77.006 76.9418 85.6386
threshold=0.93615427613258373 0.083176713436841979 0.96634739637374889 0.98913982510566723 -0.30888731777667994 0.48789329826831823 0.022297199815511707 0.084526009857654585 0.034061813727021224 0.20834278315305713 64.932434082031264 13.500000000000002 0.7992122769355775 48.683298110961921 1.0000000180025095e-35 0.017650300636887554 0.29915052652359014 -0.079197674989700304 1.4755343198776247 3.5000000000000004 inf 1.0000000180025095e-35 0.83356112241745006 -0.060889661312103265 0.010486515238881113 1.0000000180025095e-35 -0.058035090565681451 0.10757997632026674 inf 0.047570170834660537 0.55248987674713146 0.6155306100845338 0.37647342681884771 0.95286333560943615 0.97747302055358898 1.5000000000000002 1.0000000180025095e-35 1.5000000000000002 -0.17549589276313779 0.99734023213386547 0.99571532011032116 1.0000000180025095e-35 0.94203513860702526 0.45617958903312689 64.533195495605483 35.948717117309577 0.0088240206241607683 93.957649230957045 -0.10131090879440306 80.886707305908217 0.61250001192092907 -0.0082554668188095075 0.73820394277572643 53.000858306884773 99.51456451416017 0.078265011310577406 81.367622375488295 47.140522003173835 2.0348643064498906 0.96536937355995189 0.23908293992280963 0.37647342681884771
decision_type=2 2 2 2 2 2 2 2 2 2 2 2 2 2 2 2 2 2 2 8 8 2 10 8 2 2 8 8 8 2 2 2 2 2 2 10 2 2 2 2 2 2 2 2 10 2 8 2 8 2 8 10 2 2 2 2 8 2 2 2 2 2
left_child=1 4 5 8 -1 9 57 10 -2 12 25 33 16 14 46 -5 37 -12 23 40 50 22 35 24 -11 26 -8 -28 -22 -9 -19 -32 -30 59 -35 36 47 -3 -39 -17 42 -23 -15 -13 60 -29 -7 58 -25 -50 -21 -24 -53 -54 -14 -38 -52 -6 -16 -10 -40 -62
right_child=3 2 -4 15 6 13 7 29 11 18 17 43 54 19 21 39 -18 30 -20 20 28 41 51 48 -26 -27 27 45 32 -31 31 -33 -34 34 -36 -37 55 38 44 -41 -42 -43 -44 -45 -46 -47 -48 -49 49 -51 56 52 53 -55 -56 -57 -58 -59 -60 -61 61 -63
leaf_value=-0.10234633111787586 -0.024350087659193435 0.0042873326566233274 -0.099653333835446362 -0.015734165967780624 -0.063453071716317297 -0.020599693200493541 -0.086588988315814422 -0.079350870891500905 0.046390284226330486 -0.013097665605539139 -0.075881469293696741 0.082748112839908169 -0.073015431714129816 -0.0035151045192804002 -0.088355701197336864 0.086892780398082251 -0.039729700439217294 -0.055628163390620045 -0.040475209731500726 -0.008745270829616977 0.019831794594869282 -0.12993059646160515 -0.0013163829673403021 -0.042681343111794647 -0.078292344315420051 -0.04126337872180072 -0.0068530952726261257 0.099611645362855702 0.07497056356644792 -0.056631562901153336 -0.0084161240662249948 -0.058802726959851809 -0.19197429950430125 0.013036252389830756 0.051552205022550507 0.02995207461089805 -0.044310385630701145 -0.064843744477713225 -0.049762653151150651 0.10014608592689292 0.096979264343228996 0.090588375083984651 -0.040065346693238885 0.027329153650514679 -0.027881901556526225 0.011278581882579679 0.077870404587929848 0.019842914523857613 0.0023855614107151533 -0.010293446513270613 0.068800430129329904 -0.20615010213281107 -0.87633441182002181 -0.28633369425295124 -0.040426864969048223 -0.30393388077834321 0.0078966994397941769 -0.086917510075799509 -0.0080061207899005844 0.077780846488077829 0.0054142572801443231 -0.020980965773023871
leaf_weight=12331.738806761801 635.77278038486838 2413.5575593970716 4344.0143643058836 160.97901014238596 1633.5398497469723 115.13729413039982 165.04326236248016 5226.935602683574 1857.8665048480034 936.86517100408673 2180.4153607487679 3317.6836721599102 1142.5843726657331 8159.3960577975959 211.66481238231063 8406.8186374064535 4768.4121807068586 3500.5155600383878 2004.0636481195688 3525.7127006612718 4773.1428375001997 25.536210650578141 10.887129846960304 773.45087916776538 646.74556457623839 860.47585919126868 812.55455474182963 359.22605746984482 686.38805548101664 5731.6292078793049 2042.9887110218406 1170.7974470332265 18.64202631264925 1984.5345720332116 2099.7183636222035 1140.2627031300217 22.789042752236128 641.0742329582572 415.66975621879101 39462.600757343695 107.33551613800228 320.24327850155532 935.22949366644025 388.24462048336864 5644.9654825180769 207.71204122900963 1280.1544529497623 521.25726683065295 9425.8280333690345 22483.132687982172 291.57234452106059 30.630030855536461 6.4059094544500095 7.3772152289748192 2672.3605592176318 25.472954079508781 853.03072834759951 12153.354629222304 279.11646187677979 1348.8979901429266 3105.5216756314039 2034.4337327182293
leaf_count=231179 3736 14100 76691 1085 20342 1539 1446 70272 47932 4177 28431 139259 14140 60960 2290 461058 31872 42388 12343 22963 40332 396 172 4696 4427 8990 6484 1750 9205 57791 20335 14258 98 47595 88755 20445 298 5880 2299 2306136 2764 6619 8274 3359 37089 1365 34520 8932 50072 105384 3314 162 134 169 22032 332 9482 188636 4341 55575 17391 12901
internal_value=0.00216344 -0.0359036 -0.0141524 0.0884108 -0.0749306 -0.00964796 -0.0655512 -0.0540389 0.0511388 -0.0169527 -0.0410152 0.055503 -0.0269753 0.00884558 0.0309638 0.097438 -0.0223205 -0.0501669 -0.0106417 0.00427696 0.0136477 0.010165 0.000333974 -0.00889689 -0.0397231 -0.00716828 0.0118264 0.0236009 0.0260196 -0.0674681 -0.0418163 -0.0267722 0.0679122 0.0446058 0.0328373 0.00672927 -0.0182449 -0.0164971 -0.0207333 0.0978185 -0.00605763 0.0743028 -0.00727368 0.0769422 -0.0182086 0.0672486 0.0697448 -0.0104672 -0.00740322 -0.0065481 -0.00086437 -0.254154 -0.316133 -0.560545 -0.0501872 -0.181341 0.0234111 -0.0841373 -0.0426594 0.0595945 -0.00837982 -0.00503317
internal_weight=194840 135177 86800.1 59663.1 48376.9 82456.1 36045.2 22258.3 11632.7 59108.7 11299.7 10996.9 22838.6 23347.4 3996.93 48030.4 19023.6 8894.72 36270.1 19350.4 10148.5 2601.64 2255.86 34266 1583.61 2405.01 1544.54 1379.49 5478.17 10958.6 6714.3 3213.79 705.03 7291.02 4084.25 2200.56 1060.3 14255.2 11841.7 47869.4 9201.96 345.779 9094.63 3705.93 11200.6 566.938 1395.29 1012.04 32682.4 31909 4670.32 55.3003 44.4132 13.7831 3814.94 48.262 1144.6 13786.9 490.781 3206.76 5555.63 5139.96
internal_count=4501392 1346902 653235 3154490 693667 576544 462488 253510 386211 338803 125447 382475 157704 237741 80349 2768279 121532 105412 181099 157392 85394 44290 37275 168756 8604 20035 11045 9599 49635 128063 76981 34593 9303 239857 136350 36638 16193 89660 75560 2767194 71998 7015 69234 142618 69680 3115 36059 15563 160152 155456 35759 637 465 303 36172 630 12796 208978 6631 103507 32591 30292
is_linear=0
shrinkage=0.1


Tree=27
num_leaves=63
num_cat=0
split_feature=65 65 68 65 69 65 65 69 57 69 71 27 4 0 69 25 73 68 25 71 57 72 20 57 65 69 11 64 65 34 68 72 71 64 65 68 46 25 34 4 6 51 4 65 17 27 51 73 19 51 68 55 0 0 8 17 11 41 69 64 68 71
split_gain=56238 10637.4 3202.78 1825.21 1166.65 1039.14 706.059 409.611 369.379 297.481 296.792 244.703 214.478 201.908 196.789 168.449 164.597 169.161 149.808 141.915 139.744 156.572 138.51 129.59 122.811 116.202 133.992 112.899 124.75 110.004 127.131 106.505 116.036 106.329 117.625 106.291 174.979 135.764 104.03 103.347 128.921 102.538 138.585 102.23 100.892 99.3359 97.1778 133.589 100.98 94.0623 93.6661 107.188 89.411 88.1801 147.564 96.1336 86.4774 91.4717 83.0666 82.2703 80.7995 76.8721
threshold=0.94327107071876537 0.077111490070819869 0.96634739637374889 0.98913982510566723 -0.37147544324398035 0.2999835759401322 0.026215379126369957 0.82525554299354564 80.883197784423842 0.038244498893618591 0.83740472793579113 18.500000000000004 0.64937895536422741 99.51456451416017 0.017650300636887554 1.5000000000000002 -0.049684315919876092 0.0076754512265324601 1.5000000000000002 1.8325254917144778 86.666667938232436 -0.71259117126464833 0.39738324284553533 82.353977203369155 0.99690118432044994 0.015972190536558632 1.0000000180025095e-35 0.049994707107543952 0.97747302055358898 1.0857557654380801 0.013913123868405821 -0.02887378633022308 0.028911024332046512 0.95876732468605053 0.15744660794734958 0.021737353876233104 0.020251568406820301 1.5000000000000002 0.93933826684951793 0.74369555711746227 1.0000000180025095e-35 89.699382781982436 0.92307868599891674 0.050683282315731056 1.0000000180025095e-35 15.500000000000002 97.825057983398452 0.69256082177162182 0.30753020942211157 90.366767883300795 0.0050107808783650407 0.89444443583488475 98.529094696044936 32.495286941528327 77.880359649658217 1.0000000180025095e-35 1.0000000180025095e-35 0.30035036802291876 0.48789329826831823 0.35472795367240911 0.0031938013853505258 0.7604079842567445
decision_type=2 2 2 2 2 2 2 2 8 2 2 2 2 2 2 2 8 2 2 2 10 8 2 8 2 2 2 2 2 2 2 8 2 2 2 2 2 2 2 2 2 2 2 2 2 2 2 10 2 2 2 8 2 2 10 2 2 2 2 2 2 2
left_child=1 4 5 9 -1 10 23 16 18 -2 13 27 56 15 -5 29 17 -7 31 20 21 -18 -14 25 -16 -6 -27 28 -11 30 53 -8 -33 34 -17 36 49 39 -12 44 -41 -22 -43 -10 -38 46 47 -24 -48 -23 51 -20 -44 55 -55 -3 -9 -58 -13 -37 -15 -54
right_child=3 2 -4 14 6 7 8 12 43 11 38 58 22 60 24 33 19 -19 50 -21 41 35 45 -25 -26 26 -28 -29 -30 -31 -32 32 -34 -35 -36 59 37 -39 -40 40 -42 42 52 -45 -46 -47 48 -49 -50 -51 -52 -53 61 54 -56 -57 57 -59 -60 -61 -62 -63
leaf_value=-0.10259031216774445 -0.018503255936633167 -0.02359441635496258 -0.098408223286974877 -0.013787762619558537 -0.072355523273251496 -0.0092467965587674558 -0.092255406327741471 0.069546724323680073 -0.064742047203045106 0.016265826111729647 -0.067792455261314319 0.028808760368309445 0.049478640936223318 0.10202565537486002 0.08514055552432985 -0.031172604507613434 -0.12479254889515778 -0.069364657467486157 -0.040039641096579558 -0.044196899788836008 -0.029234091534529768 -0.023845268549629924 -0.0037274237432120653 -0.084539672316534545 0.099696235276853978 0.048853554852265092 -0.051246016786270068 0.061086239719493333 0.050655896171441374 -0.030187076688545391 -0.010517149430337375 0.051690057740926804 -0.013076395624440511 0.019200327153884547 -0.017048749990244756 0.0072018049409269371 -0.02231683528299927 0.016218603979534309 -0.035554879619456692 -0.087158954599248092 0.04709398560142368 0.012757161381392525 -0.011352148229361671 -0.047749973528208554 0.078192726064623963 0.039778594359068775 0.064134216324551366 -0.087037267602711771 0.0081420633107573259 0.013495456494813105 -0.065438598779245419 0.020706882301669758 0.014404768715040393 0.046537933103447157 -0.033298498208331577 0.074731013083919967 -0.080078501450034215 0.039017062743840897 0.08283560194065219 -0.023941219948763911 0.016861769674088246 -0.0086877130947754563
leaf_weight=10460.05001058802 595.23383376374841 122.60521080344915 4193.0357466191053 159.77444022893906 2226.8537125140429 1266.8679815400392 98.861921828240156 1099.8207224886864 8493.5660296157002 2093.1525245122612 1306.5286898054183 316.68830436654389 913.09796909801662 131.87505207210779 6884.527417011559 11199.727360282093 88.320710688829422 742.29913409985602 939.95643612742424 784.46544374898076 1675.3110564723611 1386.2182945106179 2654.3464536517859 12369.948489930481 36681.685979803093 179.39360019937158 525.30685063451529 2312.8262703958899 2126.3369688689709 1041.1706407368183 1905.7632405646145 502.41773280128837 615.53008108958602 591.16937442868948 12452.471646338701 2042.816010447219 111.62112712860107 4041.7777887769043 4280.563256084919 106.3394573032856 218.50052401982248 4246.8108966927975 14347.091199845076 6071.7460434809327 948.77642848901451 824.54232521913946 393.38540564477444 207.52480940520763 1777.2933953497559 1314.129535086453 741.88632614165545 420.37737996131182 3019.7129166685045 480.69413673877716 446.61347900703549 526.18624240905046 80.151046914979815 330.06407620199025 2807.0316541921347 1450.5713519882411 717.63410707935691 2758.2868602387607
leaf_count=217347 3489 564 80712 1090 31595 6850 795 35334 115784 54031 15267 2835 15855 602 407715 82474 540 5425 9703 4615 9045 8926 32906 207268 2360469 1365 7544 82748 94886 6637 11029 2582 5055 3306 63994 13086 1225 26187 34828 693 1365 26926 71182 65436 20423 12082 5630 2616 22673 6854 7851 2701 16159 2551 2678 3472 1779 8368 130440 8448 3380 12596
internal_value=0.00210458 -0.033089 -0.0131127 0.0880861 -0.0734692 -0.0088567 -0.0642903 0.000585162 -0.0507983 0.0501081 -0.0219535 0.0543376 0.0208534 -0.0179654 0.0969898 -0.0193843 -0.00355357 -0.0314577 -0.0206923 -0.0020989 -0.00122423 0.00784962 0.0132525 -0.0800596 0.0973961 -0.0611556 -0.025764 0.0433292 0.0335961 -0.00166802 0.00685995 0.00723247 0.0160303 -0.0226896 -0.0237366 0.00885774 0.0151279 0.0254781 -0.0430936 0.052495 0.00314501 -0.00530322 -0.00365823 -0.0576587 0.0676127 0.007605 0.00233361 -0.00976853 0.0182893 -0.00567333 -0.0368557 -0.0212674 -0.00712222 0.0278717 0.0080868 0.05615 0.0549316 0.0157472 0.0773583 -0.00572982 0.0300823 0.00338094
internal_weight=185849 131872 88226.2 53977.3 43645.9 84033.1 33185.8 48830.1 17884.3 10251.3 35203 9656.04 8280.23 29615.9 43726 28766.4 40549.9 2009.17 3319.03 38540.7 37756.3 11709.1 6770.19 15301.5 43566.2 2931.55 704.7 6532.32 4219.49 4523.03 3481.86 1216.81 1117.95 24243.4 23652.2 11620.8 8127.36 5427.02 5587.09 1385.24 324.84 26047.2 24371.9 14565.3 1060.4 5857.09 5032.55 2861.87 2170.68 2700.35 2102.22 1360.33 20125.1 1576.1 927.308 648.791 1510.04 410.215 3123.72 3493.39 849.509 5778
internal_count=4502011 1364308 689282 3137703 675026 608570 457679 377788 209907 368429 230782 364940 137243 180687 2769274 176705 240545 12275 28687 228270 223655 87747 91762 247772 2768184 40504 8909 231665 148917 26931 20294 8432 7637 149774 146468 87207 65673 49893 50095 23706 2058 135908 126863 181220 21648 75907 63825 35522 28303 15780 20255 12404 99937 9265 5229 4036 45481 10147 133275 21534 3982 28755
is_linear=0
shrinkage=0.1


Tree=28
num_leaves=63
num_cat=0
split_feature=65 65 68 65 69 65 65 59 65 1 71 1 71 59 69 69 69 4 59 40 7 35 65 7 65 73 54 59 65 59 59 7 71 22 34 69 59 75 69 9 57 59 20 68 59 1 65 59 71 0 59 25 56 2 68 32 68 0 25 28 59 25
split_gain=49295.8 9624.91 2931.69 1638.88 1224.22 1003.02 701.723 406.337 336.616 272.163 270.951 286.14 184.831 195.27 183.102 180.651 180.555 209.454 177.126 173.623 152.856 147.823 126.391 125.046 123.267 121.774 115.394 106.575 101.181 99.9149 93.4253 89.7382 89.0291 119.816 117.653 89.0256 88.9495 88.8521 88.8195 88.4929 87.4648 87.3923 87.0201 83.6078 83.3474 109.995 82.4111 82.2309 79.2776 106.637 78.1149 71.4961 69.7431 77.0866 76.8711 69.6833 69.236 67.6382 68.2991 66.9657 66.2725 65.5179
threshold=0.9491688907146455 0.077111490070819869 0.96634739637374889 0.98974665999412548 -0.21138011664152143 0.59062442183494579 0.021135220304131511 0.079049985855817809 0.15744660794734958 75.905715942382827 0.72236648201942455 67.099567413330092 0.58096009492874157 0.61819371581077587 0.017650300636887554 -0.17549589276313779 0.84640753269195568 0.62915378808975231 0.29915052652359014 1.0000000180025095e-35 82.06610488891603 2.5000000000000004 0.99690118432044994 60.257467269897468 0.047570170834660537 -0.0089489817619323713 98.153827667236342 0.96451142430305492 0.97747302055358898 0.91865006089210521 0.99450796842575084 86.217220306396499 0.2855892032384873 1.0000000180025095e-35 1.0159367322921755 -0.65906989574432362 0.7311309576034547 1.0000000180025095e-35 0.97009059786796581 0.18333333730697635 80.006305694580092 0.97373610734939586 0.99999985098838817 0.051908032968640334 0.58481794595718395 98.837055206298842 0.042327584698796279 0.9861450493335725 0.91420617699623119 99.51456451416017 0.99538335204124462 1.5000000000000002 0.90454545617103588 72.377109527587905 0.002926536370068789 3.5000000000000004 0.0011713275453075769 98.837055206298842 1.5000000000000002 99.500000000000014 0.91064062714576732 1.5000000000000002
decision_type=2 2 2 2 2 2 2 2 2 2 2 2 2 2 2 2 2 2 2 2 10 2 2 8 2 10 8 2 2 2 2 10 2 2 2 2 2 2 2 10 8 2 2 2 2 2 2 2 2 2 2 2 10 2 2 2 2 2 2 2 2 2
left_child=1 4 5 10 35 8 40 9 15 32 11 -2 13 19 -5 -3 36 -18 48 21 -19 -10 -16 56 -9 -14 39 38 -29 -22 41 -12 33 34 52 -1 37 -7 -13 -21 61 -31 55 50 45 51 -25 -42 49 -17 59 -27 53 54 -8 -38 -11 58 -23 60 -15 -6
right_child=3 2 -4 14 6 16 7 24 12 23 31 27 25 43 22 18 17 20 -20 26 29 57 -24 46 -26 44 -28 28 -30 30 -32 -33 -34 -35 -36 -37 42 -39 -40 -41 47 -43 -44 -45 -46 -47 -48 -49 -50 -51 -52 -53 -54 -55 -56 -57 -58 -59 -60 -61 -62 -63
leaf_value=-0.10387099602528489 0.085328740467988551 -0.056363530657997735 -0.096960048432132226 -0.013407353315259702 -0.028134969961824952 0.013092861284343142 0.090828293812059355 -0.07349289499363125 -0.022053667420245171 0.081497709484712702 -0.076861673501334743 0.041028916322498915 -0.075519868740965654 -0.031777495204834381 0.083666824331420836 -0.016251286011307771 0.058273145227832182 0.047665986821920914 -0.044567766822074216 0.049523048203440806 0.019390419991320667 0.012102167843145968 0.099386020051238408 -0.057019472942382236 -0.05079897911822704 -0.023754705519688217 0.0015148903252389066 0.0073911528370606801 0.045039703835270999 -0.0058082953561564375 0.097057619844793871 0.010790293463317549 -0.054277924901734324 -0.033669735626248525 -0.062140048066792478 -0.082634892876636723 -0.03558044523300076 -0.015027976749494742 0.074848246007350502 0.010365977670880209 -0.08454638481532073 -0.071557106778461971 0.0063515365835266572 0.013359942596843061 0.011608926529337848 -0.01738172342499544 -0.034322625091936509 0.21384499446915226 -0.045901940060646441 0.067553442888518445 0.089561576844062185 -0.0678082737659009 -0.0026731207678696817 -0.029738297464809788 0.026494603960589249 -0.0062426600227391766 -0.035683264156399379 0.035606156729835775 -0.0073729004037296226 0.01603872439704801 -0.080537428598642449 -0.071267233012331552
leaf_weight=8460.1976524479687 2320.2716505154967 1878.3925679139793 3858.9864631071687 150.87236568704247 468.12950709089637 8744.3139272686094 325.63360433280468 5075.0020670108497 5634.3576741944999 119.73876322060823 139.08533894643188 1633.2771924715489 397.23778685182333 3304.0583708137274 6044.8438916197047 10082.528233900666 1312.8308945223689 1128.8424790389836 3086.0645110681653 1032.9509152509272 2877.1343429181725 2173.2834317237139 33256.504352292046 3564.9115666970611 4529.8422518447042 702.2844660282135 6079.3887890707701 1149.4694908671081 1883.5831312369555 1956.0010102447122 80.557517059147358 729.08024237304926 344.91625256091356 727.46862769126892 176.03726479783654 2574.9049167707562 1201.0471530985087 1289.2628364060074 1480.4846722315997 1307.9514385107905 9019.2630181983113 225.46374195255339 3415.9858517237008 484.61494394391775 815.18203192949295 8829.7015118263662 2902.0657101497054 9.24500924348831 902.78061211109161 154.15567672252655 53.310139497742057 774.88656791672111 576.73181471601129 128.10283453390002 432.30675496533513 2484.0990540459752 87.098907262086868 445.55885260552168 10505.730297148228 266.67569190450013 304.42783072590828 1421.7580167837441
leaf_count=195603 118630 23524 80645 1032 5255 67818 2213 77522 26300 1097 1117 49598 4480 16136 390204 70086 44060 20536 23814 5244 43692 13614 2357306 54308 50336 5187 31972 30387 91194 26071 2024 4893 4248 8365 2167 45895 8688 6829 71841 7209 163512 2806 28974 2371 4762 48094 32648 41 8366 831 824 6557 3435 1432 3660 19879 897 2484 49382 1378 1407 22102
internal_value=0.0020311 -0.0304095 -0.0117362 0.0876307 -0.0704485 -0.00781774 -0.0599451 -0.0483304 -0.0148803 -0.0335322 0.0499523 0.0554076 -0.0102722 -0.00631842 0.0965462 -0.0272164 0.00910325 0.0219532 -0.0233678 -0.00315047 0.0143459 -0.00850528 0.0969683 -0.0443862 -0.06279 -0.0211157 0.00877911 0.0441131 0.0307716 0.00702703 -0.00869834 -0.00325208 -0.00681421 0.000104242 0.0150965 -0.0989158 0.00341813 0.00947948 0.0571088 0.0276445 -0.0801459 -0.0126037 -0.00514628 -0.0258292 -0.0191726 -0.0216071 -0.0468342 -0.0842408 -0.0174945 -0.0149893 -0.0306635 -0.0468641 0.0243915 0.0420081 0.0541343 -0.0158043 0.032153 -0.00268897 -0.00403472 -0.0323175 -0.0358911 -0.0605833
internal_weight=177521 128733 87790 48787.5 40943.4 83931.1 29908.3 18989.9 59215.5 9385.01 9335.25 8467.09 43111.6 31592.3 39452.2 16103.9 24715.5 7580.83 14225.5 27179.2 6268 18758.9 39301.3 6673.81 9604.84 11519.3 8420.29 6146.81 3033.05 5139.16 2262.02 868.166 2711.2 2366.28 1638.81 11035.1 17134.7 10033.6 3113.76 2340.9 10918.4 2181.46 7101.13 4413.09 11122.1 10306.9 6466.98 9028.51 11139.5 10236.7 3928.47 1477.17 1462.78 886.043 757.94 3685.15 206.838 13124.6 12679 3875.16 3608.49 1889.89
internal_count=4496982 1380780 706044 3116202 674736 625399 433238 242328 354022 114470 367660 361650 227401 158321 2748542 126621 271377 139189 103097 136205 95129 91780 2747510 88950 127858 69080 44425 243020 121581 74593 30901 6010 25520 21272 12907 241498 132188 74647 121439 12453 190910 28877 57541 22116 64600 59838 86956 163553 79283 70917 19745 11744 10740 7305 5873 28567 1994 65480 62996 18921 17543 27357
is_linear=0
shrinkage=0.1


Tree=29
num_leaves=63
num_cat=0
split_feature=65 65 68 65 69 65 65 65 57 71 27 71 59 69 1 71 33 64 57 69 69 69 59 25 59 69 59 59 18 69 54 71 75 59 71 0 1 40 54 59 27 25 35 55 71 16 75 0 55 73 0 71 59 0 65 74 52 73 19 71 34 59
split_gain=43583.8 8943.94 2696.95 1245.19 1209.35 975.54 678.069 314.035 287.301 286.393 230.984 216.616 169.546 161.453 221.285 136.055 136.046 129.845 129.477 111.161 108.845 108.532 107.038 106.47 105.171 103.436 103.136 102.292 104.68 126.772 121.657 117.808 95.9343 95.4437 103.183 184.776 151.9 114.465 109.419 111.22 90.1618 89.9957 88.1186 86.9587 111.096 93.4816 85.0232 82.8178 82.6902 81.6409 81.6081 80.3966 78.634 78.2169 77.8004 77.5783 76.5922 115.922 99.7881 75.8847 73.6021 72.2108
threshold=0.95886832475662243 0.077111490070819869 0.97739240527153026 0.99279776215553295 -0.37147544324398035 0.6318296790122987 0.026215379126369957 0.18928714096546176 81.252204895019545 0.91420617699623119 24.500000000000004 0.87858495116233837 0.28482554852962499 0.84640753269195568 50.333333969116218 1.3960496187210085 0.5042615830898286 0.952661693096161 82.353977203369155 0.97839868068695079 -0.14607119560241696 0.017650300636887554 0.96451142430305492 1.5000000000000002 0.020942587405443195 0.0095322076231241244 0.98533570766448986 0.98683857917785656 5.5000000000000009 -0.097895689308643327 80.112995147705092 1.1084002256393435 1.5000000000000002 0.67318987846374523 0.50746119022369396 98.837055206298842 99.51456451416017 1.0000000180025095e-35 99.846153259277358 0.23577848821878436 19.500000000000004 1.5000000000000002 2.5000000000000004 0.72077924013137828 0.2855892032384873 1.5000000000000002 1.0000000180025095e-35 58.578638076782234 0.86607143282890331 -0.084597706794738756 83.047893524169936 0.061445742845535285 0.99587664008140575 99.51456451416017 0.99759849905967724 1.0000000180025095e-35 97.70084381103517 0.53393360972404491 0.34619681537151342 1.9877038002014162 0.96085110306739818 0.18262135237455371
decision_type=2 2 2 2 2 2 2 2 8 2 2 2 2 2 2 2 2 2 8 2 2 2 2 2 2 2 2 2 8 2 10 2 2 2 2 2 2 2 10 2 2 2 2 8 2 10 2 2 8 8 2 2 2 2 2 2 10 10 2 2 2 2
left_child=1 4 5 9 -1 7 18 11 17 10 19 12 20 49 -15 33 40 41 23 22 -3 -5 -2 25 -10 -6 -21 28 -26 -30 31 53 -14 34 35 37 -36 42 39 51 56 -8 -9 -22 45 61 -35 -40 -42 -7 -46 -39 -20 -31 -23 -38 57 -16 -58 -51 -17 -45
right_child=3 2 -4 21 6 13 8 15 24 -11 -12 -13 32 14 16 60 -18 -19 52 26 43 54 -24 -25 27 -27 -28 -29 29 30 -32 -33 -34 46 36 -37 55 38 47 -41 48 -43 -44 44 50 -47 -48 -49 -50 59 -52 -53 -54 -55 -56 -57 58 -59 -60 -61 -62 -63
leaf_value=-0.10077419307703842 0.052124116128700493 -0.043799196393152405 -0.098410993951261197 -0.00152120128951529 -0.051856512654769864 -0.030676846779982444 -0.0018768116605765385 -0.018713033200685385 0.007976688326794313 -0.0073539177418499779 0.085000777993141333 -0.049423739939615345 -0.037853831838853699 0.057702450097192409 0.0011231214270936969 -0.07439467311694993 0.046767473208609266 0.010152623594199536 -0.080305708677133186 0.070420299694684704 -0.019091912673625207 0.085929644266291405 0.011820239596534412 -0.067217772988174412 -0.065737693356644034 0.027952974598460224 0.02428703767423715 0.17357059027523089 -0.071709268201434404 -0.021594820253109773 -0.05275560911489699 -0.071676975061102113 0.097151448641830035 -0.026265245204812101 -0.042830797004495165 0.042142459096890315 0.036537613849683195 0.062346639765826772 0.009311821797315498 0.0080758525029463648 0.0085874513700824502 -0.046133817225002462 -0.0031555886838069455 0.0103462879272017 -0.036822484325439865 0.043428386618226025 0.018862990135205059 -0.029639082950552412 0.072088158910624742 0.0071523018505224483 -0.0014275544619176518 -0.0064558777563446029 0.1740083589990373 0.064155616697873716 0.099314989663356446 -0.010663587229810752 0.060284822682987599 -0.057851266991094545 0.0069264464671880827 -0.040201124580070316 -0.024679733117401126 -0.029824975770061702
leaf_weight=8688.6652284599841 1506.9970311932266 1103.0349089987576 3333.0431688651443 111.46176770329475 427.09361001849174 635.01009709574282 667.95084634795785 5285.7802829947323 292.51912355422974 668.62738594971597 2671.9895664472133 2762.4429419487715 4397.7247563302517 1421.981842091307 2847.0884860642254 383.6466774083674 1104.0308909341693 1084.5599075593054 10698.840001672506 2659.3300263257697 6385.3284030407667 5104.4802283942699 1170.9218521881849 1956.9424203000963 4307.8584185801446 262.01575772464275 592.58146478608251 19.956272765994072 1636.0344242751598 2562.7570399641991 3834.8859115727246 483.45559099689126 53.272353257983923 3747.4749795142561 1534.0250239297748 918.88314366340637 363.7019526027143 726.01258758641779 1026.7655660305172 3918.6223336420953 422.91284410096705 1472.0972562991083 11698.409040108323 2028.9141474813223 1197.504141934216 667.72984424978495 469.82532648555934 1165.4906627908349 398.10722018033266 13687.384735565633 1428.4215253666043 221.69705012068152 12.172046743333338 110.97846196219325 29082.502997377887 8171.6282422840595 455.39956340193748 377.49558722227812 1521.4007635768503 346.99587281793356 1330.7455649115145 574.09374999254942
leaf_count=217272 57875 11341 76644 799 6089 5223 4821 23905 3527 4388 152479 32045 33047 54935 42395 3589 22770 8400 207407 152249 45706 370746 37458 32382 60148 1946 36148 94 24976 29880 53945 6970 381 19428 12086 5616 2178 3655 8142 19633 7026 16114 58460 10832 8148 3400 2586 5370 8589 112004 9636 1015 55 1272 2271945 40239 8464 5412 23765 1872 8773 3473
internal_value=0.00193522 -0.0277474 -0.0101757 0.0882061 -0.0679427 -0.00670675 -0.0583798 -0.0132945 -0.0448037 0.0556886 0.060589 -0.0233664 -0.0193306 0.0107604 0.0216842 -0.00822971 0.0144973 -0.018035 -0.0751231 0.049589 -0.0137083 0.0969952 0.0345012 -0.0553144 -0.051319 -0.021511 0.0620136 -0.0526578 -0.0530068 -0.0466505 -0.0407871 -0.0262496 -0.036238 -0.00702521 -0.00531419 -0.00186718 -0.0138592 -0.00354917 0.00715389 0.0155105 0.00858148 -0.0323203 -0.00799734 -0.0110059 -0.00224981 0.0100491 -0.0212378 -0.011396 0.0393785 0.00439463 -0.0175687 0.0462517 -0.0800167 -0.0180356 0.0973164 -0.00865228 0.00372028 -0.00578089 0.0192187 0.0059815 -0.0358049 0.00148651
internal_weight=170200 126631 88112 43568.9 38518.8 84779 29830.1 61561.2 16473.1 9270.45 8601.82 20598.5 17836 23217.8 8548.42 40962.7 7126.44 3224.61 13357.1 5929.83 13385 34298.4 2677.92 2646.05 13248.4 689.109 3251.91 12955.9 12936 8628.11 6992.08 3157.19 4451 39248.3 35031 24961.7 10069.4 24042.8 7058.59 4866.33 6022.4 2140.05 16984.2 12282 5896.66 3270.74 4217.3 2192.26 821.02 14669.4 2625.93 947.71 10711 2673.74 34187 8535.33 5201.38 3224.58 1976.8 14034.4 1714.39 2603.01
internal_count=4501168 1417081 741783 3084087 675298 665139 458026 372684 210147 440597 436209 158009 125964 292455 173356 214675 118421 29335 247879 283730 92536 2643490 95333 40417 180812 8035 188397 177285 177191 117043 92067 38122 33428 202313 180299 125796 54503 120180 37815 24303 95651 20935 82365 81195 35489 17705 22014 13512 15615 119099 17784 4670 207462 31152 2642691 42417 80036 47807 32229 113876 12362 14305
is_linear=0
shrinkage=0.1


Tree=30
num_leaves=63
num_cat=0
split_feature=65 65 68 65 69 65 65 59 65 69 71 0 1 71 25 71 59 71 11 71 0 33 34 59 59 72 68 25 65 59 59 62 52 69 68 33 71 59 72 18 52 7 40 71 59 25 73 4 3 6 59 68 73 9 59 1 0 72 69 59 69 1
split_gain=38126.6 8124.42 2772.49 1037.71 1006.44 982.419 473.788 387.839 340.88 251.189 250.391 242.639 222.871 202.331 199.771 171.83 184.789 163.924 145.123 163.656 143.791 138.577 128.055 125.354 114.532 105.131 110.884 99.0488 98.6288 96.7126 105.308 115.156 95.7515 94.0449 91.4351 109.93 90.2461 90.1533 90.0014 89.6985 87.7386 87.3855 86.7877 86.108 81.4546 81.0435 86.1515 295.619 161.077 97.2215 85.4637 80.9659 81.5736 78.8648 78.7857 78.0011 77.7827 77.6538 77.4006 77.1289 76.1282 71.1441
threshold=0.96610558032989513 0.062107522040605552 0.97739240527153026 0.99354600906372081 -0.21138011664152143 0.54806572198867809 0.021135220304131511 0.065133452415466322 0.13290768861770633 0.86396411061286937 0.68545213341712963 47.690120697021491 75.905715942382827 0.50746119022369396 1.5000000000000002 0.91420617699623119 0.14641784876585009 0.7992122769355775 1.0000000180025095e-35 0.0053129196166992196 98.837055206298842 0.48563149571418768 0.94619935750961315 0.13765959441661837 0.9696662724018098 -0.040389619767665856 0.00015860200073802846 1.5000000000000002 0.98193717002868663 0.91865006089210521 0.99450796842575084 4.0093116760253915 57.338552474975593 0.017650300636887554 0.29099358618259435 0.57091036438941967 0.2855892032384873 0.016588219441473488 0.067275241017341628 4.5000000000000009 5.2982456684112558 83.984733581542983 1.0000000180025095e-35 2.1959235668182377 0.98683857917785656 1.5000000000000002 0.0016399621963500979 0.78975817561149608 44.722221374511726 1.0000000180025095e-35 0.75791504979133617 0.0036492276703938846 -0.072263628244400011 0.95454546809196483 0.45332880318164831 33.589742660522468 76.689495086669936 -0.20972269773483274 -0.65906989574432362 0.96807813644409191 0.23038917034864428 35.948717117309577
decision_type=2 2 2 2 2 2 2 2 2 2 2 2 2 2 2 2 2 2 2 2 2 2 2 2 2 8 2 2 2 2 2 2 10 2 2 2 2 2 10 8 10 10 2 2 2 2 8 2 2 2 2 2 10 10 2 2 2 8 2 2 2 2
left_child=1 4 5 10 58 8 27 13 15 25 12 -11 -2 14 57 16 32 20 19 -16 23 29 -19 40 -14 26 -7 61 -26 -13 31 59 51 -5 35 -34 -37 -20 -24 -18 -10 -12 -25 45 -9 46 48 -48 -27 56 -47 55 -53 -29 60 -3 -49 -8 -1 -31 -44 -6
right_child=3 2 -4 33 6 9 7 44 17 11 41 21 24 -15 18 -17 39 22 37 -21 -22 -23 38 42 28 43 -28 53 -30 30 -32 -33 34 -35 -36 36 -38 -39 -40 -41 -42 -43 54 -45 -46 50 47 49 -50 -51 -52 52 -54 -55 -56 -57 -58 -59 -60 -61 -62 -63
leaf_value=-0.10311519535556989 0.088536943461749784 0.059591618202546361 -0.097443539390974859 0.0028648021351288587 -0.0092548840368299502 0.0040568477988167885 -0.069277166389221392 -0.062344135918814929 0.055465735903596151 0.06097584422147178 -0.097095531915541322 0.022544672707690609 0.06728033060833781 -0.059468764432698488 0.063934449354448794 -0.056496960478455607 -0.049689646238202469 -0.050103474259509374 0.033736747089708044 -0.022345485480389463 0.017781961914955534 0.04723765914152276 -0.02010415649810271 -0.015355536239873104 0.0071128895628051192 -0.03792906648987257 -0.07689816852839626 -0.080104464356522909 0.048589113502195524 -0.010663522369211406 0.096434311572776182 0.019358632864785539 -0.032543707277407657 0.09713044228587514 -0.066202733121001486 0.016587223427676417 -0.01909501749555835 -0.045631103815603452 0.025228786302389811 -0.025362390006382098 0.002334086161191521 0.01174398779093716 -0.004490459836437785 -0.045291863777611442 0.12208079538049328 0.007202466872329668 0.074049218399456204 -0.14836276229619924 0.030189354058458313 0.0070247893995286402 -0.0075567019435295556 -0.082995718777363781 -0.0012058672960967914 -0.0062323120430249667 -0.014654438273613927 0.001691087059265556 0.005662788214135934 0.026478217535339722 -0.080496311037241516 -0.059060596330146348 0.018331827413962592 -0.063535334223291634
leaf_weight=6531.0335583128035 2204.8483755690977 424.92450004070997 3488.1754693090916 106.20151538401842 340.58211477100849 339.8573407381773 92.300327964127064 7436.306448508054 330.88966838642955 1400.1172073092312 84.407466509379447 2786.1210059411824 2310.4863889068365 1602.0171205550432 303.69159499928355 1737.1431219987571 2652.5522657483816 1403.0957122929394 151.24962715804577 796.24439056590199 2245.31397979334 1139.3808804024011 5839.3503952845931 17583.718341203406 782.64833917655051 612.80076571367681 336.92729938961565 8201.8257494866848 2143.7146689109504 1427.4572409950197 102.35010645166039 1070.5187968779355 2155.0225795283914 30645.759312978014 382.83916885778308 1316.9459217861295 1534.916817098856 2661.7779083885252 473.45581593364477 3536.2274792045355 5119.6699160691351 585.2154334122315 4686.9615718610585 351.08992845192552 24.025758013129234 10934.381405090913 905.68911824002862 79.480222949758172 800.75049578770995 777.66125030815601 6118.8610258493572 143.2854280769825 818.60336394235492 147.10995350033045 4306.29169123061 514.23928061872721 55.808381350710988 1027.2611279413104 1968.9714313298464 428.0295948702842 2123.9265734534711 829.69803777709603
leaf_count=182281 142984 2338 88075 782 4058 2615 971 115938 1681 59697 773 53456 125765 25967 1845 25515 24752 14741 2074 9979 10805 26563 37595 88139 28598 3146 2621 169444 136639 25305 2736 18527 18878 2609345 5352 8381 13541 40755 3009 31968 26728 4842 25485 2038 142 72666 23676 665 6005 5655 46784 1449 5930 1806 22376 3801 353 8974 41415 6610 11837 15811
internal_value=0.00193719 -0.0250351 -0.00998806 0.0884127 -0.0683689 -0.00656029 -0.0577478 -0.0461072 -0.0139899 0.00829761 0.0565957 0.022995 0.0618661 -0.028517 -0.0186641 -0.0268958 -0.023081 -0.00953799 -0.0293213 0.00147635 -0.00673126 0.0153478 -0.0227777 -0.0083429 0.050637 0.00253682 -0.0362454 -0.0749838 0.0374964 0.00909878 -0.0032716 -0.00675926 -0.0122936 0.0968049 -0.0190997 -0.0154981 -0.00261751 -0.0413637 -0.0167042 -0.0357892 0.00555957 -0.00197548 -0.0109831 0.0038087 -0.0617502 0.00465851 0.019177 0.0335705 0.000658752 -0.00658631 0.00190674 0.00700262 -0.0133895 -0.0788028 -0.00406735 0.0278882 -0.0848251 0.0185838 -0.0978757 -0.0218279 0.00262651 -0.0477383
internal_weight=163462 124599 92484.8 38863.3 32114.1 88996.7 23614.1 14094.9 59329.4 29667.3 8111.32 8353.97 7441.7 6634.54 5032.52 15216.7 13479.6 44112.7 3912.96 1099.94 36396.8 6953.86 7715.9 34151.5 5236.85 21313.3 676.785 9519.22 2926.36 5814.48 3028.36 2926.01 7290.78 30752 5389.72 5006.89 2851.86 2813.03 6312.81 6188.78 5450.56 669.623 28700.9 20636.5 7460.33 20285.4 3232.19 1818.64 1413.55 912.95 17053.2 1901.05 961.889 8348.94 11117.2 939.164 135.289 1119.56 8500 1855.49 6810.89 1170.28
internal_count=4502682 1452954 831494 3049728 621460 743419 397764 206645 384301 359118 439601 192894 433986 90565 64598 141905 116390 242396 54653 11824 187051 133197 55345 176246 291002 166224 5236 191119 165237 106634 53178 50442 59670 2610127 46152 40800 21922 42829 40604 56720 28409 5615 147837 160988 116080 158950 39500 30349 9151 6673 119450 13518 7379 171250 59698 6139 1018 9945 223696 31915 37322 19869
is_linear=0
shrinkage=0.1


Tree=31
num_leaves=63
num_cat=0
split_feature=65 65 68 65 69 65 65 65 59 69 71 59 1 65 2 70 73 68 59 73 11 59 59 72 68 57 71 25 4 6 17 59 59 71 69 65 59 59 46 7 69 25 72 7 68 27 59 25 56 11 19 25 59 2 31 4 62 51 71 15 68 19
split_gain=33493.8 7557.72 2623.22 1006.57 910.962 850.933 410.893 410.242 329.131 267.742 246.188 182.624 174.015 162.796 160.893 153.727 137.72 144.759 130.277 126.841 120.685 105.481 100.438 97.5629 124.251 105.085 136.259 144.621 160.776 178.357 135.701 113.019 92.2778 91.13 91.0419 90.3301 100.044 92.0398 89.4186 89.0621 87.2812 97.9595 86.3958 88.4575 121.558 86.1657 84.312 84.2947 83.3319 129.674 143.507 144.838 108.211 94.8655 127.105 83.3286 79.5274 81.6747 79.4874 90.136 79.307 78.5367
threshold=0.97141262888908397 0.057904653251171119 0.97739240527153026 0.2999835759401322 -0.17549589276313779 0.99535465240478527 0.021135220304131511 0.86103364825248729 0.060934530571103103 -0.30888731777667994 0.68545213341712963 0.045083962380886085 69.631092071533217 0.11262705922126771 74.133811950683608 5.5000000000000009 -0.084597706794738756 0.0076754512265324601 0.020942587405443195 0.0034374296665191655 1.0000000180025095e-35 0.23577848821878436 0.52593299746513378 -0.058035090565681451 0.0019627339206635956 86.666667938232436 0.13583783805370334 1.5000000000000002 0.79540237784385692 1.0000000180025095e-35 1.0000000180025095e-35 0.40683434903621679 0.032427966594696052 1.3270344138145449 -0.65906989574432362 0.98770233988761913 0.9696662724018098 0.98533570766448986 0.85260063409805309 58.550062179565437 -0.035495992749929421 1.5000000000000002 0.34045237302780157 97.309360504150405 0.74909621477127086 29.500000000000004 0.99538335204124462 1.5000000000000002 0.86607143282890331 1.0000000180025095e-35 0.21142433583736422 2.5000000000000004 0.97373610734939586 92.893215179443374 0.82678198814392101 0.79540237784385692 3.0302991867065434 77.485187530517592 0.20028334856033328 1.0000000180025095e-35 0.039451584219932563 0.1084159165620804
decision_type=2 2 2 2 2 2 2 2 2 2 2 2 2 2 2 2 8 2 2 8 2 2 2 8 2 10 2 2 2 2 2 2 2 2 2 2 2 2 2 10 2 2 10 10 2 2 2 2 10 2 2 2 2 2 2 2 2 2 2 2 2 2
left_child=1 4 3 9 34 10 32 16 15 42 12 -11 -2 21 19 18 17 -5 -8 -9 58 -13 33 24 -18 26 27 28 30 -30 -25 -29 40 -15 -1 36 -14 -37 -28 -12 -6 -42 43 -3 -45 48 -27 -22 52 -50 51 53 60 -51 -55 -21 57 -33 59 -20 -16 -57
right_child=5 2 -4 7 6 -7 8 14 -10 11 39 13 35 22 45 -17 23 -19 20 55 47 -23 -24 25 -26 46 38 31 29 -31 -32 56 -34 -35 -36 37 -38 -39 -40 -41 41 -43 -44 44 -46 -47 -48 -49 49 50 -52 -53 -54 54 -56 61 -58 -59 -60 -61 -62 -63
leaf_value=-0.10272588817577324 0.091508102188630119 -0.066094057890650676 -0.095895690032004655 -0.0085482605648222413 -0.083175133524648337 0.097141205639121875 0.021016205375910174 0.011544796091063438 -0.059658041326993309 0.014135452683578485 -0.2428229563503802 -0.021632121977728819 0.06238055318004479 -0.0095564663856548028 0.025987581686080327 -0.063357954577241207 -0.0051934570010903373 -0.071410410810145417 -0.0015569844115455804 0.060193043309335018 0.021640388726204832 -0.043950340961591006 -0.033828893626737216 -0.039005575808848877 -0.075519519354371706 -0.0029402679250281078 0.0076760716602690326 0.024775295544869534 -0.10418026080356289 0.027199115596145219 0.068277705682639148 -0.029813287639547284 -0.083107836149104664 -0.040354606212731146 -0.078589491406754447 0.081857742201842332 0.023318026116711299 0.045852171662485487 -0.02646348902308325 0.0042346845608000391 -0.0034640209657101125 -0.059556015028267267 0.021129002632915263 0.062881220035394855 -0.059091848473152978 0.042213114978475325 0.10309622211989589 -0.047155118000351326 0.00429309725270937 -0.11329236210148036 -0.0067569880538819642 0.016923615794404722 -0.038742312646824081 -0.53868354681663422 -0.17902214216768045 -0.017014041275401286 0.017115800933051425 0.0043197948046603324 -0.028623087712887768 0.077491255098413314 -0.051916336143742747 0.042616972096726519
leaf_weight=5787.6747885048389 1861.1777520580217 1732.13828516379 3341.78456235677 1101.4621439017355 1391.6532804407179 26658.5294890441 682.35289255902171 1479.6853069942445 6692.7393747642636 1922.6847481802106 14.970358229242263 7453.5950529836118 1299.6674509709701 20809.863171711564 2876.8910672962666 956.84685355424881 740.73047006130219 548.86770737171173 704.41305262222886 1867.1835855636746 194.70309961587191 2958.0780059471726 2109.5559755861759 130.48532901890576 380.16609966009855 26225.195754759014 1530.0271170493215 2599.2633706405759 139.0636227093637 402.16276666522026 1222.5512495879084 1306.2589662466198 4448.7138802297413 1007.2575895637274 2140.8384152017534 1854.2692195791751 1323.1433531213552 1150.4479759465903 1538.8219941742718 576.39175316505134 354.45489614084363 2560.0485842861235 152.18521644175053 136.10424114018679 204.43206230178475 762.1391780199483 75.200730558484793 2089.4831027165055 1848.7281815428287 108.29600474238396 289.73689944110811 60.606551524251699 319.64727203547955 13.774187939241527 34.27962164208293 312.30797412153333 1482.3394619952887 1513.0237817876041 816.48964605852962 181.3953398540616 136.89310394600034 754.33635799679905
leaf_count=177805 137965 28453 91938 6348 30291 2500565 8057 18433 111719 12828 229 70797 73128 120318 57238 17232 4797 4620 5303 74448 2045 30688 12042 1456 2999 141344 8699 14165 846 2540 27864 8586 97527 8140 47206 140793 63979 91311 8906 5280 4973 55258 1847 1668 3917 18003 2019 33921 32550 2428 7289 1452 5584 269 726 7483 12513 9612 11228 1708 1381 16023
internal_value=0.00184537 -0.0227092 -0.0088924 -0.00567212 -0.0673146 0.0885247 -0.0564437 0.00342905 -0.0446718 -0.0179218 0.0600963 -0.0158558 0.0650015 -0.0175351 0.0207034 -0.026843 -0.00115563 -0.029455 -0.0193595 0.0354158 -0.0262705 -0.027973 -0.012993 3.31942e-05 -0.0290454 0.000887239 0.00870003 0.0150305 0.0395057 -0.00655772 0.0579314 0.00831212 -0.0730071 -0.0109784 -0.0962086 0.056235 0.0426745 0.0680719 -0.00944263 -0.00201959 -0.0625721 -0.0527342 -0.0515944 -0.0569341 -0.0103421 0.0106377 -0.00263708 -0.041291 0.00640752 -0.00799056 -0.0528089 -0.114309 0.0165813 -0.16518 -0.282116 0.0474552 -0.00163578 -0.0114951 -0.00611565 0.0146305 0.022449 0.0251573
internal_weight=157368 122630 93627.8 90286 29001.8 34738.6 21073.3 51800.1 12318.4 38485.9 8080.07 36261 7488.71 34338.3 10864.5 5625.68 40935.6 1650.33 4668.84 4413.51 3986.48 10411.7 23926.7 39285.3 1120.9 38164.4 11864 8795.15 1894.26 541.226 1353.04 6900.89 8754.87 21817.1 7928.51 5627.53 2622.81 3004.72 3068.85 591.362 4306.16 2914.5 2224.86 2072.67 340.536 6450.99 26300.4 2284.19 5688.85 2355.42 506.693 216.956 3333.43 156.35 48.0538 2933.83 4301.62 2819.28 1702.3 885.808 3013.78 1066.64
internal_count=4500780 1487530 883257 791319 604273 3013250 379262 500621 191213 290698 512685 254813 507176 241985 243307 79494 257314 10968 62262 116387 54205 101485 140500 246346 7796 238550 95187 77582 32706 3386 29320 44876 188049 128458 225011 369211 137107 232104 17605 5509 90522 60231 35885 34038 5585 126920 143363 35966 108917 44714 12164 4875 64203 3423 995 97954 30711 18198 18239 7011 58619 23506
is_linear=0
shrinkage=0.1


Tree=32
num_leaves=63
num_cat=0
split_feature=65 65 68 65 68 65 65 69 59 69 71 68 1 1 25 0 25 11 18 68 73 59 65 1 59 18 72 68 49 46 0 34 71 9 2 59 7 1 17 8 68 16 0 69 16 34 32 54 68 7 71 71 69 69 55 55 52 59 57 64 59 59
split_gain=29583.1 6510.88 2300.56 1073.67 1031.63 686.897 479.166 286.713 279.838 324.615 227.662 193.279 224.653 191.342 165.503 164.642 158.416 155.632 138.463 130.096 128.858 121.301 114.175 113.439 112.657 112.315 111.288 104.932 101.111 214.8 99.2661 97.5981 110.471 94.0005 137.552 105.86 92.9397 143.857 110.067 92.0358 91.982 90.0851 89.5862 88.3348 97.0338 99.9891 98.695 106.03 86.3602 155.606 83.1707 81.7383 81.1089 79.4619 79.3878 79.1063 91.1908 78.9867 77.5143 103.852 77.4446 114.094
threshold=0.96610558032989513 0.062107522040605552 0.97739240527153026 0.99279776215553295 0.62977331876754772 0.27311302721500402 0.019124536775052551 0.82525554299354564 0.065133452415466322 -0.048427304252982133 0.87858495116233837 0.68313083052635204 80.243904113769545 47.856706619262702 1.5000000000000002 99.51456451416017 1.5000000000000002 1.0000000180025095e-35 6.5000000000000009 0.0015277306665666404 -0.072263628244400011 0.037107927724719054 0.99807840585708629 99.51456451416017 0.97860932350158703 3.5000000000000004 -0.058035090565681451 0.0066798671614378699 0.35416667163372045 0.9401836395263673 96.891109466552749 1.0857557654380801 0.0034889956004917626 0.29285715520381933 90.054946899414077 0.86964577436447155 78.171367645263686 37.089946746826179 1.0000000180025095e-35 77.43308258056642 0.0028096218593418603 1.0000000180025095e-35 71.248622894287124 -0.17549589276313779 2.5000000000000004 0.48385713994503027 4.5000000000000009 97.969490051269545 0.033873537555336959 85.120758056640639 0.0050999224185943612 0.11052337288856508 0.030280471779406074 0.98294577002525341 0.18333333730697635 0.89444443583488475 10.084745883941652 0.022610482759773735 75.005722045898452 0.017437547445297245 0.99632772803306591 0.96451142430305492
decision_type=2 2 2 2 2 2 2 2 2 2 2 2 2 2 2 2 2 2 8 2 8 2 2 2 2 8 8 2 10 2 2 2 2 10 2 2 8 2 2 10 2 10 2 2 10 2 2 10 2 10 2 2 2 2 10 8 10 2 10 2 2 2
left_child=1 4 5 11 6 10 -1 20 9 39 15 12 -2 55 -11 16 31 19 60 41 27 -18 52 -12 53 58 50 -7 33 -30 57 32 36 34 48 42 -3 38 -38 -8 -17 -16 -36 -27 46 51 -45 -48 49 -28 -22 -46 -5 -14 -35 56 -9 -19 -23 -60 61 -15
right_child=3 2 -4 22 -6 7 8 13 -10 14 23 -13 24 18 17 40 21 30 -20 -21 26 25 -24 -25 -26 43 28 -29 29 -31 -32 -33 -34 54 35 -37 37 -39 -40 -41 -42 -43 -44 44 45 -47 47 -49 -50 -51 -52 -53 -54 -55 -56 -57 -58 -59 59 -61 -62 -63
leaf_value=-0.073658210938783761 0.083716252685292925 0.10235518222223661 -0.095495865730002766 -0.036191487683710763 -0.10188060964718851 -0.0083874675170224518 -0.063806592193185074 -0.051823263921626242 -0.05719706671278784 0.021023192508981159 -0.061959530203958217 -0.0026919201328627681 0.041054909934601841 0.0062159608019590308 0.044908242741344806 0.11160800465083423 0.019547861935090869 -0.0035993603925900497 0.029296733182376401 -0.012845048936359016 -0.012070398630440411 -0.014498331650450428 0.09849206337040306 -0.02715308194871284 0.020656697989132059 -0.042193712769746636 0.059887989652029586 -0.05621700350957215 0.026114212733107479 -0.0031009818618053173 0.23712963225282963 -0.02453104415742911 -0.0012058857616022997 -0.044031994063238419 -0.029050858344159991 -0.051282662610788322 -0.040065053052816081 -0.01720856116757739 0.085137048374793661 0.012594821643710653 0.017442968955789076 0.23113158136414302 -0.00011000350792544031 0.023152283030391855 0.10279531050288007 -0.0042205685066330203 -0.01651758960908533 -0.051450358202435313 -0.0047345351769886483 0.011036448986775561 -0.068833337692648974 0.0045769480963311184 0.082723496358811127 0.075462668017102941 -0.0088934865718925584 0.063298129315182694 0.046532336638162627 -0.046180260675677216 0.15323906710619872 -0.039123746728724713 0.095731370021640477 -0.036486483173069094
leaf_weight=7880.2335490323603 2008.4470453048125 180.96575766801834 2918.6067043282092 58.077175775542855 5503.6532517764717 1179.9481047671288 2418.9417231194675 144.87759642489254 7351.0446023829281 1003.9995711259544 1308.2524728253484 612.79750282503664 1665.5640423586592 4972.1567072728649 269.9868785366416 123.88145622983575 847.10022385790944 535.37050068750978 2824.0663200616837 948.87229719385505 769.2277660947293 2112.4430849440396 21195.555652356707 3293.9266560934484 1462.6925592161715 1088.6830962821841 924.26533281058073 750.3903753682971 4248.9670933410525 6172.5292325280607 13.150027971714733 1032.1249818839133 2509.104517582804 707.40740709379315 1145.889005722478 447.86907315813005 85.873402930796146 440.12771951407194 385.09816988930106 168.66579309850931 637.85692949220538 28.742163971066475 16064.090699087828 569.17385362833738 165.36070322245359 3769.7133969888091 9977.7456255033612 951.76827201247215 1361.2987504843622 2213.7566273026168 388.50124314054847 173.77002873271704 4633.2287964019924 1124.2389705246314 7058.0342502724379 1119.9405830083415 269.83615179173648 2338.4915048405528 28.250050291419029 4297.8086503073573 87.332757633179426 715.75545435305685
leaf_count=182890 148197 942 87921 403 185796 6273 47327 4705 130059 8890 22834 4597 80035 81652 1638 591 5350 8304 56849 13227 4546 14482 2201517 30853 90634 12179 7674 6292 29914 47426 160 7795 16101 3966 5659 2577 387 2805 2574 2433 3168 170 78060 3561 814 25417 70433 6565 7981 13553 3208 1019 442553 82100 43872 55377 9454 40631 186 32830 2631 10837
internal_value=0.00189749 -0.0212812 -0.00815705 0.0860391 -0.0629965 -0.00524532 -0.0536747 0.00180956 -0.0432301 -0.0299414 -0.016367 0.0509071 0.0561532 0.0169555 -0.015396 -0.0131272 -0.0143486 -0.0242396 0.0111506 0.00527376 -0.0017244 -0.0176191 0.0953676 -0.0370474 0.0431352 -0.01898 -0.000549688 -0.0269805 0.000327523 0.0088104 -0.0369936 0.00257908 0.0103491 -0.00262691 0.000691208 -0.00328602 0.0368975 0.023896 0.0623086 -0.0588266 0.032757 0.0628257 -0.00203697 -0.0146531 -0.0127321 0.000458355 -0.0174454 -0.0195596 0.0163001 0.0254251 -0.0311184 0.0524684 0.0812514 0.0549206 -0.0120945 0.0494823 0.0121724 -0.0382479 -0.0302002 -0.0378676 0.00227727 0.000842371
internal_weight=151686 118925 90463.8 32760.6 28461.2 87545.2 22957.5 53566.1 15077.3 7726.22 33979 6873.74 6260.94 10134 5138.61 29376.8 28615.1 4134.61 8599.31 1247.6 43432.2 23981.8 25886.9 4602.18 4252.5 23134.7 41501.8 1930.34 40344.1 10421.5 2887.01 4633.29 3601.17 29922.6 22157.2 17657.8 1092.07 911.099 470.972 2587.61 761.738 298.729 17210 16696.2 15607.5 4108.84 11498.7 10929.5 4499.32 3138.02 1157.73 339.131 4691.31 2789.8 7765.44 1534.65 414.714 2873.86 6438.5 4326.06 5775.24 5687.91
internal_count=4502874 1452838 831313 3050036 621525 743392 435729 482506 252839 122780 260886 405563 400966 221505 73020 207199 203440 64130 151969 15035 261001 172836 2644473 53687 252769 167486 248436 12565 240682 77340 49095 30604 22809 163342 115504 86296 6708 5766 2961 49760 3759 1808 83719 119988 107809 27250 80559 76998 29208 21227 7754 1833 442956 162135 47838 69536 14159 48935 47498 33016 95120 92489
is_linear=0
shrinkage=0.1


Tree=33
num_leaves=63
num_cat=0
split_feature=65 65 68 69 65 65 65 69 59 65 71 71 69 0 1 59 25 34 33 72 68 73 68 59 72 59 59 65 59 59 51 18 69 20 52 72 57 59 7 9 68 68 64 62 59 59 65 40 39 71 62 73 7 62 71 68 59 73 55 59 63 68
split_gain=26096.5 5972 2146.88 950.338 770.266 752.926 379.799 328.726 283.417 248.657 226.671 197.722 172.786 205.507 162.953 154.792 152.882 166.927 129.806 107.82 114.659 99.3857 132.471 103.698 97.2115 95.2092 94.6535 92.3296 102.932 90.6601 88.0353 92.4819 111.815 85.7656 84.2009 82.4654 90.2324 107.612 98.3871 89.794 82.5044 81.3616 81.0464 86.8112 79.8584 79.7147 79.038 75.8947 107.194 83.7543 76.6319 75.2022 73.5069 73.4282 71.0508 69.0069 68.7462 68.263 65.7652 62.8144 60.4547 58.6576
threshold=0.97568511962890636 0.057904653251171119 0.98466318845748912 -0.30888731777667994 0.67381462454795849 0.99601760506629955 0.017391547560691837 -0.65906989574432362 0.065133452415466322 0.15744660794734958 0.42231898009777075 0.58096009492874157 0.91361889243125927 48.834688186645515 80.243904113769545 0.060934530571103103 2.5000000000000004 1.0159367322921755 0.50951406359672557 -0.69435313344001759 0.045360993593931205 -0.14406135678291318 0.010486515238881113 0.10220175608992578 -0.10131090879440306 0.95286333560943615 0.9861450493335725 0.98913982510566723 0.98752048611640941 0.97373610734939586 44.610280990600593 5.5000000000000009 -0.25445331633090967 0.33927208185195928 1.0000000180025095e-35 -0.10131090879440306 85.850799560546889 0.23577848821878436 98.19000625610353 0.95454546809196483 0.018668262287974361 0.99686068296432506 0.092664152383804335 6.0290644168853769 0.99538335204124462 0.99538335204124462 0.02958411164581776 1.0000000180025095e-35 0.18333333730697635 0.00064491899684071552 3.0027970075607304 -0.060889661312103265 74.301326751708999 4.999624729156495 0.46609540283679968 0.00084717586287297319 0.9861450493335725 0.82728302478790294 0.35416667163372045 0.98752048611640941 3.5000000000000004 0.016271097585558895
decision_type=2 2 2 2 2 2 2 2 2 2 2 2 2 2 2 2 2 2 2 8 2 8 2 2 8 2 2 2 2 2 2 8 2 2 10 8 10 2 10 8 2 2 2 2 2 2 2 2 8 2 2 8 10 2 2 2 2 10 8 2 2 2
left_child=1 3 4 -1 7 11 -5 -3 10 15 16 14 42 -14 -2 34 17 19 25 -8 -21 22 -11 61 -17 -15 46 29 -29 -16 51 59 -33 -19 -9 55 37 40 47 -40 58 -7 43 44 57 53 -10 49 -49 50 -38 -26 -13 56 -51 -25 -27 -6 -37 -32 -52 -23
right_child=5 2 -4 6 12 41 8 9 26 21 -12 52 13 18 27 24 -18 33 -20 20 -22 23 -24 35 30 45 -28 28 -30 -31 31 32 -34 -35 -36 36 38 -39 39 -41 -42 -43 -44 -45 -46 -47 -48 48 -50 54 60 -53 -54 -55 -56 -57 -58 -59 -60 -61 -62 -63
leaf_value=-0.097893467630798647 0.088908160363274036 -0.078907732674618924 -0.096922755964171381 -0.072273093091532084 -0.0070893612070780923 0.096862955686810859 -0.098795006589007153 0.096377532341928862 -0.07342449583336022 -0.012260207227259977 -0.056865317842551347 -0.14164845517520858 0.067437914284654524 0.02362209050562851 0.058097486822188883 -0.062127824836411133 -0.035465552441422792 0.03615753847881735 0.055092043489630774 0.038171083660111398 -0.012778993964696606 0.020783522864485468 -0.078735225556097035 -0.0092211615778456327 -0.06484994061971551 -0.016642397125518137 0.13209151034396655 0.081848564161000781 0.039995499803287718 0.016606815679914632 -0.0373740781107742 -0.058642278452047336 -0.015797015776843212 -0.056018812749825814 -0.00033871035501258025 0.010569852323065218 -0.03197922770203291 -0.0029633134205810834 -0.049962519962673903 -0.0021487085322151266 -0.0090045369761630745 -0.040044539366259381 0.010563046838399941 0.040734892405596718 0.095179463790915145 0.093185824569125303 -0.05032583601288429 0.029780129519711526 -0.0033984980469511268 0.0041308424844474119 0.011606577771592869 0.0051449657828054269 0.0098282244088692041 0.029604155619348711 -0.012137133943405626 -0.059064818604399376 -0.12477832770454574 -0.056718974871644359 0.047085654947231111 0.15200669524802563 -0.01724985802175202 -0.018823483819812806
leaf_weight=5678.2245002388954 1830.5284183733165 687.01661446131766 2599.9128728900105 6148.066250603646 4127.1714489609003 21498.057481383905 81.178143069148064 93.173979129642248 2246.6871654875576 1062.2471714764833 2077.6434112638235 34.258550219237804 990.21643501985818 2437.121994715184 1099.7908702697605 602.52924741432071 2543.2770341150463 120.06980600580573 780.14415372814983 1168.7045365460217 710.03346086665988 2269.5391853805631 417.64830623567104 588.95971870422363 168.38159016147256 1320.291251773946 26.245129950344563 1607.3540551811457 926.2358277477324 1010.5505590531975 4087.282541885972 652.85274027474225 9090.2487730719149 633.65755397826433 2655.5473844576627 914.15279505029321 2826.3220345135778 9185.4860589299351 1028.5706486012787 635.41105233505368 732.06994080543518 43.495345287024975 11528.301207074896 385.47981480695307 72.789271916262805 76.604822201654315 4348.7119489498436 1082.0383737199008 9731.0650560241193 4643.5043464880437 945.72205284051597 1736.3428596686572 493.77074530441314 353.7160851014778 6364.5096825677902 525.68001581914723 61.530535870231688 297.0927224252373 1071.1091205738485 17.589449144899845 3125.0837319847196 447.67936964146793
leaf_count=203146 161763 18490 86403 151708 40078 2449167 1112 727 52929 5147 41846 466 59754 72131 71871 6752 44427 1898 25233 10922 9583 11798 3885 3047 1611 31430 155 146786 86815 57326 39607 10255 80388 11909 21815 4404 13601 57805 4976 3354 4380 251 128276 4265 2498 2379 74699 5217 51901 22810 4486 12717 5495 8587 33429 4687 1379 2871 7031 81 14807 2801
internal_value=0.00151183 -0.0192114 -0.00733915 -0.0617679 -0.00474602 0.0873266 -0.0515647 -0.0100888 -0.0424421 -0.00937996 -0.0289019 0.0588407 0.0113052 0.0257968 0.0636394 -0.0190174 -0.0178502 -0.00134067 0.0175983 0.01404 0.0189155 -0.00551177 -0.0310204 -0.0046932 -0.0227076 0.0107146 -0.0574401 0.0536791 0.0665478 0.0382294 -0.0211998 -0.0239723 -0.0186679 -0.041335 0.0029397 -0.00587972 -0.00517199 0.00220829 -0.00806335 -0.0317043 0.01969 0.0965865 0.00598962 -0.00480883 -0.00871276 -0.00664437 -0.0581943 -0.00669356 -7.84014e-05 -0.0106885 -0.019329 -0.00104273 4.14705e-07 -0.0110508 -0.00527482 -0.0327281 -0.0214575 -0.010422 0.0302712 -0.0365626 -0.010546 0.014258
internal_weight=146745 118201 92418.1 25782.5 89818.2 28544 20104.3 67387.8 13956.2 66700.7 7334.56 7002.49 22430.5 6019.63 6474.46 19103.9 5256.92 2713.64 5029.41 1959.92 1878.74 47596.8 1479.9 46116.9 16355.2 4249.26 6621.64 4643.93 2533.59 2110.34 15752.7 13848 9743.1 753.727 2748.72 43399.7 42285 11902.8 30382.2 1663.98 2717.33 21541.6 16410.8 4882.53 4497.05 1812.14 6595.4 28718.2 10813.1 17905.1 6897.13 1904.72 528.029 1735.54 11008 1114.64 1381.82 4424.26 1985.26 4104.87 4070.81 2717.22
internal_count=4501567 1521627 917293 604334 830890 2979940 401188 452009 249480 433519 121697 530522 378881 200893 524561 173953 79851 35424 141139 21617 20505 259566 9032 250534 151411 115906 127783 362798 233601 129197 144659 130331 90643 13807 22542 235935 228201 73620 154581 8330 15815 2449418 177988 49712 45447 43775 127628 146251 57118 89133 32894 14328 5961 41396 56239 7734 32809 42949 11435 39688 19293 14599
is_linear=0
shrinkage=0.1


Tree=34
num_leaves=63
num_cat=0
split_feature=65 65 68 69 65 65 65 69 69 59 69 71 0 1 74 22 66 17 54 18 73 69 18 71 1 1 35 34 27 59 59 73 11 36 51 59 70 46 54 71 2 38 73 27 2 74 7 8 7 27 7 41 64 64 8 71 1 3 4 59 9 59
split_gain=23020.7 5359.87 1978.62 961.201 712.105 624.084 352.886 315.381 270.402 205.445 213.522 195.678 189.371 145.941 216.126 250.533 232.247 225.588 192.879 179.445 158.899 149.98 139.208 156.098 127.512 124.51 123.99 127.012 120.559 115.453 109.352 104.53 102.34 98.8947 99.2704 98.1445 95.288 94.1769 152.537 105.772 147.485 132.099 121.43 112.333 112.655 98.6688 98.1531 96.6831 93.6956 92.8208 93.555 92.3673 91.6481 90.4684 87.7149 93.2876 85.3253 130.492 120.808 84.4766 81.3409 79.1316
threshold=0.97905978560447704 0.057904653251171119 0.98466318845748912 -0.55426308512687672 0.36465424299240118 0.99658298492431652 0.020104739814996723 0.92239227890968334 -0.65906989574432362 0.084526009857654585 -0.079197674989700304 0.42231898009777075 48.834688186645515 50.333333969116218 1.0000000180025095e-35 1.0000000180025095e-35 2.5000000000000004 1.0000000180025095e-35 97.787567138671889 4.5000000000000009 0.030625700950622562 -0.21138011664152143 6.5000000000000009 0.6507437825202943 80.901721954345717 99.51456451416017 3.5000000000000004 0.23908293992280963 2.5000000000000004 0.99521625041961681 0.020942587405443195 0.58514153957366954 1.0000000180025095e-35 0.91242530941963207 96.178188323974624 0.9696662724018098 7.5000000000000009 0.012886008713394405 65.733856201171889 0.24241367727518084 82.637680053710952 72.804313659667983 0.12462434172630311 1.5000000000000002 93.643951416015639 1.0000000180025095e-35 49.25306701660157 70.777873992919936 84.016807556152358 1.5000000000000002 82.392688751220717 0.93760213255882274 0.47082331776618963 0.84115782380104076 80.480590820312514 0.2855892032384873 84.028984069824233 88.493064880371108 0.87146088480949413 0.99571532011032116 0.22500000149011615 0.032427966594696052
decision_type=2 2 2 2 2 2 2 2 2 2 2 2 2 2 2 2 2 2 10 10 10 2 8 2 2 2 2 2 2 2 2 10 2 2 2 2 2 2 10 2 2 10 10 2 2 2 10 10 10 2 10 2 2 2 10 2 2 2 2 2 10 2
left_child=1 3 4 -1 8 11 61 29 -3 10 -8 24 -9 14 15 16 17 -10 21 31 -16 25 -23 26 -2 -15 -24 -28 -25 37 -12 33 36 34 -17 -14 -32 38 -6 40 45 43 49 44 -42 -39 -46 -44 -13 50 -41 -21 -40 -20 55 60 57 58 -43 -37 -29 -5
right_child=5 2 -4 6 7 -7 9 12 13 -11 30 48 35 18 20 19 -18 -19 53 51 -22 22 23 28 -26 -27 27 54 -30 -31 32 -33 -34 -35 -36 59 -38 39 52 42 41 56 47 -45 46 -47 -48 -49 -50 -51 -52 -53 -54 -55 -56 -57 -58 -59 -60 -61 -62 -63
leaf_value=-0.10072156686392411 0.089973272905754284 -0.07737557484852714 -0.096134420473514906 -0.057222789161860348 0.0067336869328136935 0.096495691590555571 -0.058973577404360947 0.067733395304690983 -0.03774453513162225 -0.055077845625346358 0.016126367877513113 -0.10700174010302368 0.026525083651294641 -0.065163889954882426 -0.032532941454772674 -0.015968471839349789 -0.0072718162502890303 0.063256637415031694 -0.046668352878438506 0.05644194687393024 0.13773205112172415 -0.02181410053573311 -0.011202894993405136 -0.076373977511451516 0.056796879189681029 -0.017718648844013016 -0.043366829426056706 0.031846092237659468 -0.016425289216962968 0.099461101332011706 0.0019450377216437922 -0.10106710877453232 -0.037143559296744157 -0.038153543331292582 0.080423712956090604 -0.014523949493308272 -0.053184033273086961 0.014358411363712367 -0.03896013346481722 -0.074572821637615708 0.053071631474871518 0.069061067565431247 -0.0080633855066317272 0.041740925303534369 -0.076211753745592706 0.060221084100106098 0.00038998117084561269 0.097087752426959953 0.017597167618565199 -0.0030689607042972693 -0.014660241212163548 -0.0077215545469531931 -0.0049969016616402667 -0.010707975965667325 -0.013284483255914491 0.00048702436269578873 -0.001904920475792257 -0.01323749293515967 -0.14714873150298266 0.094116324027185644 -0.00065051253194070601 -0.07799723386948465
leaf_weight=4507.7105176858604 1571.0094256689772 644.49787043407559 2388.1121495869011 3922.9762284290045 2875.1785579873249 19125.93736236915 1795.314134798944 938.18334596417844 267.54545501992106 4983.6369098722935 750.90526263415813 70.668300192803144 3691.8001488083974 929.95745234750211 76.84435017593205 396.58501580543816 1780.7064610645175 1274.88455850631 2578.5035755261779 365.10756965912879 191.16648444160819 7879.1640921086073 6866.4381237737834 356.35303487628698 4411.8710880922154 1364.9958263412118 480.51396610960364 3092.7236685752869 5721.1821381822228 120.24369699973613 1722.3371827974916 211.15958838537335 2858.2301572933793 1990.3325652480125 146.23704250529408 1053.9978943634778 383.30371237173676 9116.0633779484779 1911.0134510993958 364.53605335578322 295.76989609189332 31.149935005232692 151.26168855559081 1287.5666792672127 219.58275321498513 494.54346515890211 702.17432863824069 207.25295156333596 413.41462022438645 9659.1640851162374 914.421083252877 581.99241049215198 1359.9208627045155 960.08839680626988 1411.3300595767796 2963.5831073075533 10044.54523526784 570.54204604402184 151.69386872556061 76.78839533124119 1025.7071824930608 3442.5347620025277
leaf_count=183576 156101 18624 86482 100720 18026 2396526 39342 64451 1389 100325 9738 1152 122453 14050 558 2830 12465 8734 17465 2440 1019 57589 47158 3744 388241 13567 2859 18044 43389 3855 17997 1462 52144 13324 925 28717 7758 114052 15893 2774 3299 287 1260 10457 3111 7743 4502 2078 6146 49703 5781 3901 8878 6632 10196 17220 62790 4155 1000 2680 6571 92869
internal_value=0.00153509 -0.0173231 -0.00629769 -0.0590337 -0.00390847 0.0874154 -0.0495712 0.00473486 -0.0130836 -0.0393362 -0.0288901 0.0605605 0.0266267 -0.012118 0.000781233 -0.00258611 0.0173323 0.0457373 -0.0147545 -0.0205173 0.0889135 -0.0123113 -0.0104141 -0.00631596 0.0655085 -0.0369443 -0.00108861 0.00665044 -0.0199403 0.00161914 -0.0194393 -0.0334697 -0.0248194 -0.0278349 0.00999972 0.0186299 -0.00809047 0.00132761 -0.0100695 0.00337518 0.0072794 0.000460297 -0.00454398 0.021149 -0.000627469 0.0167184 -0.0178582 0.0527232 -0.000592264 -0.006421 -0.0317369 0.0170135 -0.0248396 -0.0369116 0.00948019 0.0140168 -0.00433943 -0.0367977 -0.110314 -0.00714651 0.0237527 -0.0669325
internal_weight=142143 116550 92183.1 24366.9 89795 25592.9 19859.2 46237.4 43557.6 12493.7 7510.09 6466.96 5760.77 42913.1 7282.56 7014.55 3323.14 1542.43 35630.5 3691.41 268.011 32091.9 29797 21917.8 5982.88 2294.95 15840.3 8973.86 6077.54 40476.6 5714.78 2744.31 4963.87 2533.15 542.822 4822.59 2105.64 40356.4 6146.11 34210.3 22913.6 13303 11296.6 2505.09 1217.53 9610.61 921.757 358.515 484.083 10938.1 1278.96 947.1 3270.93 3538.59 8493.34 7082.01 10797.9 753.386 182.844 1130.79 4118.43 7365.51
internal_count=4503217 1555051 950582 604469 864100 2948166 420893 537945 326155 227304 126979 551640 218301 307531 49047 47470 22588 10123 258484 24882 1577 234387 206770 149181 544342 27617 102048 54890 47133 319644 87637 18541 77899 17079 3755 153850 25755 315789 42797 272992 211396 89601 61596 21369 10912 121795 7613 3338 7298 58258 8555 6341 24771 24097 52031 41835 68232 5442 1287 31397 24615 193589
is_linear=0
shrinkage=0.1


Tree=35
num_leaves=63
num_cat=0
split_feature=65 65 68 69 65 65 57 69 65 71 65 69 59 69 4 1 72 59 25 4 11 25 18 9 57 73 68 59 69 71 57 72 59 18 68 7 11 71 18 69 59 49 75 11 69 6 25 55 7 18 68 25 19 53 72 68 59 56 31 65 66 16
split_gain=20455.7 4646.64 1881.61 840.647 640.301 589.23 293.805 280.806 227.24 180.642 176.058 154.453 160.531 151.62 185.008 136.033 126.252 134.584 106.821 100.002 96.1918 94.5138 91.5206 91.3989 91.3873 90.7996 145.917 84.7342 102.267 83.8825 84.663 120.513 116.688 113.752 92.408 80.4128 78.6293 76.6799 76.1994 84.8286 75.1469 114.793 95.1176 100.625 120.851 89.4616 75.85 73.4375 71.0519 70.9456 66.4882 66.1484 64.7404 60.7098 139.635 239.455 58.5495 56.7861 54.0615 63.2942 53.6679 53.509
threshold=0.97905978560447704 0.050683282315731056 0.98466318845748912 -0.37147544324398035 0.99674367904663097 0.67381462454795849 83.333332061767592 -0.65906989574432362 0.14420017600059512 0.7992122769355775 0.022297199815511707 0.013100647367537023 0.020942587405443195 0.92990034818649303 0.76257675886154186 85.880397796630874 -0.61266145110130299 0.039602501317858703 1.5000000000000002 0.76702582836151134 1.0000000180025095e-35 1.5000000000000002 7.5000000000000009 0.88194444775581371 99.899597167968764 -0.039813786745071404 0.0096769542433321493 0.065133452415466322 -0.097895689308643327 1.3270344138145449 82.680995941162124 -0.71259117126464833 0.25847432017326361 2.5000000000000004 0.0088348607532680052 84.240093231201186 1.0000000180025095e-35 0.051072925329208381 5.5000000000000009 -0.097895689308643327 0.88120171427726757 0.11805555596947671 1.0000000180025095e-35 1.0000000180025095e-35 0.77125313878059398 1.0000000180025095e-35 1.5000000000000002 0.58571431040763866 73.357315063476577 inf 0.99508434534072887 1.5000000000000002 1.0000000180025095e-35 39.105447769165046 0.73418086767196666 0.039451584219932563 0.98683857917785656 0.84523808956146251 0.78364205360412609 0.99235475063323986 3.5000000000000004 2.5000000000000004
decision_type=2 2 2 2 2 2 8 2 2 2 2 2 2 2 2 2 8 2 2 2 2 2 8 10 10 8 2 2 2 2 10 8 2 8 2 10 2 2 8 2 2 10 2 2 2 2 2 8 8 8 2 2 2 10 10 2 2 10 2 2 2 10
left_child=1 3 5 -1 9 7 11 24 16 15 -8 21 -13 40 -15 -2 -9 -18 19 36 -14 35 -16 53 -3 26 -10 28 -12 30 31 -27 34 52 47 -5 49 -38 -20 -40 42 -42 43 44 -7 -45 -46 -33 -21 -19 -6 -22 -32 54 -17 -56 -29 -49 59 -25 -37 -41
right_child=4 2 -4 6 50 13 10 8 25 -11 27 12 20 14 22 23 17 18 38 48 51 -23 -24 58 -26 29 -28 56 -30 -31 33 32 -34 -35 -36 60 37 -39 39 61 41 -43 -44 45 46 -47 -48 57 -50 -51 -52 -53 -54 -55 55 -57 -58 -59 -60 -61 -62 -63
leaf_value=-0.098364293124448138 0.084506659643422757 -0.086850681668796212 -0.095113789188999098 -0.061176474215497816 0.096502027662497783 0.010275961288446482 -0.068170628117393009 -0.072718084477741876 -0.0078661354462195559 -0.0061470967682291473 -0.065802638557663329 0.051178230033939093 0.015399626786478797 0.065678526428928755 0.0056465579240715172 0.034194744801076205 0.014123837542162338 0.018816900110418679 -0.033320861578212797 0.066467399910389718 0.024771274582563965 -0.063784185916739053 0.037389909617406923 -0.026211230970678592 0.039592609768312151 -0.10020785561330628 -0.060002054394809448 -0.056586775699010321 -0.024573588317529222 -0.02286661137862693 -0.041800904189372455 0.012825880336827293 -0.0019467493933207646 -0.0028232767272402363 -0.0038735725078599664 0.063863559416523261 0.11896772462322369 -0.022512507466181726 -0.036943579276787368 -0.017823654878283097 -0.02264337939739159 0.0065488738640598586 -0.015478546065138349 -0.011122343440595726 0.07976226588746696 0.014394730540048722 0.032331613301510929 0.068064872198229376 -0.023423890524287391 -0.065182187853558796 -0.030025292279163521 -0.046460050998625949 -0.013500596423651236 0.06922514093682465 0.10123293476307418 -1.3390622455718424 0.16048549541760374 0.027728173461375571 0.052369719160259946 0.03712758202678159 -0.013174075042469383 0.0012606488894614718
leaf_weight=4245.5452740434557 1986.5330676008016 584.75504219532013 2342.5011519771069 253.59791483543813 17203.98021292733 2760.3098073164001 6062.8261755891144 409.7455212213099 1854.9003152567893 400.76751106418669 774.74258292280138 404.30611753463745 534.85936604067683 911.56756847258657 2805.3459179056808 425.60218556690961 1322.6195468269289 906.23674406856298 4473.8821232635528 93.648330077528954 151.66898630559444 1096.2002110835165 1343.1172375390306 279.57116518728435 63.353116292506456 108.61958472058177 755.46303740888834 3503.9234062004834 2692.4580174013972 2196.024429583922 992.41845566220582 1371.5856801830232 7224.6511873845011 27709.816985579208 1197.8664092812687 128.71299253031611 137.31498319655657 53.130297929048538 1810.8284499477595 5664.0557674914598 2114.0432424023747 3712.7149620391428 1317.2975982958451 2304.4710561772808 430.83222554810345 3402.7213750835508 1550.7446418935433 617.55659199878573 1440.2062009312212 113.09693319164217 41.631836533546448 928.34952682629228 4357.9424825366586 2227.1152441930026 2.7078894842416039 2.0119571220129728 12.469745464622973 802.60746244713664 544.67606119532138 362.12985638063401 304.03061417117715 1983.7265281826258
leaf_count=186043 205139 18886 93544 4041 2376933 25608 175170 5553 9130 3932 18414 4441 3789 64713 90559 36799 10367 6501 47808 684 1305 25390 48774 20355 1942 668 6633 77532 47052 16624 5121 6865 46689 143264 6874 1639 722 626 25725 54459 24373 44543 8960 27522 16795 31040 29515 3576 15112 635 258 18706 21496 212323 243 125 57 6279 49803 40566 4356 18544
internal_value=0.00124678 -0.0162111 -0.00662264 -0.0585957 0.0862696 -0.0043422 -0.0485745 -0.00898081 -0.00835272 0.0587951 -0.055703 -0.0241116 -0.00517329 0.00963231 0.0248872 0.0632591 -0.0178304 -0.0165809 -0.0190161 -0.000980472 -0.0192816 -0.045564 0.0159239 0.0522781 -0.0744907 -0.00480582 -0.0229547 -0.0448792 -0.0337862 -0.00378873 -0.00284478 0.0046182 0.00563353 -0.0054008 0.0193604 -0.0164633 0.0205167 0.0794977 -0.0225678 -0.0174816 0.00524479 -0.00404255 0.00984393 0.0130363 0.0238021 0.00409135 0.0426439 0.0293295 -0.0179356 0.00949705 0.0961966 -0.0364569 -0.0187499 0.0625812 0.028196 -0.51273 -0.055817 0.0452685 0.0291995 0.00953263 0.0097396 -0.0128735
internal_weight=137812 114335 93241.7 21093.7 23476.7 90899.2 16848.1 68246.1 67597.9 6231.11 13046.4 3801.73 2019.18 22653.2 5060.03 5830.35 18408.5 17998.7 16676.1 2743.63 1614.88 1782.54 4148.46 3843.81 648.108 49189.5 2610.36 6983.59 3467.2 46579.1 44383.1 11322.9 11214.3 33060.2 3989.62 686.342 1209.78 190.445 13932.5 9458.61 17593.1 5826.76 11766.4 10449.1 4741.89 5707.19 1981.58 2791.75 1533.85 1019.33 17245.6 1080.02 5350.36 2657.44 430.322 4.71985 3516.39 1420.16 1186.38 641.701 432.744 7647.78
internal_count=4501140 1554664 986729 567935 2946476 893185 381892 480783 459955 569285 318225 63667 28241 412402 204046 565353 186736 181183 170816 24280 23800 35426 139333 360214 20828 273219 15763 143055 65466 257456 240832 70951 70283 169881 23594 10036 8484 1348 146536 98728 208356 68916 139440 130480 71918 58562 46310 16720 15796 7136 2377191 20011 26617 249490 37167 368 77589 9855 110724 60921 5995 73003
is_linear=0
shrinkage=0.1


Tree=36
num_leaves=63
num_cat=0
split_feature=69 69 69 11 70 59 69 69 69 68 1 7 59 69 1 46 54 27 40 68 59 15 68 25 45 54 59 53 27 51 74 19 34 3 57 67 59 74 55 9 57 68 53 25 68 18 55 69 38 19 11 19 4 24 59 55 55 59 56 64 59 59
split_gain=17517.7 4068.62 1649.95 927.006 764.347 517.841 489.503 313.255 266.665 237.345 196.29 182.903 178.707 162.918 159.567 147.27 186.939 147.094 142.491 131.7 122.318 120.544 219.497 119.551 115.452 130.344 112.728 112.326 110.639 102.282 129.79 191.371 127.587 122.109 101.756 93.034 101.588 84.3951 83.8612 82.7036 82.5499 80.9116 121.224 80.2544 111.833 79.2197 80.3541 78.337 97.3926 74.9431 146.208 142.43 99.5729 91.3709 73.405 72.6916 72.0721 71.1365 70.8398 70.6064 69.4587 68.9466
threshold=0.97209855914115917 -0.55426308512687672 0.09137942269444467 1.0000000180025095e-35 4.5000000000000009 0.99469512701034557 0.99257344007492077 0.030280471779406074 0.82525554299354564 0.99508434534072887 75.181159973144545 97.309360504150405 0.042293800041079528 -0.14607119560241696 98.837055206298842 0.012886008713394405 68.199436187744155 24.500000000000004 1.0000000180025095e-35 0.0038185972953215246 0.23577848821878436 1.0000000180025095e-35 0.012014407664537432 1.5000000000000002 1.0000000180025095e-35 96.677703857421889 0.98533570766448986 97.375312805175795 19.500000000000004 98.529094696044936 1.0000000180025095e-35 0.22041214257478717 0.99999997019767772 90.767044067382827 98.894992828369155 1.0000000180025095e-35 0.022610482759773735 1.0000000180025095e-35 0.89444443583488475 0.29285715520381933 75.758331298828139 0.002926536370068789 80.112995147705092 1.5000000000000002 0.013913123868405821 3.5000000000000004 0.38750000298023229 0.31815157830715185 97.043918609619155 0.19194516539573672 1.0000000180025095e-35 0.17435733973979953 0.9191190004348756 2.5000000000000004 0.042293800041079528 0.35416667163372045 0.89444443583488475 0.94203513860702526 0.67948719859123241 0.2251674830913544 0.16346291452646258 0.99659264087677013
decision_type=2 2 2 2 2 2 2 2 2 2 2 10 2 2 2 2 10 2 2 2 2 2 2 2 2 10 2 10 2 2 2 2 2 2 10 2 2 2 8 10 10 2 8 2 2 10 10 2 10 2 2 2 2 2 2 8 8 2 8 2 2 2
left_child=1 34 3 4 9 8 17 35 15 11 56 13 40 14 27 16 60 19 23 26 -20 41 39 -17 -25 -26 -2 -3 29 30 49 33 -31 -32 -1 36 43 -16 -30 -23 -9 45 -43 44 -5 -15 -47 48 -22 50 52 53 57 58 -6 -14 -10 -12 -52 -49 -4 -8
right_child=6 2 5 7 54 -7 61 12 10 -11 28 -13 55 21 37 18 -18 -19 20 -21 47 22 -24 24 25 -27 -28 -29 38 32 31 -33 -34 -35 -36 -37 -38 -39 -40 -41 -42 42 -44 -45 -46 46 -48 59 -50 -51 51 -53 -54 -55 -56 -57 -58 -59 -60 -61 -62 -63
leaf_value=-0.0972147005943928 0.045817080497397147 -0.054453351000414291 0.03664419370783311 0.1084076158471981 -0.064293852765731851 0.091027631283341071 0.083207044687755818 0.044492296704074341 0.010470764633556864 -0.085998400562260394 -0.010088558386250959 0.017571623789901965 -0.029488374853331053 -0.0029258092904546748 0.034518851903140239 0.012086878549489116 -0.026894896070298765 0.08560134616019946 0.029798030522932381 0.085681094122792317 0.0028373265034931342 0.16040974680120368 0.00068017626439782243 -0.011936470871923163 0.013656287516791862 -0.014759058795650988 -0.0067209935660518449 0.0039340357803444971 0.012580624052106118 0.054422767285862886 -0.6796117472320119 -0.00061488503636533015 0.0060323735184680269 -0.21626580947130042 -0.04301219986042143 -0.018309261753469246 -0.064518917068735443 -0.015476404255426622 0.069386379237931714 0.027572656545009951 -0.01081750539822704 -0.07322101038395866 -0.014721504329103161 -0.042968751211432982 -0.060268504460392183 0.16680395042253263 0.029726398309332897 0.00014814202965662384 -0.031284928705511812 0.012204981885245266 -0.0085763395532395172 -0.21538879320646551 0.011331391858269859 0.027113942827352345 -0.038056655264746768 -0.051780190577344065 0.050164384709123849 -0.07929629278946651 -0.12203793430815751 0.022324552660746483 -0.0031413984404743407 0.09747080137396047
leaf_weight=5696.9805408492684 2283.7904842426069 1868.8682966325432 497.19679399579763 88.078405942767859 2333.3359225299209 638.23096808139235 4799.166714232415 357.75901343673468 615.82698257500306 373.30811057798564 369.58197222091258 2991.3036989998072 5368.90618519485 720.9801701195538 387.40674278698862 3842.1393700027838 5100.8880361402407 1290.5426501068287 2271.6100057326257 674.37889695167542 3235.128940151073 117.86135727539659 10393.187718912959 15151.86887590168 4541.933098164387 2504.4472956806421 497.33390439394861 400.01292060129344 586.61968946969137 673.54810181073844 7.6821399591863182 39.716130363754928 2851.935140860267 21.907871555536985 368.773402903229 594.08898404426873 6336.1121468916535 2628.6205895170569 466.58836317202076 77.811773899942636 1098.0893124938011 377.02148625161499 5859.2089655846357 1075.7577414922416 70.984604252502322 57.781944748014212 164.5309842415154 2737.0959923085757 1128.1669252505526 1406.7062762752175 85.130395191721618 58.634045386686921 1225.911337594036 112.90940662380308 1963.7589033748955 2010.6598890656605 1778.4433172466233 248.30125358467922 155.61670103855431 3019.5286740157753 3736.6147542684339 11531.247060100082
leaf_count=262287 178893 31308 2902 1002 68319 66846 674640 3158 23040 11857 5351 21372 85364 5488 3741 33665 30931 146916 14011 90605 19939 834 63153 86430 28194 16582 38910 4600 12743 18101 98 705 60360 311 14273 8618 174444 19372 15660 716 14399 4024 42052 28939 1384 368 1067 24275 7318 25935 1395 952 19516 2218 32774 30757 97029 4583 2932 26361 22071 1764802
internal_value=0.00137397 -0.0142506 -0.00972684 -0.0235593 -0.0131896 0.00143917 0.0850632 -0.0422944 0.000461294 -0.00682737 0.0147265 -0.00569258 -0.0292452 -0.00871125 -0.0241255 -0.0027357 -0.0140022 0.0567942 8.16905e-07 0.0460354 0.00882773 -0.00412653 0.0026557 -0.00419954 -0.00701844 0.00355681 0.036422 -0.0441594 0.00745841 0.00306305 -0.00847512 -0.144045 0.0152774 -0.336559 -0.0939194 -0.0564151 -0.0594052 -0.00905455 0.0377465 0.107585 0.00277428 -0.0141294 -0.0182582 -0.0331657 0.033133 0.0131663 0.0653546 0.00412055 -0.00598527 -0.00590991 -0.0172048 -0.0710396 -0.00516686 -0.0471074 -0.0523035 -0.0355621 0.0399548 -0.0379002 -0.0819169 0.0117804 0.00153081 0.093279
internal_weight=133968 112891 106825 47715.4 30715 59109.9 21076.5 17000.4 58471.7 26417.9 10705.1 26044.6 8835.41 23053.3 5284.91 47766.6 9334.7 4746.05 38431.9 3455.5 12391.5 17768.4 10588.9 26040.4 22198.2 7046.38 2781.12 2268.88 8310.79 7257.58 3732.1 69.3061 3525.48 29.59 6065.75 8165.02 7570.93 3016.03 1053.21 195.673 1455.85 7179.52 6236.23 1234.82 159.063 943.293 222.313 10119.9 4363.3 3662.79 2256.09 412.291 1843.79 353.657 4297.09 7379.57 2394.27 617.883 240.747 5756.62 4233.81 16330.4
internal_count=4500890 1606124 1329564 659110 311045 670454 2894766 348065 603608 209952 290929 198095 133678 176723 59021 312679 55904 455324 256775 308408 91904 117702 64703 164871 131206 44776 217803 35908 170860 142457 63996 1114 78461 409 276560 214387 205769 23113 28403 1550 17557 52999 46076 31325 2386 6923 1435 77893 27257 62882 36947 7497 29450 6545 101093 116121 120069 9934 4327 50636 24973 2439442
is_linear=0
shrinkage=0.1


Tree=37
num_leaves=63
num_cat=0
split_feature=65 69 65 69 65 72 0 57 9 71 33 68 6 62 25 65 71 71 65 69 57 74 59 59 65 55 59 59 69 59 53 27 18 59 59 52 34 68 1 7 18 0 33 65 59 69 59 7 75 59 65 72 27 31 4 33 69 20 18 1 56 39
split_gain=15800.5 3771.96 2317.42 527.173 456.487 361.31 234.78 218.644 204.614 156.776 150.475 143.892 146.518 143.351 139.937 180.243 138.086 136.072 135.33 134.709 114.611 115.47 112.114 115.865 113.28 108.929 107.068 102.615 102.035 97.8609 94.9112 93.1433 93.0401 92.1393 87.9724 86.2816 85.6391 122.161 151.925 260.523 187.342 133.804 124.54 83.2697 83.2583 114.088 76.7549 73.651 68.5139 67.0926 78.6441 65.6794 65.6452 65.8853 71.9412 65.2983 87.2307 65.2755 64.5896 71.4927 62.3666 87.8462
threshold=0.9851873815059663 -0.55426308512687672 0.04481692053377629 0.60022661089897167 0.99734023213386547 -0.10131090879440306 46.265329360961921 81.252204895019545 0.89444443583488475 1.8325254917144778 0.50951406359672557 0.00091933627845719468 1.0000000180025095e-35 6.0053551197052011 1.5000000000000002 0.10362011939287187 0.91420617699623119 0.11052337288856508 0.017391547560691837 0.013100647367537023 53.035724639892585 1.0000000180025095e-35 0.99632772803306591 0.97970351576805126 0.95886832475662243 0.35416667163372045 0.97860932350158703 0.020942587405443195 -0.7505909502506255 0.028230086900293831 99.242382049560561 1.5000000000000002 inf 0.92529723048210155 0.43009582161903387 67.083332061767592 1.4297412037849428 0.018668262287974361 35.948717117309577 81.096096038818374 inf 82.637680053710952 0.15062358975410464 0.99354600906372081 0.084526009857654585 -0.11978236213326453 0.27164700627326971 77.448417663574233 1.0000000180025095e-35 0.074122425168752684 0.27311302721500402 0.69729804992675792 5.5000000000000009 0.78364205360412609 0.80040928721427929 0.55248987674713146 -0.035495992749929421 0.92105078697204601 5.5000000000000009 99.51456451416017 0.90454545617103588 0.67948719859123241
decision_type=2 2 2 2 2 8 2 8 8 2 2 2 2 2 2 2 2 2 2 2 10 2 2 2 2 8 2 2 2 2 10 2 8 2 2 8 2 2 2 8 8 2 2 2 2 2 2 10 2 2 2 10 2 2 2 2 2 2 8 2 10 8
left_child=1 28 7 5 16 11 8 19 20 14 13 47 -13 22 36 29 26 25 -9 30 21 34 23 24 33 -12 -2 -21 -1 -16 -3 51 -10 -8 -5 52 37 38 40 -40 -7 42 -39 -28 45 -20 -31 -4 -22 -17 -51 -19 53 -35 -55 -47 -57 -36 59 -41 61 -59
right_child=4 2 3 6 -6 9 10 18 32 -11 17 12 -14 -15 15 49 -18 31 44 27 48 -23 -24 -25 -26 -27 43 -29 -30 46 -32 -33 -34 35 57 -37 -38 41 39 58 -42 -43 -44 -45 -46 55 -48 -49 -50 50 -52 -53 -54 54 -56 56 -58 60 -60 -61 -62 -63
leaf_value=-0.099479883382039072 0.082198574867684102 -0.055027219562557843 0.067295087587899247 0.043562538000329151 0.095704815499002852 0.069591193191305564 0.0022243591540045153 -0.067422425153172746 0.064473238788870138 -0.037639800636992883 0.0031504181941173614 -0.1053865205685092 -0.037592998050361419 0.043966843786369766 0.026971303291349231 0.013317162634792946 -0.015184828653499252 -0.10525027099541324 -0.070096139896206097 0.044554928258273029 0.030829366245002984 0.088263863195368372 0.095929394163444176 -0.04448530767532715 0.023629131338091799 0.045450954929890527 0.029367178424188536 -0.016088662540013458 -0.06360587922084468 -0.016985347109611023 0.007126772136211993 0.02609620164754993 -0.010333924314592142 -0.02556391996774815 -0.036077302688337448 -0.014650948390889894 -0.018362074950822593 0.0096277063846181878 0.071080075688802799 -0.033670046736821987 -0.026764347538823646 0.040926034109834079 -0.02401866781282436 0.065197788857822722 -0.057613913258342454 -0.040637721654217057 -0.039478459782505297 -0.026230950744185529 -0.12133146101714321 -0.010487163656045866 -0.0018854908710269518 -0.34597512619666043 -0.00096017443626074134 -0.054618535969550214 -0.30419683450605733 -0.040386553458827884 0.0063787408203213065 -0.099254467487514611 0.011280960992362745 0.15814890246178873 0.033721464689092907 -0.28939823542067128
leaf_weight=4588.6575964186341 1871.827705912292 1287.4743242431432 94.645233009010553 81.900344657711685 13847.6887373114 1050.4466850012541 9959.5561614148319 3991.2643143404275 1670.1901739453897 1520.539912244305 909.07966315187514 590.99567044898868 692.17370845377445 787.25750495120883 434.66298937611282 2025.9034370277077 232.59975412907079 44.581482261419296 787.13670819252729 365.98944184184074 1054.1091675916687 70.101768889464438 121.4131590668112 577.41571043618023 1949.5784912174568 1842.8121419241652 1068.2383944857866 1174.2732066679746 958.45788036845624 7446.1956930495799 303.62564621120691 43.336308317258954 184.63826367910951 25.909417225047946 212.84999214299023 2641.5145898172632 1264.961193414405 2274.8486026534811 492.25063340552151 894.26446708478034 249.75742969289422 682.98667776584625 2130.2859238255769 1651.1036274945363 2886.0388154014945 1892.6136557366699 1905.2463935501873 762.96888611093163 30.446617765817791 17596.03964452818 26845.978566979058 15.197940728627144 42.237967475317419 17.344576311297715 34.567629013210535 690.04862809740007 945.21316034346819 90.139707618393004 675.12883173301816 19.861806709319353 21.590106552001089 33.263596831355244
leaf_count=240321 220671 30766 543 1373 2306538 12026 98776 132580 96846 16038 12630 13141 9504 13044 3428 11166 2338 724 23503 3808 37046 2329 5404 19541 103507 49975 101591 17968 36260 94725 5070 649 8790 420 5051 33241 9106 15416 2901 6288 1464 4250 16429 228032 76926 44966 25915 5177 668 115019 134996 184 947 503 584 15927 17148 1530 4271 124 1269 530
internal_value=0.00131154 -0.0128885 -0.00869865 -0.00287987 0.0864763 -0.00717598 0.010442 -0.0461174 0.0344451 -0.0058934 0.00608728 -0.0476219 -0.068817 0.00234749 -0.00516189 -0.00707754 0.059984 0.0272511 -0.0526525 -0.0227595 0.00817512 -0.0309289 0.000215671 -0.00054645 0.00118291 0.0314771 0.0637922 -0.00167884 -0.0932814 -0.0194121 -0.0431665 -0.0855292 0.0570266 -0.00225708 -0.04993 -0.0184193 0.00590802 0.00953273 0.024264 0.00751212 0.0510822 -0.000258076 -0.0066434 0.0511225 -0.044466 -0.0356722 -0.0215681 -0.0159095 0.0265578 -0.00447989 -0.00529117 -0.166451 -0.10133 -0.155806 -0.220809 -0.0279916 -0.0133553 -0.0713278 -0.0121772 -0.0295023 -0.123076 -0.150508
internal_weight=130653 111982 106435 92111.2 18671.5 69650.1 22461 14323.7 3449.23 67509.4 19011.8 2140.78 1283.17 16156.8 65988.8 56254 4823.77 2855.01 11192.3 3131.36 1594.4 509.846 15369.5 15248.1 14670.7 2751.89 4591.17 1540.26 5547.12 9786.11 1591.1 103.116 1854.83 12721.1 439.744 2761.57 9734.79 8469.83 3381.71 2081.51 1300.2 5088.12 4405.13 2719.34 7201.05 4315.01 9351.44 857.614 1084.56 46467.9 44442 59.7794 120.06 77.8216 51.9122 3527.88 1635.26 357.843 1589.26 914.126 144.993 123.403
internal_count=4501901 1642731 1366150 997488 2859170 501927 495561 368662 155432 473562 340129 28365 22645 275967 457524 385249 552632 64162 311050 57612 49796 12082 262923 257519 237978 62605 550294 21776 276581 124068 35836 1557 105636 134471 9753 35695 72275 63169 27074 13584 13490 36095 31845 329623 178470 101544 120640 5720 37714 261181 250015 908 2454 1507 1087 78041 33075 8380 10683 6412 3329 2060
is_linear=0
shrinkage=0.1


Tree=38
num_leaves=63
num_cat=0
split_feature=65 69 65 65 65 72 73 71 57 65 71 6 65 59 71 35 71 74 25 73 1 17 3 69 8 59 69 34 59 33 47 46 49 65 7 11 59 59 18 34 64 69 59 62 4 6 71 18 4 37 59 2 69 4 34 2 69 71 27 25 46 59
split_gain=13912.3 3418.29 2014.22 515.101 467.278 286.036 205.167 215.907 215.88 213.975 199.826 222.585 184.372 209.249 199.688 132.859 185.7 230.839 182.542 306.149 151.366 213.849 142.031 128.239 116.744 116.475 154.606 115.059 106.607 100.92 99.3432 98.4844 101.424 96.0887 94.8059 91.553 99.529 89.1132 84.4472 83.5033 83.485 81.5359 81.366 88.1334 79.8532 101.84 78.8276 77.0559 89.9328 121.622 84.9449 76.9202 74.4855 73.4063 72.4032 128.495 84.832 71.5914 69.9061 72.5683 86.5447 69.5795
threshold=0.98424145579338085 -0.65906989574432362 0.042327584698796279 0.99734023213386547 0.87868806719779979 -0.10131090879440306 -0.060889661312103265 0.023314505815505985 84.147209167480483 0.14420017600059512 0.0012223124504089358 1.0000000180025095e-35 0.015850338153541092 0.045083962380886085 0.42231898009777075 1.5000000000000002 0.03766033053398133 1.0000000180025095e-35 1.5000000000000002 0.68506544828414928 33.589742660522468 1.0000000180025095e-35 20.344827651977543 0.80084347724914562 72.765308380126967 0.96451142430305492 0.94741943478584301 0.60900610685348522 0.98533570766448986 0.19702014327049258 97.590011596679702 0.93576055765151989 0.6904762089252473 0.99354600906372081 83.034858703613295 1.0000000180025095e-35 0.016588219441473488 0.99487793445587169 1.5000000000000002 0.99999985098838817 0.020888864994049076 -0.17549589276313779 0.99632772803306591 4.0033404827117929 0.76257675886154186 1.0000000180025095e-35 0.0045213401317596444 4.5000000000000009 0.76702582836151134 95.488464355468764 0.25847432017326361 33.615818023681648 0.69869837164878856 0.7576034963130952 1.0000000180025095e-35 5.926250934600831 0.09137942269444467 0.025782465934753421 40.500000000000007 4.5000000000000009 0.92528992891311657 0.804333657026291
decision_type=2 2 2 2 2 8 8 2 10 2 2 2 2 2 2 2 2 2 2 10 2 2 2 2 8 2 2 2 2 2 2 2 10 2 10 2 2 2 8 2 2 2 2 2 2 2 2 10 2 2 2 2 2 2 2 2 2 2 2 2 2 2
left_child=1 -1 12 23 5 10 7 -7 15 29 -4 -12 -3 14 35 57 17 18 20 30 21 -17 52 34 -22 26 -6 -18 -25 40 47 32 -29 -30 -2 46 -37 38 39 -11 -10 -31 43 -27 51 -46 -14 48 49 50 -20 -26 -21 -28 -19 56 -56 -8 61 -60 -61 -40
right_child=3 2 4 -5 25 6 8 -9 9 37 11 -13 13 -15 -16 16 27 54 19 22 24 -23 -24 28 44 42 53 31 33 41 -32 -33 -34 -35 -36 36 -38 -39 58 -41 -42 -43 -44 -45 45 -47 -48 -49 -50 -51 -52 -53 -54 -55 55 -57 -58 -59 59 60 -62 -63
leaf_value=-0.096497072547335819 -0.1120697767501872 -0.062610450110888768 -0.0084341999625660094 0.095030515014240827 0.013176044139095107 -0.011571905348592357 -0.015565387664923439 -0.061910346761770443 0.15511725789389397 -0.053020885563677067 -0.10687380189493807 -0.026617974102515853 0.056900452690243408 -0.051236268184116668 -0.053635624071081994 -0.030032258095770117 -0.047717012256455943 -0.057235178915865006 0.0052048486627661109 -0.13124592180905839 0.046754271885958001 0.071249809601372935 -0.0036226448165692601 0.07445385324215259 -0.047943822091954282 -0.021198249892104573 0.073107473520857127 0.00050744638922879692 0.0080105691526274319 -0.041888420354844885 0.041583664387880998 -0.015742405056781424 0.0421378604718122 0.05793843292600466 0.022834066422381592 0.039594694523666762 -0.029697401790731867 0.10571154930747301 -0.0019846912340847817 -0.011194418307329045 -0.038138860217028545 -0.010802725511369387 0.092028113631223152 0.017551298468997081 -0.11943814636149162 0.0074716323015667566 -0.00099821637722080766 0.03029553272003363 0.015239209540321938 0.10177066357381957 -0.028464429901842399 0.046339607917754315 -0.36360301701865261 0.03307340378925263 0.35728446530779157 0.049012200293689946 0.12017918114596787 0.0239193843172767 0.014417832585416511 -0.0046808927287943806 -0.14501413350668188 -0.019865204526457195
leaf_weight=4573.8944049887359 62.246553933713585 4028.9431070908904 1200.060335226357 12604.537316491827 6071.6585835944861 2925.891134204343 3691.4701430555433 1202.1274999268353 22.559645272791386 536.14755378942937 649.22022122330964 738.87408975698054 325.52744176611304 4823.2597733624279 1301.5400588419288 247.90445687249303 570.83327394165099 45.480315497145057 1286.893484486267 165.79587133973837 415.75763920601457 1310.5296467915177 103.34846965782344 2555.6443566801026 144.29770041722804 1489.0995283699594 602.33937228471041 2215.2315958701074 553.00344195496291 932.11731745488942 813.90843408554792 2371.3151162508875 795.33590918593109 1272.3393264072947 319.39018275402486 238.22829787619412 1596.2652075178921 74.924226438626647 29900.127948476002 4349.4755627699196 2443.9445330519229 8903.0802390389144 87.833663790021092 968.84984040260315 145.61530483327806 111.76169530488551 846.95232609845698 978.82050594687462 2219.4983919579536 92.835582919418812 1793.8153198026121 216.14646336715668 15.048410858958958 1911.4277532640845 16.280964493751526 623.77249036543071 206.20693606510758 524.43702377285808 3586.8105685617775 150.13888307847083 62.132259858772159 2347.1526391208172
leaf_count=258368 1807 135490 8837 2307144 125858 21296 26808 16069 114 3289 16879 10730 2154 128048 39917 1861 4542 312 8124 1147 3473 27507 693 318895 1316 50073 58551 17513 52235 18119 5990 18002 6014 188494 7771 4614 37376 2455 165546 24950 31299 99465 4142 34268 934 787 13661 7591 15528 645 13750 2788 160 95549 133 4230 2324 4303 24179 1360 365 15596
internal_value=0.00126678 -0.011864 -0.00819267 0.0844443 -0.002973 -0.00560856 -0.00453093 -0.0262311 -0.00332741 -0.00671743 -0.0383182 -0.0641541 -0.0447912 -0.0369293 -0.020913 0.00522831 0.00918876 0.0169148 0.0125931 0.00465901 0.0354587 0.0551386 -0.0971386 0.0564273 0.00578517 0.0162404 0.0218106 -0.00502809 0.0612704 -0.0182847 0.00868504 -0.00050026 0.0115054 0.0428124 0.000830683 -0.00674936 -0.0206991 -0.00324737 -0.00344681 -0.0157844 -0.0363713 -0.0137488 -0.00254482 -0.00592434 -0.0217847 -0.0643297 0.0150768 0.00448274 -0.000202206 -0.0110015 -0.0143999 0.00859484 -0.150581 0.0426662 0.0656784 0.0722841 0.13753 -0.0106537 -0.0017746 0.0110556 -0.0457568 -0.00328614
internal_weight=127380 110013 105439 17367.2 92278.3 81147.1 78559 4128.02 74431 53308.6 2588.15 1388.09 13160.7 9131.77 4308.51 21122.3 16906.4 10953.7 10062 7469.96 2592.01 1558.43 284.193 4762.62 1033.58 11131.2 8585.43 5952.72 4380.99 12301.7 7185.77 5381.88 3010.57 1825.34 381.637 3006.97 1834.49 41006.9 40932 4885.62 2466.5 9835.2 2545.78 2457.95 617.821 257.377 1172.48 6371.86 5393.04 3173.54 3080.71 360.444 180.844 2513.77 891.741 846.26 222.488 4215.91 36046.4 3799.08 212.271 32247.3
internal_count=4501438 1625092 1366724 2876346 1005464 637023 600577 37365 563212 386737 36446 27609 361260 225770 97722 176475 145364 99293 92294 53628 38666 29368 2000 569202 9298 368441 279958 46071 559624 148997 51628 41529 23527 240729 9578 57805 41990 237740 235285 28239 31413 117584 88483 84341 5825 1721 15815 45638 38047 22519 21874 4104 1307 154100 6999 6687 2457 31111 207046 25904 1725 181142
is_linear=0
shrinkage=0.1


Tree=39
num_leaves=63
num_cat=0
split_feature=65 69 65 65 69 68 65 1 59 72 68 73 68 28 51 73 34 58 19 11 19 55 17 55 71 71 72 69 25 69 18 68 72 74 33 0 25 31 3 59 65 71 72 68 3 0 25 24 24 37 7 52 71 46 46 49 62 22 68 1 17 17
split_gain=12341.5 3109.51 1724.16 453.27 410.465 347.746 225.095 223.265 178.321 163.987 150.569 141.029 142.021 136.47 162.29 179.626 149.039 135.976 119.834 143.921 126.694 119.482 122.459 117.927 115.962 132.684 171.244 117.297 115.544 115.058 107.234 106.329 127.277 104.579 104.246 140.584 104.106 99.0935 115.363 98.9727 98.6969 97.3191 94.1885 93.755 136.509 93.4268 92.0849 90.0142 88.6215 86.6703 84.9633 82.9127 82.0686 86.5392 86.922 109.353 108.611 96.3887 101.951 87.9605 91.6701 82.2521
threshold=0.98608362674713146 -0.65906989574432362 0.050683282315731056 0.99759849905967724 0.73820394277572643 0.99265149235725414 0.017391547560691837 46.841754913330085 0.028230086900293831 -0.10131090879440306 0.045360993593931205 -0.14406135678291318 0.0063759735785424718 34.500000000000007 98.213714599609389 0.69256082177162182 1.2966387271881106 84.467895507812514 0.19194516539573672 1.0000000180025095e-35 0.17043289542198184 0.89444443583488475 1.0000000180025095e-35 0.90454545617103588 0.00092974305152893077 0.42231898009777075 0.11736276373267175 -0.30888731777667994 1.5000000000000002 0.80084347724914562 4.5000000000000009 0.077120490372180953 0.6828056573867799 1.0000000180025095e-35 0.3359712958335877 81.769306182861342 1.5000000000000002 0.70088213682174694 89.927536010742202 0.98752048611640941 0.99422779679298412 0.16411416977643969 -0.74319046735763539 0.0010995081393048169 99.382717132568374 91.331184387207045 5.5000000000000009 2.5000000000000004 2.5000000000000004 60.943256378173835 82.621711730957045 10.084745883941652 1.6846092939376833 0.0047788654919713744 0.9401836395263673 0.61250001192092907 3.0053042173385625 1.0000000180025095e-35 0.010486515238881113 45.923791885375984 1.0000000180025095e-35 1.0000000180025095e-35
decision_type=2 2 2 2 2 2 2 2 2 8 2 8 2 2 2 10 2 2 2 2 2 8 2 8 2 2 10 2 2 2 10 2 10 2 2 2 2 2 2 2 2 2 8 2 2 2 2 2 2 2 10 10 2 2 2 10 2 2 2 2 2 2
left_child=1 -1 6 29 5 9 -3 21 10 43 -8 12 -11 14 15 18 31 30 19 45 48 51 -23 -15 -19 34 27 -27 -17 50 46 -16 -33 42 -26 41 -10 -35 -39 -31 -41 -36 -30 -4 -45 47 52 49 -21 -9 -2 -6 53 -13 55 -55 -56 58 59 -58 -61 -57
right_child=3 2 4 -5 7 -7 8 13 36 11 -12 17 -14 23 16 28 -18 24 -20 20 -22 22 -24 -25 25 26 -28 -29 33 39 -32 32 -34 37 35 -37 -38 38 -40 40 -42 -43 -44 44 -46 -47 -48 -49 -50 -51 -52 -53 -54 54 56 61 57 -59 -60 60 -62 -63
leaf_value=-0.095768073867011194 -0.11443858114899255 -0.057958866872798512 -0.011403875155405108 0.094624145730531753 -0.039293949486097747 -0.093356561590905357 0.012072724000327164 -0.1024301133776384 -0.012470766288802483 -0.0095480948852309285 -0.044013167288213251 -0.0143615741283694 -0.05898632491908852 0.0085902145173265398 0.035589579952581329 -0.21415988445941961 0.00061174416368337827 -0.013205887364180966 0.014705483231343004 -0.065964377775576774 -0.15529837502168364 -0.012130798814853499 0.066956610857169099 0.055533122431479259 -0.0063767449019073111 -0.050897793598974311 0.037353468843857589 -0.008563895658548492 -0.36457452369686483 0.07371134439170178 0.016835332025819476 -0.016544539967735684 -0.40963044820118349 -0.017321962557400719 0.018207734128327914 0.029537430284139583 -0.043185849247909414 -0.56550893218010267 -0.16959286463969181 0.00047565268953565277 0.057033286436594249 -0.020994594658699323 -0.018953032407338852 -0.1040619720869897 -0.027566680931015448 0.018179420686925876 -0.068105252694081853 0.022508812095133182 0.019791930986877322 -0.022884630250897472 0.022258034497925672 0.033285299237056545 -0.029033701803446794 0.0051110660955609594 -0.04436054288312738 -0.0039739522955147622 0.047317211059056376 -0.022160336758028493 -0.01295310275486538 0.027581550334548247 -0.0089867181039820724 0.04414722182890294
leaf_weight=4165.3184206504375 54.556467530317605 4527.1716704685241 1000.4197901748121 11291.277693295386 255.97289201244712 449.2151336427778 1491.6458677593619 155.27440219931304 1322.5470122098923 1590.5155509524047 704.83936076425016 3002.5311341108754 915.54611527267843 1154.5460931621492 2510.6465964689851 49.565697972662747 3210.3799805371091 17441.013740268536 2161.6653338279575 366.14183593355119 110.18259034771472 228.14728082437068 1380.1842033872381 997.50944457901642 3608.592037698254 685.32471623085439 787.50831785332412 14551.866903824732 8.0914381416514498 2430.9074683263898 4214.0661083403975 29.214907320216298 11.471503106877206 27.459854642860591 1220.4397911606357 3132.4337740633637 6662.8023904152215 9.632264440879224 31.194526538252831 427.65377062326297 1107.8367891991511 1316.1670409403741 308.90680901659653 359.72079592384398 663.73930623568594 1045.4246097579598 200.13647885341197 388.60373685276136 179.62359784124419 1162.2171832364984 272.97335127368569 408.71318744588643 929.40315361134708 8339.8164562694728 616.59918158035725 476.84306797664613 713.20832340233028 1592.0480781188235 1869.3900572070852 1274.8852760195732 1482.8733230568469 1392.4131414191797
leaf_count=258294 1682 160036 6547 2271809 8550 20971 24528 3407 25249 10444 20026 21012 9756 24427 72727 1259 67411 117534 48298 6868 1646 13885 102860 37507 23874 10866 6216 93126 99 334507 29114 779 172 530 7565 19843 169317 87 402 45094 180612 7665 5188 4720 8754 17470 1380 9344 4376 21027 7314 17418 8433 56817 4516 3026 11032 11468 13133 7872 9144 10692
internal_value=0.000877274 -0.0110351 -0.00766499 0.0841075 -0.00247832 -0.0056406 -0.0394069 0.0119411 -0.031158 -0.00510361 -0.00592491 -0.00430743 -0.0276095 0.00719546 0.00296047 -0.00854471 0.0149494 -0.00345924 -0.00371144 -0.015395 -0.0574869 0.0409987 0.0557378 0.0303489 -0.00693226 -0.00260782 -0.00811784 -0.010468 -0.0704444 0.056453 0.00222754 0.0329908 -0.127375 -0.0519559 0.00690931 0.0153665 -0.0380988 -0.164207 -0.263001 0.0611569 0.0412813 -0.00213315 -0.0277751 -0.0331734 -0.0544529 -0.00536048 -0.000584605 -0.0197848 -0.0377401 -0.0322595 -0.000511448 0.00533478 3.8417e-05 0.00133991 0.00399471 0.0100109 -0.00414137 -0.000564097 0.0058741 0.016014 0.00791844 0.0318716
internal_weight=124477 108892 104726 15585.2 90017.5 73826.7 14709 16190.8 10181.8 73377.5 2196.49 71353.6 2506.06 13917.8 11765.7 6003.98 5761.71 68847.6 5569.13 3407.47 655.948 2273.02 1608.33 2152.06 42743.3 25302.3 16024.7 15237.2 434.851 4293.93 26104.2 2551.33 40.6864 385.285 9277.63 5669.04 7985.35 68.2866 40.8268 3966.4 1535.49 2536.61 316.998 2023.88 1023.46 2751.52 21890.1 1706.1 545.765 1317.49 327.53 664.686 21690 20760.6 17758.1 10209.1 7549 6932.41 5340.36 3470.97 2757.76 1869.26
internal_count=4499725 1658707 1400413 2841018 1001257 535520 399156 465737 239120 514549 44554 494528 20200 323024 261090 120001 141089 474328 112436 64138 12890 142713 116745 61934 286689 169155 110208 103992 7565 569209 187639 73678 951 6306 58947 35073 194566 1019 489 560213 225706 15230 5287 20021 13474 51248 158525 33778 11244 24434 8996 25968 157145 148712 127700 70535 57165 52649 41181 28048 17016 13718
is_linear=0
shrinkage=0.1


Tree=40
num_leaves=63
num_cat=0
split_feature=65 69 65 65 69 68 65 0 25 72 72 1 73 68 57 73 9 1 17 74 7 64 51 22 66 64 69 11 68 26 69 72 64 8 25 73 68 55 7 17 1 9 71 0 71 2 74 33 51 72 24 19 25 51 48 46 13 1 27 71 27 33
split_gain=10847.2 2876.75 1505.93 398.654 395.867 326.062 217.315 203.979 175.721 149.492 125.706 121.262 134.982 117.397 113.984 126.591 124.817 116.794 167.173 157.214 143.695 110.18 104.717 153.718 133.898 103.161 166.635 204.046 119.081 102.822 103.64 97.9321 95.0384 91.2414 91.2397 90.7657 111.392 88.8907 81.7319 86.5679 80.7725 115.089 78.8746 81.3998 78.3272 82.9527 150.051 134.87 125.816 172.161 135.309 145.107 132.909 131.067 105.753 112.619 102.747 100.893 99.9127 99.5081 93.985 103.908
threshold=0.98770233988761913 -0.65906989574432362 0.039904469624161727 0.99807840585708629 0.92239227890968334 0.99508434534072887 0.18928714096546176 47.690120697021491 1.5000000000000002 -0.1619608253240585 -0.61266145110130299 42.967033386230476 -0.032808572053909295 0.74909621477127086 84.147209167480483 -0.039813786745071404 0.43650794029235845 57.321428298950202 1.0000000180025095e-35 1.0000000180025095e-35 62.942155838012702 0.040321916341781623 92.031745910644545 1.0000000180025095e-35 2.5000000000000004 0.952661693096161 -0.035495992749929421 1.0000000180025095e-35 0.0028096218593418603 1.0000000180025095e-35 -0.11978236213326453 0.2045986354351044 0.018488705158233646 78.87884902954103 3.5000000000000004 -0.14406135678291318 0.012014407664537432 0.90454545617103588 80.096618652343764 1.0000000180025095e-35 90.34647369384767 0.95454546809196483 1.271538317203522 98.275348663330092 2.1959235668182377 80.243904113769545 1.0000000180025095e-35 0.81394639611244213 89.699382781982436 -0.69435313344001759 2.5000000000000004 0.47201062738895422 5.5000000000000009 80.298507690429702 81.589473724365249 0.95071768760681163 1.0000000180025095e-35 84.028984069824233 7.5000000000000009 0.032957822084426887 41.500000000000007 0.52993714809417736
decision_type=2 2 2 2 2 2 2 2 2 8 8 2 8 2 10 8 8 2 2 2 8 2 2 2 2 2 2 2 2 2 2 10 2 10 2 8 2 10 10 2 2 10 2 2 2 2 2 2 2 8 2 2 2 2 10 2 2 2 2 2 2 2
left_child=1 -1 8 13 5 6 10 -6 9 -3 -4 12 -11 40 15 -12 29 18 -17 22 -19 -9 23 24 -20 -10 -27 28 -28 -16 31 -31 -18 42 -21 36 -8 -24 -14 -40 -2 -42 43 -32 45 46 48 58 49 -37 51 -50 59 54 -51 -56 -53 -47 -48 -52 -59 -62
right_child=3 2 4 -5 7 -7 35 21 25 11 14 -13 38 -15 16 17 32 20 19 34 -22 -23 37 -25 -26 26 27 -29 -30 30 33 -33 -34 -35 -36 44 -38 -39 39 -41 41 -43 -44 -45 -46 57 47 -49 50 53 52 56 -54 -55 55 -57 -58 60 -60 -61 61 -63
leaf_value=-0.095017849525705064 0.0794246423480819 -0.082394666940861921 -0.061095422098697352 0.094779420197062439 0.064899980558423956 -0.096698134056559235 -0.0053358740039175581 0.00066793844869807075 -0.055025214855320165 -0.051396627967521175 -0.037002660632943905 -0.025675551544287547 -0.014990433570308027 -0.017444839056607396 -0.061527365376134936 -0.034674692051311524 0.14459689568651868 0.059814817117343023 0.065518583903604044 0.037400413917530101 -0.013902086944211104 0.028638395158731258 0.036497048365563549 -0.012868759933298356 0.011331447321228753 -0.064163916000044285 0.085009184309697228 -0.037688894648084323 -0.0013791371505864358 -0.037729602049358053 -0.0010251158691171615 0.037671283590105027 -0.042014374616137454 -0.018630560781226903 0.29897379543867292 -0.12916890398053441 -0.058383650131140177 0.20365968313549618 -0.056772559876957632 0.087255516551122625 0.064034536160682679 0.015213363074743986 -0.040566820529627817 0.046405112582389219 -0.03498675529445635 -0.026239203169753207 0.0030300028486679995 -0.0068512298018586944 0.0084269734015005038 -0.013587396462527707 0.056099769213357908 -0.17702959295322485 -0.086905121236825089 -0.035916417601137361 0.022776470548064857 -0.001980572418533865 0.068366713073740579 -0.002405150019089709 0.093264397120999432 0.0013677646915260509 0.0077630710165048694 0.057950744702926021
leaf_weight=3801.9989857301116 1509.7785769104958 275.90389164723456 495.09224848728627 9946.1678826003335 927.99957012711093 377.94478281028569 1243.5626645060256 2888.7156254397705 5551.7506931312382 168.82581578567624 853.57894312031567 1020.9997507967055 144.44834596477449 198.58705865964293 406.26622276753187 537.36663696356118 27.702719047665596 285.66560853645205 833.61779047548771 22.432391669601202 3556.9440854433924 2748.0972220813856 71.43454216979444 997.6386560164392 1006.7402987293899 1244.544530628249 220.78420636244118 1908.5462285000831 575.43196848593652 1938.2369737420231 7688.3858995363116 189.05705716647208 1837.4684948027134 4575.6745680570602 32.882237318903208 106.13409087620676 580.67417055508122 57.349979598075151 46.745536871254444 389.04854514636099 1648.6222110167146 682.85155227361247 478.81206738203764 379.70697962120175 617.57309245876968 1639.5093136909418 163.93287035822868 343.55563413118944 5284.7311831465922 3081.295721499715 1380.0398210110143 70.453352321870625 82.425597477704287 995.84645410254598 3163.6238461909816 4383.2095502116717 22.514770505018532 32414.793201806955 487.9717155941762 437.48682706058025 2398.5458682430908 498.21859256178141
leaf_count=258525 241428 8286 8080 2199930 99374 19562 8087 130705 180426 4161 8784 28116 1655 2414 5132 3609 152 1868 4968 148 36193 123027 562 9269 7457 44631 2024 58093 15602 30555 73268 3306 20752 54790 183 1042 7422 386 452 5346 258266 103498 7158 3029 5045 11085 1133 2119 48402 29167 12376 460 632 7051 31414 50333 162 188512 8076 4132 14873 4198
internal_value=0.00115667 -0.00957807 -0.00645932 0.0840196 -0.00221351 -0.00401939 -0.00361052 0.0214565 -0.0405121 -0.0139285 -0.0111835 -0.00325659 0.027301 0.0575287 -0.0102249 -0.000537302 -0.0147894 0.00366775 0.016719 0.0258575 -0.00842186 0.0143043 0.0227431 0.018741 0.0358763 -0.0462366 -0.0338821 -0.0199485 0.0225756 -0.0118762 -0.0105535 -0.0310286 -0.0392427 -0.00723428 0.192895 -0.000260835 -0.0222216 0.110937 0.0501987 0.0718063 0.0614047 0.0497356 -0.00113316 0.00120708 0.000435018 0.000819107 0.0060061 0.0438524 0.00402404 -0.00238432 0.014353 0.00624825 0.0372931 -0.0012267 0.0020237 0.00839755 -0.1176 -0.00198884 0.0705734 0.0429255 -0.000862897 0.0163949
internal_weight=121946 107960 104158 13986 92610.9 86046.1 85668.2 6564.81 11547 2045.97 26272.1 1770.07 749.068 4039.84 25777 8255.65 17521.3 7402.07 3559.46 3022.1 3842.61 5636.81 2966.78 2838 1840.36 9501.06 3949.31 2704.76 796.216 15656.1 15249.9 2127.29 1865.17 13122.6 55.3146 59396.1 1824.24 128.785 580.242 435.794 3841.25 2331.47 8546.9 8068.09 57571.9 56954.3 20003.2 995.46 19007.8 11730.1 7277.65 5377.7 1899.95 11624 10628.1 7546.83 92.9681 36951.1 651.905 1817.53 35311.6 2896.76
internal_count=4500891 1695355 1436830 2805536 1088038 734932 715370 353106 348792 48016 279649 39730 11614 605606 271569 73427 198142 64643 26582 22973 38061 253732 22642 21694 12425 300776 120350 75719 17626 177238 172106 33861 20904 138245 331 435721 15509 948 7453 5798 603192 361764 83455 76297 420212 415167 196499 11328 185171 119007 66164 49024 17140 117965 110914 81747 622 218668 9209 16508 207583 19071
is_linear=0
shrinkage=0.1


Tree=41
num_leaves=63
num_cat=0
split_feature=65 69 65 65 65 68 65 57 71 64 28 75 24 68 73 68 38 3 74 35 73 18 25 1 27 56 9 26 34 4 9 68 8 71 0 25 64 18 58 51 25 51 73 64 51 65 0 69 1 9 25 34 73 3 69 49 25 65 4 1 4 10
split_gain=9634.57 2603.52 1268.73 401.442 337.325 268.408 189.394 146.5 108.805 108.206 105.621 113.097 105.763 98.9834 88.2951 111.763 95.1946 92.8697 191.586 198.291 180.052 154.853 135.218 129.217 156.892 110.172 221.637 146.728 141.682 101.587 99.9796 88.7629 129.088 87.356 193.375 113.405 89.8613 87.2692 83.7259 83.4112 83.1938 83.1865 87.8054 87.6663 80.698 79.5839 104.984 76.9194 81.0402 87.9607 76.8657 76.1034 75.9764 175.465 82.8721 74.8442 74.148 74.0892 72.7013 146.132 115.668 150.438
threshold=0.98913982510566723 -0.65906989574432362 0.035392517223954208 0.92841586470603954 0.99759849905967724 0.99265149235725414 0.11262705922126771 83.333332061767592 0.010256946086883547 0.98209789395332348 17.500000000000004 1.0000000180025095e-35 2.5000000000000004 0.99508434534072887 -0.14406135678291318 0.0063759735785424718 74.712032318115249 67.179485321044936 1.0000000180025095e-35 10.500000000000002 0.047649055719375617 4.5000000000000009 5.5000000000000009 37.089946746826179 35.500000000000007 0.81666666269302379 0.52777779102325451 1.5000000000000002 1.0522255301475527 0.82049739360809337 0.89444443583488475 0.0043503905180841693 71.122566223144545 1.1084002256393435 99.51456451416017 1.5000000000000002 0.97189185023307811 8.5000000000000018 99.627613067626967 30.877573013305668 2.5000000000000004 97.70084381103517 0.80094277858734142 0.54271960258483898 95.293468475341811 0.54806572198867809 63.702239990234382 0.31815157830715185 90.645832061767592 0.95454546809196483 1.5000000000000002 1.3467410802841189 0.53393360972404491 18.465909004211429 0.69869837164878856 0.81666666269302379 4.5000000000000009 0.017391547560691837 0.99023810029029857 99.51456451416017 0.8578653633594514 1.5000000000000002
decision_type=2 2 2 2 2 2 2 8 2 2 2 2 2 2 8 2 8 2 2 2 8 10 2 2 2 10 10 2 2 2 8 2 10 2 2 2 2 8 2 2 2 2 10 2 2 2 2 2 2 10 2 2 10 2 2 10 2 2 2 2 2 2
left_child=1 38 7 5 47 6 33 8 9 -3 12 -12 41 -6 15 -8 31 18 19 20 39 52 23 24 -22 55 27 29 45 -27 -26 32 50 34 35 -4 -37 -30 -1 -18 -14 42 43 -5 -45 46 -28 -2 -49 -50 -16 -51 56 54 -54 -19 -21 -9 59 -53 -61 -62
right_child=4 2 3 10 13 -7 14 57 -10 -11 11 -13 40 -15 16 -17 17 25 -20 21 22 -23 -24 -25 30 26 28 -29 37 -31 -32 -33 -34 -35 -36 36 -38 -39 -40 -41 -42 -43 -44 44 -46 -47 -48 48 49 51 -52 58 53 -55 -56 -57 -58 -59 -60 60 61 -63
leaf_value=-0.096369611362620108 -0.012200488621767945 -0.012164813013481707 0.0052505684825250067 -0.0091407767820536456 0.094064186759514321 -0.095555810913387162 -0.0056112953440982001 -0.058509916230624175 -0.041941503206434243 0.064733138291428488 0.043370929418862038 -0.0089032188799270627 0.071775105598721356 -0.066483931186773523 0.069733034349826375 -0.054035957783387968 -0.015941336542933802 -0.0028008848647621482 0.073016912210815674 -0.011972634843293199 0.065865247899943191 0.02002626173263616 -0.080575372748743906 0.0014310015811168856 -0.02846735754085581 -0.17075916348793493 -0.003762824926185006 -0.02037455928296138 0.0015329564760161573 -0.069514934588537927 0.052049448220662556 -0.014804929552381772 -0.003650077497861233 -0.041442833031201325 0.080253153533149435 -0.019097209148510347 0.026198944961670991 0.073772706680486216 0.010759429028335994 0.017856808283399594 0.018486784649259687 0.015603778786488196 -0.1173531228085679 -0.13437080514716065 -0.711978992175477 -0.016046408964440085 -0.094315675854723849 0.079567326706339966 0.060216326233385201 0.029061044846941764 0.022504768660071655 -0.070593218699823712 -0.098450258828168102 0.039295623174209947 -0.28100102472452598 0.040076327263733912 -0.056882783935831321 -0.038346177452753122 0.07637376242690308 0.058491782423470744 -0.31442457929053402 -1.3585991949159153
leaf_weight=3389.5804606098682 159.07875861087814 1147.4869101662189 2715.6922603361309 1361.3188329790719 9344.3792121917941 321.14447445981205 1439.9207665296271 3161.1295814616606 1121.3166958196089 217.7056686244905 2415.2182366242632 499.47228445019573 351.94672400783747 38.560302130877972 390.93061135150492 712.42197650577873 1762.0608262680471 42667.234531217255 409.02648479212075 3084.3276129206643 1557.9017401849851 1187.323518788442 102.23518766462803 779.12252144794911 353.77756086178124 126.86381185241044 202.64398476947099 574.94425123184919 2921.5334448944777 452.94676483701915 273.40027777012438 1151.7150139138103 2092.6744964728132 1064.7714741369709 224.78640640899539 11545.132444506511 455.24602830037475 177.38104387372732 74.558106811717153 1246.9122468791902 1748.3986249850132 1364.1550741898827 84.963184302672744 23.505851967725906 2.696223806589841 1389.8734176205471 347.73518621455878 1178.2221202971414 1268.644273435697 445.13997203949839 2908.4370713336393 59.539515346754342 159.53733493201435 95.679513425566256 29.460119900293648 411.0257358038798 417.37821004260331 4302.4927414115518 24.60113369114697 2.3734910474158815 3.131190977524966 2.4668012596666813
leaf_count=253682 2308 24877 27887 54599 2272732 19583 9364 130901 30210 3141 165973 6474 20071 251 3432 7918 11509 261879 6656 29365 32683 11051 776 6493 2673 933 1097 5003 22580 4038 7066 8955 13925 23085 2226 164987 4154 1692 4668 8647 83677 68802 3459 897 100 13431 1659 203037 210978 66551 21571 9042 920 1645 524 3162 3576 134490 3547 405 467 354
internal_value=0.000926631 -0.0087858 -0.00593306 -0.00232425 0.0839064 -0.00430586 -0.00396284 -0.0398826 -0.0188601 9.80136e-05 0.0193182 0.034413 0.0104065 0.0934044 -0.00170213 -0.0216398 -0.00106425 -0.00229904 0.00581016 0.00332224 0.0154433 -0.0114837 0.0324964 0.0363962 0.0488636 -0.00418482 -0.0166553 -0.0561712 -0.00759995 -0.0916674 0.00663165 0.0103954 0.0157781 -0.013769 -0.0117968 -0.0132028 -0.0173789 0.00566794 -0.0940639 -0.00193545 0.0274161 -0.00218794 -0.0186707 -0.012628 -0.193807 -0.028791 -0.060975 0.0555534 0.0591652 0.0458543 0.0281007 0.0119403 -0.0213645 -0.0710455 -0.126905 -0.00239178 -0.0173256 -0.0468863 -0.0707973 -0.124427 -0.526513 -0.774549
internal_weight=119545 107019 103555 93604.9 12526.1 85753.2 85432.1 9950.13 2486.51 1365.19 7851.68 2914.69 4936.98 9382.94 69426.4 2152.34 67274.1 60730.3 11458.1 11049.1 6075.41 4973.71 3066.44 2964.2 2185.08 49272.2 6193.92 1154.75 5039.17 579.811 627.178 6543.76 5392.04 16005.6 14940.9 14716.1 12000.4 3098.91 3464.14 3008.97 2100.35 2836.64 1472.48 1387.52 26.2021 1940.25 550.379 3143.2 2984.12 1805.9 3299.37 537.252 3786.38 284.677 188.997 43078.3 3501.71 7463.62 92.1121 67.511 7.97148 5.59799
internal_count=4501838 1732166 1473816 1150197 2769672 746145 726562 323619 58228 28018 404052 172447 231605 2272983 504223 17282 486941 439058 123584 116928 69847 47081 49691 48915 42422 315474 50433 9974 40459 4971 9739 47883 38928 222339 199254 197028 169141 24272 258350 20156 103748 127857 59055 55596 997 16187 2756 496689 494381 291344 25003 80366 36030 3089 1444 265041 32941 265391 13815 10268 1226 821
is_linear=0
shrinkage=0.1


Tree=42
num_leaves=63
num_cat=0
split_feature=65 69 65 69 65 68 0 25 72 65 51 71 71 0 25 59 65 59 59 65 68 72 69 59 65 68 27 34 72 59 57 34 71 0 59 75 69 40 56 59 45 50 18 16 34 62 59 27 66 17 4 56 11 68 32 68 40 56 59 59 1 59
split_gain=8531.75 2387.33 1152.99 349.961 325.177 269.991 220.44 172.161 155.162 142.411 138 131.299 117.939 153.779 104.361 100.778 98.1164 130.664 94.8619 114.067 88.127 84.7776 82.9536 89.3502 98.9208 80.7363 95.2419 79.8768 79.3967 75.9973 74.7267 72.4233 76.1712 70.1804 69.0775 111.836 68.7191 67.2214 86.1018 98.5583 72.4765 76.3511 66.7347 64.7965 64.5209 62.195 72.4336 97.127 61.5299 84.946 144.108 96.5855 66.9871 61.4259 61.1399 60.5706 58.5217 94.9793 58.126 57.3666 56.8698 53.6393
threshold=0.98974665999412548 -0.65906989574432362 0.039904469624161727 0.92239227890968334 0.99829715490341198 0.99508434534072887 47.690120697021491 1.5000000000000002 -0.71259117126464833 0.39993983507156378 96.922348022460952 0.68545213341712963 1.0827400088310244 99.51456451416017 1.5000000000000002 0.9696662724018098 0.015850338153541092 0.024325197562575344 0.032427966594696052 0.083176713436841979 0.051908032968640334 -0.1619608253240585 0.038244498893618591 0.98752048611640941 0.99535465240478527 0.11755752936005594 1.5000000000000002 1.0857557654380801 0.2284648343920708 0.99538335204124462 98.486190795898452 1.3292872309684756 0.13583783805370334 19.560019493103031 0.52593299746513378 1.0000000180025095e-35 0.96536937355995189 1.0000000180025095e-35 0.41428571939468389 0.18262135237455371 1.0000000180025095e-35 1.0000000180025095e-35 2.5000000000000004 3.5000000000000004 0.69137203693389904 6.0053551197052011 0.95286333560943615 1.5000000000000002 2.5000000000000004 1.0000000180025095e-35 0.72941488027572643 0.81666666269302379 1.0000000180025095e-35 0.0012921100133098664 11.500000000000002 0.99810996651649486 1.0000000180025095e-35 0.76388889551162731 0.99632772803306591 0.98974925279617321 90.645832061767592 0.079049985855817809
decision_type=2 2 2 2 2 2 2 2 8 2 2 2 2 2 2 2 2 2 2 2 2 8 2 2 2 2 2 2 10 2 10 2 2 2 2 2 2 2 8 2 2 2 8 10 2 2 2 2 2 2 2 8 2 2 2 2 2 8 2 2 2 2
left_child=1 30 7 5 22 8 -5 11 10 12 -4 21 13 14 27 36 -9 20 -16 -20 -18 -3 -2 -24 60 26 -15 43 -27 45 -1 32 33 -23 37 -36 -8 40 39 -39 41 -21 58 48 -14 46 56 -48 49 51 52 -10 -51 -28 -29 -6 -11 -58 59 -17 -25 -35
right_child=4 2 3 6 55 -7 15 16 9 29 -12 -13 44 25 18 42 17 -19 19 34 -22 31 23 24 -26 28 53 54 -30 -31 -32 -33 -34 61 35 -37 -38 38 -40 -41 -42 -43 -44 -45 -46 -47 47 -49 -50 50 -52 -53 -54 -55 -56 -57 57 -59 -60 -61 -62 -63
leaf_value=-0.0969590387045529 -0.02864897138082817 -0.065976388758553911 -0.11547878400587644 0.066047013548225994 0.09436820786779658 -0.094252473170024567 0.013096509012554949 -0.057736199658338344 0.047560335004182067 -0.0012184469237843684 -0.017977940244549472 -0.065993844173982574 -0.054322596506236699 -0.057548631600903413 0.019883306484830231 -0.023832189750934013 0.011278999940946917 -0.042232440113309511 -0.021604494196079946 -0.02141665483652469 -0.053460584243489012 0.12797669688125238 0.076845403931744466 0.056962526222874288 0.059767195660010777 0.0060880675142925824 0.123685437657117 -0.023537856961065029 0.14180165032356268 0.097318646006362516 -0.025371347144068426 -0.041752878644411504 -0.012664887202040849 0.04202909371448086 -0.025857212627188181 0.04939578472480978 0.041502136036417628 0.076874924998426408 -0.0028852886701583253 0.011806450693049765 -3.9000299847197411e-05 -0.0035085591493329935 0.011735327627761661 0.04116428183667508 -0.017740108504100287 0.020727348077659538 -0.050402143445492847 -0.00031687523376402186 -0.003263919956646405 0.034401435776421151 -0.032824837377806913 -0.044137428212522506 0.090293648337571142 0.046142744948198505 0.034996003778061849 -0.058890463282775245 0.024714410230224484 0.0028585603746373468 0.08454747534623093 -0.12515595873879143 -0.015668401228141355 -0.028403332032348367
leaf_weight=3010.0918278163299 110.36986748315394 164.02621675282717 223.76676821988076 910.48973597632721 8087.1556323505938 325.89560823421925 2538.6218147878535 2801.9683256847784 170.01485790032893 21663.052070105448 413.26440243422985 341.39281637407839 566.29195290151983 67.982036534696817 1146.8706776928157 805.79924101661891 859.27722091972828 4831.0072600021958 6209.1713024815544 5739.5951167000458 278.38769116532058 78.899993455037475 1537.4781172298826 155.43704295298085 1126.9580203359947 1627.8956869738176 143.99235964566469 1266.370434159413 44.280391516163945 83.416169064585119 153.23695106152445 229.58899199217558 463.35238820966333 561.01941039226949 2876.4362208424136 212.04205292277038 1281.6289861425757 274.0330541850999 6800.0415325909853 1546.4425555225462 6005.1564506655559 4068.2682817559689 1075.2900806781836 629.4162289397791 3243.5474577909335 1651.3488830993883 631.68112728185952 1000.3401737664826 2575.590576549992 909.26743504405022 274.27248799987137 354.12078554742038 280.60671815648675 351.61725965514779 207.71764579508454 25.870161458849907 2527.9896969236434 9314.6842769910581 45.95963903144002 60.040928858797997 351.79847742710263 133.94352521374822
leaf_count=248158 820 4178 2426 112220 2163618 19556 77753 118833 1080 171329 5063 13679 9661 362 9040 41784 19022 152240 100865 33753 10595 783 276396 23639 241413 8280 699 11002 241 3781 10377 7652 11584 6406 17468 1290 105560 1948 44757 11543 39638 26319 62216 5205 36558 15167 6451 12714 18751 7443 2059 1950 1893 2491 1641 145 17429 87050 2679 3140 45729 3736
internal_value=0.000911106 -0.00792382 -0.00529299 -0.00167841 0.0831351 -0.00340661 0.020298 -0.0362962 -0.00305872 -0.00268789 -0.0522266 -0.0096003 -0.00630221 -0.0048337 -0.00620855 0.0131254 -0.0422992 -0.0350524 -0.00839989 -0.00936153 -0.00456284 0.00220494 0.0565755 0.0595412 0.0432611 0.0207141 0.0534466 0.00525465 0.00968186 0.00197708 -0.0934912 0.00982936 0.0194014 0.0386012 -0.00659942 -0.0206907 0.0226261 -0.00481824 0.00228573 0.0216011 -0.008691 -0.0139884 -0.00514007 0.0110861 -0.0231777 0.0017609 0.00086955 -0.0197026 0.00693788 0.0201531 0.0325201 -0.0143933 0.0475824 0.0686717 -0.0152897 0.0938795 0.00187159 0.00752401 -0.0250413 -0.0308584 0.00658859 0.0284543
internal_weight=117446 106051 102887 92144.3 11395.1 85426.5 6717.83 10742.9 85100.6 84463.6 637.031 1972.22 47591 43781.2 41545.4 5807.34 8770.64 5968.67 34878.1 33731.2 1137.66 1630.83 3282.04 3171.67 1634.19 2235.77 563.592 6667.38 1672.18 36872.5 3163.33 1466.8 1237.22 773.863 27522 3088.48 3820.25 24433.5 8620.52 1820.48 15813 9807.86 1987.09 5193.29 3809.84 36789.1 35137.7 1632.02 4563.87 1988.28 1464.15 524.136 1189.87 495.61 1474.09 8113.03 33505.7 11842.7 911.8 865.84 507.236 694.963
internal_count=4501258 1749498 1490963 1142255 2751760 736903 405352 348708 717347 709858 7489 48018 395937 349718 337645 293132 300690 181857 286621 277581 29617 34339 587997 587177 310781 12073 3552 51024 8521 313921 258535 30161 22509 10925 176716 18758 183313 157958 58248 13491 99710 60072 109819 38381 46219 310140 294973 19165 33176 14425 11395 3030 9336 3190 12643 2163763 275808 104479 47603 44924 69368 10142
is_linear=0
shrinkage=0.1


Tree=43
num_leaves=63
num_cat=0
split_feature=65 69 65 69 65 68 4 65 25 72 59 59 65 59 68 59 65 71 18 1 57 51 22 32 54 71 69 72 74 9 2 19 71 15 7 70 62 59 27 71 65 59 62 57 68 69 9 49 56 2 20 71 55 25 60 11 33 28 71 55 57 75
split_gain=7508.92 2181.1 1032.68 326.021 303.622 253.518 167.134 159.885 148.512 123.355 96.5118 88.9057 87.3044 111.974 100.777 86.7362 85.1238 84.6074 88.839 118.882 177.36 136.736 125.481 116.343 134.152 112.419 103.158 97.0754 82.9205 82.6971 107.275 107.707 99.7731 102.71 90.282 81.9202 80.9223 107.086 97.1112 85.0246 81.6927 78.0213 77.6861 75.3508 67.4641 67.4591 63.2027 129.746 103.813 124.208 92.0658 75.6857 62.7695 61.5487 61.4083 57.8323 57.03 79.2222 56.4748 111.159 70.1356 55.9872
threshold=0.99031701683998119 -0.65906989574432362 0.039904469624161727 0.95929375290870678 0.99807840585708629 0.99508434534072887 0.66122034192085277 0.2999835759401322 1.5000000000000002 -0.1619608253240585 0.95812162756919872 0.98974925279617321 0.014508178923279049 0.024325197562575344 0.051908032968640334 0.99571532011032116 0.99535465240478527 1.3270344138145449 3.5000000000000004 42.967033386230476 84.897312164306655 93.063350677490249 1.0000000180025095e-35 4.5000000000000009 97.969490051269545 0.0029258430004119877 -0.17549589276313779 0.35275660455226904 1.0000000180025095e-35 0.22500000149011615 75.615615844726577 0.19005973637104037 0.16411416977643969 1.0000000180025095e-35 79.431911468505874 9.5000000000000018 5.018144130706788 0.94203513860702526 30.500000000000004 0.24241367727518084 0.86103364825248729 0.98533570766448986 4.96398949623108 98.486190795898452 0.99905985593795787 0.079677641391754164 0.29285715520381933 0.15476191043853763 0.90454545617103588 87.841831207275405 0.66426756978034984 1.003506660461426 0.72077924013137828 3.5000000000000004 5.5000000000000009 1.0000000180025095e-35 0.37525588274002081 54.500000000000007 0.42231898009777075 1.0000000180025095e-35 88.891067504882827 1.0000000180025095e-35
decision_type=2 2 2 2 2 2 2 2 2 8 2 2 2 2 2 2 2 2 8 2 10 2 2 2 10 2 2 10 2 8 2 2 2 2 8 2 2 2 2 2 2 2 2 10 2 2 10 10 10 2 2 2 10 2 2 2 2 2 2 8 8 2
left_child=1 43 8 5 11 7 -5 17 9 -3 -8 45 -10 14 55 36 -13 18 19 20 21 22 25 -20 26 -4 27 -25 -24 30 32 -32 33 34 -28 -11 37 40 -39 54 42 -21 46 -1 -6 -2 48 -48 49 51 -49 -9 -23 -30 -38 -14 -33 58 59 -58 -61 -42
right_child=4 2 3 6 44 -7 10 15 12 35 -12 16 13 -15 -16 -17 -18 -19 23 41 -22 52 28 24 -26 -27 29 -29 53 -31 31 56 -34 -35 -36 -37 39 38 -40 -41 61 -43 -44 -45 -46 -47 47 50 -50 -51 -52 -53 -54 -55 -56 -57 57 -59 -60 60 -62 -63
leaf_value=-0.096522578060024941 -0.02048061114322388 -0.077505686166393167 0.070527285807269885 0.079435959273062962 0.093227263320431963 -0.094813322669703437 0.043087326347360601 0.025166016071356923 -0.057476659533304712 0.0070222467940233013 0.0067623482233358824 -0.010498056577364301 0.040575557850956297 -0.041208197728190656 -0.05550064402822083 0.08843058407402149 0.049926116833865414 -0.028087921297338676 0.022988003856072414 -0.022438890058077515 -0.053822665318839807 0.040979100265372138 -0.026427309449729743 -0.029225384213315598 -0.029544844241015823 0.0067117605068586841 0.077157972396850558 0.071559611302005707 -0.027692860219568197 -0.012033553271691104 -0.038280484377604791 -0.011926172375621671 -0.016188767337288634 0.081192049557514648 0.0068167344193274474 -0.066482179417687429 0.034855470029822373 -0.029064375032667768 0.0094840497372729749 -0.0044802553622007224 0.016309527170654006 0.13153229492023449 -0.029613106406465674 -0.023763041991400828 -0.072983200412865989 0.073386554738791174 -0.018447523455930415 -0.015803630036542681 -0.043874535516341545 0.0010561398111553399 0.0073410521689062508 -0.030983639407832886 0.16653739192750264 0.20039481517978197 0.0099338739664992463 -0.010064822506906605 -0.0043789402948629721 0.033290767034294955 -0.0052220896432177838 0.089022694629344742 0.019856291485144128 -0.016261243476881803
leaf_weight=2738.5327896522358 80.386185626499355 234.96012905891985 422.76798095554113 531.13138431962579 7498.683245403925 296.38728054519743 1101.5031457869336 3522.3606920568272 2180.8919554362074 1538.5250728484243 2177.0140650905669 324.67568073561415 345.23458645865321 4927.7809303291142 340.88769601285458 114.81108208419755 827.03001571493223 1811.6341178975999 1612.3992934450507 6561.8597743669525 459.58642718754709 79.854127524420619 905.04369296506047 1920.8494377378374 2004.4388328650966 795.42706104088575 231.10154748149216 100.57293176464736 20.00616355240345 4893.5579665061086 705.71961040236056 2509.8293150253594 454.71417292393744 393.00404942035675 867.01614897325635 168.19880136661232 1730.20932572335 2241.2390279411338 922.50625038379803 2028.5981507985853 4802.8976084883325 33.076389160007238 893.06930617243052 150.13718528766185 24.500379100441933 1609.3756008658092 4667.5677770758048 2247.5615685414523 442.31542534846812 14998.918379371054 7303.8588619017974 257.61734812520444 79.411090727895498 28.951712811365724 2307.1311639109626 650.3210369553417 2885.5793611183763 894.28402477130294 5167.4686446413398 155.53725367411971 2552.7634238898754 592.90487891621888
leaf_count=248140 700 8293 2953 83268 2200643 19560 89466 25431 97995 32993 146014 43753 6969 165095 14179 5341 180080 27173 12152 63600 4759 563 7695 29320 16024 5862 1549 1241 120 40912 6273 25071 4122 2500 6917 6791 25690 31292 19627 12468 124774 241 5881 10379 127 308907 32645 16327 3680 75772 58751 2941 462 144 21757 16975 27990 8441 40613 900 15231 5568
internal_value=0.000964733 -0.00705074 -0.00462665 -0.0012426 0.0821673 -0.00248364 0.0273971 -0.00217132 -0.0345112 -0.00957368 0.0189667 0.0543177 -0.0402448 -0.0342455 -0.00857258 0.00161459 0.032892 -0.00699117 -0.00595075 -0.0143452 0.00295458 0.0141467 0.00758922 -0.00306982 -0.00470235 0.0288586 -0.00260412 -0.024211 -0.0195703 -0.000592354 0.0027369 -0.000152143 0.0248166 0.0373211 0.0216202 -0.000221665 0.00141101 -0.000117882 -0.0178242 0.0122219 0.00129212 -0.0216667 -0.000505539 -0.0927409 0.092686 0.0689211 0.000271821 -0.00478281 0.00401101 0.0051389 0.00189484 0.0213392 0.103584 0.107189 0.0206141 0.00749604 0.0017474 0.00469176 0.00231514 0.00927781 0.0238285 0.0127306
internal_weight=115366 105002 102113 91726.1 10364.7 87916.4 3809.65 87620 10386.8 1941.68 3278.52 2841.47 8445.12 6264.22 1336.44 49073.6 1151.71 38546.5 36734.8 9385.98 2791.05 2331.46 2172.2 27348.8 25736.4 1218.2 23732 2021.42 954.002 21710.6 16817 14871.2 1945.84 1491.12 1098.12 1706.72 48958.8 42892.8 3163.75 6065.94 39729.1 6594.94 34333.3 2888.67 7523.18 1689.76 33440.2 14219 19221.2 18778.9 9551.42 3779.98 159.265 48.9579 4037.34 995.556 14165.5 11655.6 10761.3 5593.88 2708.3 5395.8
internal_count=4501100 1766890 1508371 1159081 2734210 840333 318748 820773 349290 48077 235480 533440 301213 203218 38123 467945 223833 352828 325655 86399 22558 17799 16774 239256 227104 8815 211080 30561 7959 180519 139607 124519 15088 10966 8466 39784 462604 402689 50919 59915 351770 63841 221428 258519 2200770 309607 215547 107723 107824 104144 75078 28372 1025 264 47447 23944 118246 93175 84734 44121 16131 130342
is_linear=0
shrinkage=0.1


Tree=44
num_leaves=63
num_cat=0
split_feature=65 68 65 65 65 65 68 11 70 64 68 40 54 68 64 64 7 46 68 1 7 25 55 38 68 55 38 35 68 57 9 73 64 7 68 32 1 9 46 68 15 65 7 7 73 55 35 55 0 71 0 68 16 0 25 64 32 28 74 3 4 34
split_gain=6687.37 1778.61 988.762 297.98 292.911 183.96 177.26 222.392 219.696 101.61 99.9431 90.0234 105.852 127.365 101.514 90.0123 83.0692 81.0885 75.2407 73.6191 72.9517 72.8696 134.187 73.4548 156.59 101.51 73.3579 70.6263 69.6634 69.6422 98.0948 84.5792 68.7662 68.6068 68.034 88.9229 64.6391 102.401 64.1062 63.1838 62.0391 61.5566 61.4643 61.0284 58.5192 58.2115 56.7969 54.6249 54.5405 53.4333 51.3536 50.1753 49.5058 49.3778 48.2176 45.9523 44.8455 43.637 91.08 43.1373 72.5348 63.4769
threshold=0.99089351296424877 0.98928901553154003 0.02958411164581776 0.95453548431396495 0.99829715490341198 0.10362011939287187 0.13000315427780154 1.0000000180025095e-35 7.5000000000000009 0.029552668333053592 0.81430065631866466 1.0000000180025095e-35 97.094413757324233 0.002697605406865478 0.71504053473472606 0.98209789395332348 99.275325775146499 0.0068287509493529805 0.0021187673555687074 80.243904113769545 83.816528320312514 4.5000000000000009 0.89444443583488475 73.727352142333999 0.0069889866281300792 0.35416667163372045 98.557659149169936 4.5000000000000009 0.2263656556606293 82.680995941162124 0.29285715520381933 -0.032808572053909295 0.013596951961517336 61.746549606323249 0.19133670628070834 11.500000000000002 92.221263885498061 0.95454546809196483 0.0034732385538518433 0.99810996651649486 1.0000000180025095e-35 0.98053398728370678 73.860012054443374 82.392688751220717 0.41456207633018499 0.26785714924335485 4.5000000000000009 0.88194444775581371 95.419578552246108 1.2151769399642947 93.788581848144545 0.0096769542433321493 1.5000000000000002 99.51456451416017 1.5000000000000002 0.95578366518020641 11.500000000000002 55.500000000000007 1.0000000180025095e-35 96.720428466796889 0.99272486567497265 1.1930143833160403
decision_type=2 2 2 2 2 2 2 2 2 2 2 2 8 2 2 2 10 2 2 2 8 2 8 8 2 8 10 2 2 10 8 8 2 10 2 2 2 10 2 2 2 2 10 10 10 8 2 10 2 2 2 2 10 2 2 2 2 2 2 2 2 2
left_child=1 2 6 5 28 10 7 8 18 19 29 21 13 14 17 45 47 -13 40 -5 -20 23 57 24 25 27 44 -7 36 31 34 51 -32 -27 35 -31 -2 -38 -33 -6 -1 -11 -30 -26 -25 56 -19 -15 -46 52 -22 -4 -37 -47 -17 -34 -9 -23 -59 -39 61 -61
right_child=4 -3 3 9 39 11 -8 15 -10 41 -12 12 -14 16 -16 54 -18 46 20 -21 50 22 -24 26 43 33 -28 -29 42 30 32 38 55 -35 -36 49 37 59 -40 -41 -42 -43 -44 -45 48 53 -48 -49 -50 -51 -52 -53 -54 -55 -56 -57 -58 58 -60 60 -62 -63
leaf_value=0.050606610311127467 0.0768825962026701 -0.095838957272038297 -0.0071628828052151304 0.035852449573943596 0.093157992837975503 -0.0078994545307610638 -0.07332394929014828 -0.044537292652651918 -0.0451774287852078 0.025720541067458136 -0.076738923464111611 -0.023152329309263382 -0.00012226673711726642 -0.002562121634841381 0.052412140119178476 0.096174178549872077 0.036254340472215062 0.010552194061848152 -0.05237666221974905 -0.0029809694414504356 0.01961944410120944 -0.033039680206165815 0.011066025358048119 -0.003538353993146877 -0.055809065317233522 0.071819341259217712 0.020949104239692148 0.026314302880699771 -0.18938878679366594 -0.015785989445934397 0.15199402988675997 -0.018770082268719394 -0.041084726725653095 0.023508466024247325 -0.0340916764113302 4.4306920042398372e-05 0.061804485977840155 0.025553210800927539 0.0091338451856162895 -0.059005858980429975 0.19930458500685677 0.059945716357998446 0.010952164155631551 -0.0030658620224703241 -0.012370619677368704 -0.063337611733351354 0.035564259931918377 -0.042641310622061349 -0.061742106274623482 -0.0428943437416111 0.26709204711696277 -0.064432989153509743 0.030832464519538007 0.32938686157723768 -0.0096783800509118688 0.0072080565796410314 -0.010133451181580183 -0.093930903335010765 0.11411717548101652 -0.0046040136628096645 0.088588332400181796 -0.15724181238915041
leaf_weight=299.59075704403222 1026.0082633383572 2183.9402014268562 291.64612196199596 653.94821530580521 6712.7258321591653 1931.4549355823547 1251.873641807586 2234.0324752852321 756.46366781555116 2058.5819809446111 241.82663046382368 480.695661903359 20755.658916093875 771.89920038823038 904.73779879882932 51.454626392573118 321.08278136700392 2296.2150933425874 160.82329240813851 1925.8333127116784 640.25306380167603 826.86497036647052 696.37775231013075 30628.393786226865 466.76360216178 362.22650703694671 1094.4760147128254 877.43538745678961 17.159223427297547 4692.3539628498256 19.5265580303967 1085.9746095575392 2061.6500050891191 1559.5610813843086 1146.134097263217 1295.2180568967015 1036.5291531782132 322.45326107274741 3404.1375336777419 27.400099515914917 30.957182506099343 705.65119653427973 142.392660765443 413.92990170605481 5893.205449166242 1643.9167651422322 1501.5550405378453 607.83939666114748 232.58267132006586 189.62948844395578 8.4965367503464204 321.75048108678311 875.13822869211435 3.2077618632465592 262.92919499799609 217.85523873381317 456.26299537159503 272.11917492281646 22.805942036211491 55.146688020089641 33.315182198537514 53.849974861135706
leaf_count=3149 231123 205967 3369 56565 2163794 11908 78378 92449 33633 118550 22570 3665 177254 7017 6052 652 3566 17922 3222 121685 15817 5808 8483 233852 4803 3717 14257 5846 923 80011 97 17195 37880 16834 29691 18490 226325 60429 38094 155 387 87948 5604 4166 47860 67051 15342 7014 2162 4499 218 6239 11453 75 9406 3151 18530 1816 241 10850 6328 9299
internal_value=0.000758057 -0.00654632 -0.00463268 -0.00179674 0.0814101 -0.00317747 -0.0388463 -0.0322551 -0.00339374 0.0211364 -0.0129443 -0.00105545 0.00344172 0.0141873 0.021979 -0.0440222 -0.00955781 0.0155436 0.0243295 0.0068629 0.00791452 -0.0038007 -0.0234143 -0.00298016 0.007697 0.0149047 -0.00456314 0.00278817 0.0534915 -0.0119554 -0.016614 -0.00237314 -0.0348686 0.0326143 -0.011495 -0.00782257 0.0575372 0.0443163 0.00238503 0.0925394 0.0645328 0.0344575 -0.0105938 -0.0310195 -0.00532285 -0.0477672 0.0204414 -0.0202189 -0.0142451 0.00801108 0.0228605 -0.0372033 0.0124588 -0.0625728 0.00764632 -0.0364693 -0.0387025 -0.0448187 -0.077843 0.00531384 -0.040545 -0.080015
internal_weight=113516 104089 101905 94104.7 9426.98 88760.7 7800.26 6548.39 1896.58 5344.01 15842.8 72917.9 27639.7 6884.02 5183.2 4651.8 1700.82 4278.47 1140.12 2579.78 809.573 45278.2 1818.17 43460 5611.37 4730.68 37848.7 2808.89 2686.85 15601 10497.5 5103.51 2299.03 1921.79 8198.47 7052.34 2527.3 1501.29 4490.11 6740.13 330.548 2764.23 159.552 880.694 36754.2 4337.42 3797.77 1379.74 6125.79 2359.99 648.75 613.397 2170.36 1647.12 314.384 2279.51 2690.3 1121.79 294.925 464.765 142.312 108.997
internal_count=4500836 1786006 1580039 1257072 2714830 872324 322967 244589 56426 384748 272739 599585 237832 60578 42981 188163 17597 36929 22793 178250 19257 361753 16348 345405 47274 38305 298131 17754 550881 250169 185272 64897 41128 20551 144144 114453 544354 313231 55289 2163949 3536 206498 6527 8969 283874 178105 33264 14031 50022 34442 16035 9608 29943 67126 10058 41031 110979 7865 2057 86906 26477 20149
is_linear=0
shrinkage=0.1


Tree=45
num_leaves=63
num_cat=0
split_feature=65 69 65 69 68 65 0 73 59 69 68 11 25 59 46 54 48 47 46 62 49 1 71 34 73 8 7 10 55 44 71 19 35 18 7 68 0 51 27 56 59 59 71 27 24 73 0 4 62 42 43 41 1 68 65 34 65 49 16 73 62 62
split_gain=5946.03 1812.84 719.858 307.044 269.746 200.469 195.324 142.826 135.089 205.917 130.409 128.257 155.865 118.012 118.339 178.29 182.529 342.047 176.185 327.108 296.978 147.033 116.541 110.577 107.252 105.234 96.8934 96.5184 104.34 89.8272 88.371 86.4157 83.1634 82.8283 82.5521 81.8921 81.2373 81.029 116.517 79.5502 78.6425 76.811 74.3654 76.971 73.0972 96.0099 86.8827 76.515 72.2937 87.814 85.1683 99.5605 72.4069 71.7313 67.651 67.3218 65.9718 65.7879 62.7832 79.1645 65.2566 189.93
threshold=0.99317359924316417 -0.7505909502506255 0.039904469624161727 0.94741943478584301 0.99508434534072887 0.99829715490341198 47.690120697021491 -0.097666561603546129 0.057349432259798057 -0.048427304252982133 0.012014407664537432 1.0000000180025095e-35 1.5000000000000002 0.99538335204124462 0.019085657782852653 65.733856201171889 82.388591766357436 49.018096923828132 0.94751507043838512 2.9980221986770634 0.47222222387790685 55.646631240844734 0.01619777083396912 0.67062723636627208 0.016213685274124149 76.209991455078139 95.377490997314467 1.0000000180025095e-35 1.0000000180025095e-35 inf 0.2855892032384873 0.26384805142879492 3.5000000000000004 1.5000000000000002 77.448417663574233 0.0058023736346513042 99.51456451416017 98.61084365844728 14.500000000000002 0.67948719859123241 0.99100637435913097 0.98683857917785656 1.8325254917144778 74.500000000000014 2.5000000000000004 0.77260935306549083 61.16780090332032 0.80796220898628246 1.7799875736236574 38.529016494750984 66.856060028076186 0.10187896341085435 14.415584564208986 0.0024763147812336688 0.024798057973384861 0.98062413930892955 0.015850338153541092 0.72077924013137828 3.5000000000000004 -1.0000000180025095e-35 5.0050175189971933 4.9218978881835946
decision_type=2 2 2 2 2 2 2 8 2 2 2 2 2 2 2 10 10 2 2 2 10 2 2 2 8 8 10 2 10 8 2 2 2 8 10 2 2 2 2 8 2 2 2 2 2 10 2 2 2 2 10 2 2 2 2 2 2 10 10 10 2 2
left_child=1 -1 8 4 7 40 -5 10 9 -3 -4 30 -13 14 15 -9 29 21 20 22 25 -18 -20 -22 -25 27 -12 28 32 48 31 34 -16 -31 -11 -34 56 38 44 -30 -2 54 43 58 45 -8 47 -47 49 -17 -51 52 -52 -19 -10 -39 -14 -26 60 -60 61 -21
right_child=5 2 3 6 -6 -7 37 13 41 11 26 12 36 -15 18 16 17 53 19 42 23 -23 -24 24 57 -27 -28 -29 39 33 -32 -33 35 -35 -36 -37 -38 55 -40 -41 -42 -43 -44 -45 -46 46 -48 -49 -50 50 51 -53 -54 -55 -56 -57 -58 -59 59 -61 -62 -63
leaf_value=-0.095406171002658816 0.073128248942876325 -0.049512240674507303 -0.0090842927988006531 0.072860065534349996 -0.093772542657914598 0.09204879985183767 -0.015040646300280378 0.0015185150547959816 -0.059265937723155193 -0.037740541611072875 -0.065640918121833688 0.050098649278972118 -0.052258805047438642 0.091968288497416978 0.0019788326692749456 -0.033699624283476552 0.031071876112661809 0.10572976190125383 -0.059807820143910562 -0.0043089582767185455 -0.010337031452548074 -0.030490764447362779 -0.00091070233584472767 0.015524937446945823 0.028278867657061668 -0.0031314735451407486 0.0087992487395242465 -0.00065757216440250554 0.12400709147010619 -0.081213244163825124 -0.017045134873944198 0.069845772457814786 0.053597531225833911 -0.028525640137894173 0.034425470274792855 -0.0010448395523818728 0.22759183549925852 0.071179307020875368 0.069910890932341666 0.021193810983025464 0.033259311589128863 0.14859263802987674 -0.035442337581011049 0.021373580145680474 0.017315943834116554 -0.11877264372224071 -0.10079666051445385 -0.84914081915209705 -0.039516009462893686 -0.03681498944159884 -0.05022966525358355 -0.0097601747164601828 0.063546677786296413 -0.0085644771844192828 -0.031711742715398679 0.021289843895955982 -0.018648019938177034 0.058256516302087627 0.033930969078748589 0.0022720282783178702 0.0038649059059453327 -0.039910467596939711
leaf_weight=2199.9815309774131 1129.6691644818056 1754.3501681117341 2561.0112852761522 672.75435567460954 321.41030580177903 6144.8100264035165 1093.2223955830559 7965.1656673345715 1846.6512902360409 241.06911652907729 860.61950725363567 267.82805756106973 943.47308304160833 135.91293738782406 1411.878502544947 1166.2164315269329 533.48050203919411 339.67372508253902 1362.4093597140163 18987.226448762696 726.78332752967253 1422.1892353617586 445.92311480315402 2391.9810712118633 1391.5560082076117 15553.587210417259 219.44014046387747 2832.3961767149158 176.69940351974219 574.48423308972269 633.07569040171802 361.7948220167309 905.21396450325847 620.80977276293561 462.86111981235445 393.50036092661321 12.165464675053952 309.63577172439545 220.06792930234224 131.08568253647536 880.28272020420991 20.406961258500814 643.30351408291608 1457.5450834981166 756.72132180957124 2.7125244094058862 69.81469506258145 3.0440752571448684 1637.8424639599398 406.26742045674473 63.917189366184175 643.61074036546052 447.83653265377507 65.49964721640572 1721.8837964134291 2139.0161894874182 1532.6592873018235 1544.7018757592887 900.53469496779144 6425.4023929615505 7333.6155354506336 1626.8968537091278
leaf_count=240190 258385 76926 21540 117515 26128 2164054 63310 64608 86377 3400 13690 4554 45875 5089 11396 10784 6495 2894 12540 171905 8657 11588 3768 20977 15225 132849 3202 27775 1372 5185 23250 6267 8345 5674 4264 4202 243 28847 23455 1283 204295 168 8515 15379 51009 188 3347 167 14808 3447 640 5202 3651 809 55480 178537 46439 22620 8096 50062 69649 14961
internal_value=0.000857448 -0.0055965 -0.00365359 -0.000906286 -0.00233159 0.0830816 0.0225361 -0.00199106 -0.0294197 -0.0204929 -0.0213745 -0.00906505 -0.0223862 -0.0011373 -0.00129063 -0.00904619 -0.0196687 0.00362805 0.000558237 -0.0037461 0.00670026 -0.0136973 -0.0452842 0.0262531 0.0312441 0.00116901 -0.0505166 0.0126013 0.0250433 -0.029559 0.0125472 0.0301259 0.0187782 -0.0538484 0.00971138 0.0370413 -0.0301881 0.015167 0.000979504 0.0802189 0.0556672 -0.0448642 -0.00173632 -0.001146 -0.00689869 -0.0225762 -0.131586 -0.504989 -0.0229088 -0.0129375 0.00256751 0.0164158 0.0493362 0.0872531 -0.0459705 0.0275984 -0.0314546 0.0440495 -0.00207653 0.00616368 -0.00423654 -0.00711868
internal_weight=112048 103893 101693 91894.6 86627.6 8154.76 5266.99 86306.2 9798.22 6209.28 3641.07 4454.93 2756.13 82665.1 82529.2 15887 7921.83 2360.84 66642.2 39182.9 27459.4 1955.67 1808.33 6055.02 5328.24 21404.4 1080.06 5850.77 3018.38 5560.98 1698.8 1065.73 2710.59 1195.29 703.93 1298.71 2488.3 4594.23 2145.58 307.785 2009.95 3588.94 37374.5 36731.2 1925.52 1168.79 75.5713 5.7566 4365.69 2727.85 1561.63 1155.36 511.754 405.173 3568.54 2448.65 2476.13 2936.26 35273.7 7325.94 27947.7 20614.1
internal_count=4501552 1874818 1634628 1281385 815010 2626734 466375 788882 353243 211218 38432 134292 97111 750450 745361 135785 71177 21786 609576 354875 254701 18083 16308 67479 58822 187222 16892 54373 26598 49391 37181 13931 23943 10859 7664 12547 92557 348860 141476 2655 462680 142025 338567 330052 118021 67012 3702 355 38532 23724 12940 9493 4291 3703 141857 207384 92314 37845 314673 58158 256515 186866
is_linear=0
shrinkage=0.1


Tree=46
num_leaves=63
num_cat=0
split_feature=65 69 65 69 68 0 72 65 71 6 68 1 2 74 73 0 73 25 0 71 20 71 27 34 28 72 1 18 68 0 51 3 7 21 73 0 64 69 1 56 27 65 34 56 69 73 1 35 11 17 71 29 41 8 58 68 1 34 24 71 17 51
split_gain=5211.6 1648.47 615.575 317.671 233.358 199.527 153.67 147.612 135.662 220.968 138.168 168.992 131.339 200.132 189.114 177.684 235.758 134.783 134.152 159.132 134.486 203.89 242.874 241.522 190.665 166.002 144.081 131.594 124.973 111.095 142.704 157.222 144.751 156.653 202.803 106.318 100.064 140.904 100.015 99.9789 99.4577 97.7028 96.9975 112.477 122.349 96.6402 91.1409 90.1494 89.3217 89.2866 88.9016 88.4255 88.4136 86.0994 84.6894 83.5735 82.5337 80.6466 77.9917 97.1777 109.675 77.9025
threshold=0.99455296993255626 -0.7505909502506255 0.026215379126369957 0.94741943478584301 0.99686068296432506 47.690120697021491 -0.10131090879440306 0.99829715490341198 0.00029961578547954565 1.0000000180025095e-35 0.81430065631866466 99.51456451416017 73.765182495117202 1.0000000180025095e-35 0.030625700950622562 11.56633234024048 0.72201579809188854 3.5000000000000004 71.248622894287124 0.16411416977643969 0.33927208185195928 0.37647342681884771 1.5000000000000002 0.62156865000724804 9.5000000000000018 0.11736276373267175 98.979484558105483 5.5000000000000009 0.29099358618259435 72.04651260375978 86.526824951171889 93.218391418457045 99.350620269775405 1.0000000180025095e-35 0.026124611496925357 99.51456451416017 0.94231674075126659 -0.048427304252982133 99.51456451416017 0.18333333730697635 1.5000000000000002 0.077111490070819869 0.99999997019767772 0.67948719859123241 0.14136780798435214 -0.049684315919876092 61.861471176147468 2.5000000000000004 1.0000000180025095e-35 1.0000000180025095e-35 0.010256946086883547 21.500000000000004 0.10187896341085435 73.708465576171889 82.053180694580092 0.012014407664537432 60.120481491088874 0.23908293992280963 1.5000000000000002 0.13583783805370334 1.0000000180025095e-35 98.61084365844728
decision_type=2 2 2 2 2 2 8 2 2 2 2 2 2 2 10 2 10 2 2 2 2 2 2 2 2 10 2 10 2 2 2 2 8 2 8 2 2 2 2 10 2 2 2 10 2 8 2 2 2 2 2 2 2 8 2 2 2 2 2 2 2 2
left_child=1 -1 36 4 6 -5 8 -2 -4 -10 -11 -12 13 15 -15 16 27 -16 19 53 21 22 23 39 -25 26 -23 51 42 30 32 54 45 -34 -35 -24 -3 -38 56 57 -27 -19 43 44 -22 -17 -33 -44 -39 50 -47 -8 -49 -14 -32 -29 -31 -20 -48 60 -60 -7
right_child=7 2 3 5 -6 61 12 -9 9 10 11 -13 18 14 17 29 -18 41 20 -21 28 25 35 24 -26 40 -28 55 -30 38 31 46 33 34 -36 -37 37 48 -40 -41 -42 -43 47 -45 -46 49 58 52 -50 -51 -52 -53 -54 -55 -56 -57 -58 -59 59 -61 -62 -63
leaf_value=-0.09478006549588297 0.055901167636142862 -0.048405314238173999 -0.00049905443871185219 0.073514040967790698 -0.095412873253835337 0.0014657939318927123 0.0049054897701010843 0.090820774352397937 -0.094958972360347754 -0.024297750832221382 0.037019593577365104 0.47660971715425182 0.0086029317525698635 -0.012553073457338719 0.028669574127634729 -0.046121485717309313 -0.11018214884295713 0.3311891125174915 -0.020623652175753283 -0.044093777818954058 -0.041229476128845088 -0.034798790557549419 0.022495271432892056 -0.019637045443448565 -0.19038400445853654 -0.090495652434505192 -0.0025654813848919981 0.056062374058485069 0.088461812199754242 0.10768266610497941 0.035055635451304711 -0.034117568885629557 0.0075144542453591274 0.020431070914289595 0.10691227342254028 0.060673829508989287 -0.055171763467341886 0.013692569396030009 -0.053060861766794781 -0.034761866615353451 0.04609849105078994 0.10737570797004331 -0.010800598424699558 -0.051871057237637068 -0.001203490763343583 -0.0075695141308821934 -0.036855023459157754 0.094740444951015246 -0.025287896076161932 0.0055724707272650663 -0.077820561892197354 -0.0198605402764209 0.00065407145422970202 -0.018027004897951719 0.088276887361311868 0.0046005469845486749 -0.0041508539373992879 0.07833249475709364 0.071451022815829976 -0.010478940476502243 0.017582592006084825 0.026988367690907084
leaf_weight=2004.8993206610903 1543.8498723527882 2690.2909292913973 1143.1453284565359 664.62000400712714 270.45727407373488 2246.1164507258218 2069.9601152166724 5607.2858882527798 572.34548250958323 846.90822447137907 31.888446597382426 12.049760688096283 1858.7680161609314 336.88733041239902 289.28717909241095 484.1306433537975 225.23035697126761 20.674873806536198 99.876907385885715 1676.2203809572384 1084.6813598200679 1529.4324671011418 4217.6954061547294 1964.5724625498988 67.650012419559062 56.758252642117441 14863.786720938049 458.34575593285263 135.91074764821678 67.710310671012849 676.00723138079047 330.33605095045641 2426.691724287346 740.98108227038756 427.66968672396615 881.91908454429358 958.26078417524695 967.85121790319681 434.28723472403362 134.93485161662102 876.33674827683717 344.55263934051618 12846.550415366422 937.05243586562574 2580.6301325121894 567.04008578695357 203.82282827235758 100.79414614988491 1497.2038196437061 4879.6264366051182 264.0071546449326 4749.6775355692953 10976.664910014719 3500.7394161997363 536.10646729823202 1013.0788186360151 2599.462669275701 469.49658642616123 654.73895585536957 496.65272685140371 894.04944515880197 2557.7879993766546
leaf_count=240391 390734 126639 10746 127848 24049 161853 24021 2163547 10677 13477 1068 459 17069 3425 4197 6582 2625 240 683 17697 18015 26132 32265 20884 449 635 100473 6120 1847 1092 8902 3893 27712 5026 12127 8696 48655 25545 4868 1391 10052 8418 118222 8976 17742 4518 2308 860 60659 52744 2017 61765 101610 32355 6371 10226 25389 6167 5957 6922 9123 245841
internal_value=0.000717752 -0.00498603 -0.00321253 -0.00124117 -0.00266418 0.0221599 -0.0023844 0.083282 -0.0263106 -0.0464763 -0.0153275 0.157574 -0.00166804 0.00425302 0.0483241 0.00251918 -0.00923368 0.0796584 -0.00421615 -0.0172019 -0.00251871 0.0028162 0.0162014 -0.00783161 -0.025321 -0.00323749 -0.00557274 -0.00649137 -0.00720219 0.00851863 0.0124181 0.0288889 0.00603901 0.022 0.052079 0.0290978 -0.0339737 -0.0226324 -0.00855804 0.0426325 0.0377897 0.120045 -0.00765797 -0.0209528 -0.0130484 -0.00322442 0.0149306 -0.00510038 -0.00998305 0.000412241 -0.0298869 -0.0123433 0.00151017 -0.00879129 0.0585949 0.0206308 -0.00131179 0.0609741 0.022134 0.0280121 0.0403551 0.015055
internal_weight=110666 103515 101510 95396.8 89928.3 5468.52 89657.8 7151.14 2606.34 1463.19 890.846 43.9382 87051.5 26191 991.402 25199.6 8516.29 654.515 60860.5 7035.73 53824.7 25162.5 7836.15 2736.53 2032.22 17326.3 16393.2 8291.06 28662.3 16683.3 13581.9 3791.71 9790.15 3595.34 1168.65 5099.61 6113.61 3423.32 3101.46 704.308 933.095 365.228 28526.4 4602.36 3665.31 6194.8 2579.6 23924 2465.06 5710.67 831.047 6819.64 11077.5 5359.51 1212.11 1471.42 2667.17 569.373 2249.26 2045.44 1548.79 4803.9
internal_count=4500996 1946715 1706324 1444826 909284 535542 885235 2554281 36427 25681 15004 1527 848808 306588 16280 290308 104757 12855 542220 67121 475099 207827 70535 29574 21333 137292 126605 102132 267272 185551 154202 43476 110726 44865 17153 40961 261498 134859 31349 8241 10687 8658 265425 44733 35757 65861 28203 220692 86204 59279 6535 85786 102470 49424 15273 16346 26481 6850 24310 22002 15080 407694
is_linear=0
shrinkage=0.1


Tree=47
num_leaves=63
num_cat=0
split_feature=65 69 65 68 65 65 65 64 72 25 73 54 68 48 2 0 74 28 1 3 34 73 46 48 62 72 51 4 71 17 55 64 69 7 17 64 4 57 37 35 33 28 3 58 4 25 49 62 11 73 1 73 55 71 19 9 56 0 3 4 31 31
split_gain=4630.84 1475.12 534.707 217.197 207.101 188.537 145.424 98.763 96.4176 123.811 90.1648 97.8656 95.4734 88.2672 127.688 147.271 111.872 131.618 99.409 151.434 98.8526 96.9861 96.0097 146.549 143.946 128.277 87.1373 85.2459 77.739 74.1294 73.7531 70.8392 69.9506 66.7098 65.4279 63.1172 62.2597 156.123 93.489 67.7541 61.3143 60.7257 60.4149 59.8737 59.1303 58.64 58.1171 60.0858 57.5863 57.2804 57.1829 72.4568 62.1322 69.8669 56.6248 92.0215 128.396 122.555 88.6042 64.6166 59.4701 75.8239
threshold=0.99354600906372081 -0.7505909502506255 0.062107522040605552 0.99686068296432506 0.97141262888908397 0.99829715490341198 0.015151496045291426 0.026283323764801029 -0.59682717919349659 1.5000000000000002 -0.084597706794738756 65.733856201171889 0.012014407664537432 66.846843719482436 84.660633087158217 71.248622894287124 1.0000000180025095e-35 49.500000000000007 84.660633087158217 88.493064880371108 1.3511204719543459 0.18280905485153201 0.95071768760681163 93.212108612060561 3.0027970075607304 0.10749923065304758 94.494949340820327 0.8784262239933015 0.0071591436862945565 1.0000000180025095e-35 0.43650794029235845 0.98209789395332348 0.017650300636887554 92.965362548828139 1.0000000180025095e-35 0.008604854345321657 0.76702582836151134 78.57456207275392 91.476997375488295 5.5000000000000009 0.38122496008872991 42.500000000000007 87.026645660400405 66.893390655517592 0.70076423883438121 3.5000000000000004 0.89444443583488475 2.346138715744019 1.0000000180025095e-35 0.013478934764862062 34.851621627807624 -0.20134413242340085 0.67948719859123241 0.13583783805370334 0.27575270831584936 0.84523808956146251 0.90454545617103588 90.999099731445327 87.226108551025405 0.98100039362907421 0.82678198814392101 0.80267342925071727
decision_type=2 2 2 2 2 2 2 2 8 2 8 8 2 8 2 2 2 2 2 2 2 10 2 10 2 8 2 2 2 2 8 2 2 10 2 2 2 10 2 2 2 2 2 2 2 2 10 2 2 8 2 8 8 2 2 10 10 2 2 2 2 2
left_child=1 -1 6 4 10 35 -3 41 -8 50 12 28 -4 29 16 20 22 -18 19 -17 26 -19 23 -15 -24 -26 27 -16 30 45 -12 -11 -7 -14 43 -2 37 -27 44 42 -35 -6 -38 -25 48 -13 -36 -48 -39 -49 51 -10 53 -53 55 56 -20 -57 -56 -59 61 -58
right_child=5 2 3 -5 7 32 8 -9 9 31 11 13 33 14 15 18 17 21 54 -21 -22 -23 24 34 25 36 -28 -29 -30 -31 -32 -33 -34 40 46 -37 39 38 -40 -41 -42 -43 -44 -45 -46 -47 47 49 -50 -51 -52 52 -54 -55 58 57 60 59 -60 -61 -62 -63
leaf_value=-0.093558244517002745 0.034858143358610247 -0.043008438486643048 -0.0060086724991091408 -0.0938607629897035 -0.00098819700804158466 -0.045655751598625643 -0.070241914108702716 0.041582731077589585 -0.092065346880641996 -0.021514473743546758 0.015501745618510263 0.0095311307709090992 -0.059666295673399754 0.0027167938808869783 0.089617607100701893 -0.1163381235146634 0.01110992212149884 -0.031722745581232753 -0.01573214464126858 -0.014701543178806124 0.00048613186842650101 0.092796931650184614 -0.044892543026948027 -0.047608589562060877 -0.0089644501306497329 0.024546448521943917 -0.040800363981638735 -0.016102785458280897 -0.022454429747707463 -0.017747936111721471 0.063353887380062354 0.026653648349343775 0.091028885642833596 -0.034969731169748428 0.01885975984601046 0.073398003721677957 0.029250746407911771 -0.0038330866050301209 0.057112196291703859 0.034224684669827012 0.060286932907451546 0.037989741225231924 -0.010174329793914525 0.018379699873038832 -0.085045182586525353 -0.028040384386035497 0.069580977829351673 0.012820484479978064 -0.073476096256934742 0.0585296866785779 -0.0067461582206615779 0.10004425124419991 0.014004575380620003 -0.017986565562359742 0.041773645571879431 -0.034960028499560473 -0.055697004432874613 0.010437218954622131 0.00075447507604800785 0.066314538938168369 -0.048670183459256139 -0.21533005553650095
leaf_weight=1826.0647429269738 966.26438868418336 2450.4885800052434 2544.195952035021 245.35557203926146 1569.3865911751054 37.718641576357186 321.43042552191764 1655.4731212004554 49.30816978495568 8865.4578672377393 820.06309414794669 2254.9853631239384 692.87275524996221 8137.0745996762998 99.81660431670025 170.98230795096606 934.26086944527924 73.246815405786037 1910.2163446554914 1027.8742933981121 1383.3675774526782 428.35466082300991 728.13497901661322 215.85333674773574 6053.3015714571811 1031.9243890182115 2154.3172416416928 323.32378858560696 293.90867453534156 5068.3331398316659 530.41945806192234 316.20909690670669 5093.3793019258883 205.20330843795091 2101.1120983813889 758.51767021091655 653.39820260507986 374.43256629491225 103.00667089549825 1746.3442095378414 100.74896229384467 536.2847421397455 959.40875312313437 378.79435805324465 244.56747288163751 509.21614072844386 587.97593064745888 715.33852643379942 173.86177038960159 444.52148215053603 1342.6195624759421 209.09530503675342 578.51047788094729 65.975126300938427 535.05628909450024 557.82388636376709 55.388687556609511 1161.0430032061413 33317.855193505995 251.84438622836024 163.39759264979511 64.294111836701632
leaf_count=240354 244854 124728 21651 24244 147776 488 12196 191285 1880 258366 5630 20240 11018 93102 1142 1400 6856 914 16789 9655 11643 13485 7731 2064 69311 19584 18045 3248 2492 49082 5580 7106 2164066 3228 25765 200079 7112 4796 1395 18461 1250 66067 9802 4670 1730 5262 5842 5926 1800 10342 30500 1471 6541 1801 4997 6055 1138 11810 249375 2470 2824 818
internal_value=0.000845981 -0.00448548 -0.00286684 9.2251e-05 0.000360164 0.0804096 -0.0208492 0.0233071 -0.0162273 -0.014708 -0.000688759 1.34409e-05 -0.0162941 -0.000501448 0.000636426 -0.00270091 0.0061605 0.0332943 -0.000844831 -0.0291971 -0.0210778 0.0746138 0.0045799 0.0106926 -0.00179224 0.000975148 -0.0326516 0.0088361 0.024153 -0.0105634 0.0342963 -0.0198556 0.0900241 -0.0424931 0.0252977 0.051807 0.0123555 -0.00196919 -0.0325118 0.0205764 -0.00360206 0.00893893 0.00579799 -0.00557363 -0.0441555 0.00260978 0.0300672 0.0435399 -0.0259166 0.0303387 0.00634013 0.0257998 0.0326084 0.0717348 4.92512e-05 -0.0109549 -0.0250462 0.00472797 0.0014028 0.0203972 -0.0878974 -0.141453
internal_weight=109169 102313 100487 86288 86042.6 6855.88 14199.1 3761.14 11748.6 11427.2 82281.5 78738.4 3543.02 77094 69261.5 43176.6 26084.9 1435.86 39215.8 1198.86 3960.83 501.601 24649.1 12580.7 12068.4 11340.2 2577.46 423.14 1644.39 7832.53 1350.48 9181.67 5131.1 998.825 4443.6 1724.78 5286.94 1927.79 895.868 3359.15 305.952 2105.67 1612.81 594.648 792.862 2764.2 3848.95 1747.84 548.294 1159.86 2245.51 902.889 853.581 275.07 38016.9 4164.01 2193.3 1970.71 33852.9 1412.89 283.08 119.683
internal_count=4501332 1891845 1651491 1206902 1182658 2609487 444589 405128 319861 307665 777530 740383 37147 726681 652097 341409 310688 21255 307331 11055 34078 14399 289433 147711 141722 133991 22435 4390 13702 74584 11210 265472 2164554 15496 54609 444933 64680 29305 9721 35375 4478 213843 16914 6734 8326 25502 47875 22110 6596 16268 42193 11693 9813 3272 296276 41904 21569 20335 254372 14280 4780 1956
is_linear=0
shrinkage=0.1


Tree=48
num_leaves=63
num_cat=0
split_feature=65 69 65 69 68 1 65 72 52 59 69 65 71 62 25 55 25 3 54 17 73 51 1 52 22 73 69 74 73 68 1 59 3 59 11 53 0 4 51 55 34 65 59 34 20 18 35 71 72 1 32 2 66 65 68 59 59 1 8 0 65 68
split_gain=4143.78 1351.16 471.42 248.33 188.518 143.816 117.355 114.382 153.18 110.429 153.186 108.126 94.8318 93.2021 87.8268 95.7146 86.4032 85.8176 151.708 149.62 151.076 109.375 200.11 119.566 103.328 180.893 125.385 99.6458 221.333 94.399 90.3443 82.5959 81.9448 79.037 77.5015 76.0157 71.9975 108.927 76.3559 71.1719 69.2935 67.3646 66.1805 65.3857 79.3065 65.0967 64.3361 109.327 111.355 115.624 105.753 70.9086 66.8505 64.1565 62.6483 62.2399 61.8466 64.6735 71.4573 64.6358 60.4706 59.6837
threshold=0.99535465240478527 -0.7505909502506255 0.039904469624161727 0.97009059786796581 0.99508434534072887 64.075469970703139 0.99829715490341198 -0.71259117126464833 96.34091949462892 0.042293800041079528 -0.035495992749929421 0.6318296790122987 1.4755343198776247 6.0053551197052011 4.5000000000000009 0.89444443583488475 2.5000000000000004 61.721611022949226 97.969490051269545 1.0000000180025095e-35 -0.039813786745071404 92.718276977539077 8.5410332679748553 95.488464355468764 1.0000000180025095e-35 0.20101809501647952 -0.14607119560241696 1.0000000180025095e-35 0.62960705161094677 0.15773408859968188 37.089946746826179 0.98533570766448986 33.68794250488282 0.94203513860702526 1.0000000180025095e-35 94.293117523193374 54.950981140136726 0.77295431494712841 91.476997375488295 0.41428571939468389 0.6810591220855714 0.024798057973384861 0.99430277943611156 1.0023535490036013 0.36243548989295965 5.5000000000000009 2.5000000000000004 0.58096009492874157 0.17083960026502612 98.837055206298842 11.500000000000002 73.765182495117202 4.5000000000000009 0.14420017600059512 0.99810996651649486 0.78172948956489574 0.99571532011032116 95.024753570556655 90.148143768310561 83.047893524169936 0.99188220500946056 0.0018119008163921537
decision_type=2 2 2 2 2 2 2 8 8 2 2 2 2 2 2 8 2 2 10 2 8 2 2 10 2 8 2 2 10 2 2 2 2 2 2 10 2 2 2 8 2 2 2 2 2 10 2 2 10 2 2 2 2 2 2 2 2 2 8 2 2 2
left_child=1 -1 9 4 7 -5 42 8 -4 10 35 12 14 33 17 -16 43 19 46 39 -21 24 23 -23 25 26 -22 28 45 53 -27 60 -32 -13 -28 -3 -20 38 -38 -9 -14 55 -2 61 -45 -26 -19 50 49 -49 52 -52 -48 -24 -8 -11 57 -35 -59 -60 -7 -12
right_child=6 2 3 5 -6 31 54 11 -10 41 16 13 40 -15 15 -17 -18 18 36 20 21 22 29 -25 27 30 34 -29 -30 -31 32 -33 -34 56 -36 -37 37 -39 -40 -41 -42 -43 -44 44 -46 -47 47 48 -50 -51 51 -53 -54 -55 -56 -57 -58 58 59 -61 -62 -63
leaf_value=-0.093573848695341993 0.065244754863770876 -0.047278303732434218 -0.11297341248102238 0.076314222900812578 -0.08713672273938286 0.021029667901975621 0.090190810822246448 0.016822353564196792 -0.0082031398136259027 -0.050848792181227079 0.054248993859320249 0.0062005754622298515 -0.065721888067905368 0.033106481541138232 -0.035614883963833568 0.0043047793743540208 -0.018937030727282513 -0.007273853029579014 0.015409942214459772 -0.036951377633876903 0.050297810865611775 0.082775490336634616 0.2009948849054434 -0.061910076659164641 -0.0084877144989877751 0.069012779195000165 -0.013716314579806668 0.085629888099324494 -0.11016134787418397 0.0050314630569293613 -0.12121663859027579 -0.010348898380978746 0.027668477242728487 -0.00090505740792320901 0.054290790128555672 0.029035587092850115 -0.06456002168958111 -0.016157321992058628 0.052163991800990697 -0.033733491458771185 -0.016189278173384287 -0.02395826182167541 0.0039590705027076588 0.070098409224935654 -0.04560609875846839 0.030999737111401349 -0.003611783426391259 -0.043603895774722692 0.043343370388364173 -0.0062913308115126803 0.044589501004619364 0.011397430025431948 0.013473095326442345 0.095016502290252797 -0.06452348549220685 0.14440135592707168 0.080319867298040137 -0.013587112920057902 -0.14583310576910244 -0.043566239329474357 0.070371945744940378 0.0091979018742013117
leaf_weight=1666.0782554005273 945.66333199152723 1410.8164118384011 212.75194713799283 483.87612651847303 257.1748131881468 1874.8120803392958 4662.8457789246459 368.61254658922553 405.57646121829748 2043.2662349673919 431.06672450713813 18080.783186992398 336.13822709489614 1102.1909069688991 1600.9253503922373 961.27015205938369 1607.504343546927 13129.396893226542 549.73494339268655 555.16423185542226 503.64179005939513 83.331825354136527 69.914338635280728 181.55336875002831 1608.4623360196128 963.97242030221969 1550.5060640154406 121.18858754448593 192.33236330933869 99.445025825873017 41.587959615513682 782.6125271411147 332.72801056038588 2596.2710675201379 187.87699377536774 143.83289608359337 762.09243884123862 4167.8970003640279 60.491538268513978 1138.5910664969124 1767.6022815224715 2141.4502375260927 216.55183128849603 73.345687501132488 308.00580210983753 563.8303543087095 11230.150806265883 921.20376642979681 408.97280533052981 8434.185766861774 709.49900965206325 6931.6846015993506 2876.9546518530697 312.19988647662103 26.32043581455946 16.457731397822499 76.190955383237451 1144.4880273761228 74.973889698274434 351.77881549997255 286.30320786079392 925.26732796803117
leaf_count=240495 276674 71165 2893 114205 26115 192397 2164616 3043 6069 106323 5770 274062 6919 17766 13257 7432 58381 100638 3654 7997 5623 630 621 1534 12148 13505 8596 876 1694 811 251 102739 2367 66955 1131 4937 4877 29412 396 7913 22985 68904 61570 2074 12083 4004 81472 17709 3214 58097 4675 46297 21445 1919 150 243 4785 19642 1713 6557 71991 23394
internal_value=0.000428878 -0.00425606 -0.00277616 -0.000616175 -0.00164445 0.0257911 0.0822719 -0.00139394 -0.0442521 -0.0244811 -0.0142813 -0.00108986 -0.00322555 0.00471946 -0.00251275 -0.020638 -0.00222751 -0.00172639 -0.00332948 0.00733812 0.0132107 0.0172985 0.0534196 -0.0163926 0.0128537 0.0237287 0.00636248 -0.00280946 -0.00734204 0.0918203 0.0528222 0.0174864 0.0111268 0.00331795 -0.0063664 -0.0402179 -0.0189371 -0.0227207 -0.0559763 -0.0213692 -0.0241037 -0.0363771 0.0538256 0.0132302 -0.0233525 0.00176147 -0.00139252 0.00105787 -0.00773262 -0.00996541 0.00500454 0.0144794 -0.000127552 0.114407 0.0893224 -0.0492887 -0.00896382 -0.0105961 -0.0266093 -0.061533 0.0275665 0.0235159
internal_weight=108071 102220 100554 91452.9 88025.3 3427.6 5851.38 87768.1 618.328 9101.01 4899.84 87149.8 63723.1 23426.7 61619.4 2562.2 3345.19 59057.2 50182.3 8874.94 7367.74 6812.57 746.444 264.885 6066.13 3580.31 2242.02 2485.81 2364.63 481.559 1338.29 2943.73 374.316 22324.5 1738.38 1554.65 5540.22 4990.48 822.584 1507.2 2103.74 4201.17 1162.22 1737.69 381.351 2172.29 44642 31512.7 9764.36 9355.39 21748.3 7641.18 14107.1 382.114 4689.17 2059.72 4243.7 4167.51 1571.24 426.753 2161.12 1356.33
internal_count=4501810 1998800 1758305 1405031 923699 481332 2503010 897584 8962 353274 177804 888622 497142 391480 467238 20689 101702 446549 371886 74663 63707 55710 5515 2164 50195 31473 15350 18722 17846 3351 16123 367127 2618 373714 9727 76102 38339 34685 5273 10956 29904 175470 338244 43321 14157 16152 333547 232909 79020 75806 153889 50972 102917 2540 2164766 106566 99652 94867 27912 8270 264388 29164
is_linear=0
shrinkage=0.1


Tree=49
num_leaves=63
num_cat=0
split_feature=65 69 65 69 68 27 65 59 71 68 0 65 18 59 59 59 65 72 7 0 71 69 56 73 69 7 34 8 48 0 62 2 0 34 72 41 59 59 68 0 7 58 18 35 49 27 34 0 73 68 22 0 71 64 10 59 9 16 56 71 65 21
split_gain=3582.97 1218 401.409 231.957 168.148 156.251 135.487 128.361 137.411 97.7731 97.0342 85.5677 78.8693 79.5063 78.8508 75.2686 90.9721 74.7752 72.9857 75.5477 71.6375 70.2163 69.2335 65.5043 77.9438 61.8265 59.4654 59.2918 127.244 95.4088 87.5496 84.4698 152.783 138.222 165.12 107.074 82.5481 80.8165 80.5308 188.515 111.436 102.301 86.1236 70.718 68.0141 61.4883 58.8479 57.6215 56.8338 56.2351 59.5568 67.7872 54.959 53.603 53.4836 53.2717 53.1 52.7072 67.3578 86.64 67.1565 58.6408
threshold=0.99601760506629955 -0.7505909502506255 0.077111490070819869 0.95929375290870678 0.99810996651649486 41.500000000000007 0.014508178923279049 0.084526009857654585 0.54521769285202037 0.81430065631866466 99.51456451416017 0.99868255853652965 3.5000000000000004 0.9861450493335725 0.99571532011032116 0.9887264370918275 0.99031701683998119 -0.71259117126464833 99.122737884521499 77.712417602539077 1.9877038002014162 -0.063157156109809862 0.41428571939468389 -0.097666561603546129 1.0000000180025095e-35 49.25306701660157 1.0000000180025095e-35 78.696113586425795 83.648246765136733 98.61084365844728 3.0200202465057377 82.637680053710952 82.413585662841811 1.2464593648910525 0.67945575714111339 0.95677882432937633 0.94203513860702526 0.93168774247169506 0.0073386733420193204 77.836257934570327 80.658718109130874 60.736747741699226 1.5000000000000002 4.5000000000000009 0.78888890147209179 1.5000000000000002 0.99409067630767833 85.847797393798842 -0.37670725584030146 0.016271097585558895 1.0000000180025095e-35 30.094339370727543 0.0089266002178192156 0.029552668333053592 1.5000000000000002 0.99388280510902416 0.22500000149011615 2.5000000000000004 0.86607143282890331 0.16411416977643969 0.71328237652778637 1.0000000180025095e-35
decision_type=2 2 2 2 2 2 2 2 2 2 2 2 8 2 2 2 2 8 8 2 2 2 10 8 2 8 2 8 8 2 2 2 2 2 10 2 2 2 2 2 10 2 8 2 10 2 2 2 8 2 2 2 2 2 2 2 8 10 10 2 2 2
left_child=1 -1 6 4 14 15 -3 8 10 11 17 55 13 -9 20 16 53 -8 19 22 23 -20 -19 24 -4 -16 -23 29 30 38 49 35 33 34 -33 44 -34 52 39 42 -40 -42 -25 -41 -30 -36 -21 -28 -12 50 51 -29 -31 54 -5 -2 -45 60 59 -59 61 -37
right_child=9 2 3 5 -6 -7 7 12 -10 -11 48 -13 -14 -15 25 -17 -18 18 21 46 -22 26 -24 27 -26 -27 47 28 31 37 -32 32 36 -35 45 57 -38 -39 40 43 41 -43 -44 56 -46 -47 -48 -49 -50 -51 -52 -53 -54 -55 -56 -57 -58 58 -60 -61 -62 -63
leaf_value=-0.092553642147603102 0.072770434132322176 -0.040534315615728622 -0.059760336679612606 0.0091611507297802552 -0.093405689489577948 0.061363564138378679 -0.083859672479894426 -0.042684493974751297 -0.028216490292245319 -0.036297841756565023 -0.042847357260294074 0.089546905385003511 -0.016152533535906548 0.172870380319782 -0.20928989541704879 -0.02112157821354994 0.055381198100129647 0.016279625076190518 -0.013652179876439078 -0.048662568805739138 -0.02718040687904132 -0.076676470806712235 -0.015826015998020932 -0.0021868552995113343 -0.0089969692276928651 0.098604261937641435 0.027877037700889663 0.061755456191226236 0.014392719110941799 0.081787940224687786 0.0031480171981305345 -0.021421379125539895 0.0028881228039518837 0.0065169103218817685 -0.23634282203369761 -0.01744253660758889 -0.029327519709619887 -0.0024899784497479176 -0.042733891622696092 -0.0085723202406414022 -0.018834708407084264 0.015363973736359041 0.022049659693643524 0.027350589466363678 0.046896470240321647 -0.070678306513667258 -0.009538687050367721 0.10126080806271315 0.1884248842754328 0.017707101760409179 -0.050788726556927455 -0.019937599367609925 -0.0033410079299135025 0.026823319460331757 -0.03652412746690533 0.023624088814439153 -0.0012740138032901766 0.056003671688401237 -0.045042800557934949 -0.0001982319334008515 0.012583789909384578 0.0033435288093690849
leaf_weight=1518.7291443287395 693.73511981172487 2057.6321900496259 339.54307589214295 1068.3925249718595 195.45829712040722 839.55546832410619 104.44041938334703 1988.5998005541041 2069.4975512642413 69.503003767924383 14.12628135550767 4103.2105748013128 3655.2828791588545 17.259937688708305 6.9239747561514369 534.32404472795315 576.83275853656232 1916.707768750377 495.35399952996522 534.48902668338269 1005.7459103111178 49.854652099311352 1034.0131020266563 1867.08048252156 2770.1506241711322 112.29993106517941 1159.575148653239 103.7389924582094 2575.044759683311 377.83159244153649 2423.7619962813333 5042.9199941291008 21970.745906945085 2123.8659345163032 47.46715821325779 2809.9401804190129 825.25354839349166 288.11537461262196 800.24860377935693 7139.2314247237518 1712.9318075634073 1787.4774020668119 6827.9270019568503 1099.8964222110808 858.36677451385185 42.432377222925425 1369.6242474224418 117.87736782152206 42.879969075322151 382.69914963305928 633.53130490938202 4864.1984133687802 94.88217779295519 1224.6282595042139 337.10716053890064 323.35572536592372 1577.5610684752464 575.8223328513559 137.34818081441335 523.81399911385961 2434.1035284753889 2625.2768046455458
leaf_count=240433 242354 112617 9514 75233 22379 170276 2745 58305 74757 3470 192 2090998 98234 81 91 77536 138739 41729 12955 14878 11572 712 12931 22060 22128 5523 14215 3242 28890 4128 21280 39348 146531 15814 347 20840 11488 3784 7817 51857 16797 23053 73326 8607 10420 273 38559 1719 364 5526 6778 36747 816 106957 23124 113617 14686 4807 1422 5272 55002 21550
internal_value=0.000463805 -0.00367087 -0.00232383 0.000498975 -0.000769525 0.0223762 -0.016514 -0.0131217 -0.0056392 0.0815116 0.00119281 0.0831108 -0.0248962 -0.0408297 -0.00053977 0.0136273 0.019417 0.00010073 0.00141393 -0.00499194 -0.000662894 0.0184766 0.00502893 -0.000319578 -0.0145397 0.0807232 0.0304671 0.000273399 -0.00164363 0.00442086 -0.0128859 0.000575648 -0.002301 -0.0149383 -0.0238161 0.00746983 0.00172186 0.0392567 0.00325903 0.00612281 -0.00906781 -0.00137122 0.0168453 -0.00337454 0.0225188 -0.15815 -0.0205209 0.0346486 0.131115 -0.0193801 -0.0219139 -0.0182317 0.064701 0.0115294 -0.0017964 0.0571457 0.0104849 0.00179581 0.0209847 0.0292318 -0.00122051 -0.00740261
internal_weight=106920 101730 100212 83584.5 79003.6 4580.84 16627.2 14569.6 8908.44 5189.8 6838.94 5120.3 5661.14 2005.86 78808.2 3741.28 3206.96 6781.94 6677.5 4854.83 78689 1822.66 2950.72 77683.2 3109.69 119.224 1327.31 74573.5 51000.3 23573.2 8407.93 42592.4 30052.7 7256.69 5132.82 12539.7 22796 760.829 22812.4 18511.7 4300.66 3500.41 8695.01 9816.69 3433.41 89.8995 1904.11 1277.45 57.0063 5984.17 5601.47 4967.94 472.714 2630.13 1405.5 1017.09 2677.46 9106.31 1236.98 1099.64 7869.32 5435.22
internal_count=4501445 2051006 1810573 1325580 733715 591865 484993 372376 215756 2450439 140999 2446969 156620 58386 711336 421589 344053 140443 137698 108097 705722 29601 54660 694150 31642 5614 16646 662508 435577 226931 73573 362004 213801 55782 39968 148203 158019 8728 218203 170536 47667 39850 95386 75150 39310 620 53437 15934 556 52293 46767 39989 4944 205314 98357 355971 23293 108893 11501 10079 97392 42390
is_linear=0
shrinkage=0.1


Tree=50
num_leaves=63
num_cat=0
split_feature=65 69 65 69 68 1 65 72 52 59 68 59 71 11 11 7 71 9 34 25 0 10 34 0 51 27 72 27 0 38 72 27 62 56 68 3 1 55 73 20 24 7 25 1 7 0 1 73 3 52 73 59 9 20 3 74 73 24 2 59 51 1
split_gain=3217.38 1094.13 336.049 191.301 153.105 137.103 116.748 108.116 156.576 92.9458 118.943 92.8332 92.7229 91.9848 85.6525 170.422 147.051 317.564 199.964 166.346 143.758 230.691 180.457 179.849 129.687 119.943 110.945 150.426 101.124 97.5921 174.515 140.783 92.8387 91.0369 86.9808 83.9949 107.052 81.5106 78.8262 154.571 78.5622 77.0161 76.2104 74.2045 103.785 72.761 139.082 126.722 72.4597 109.207 93.5235 102.272 69.9448 114.387 69.666 70.4208 69.4355 68.1836 110.467 67.9386 65.3858 80.1883
threshold=0.99535465240478527 -0.7505909502506255 0.026215379126369957 0.97009059786796581 0.99686068296432506 64.075469970703139 0.99829715490341198 -0.62505176663398732 96.60919570922853 0.042293800041079528 0.051908032968640334 0.99571532011032116 1.6846092939376833 1.0000000180025095e-35 1.0000000180025095e-35 98.120273590087905 0.33311556279659277 0.15476191043853763 0.23908293992280963 2.5000000000000004 57.93287658691407 1.5000000000000002 0.85698717832565319 90.999099731445327 94.39203262329103 69.500000000000014 0.10749923065304758 1.5000000000000002 82.078273773193374 84.791305541992202 0.68884927034378063 1.5000000000000002 3.0145976543426518 0.88194444775581371 0.10626195743680002 87.026645660400405 91.715686798095717 inf 0.0537480115890503 0.94489809870719921 1.5000000000000002 49.25306701660157 1.5000000000000002 98.979484558105483 99.803920745849624 82.413585662841811 89.825496673583999 0.14949497580528262 92.718276977539077 34.851621627807624 -0.039813786745071404 0.20289998501539233 0.89444443583488475 0.88794815540313732 35.424837112426765 1.0000000180025095e-35 0.035264730453491218 3.5000000000000004 88.047618865966811 0.99263432621955883 88.493064880371108 38.327016830444343
decision_type=2 2 2 2 2 2 2 8 8 2 2 2 2 2 2 10 2 10 2 2 2 2 2 2 2 2 10 2 2 8 10 2 2 10 2 2 2 8 10 2 2 8 2 2 10 2 2 8 2 10 8 2 10 2 2 2 8 2 2 2 2 2
left_child=1 -1 9 4 7 -5 59 8 -4 10 13 12 14 -3 16 28 17 18 -9 29 21 22 24 25 54 32 38 -28 37 -20 45 -32 -22 35 -21 36 -30 48 43 -40 -10 -13 -15 44 -18 46 -31 -47 49 50 -16 56 53 -23 55 -19 -52 -50 -59 -2 61 -24
right_child=6 2 3 5 -6 -7 -8 11 40 -11 -12 41 -14 42 15 -17 26 20 19 34 23 52 60 -25 -26 -27 27 -29 33 30 31 -33 -34 -35 -36 -37 -38 -39 39 -41 -42 -43 -44 -45 -46 47 -48 -49 57 -51 51 -53 -54 -55 -56 -57 -58 58 -60 -61 -62 -63
leaf_value=-0.091554735654507224 0.070749711777268617 0.021848349189507232 -0.09681447218482124 0.075923167742276601 -0.090592299088773989 0.015230674793325329 0.086999409942828509 -0.03985482966226897 -0.15865565112945298 -0.042629734083348234 -0.043487479973780746 -0.12670002459601404 -0.022060605802364935 0.048840278166935258 -0.043497507024423579 -0.023688399701354061 -0.023091444978125111 -0.0615376955842242 0.065292520934970497 0.069375128265722952 -0.03363380664117175 0.03694054432302709 0.026279518741303132 0.01722405796670827 0.02417208146388386 0.051899448287745564 -0.079876988701569993 0.049099233493902238 0.043318531948638932 0.025833030820920574 -0.20992762053952208 0.0014681707396363894 -0.0084461461702592545 -0.044106513835155459 0.022717915648290246 -0.0067025918301973552 -0.037078083028823754 -0.032355135122565687 -0.018041214273871186 0.089763279761112244 -0.0028318286487055378 0.1064147931297571 -0.026811367463138908 -0.0015114351922863518 0.0053271379107978512 0.056840972833140317 -0.02470829381257731 -0.034642619910436261 0.0089896029071923518 -0.010502988401721191 0.0017728107068877581 0.00019781016261062419 0.047392121904550916 -0.078449412499795201 -0.010961107079646164 0.10854661464018896 0.056234042949669341 0.10636830644581502 -0.0066930369279980615 0.019051042410353602 0.060639772974840127 -0.017214799502201613
leaf_weight=1382.7293778960593 617.24563176278025 901.23008480668068 282.43137639714405 428.22709953784943 192.20882454095408 2844.8481272403151 3934.5262894040206 418.23288509156555 33.850228029768914 2090.3133932324126 1066.7008659658022 15.977284785360096 2042.9512379602529 148.61204795353115 253.33006422221661 3868.7444139309227 4262.4701007362455 861.99432581826113 432.17823417857289 1374.6023637971375 2628.3399652983062 275.84027144755237 1164.2682456967887 2078.9590603420511 411.71802382147871 244.21553761512041 103.30526379449293 725.44354081619531 699.35721087409183 1727.4823030116968 60.864955949597061 65.304902092553675 3301.5630141671281 623.25141063239425 563.30117673217319 19418.304585000966 217.01591978594661 607.51840111636557 276.8158339234069 256.00090948934667 732.64649374899454 125.45400887844153 1280.7877413127571 15551.8944331971 1839.7335545211099 879.8600554568693 795.06507231667638 182.88659305078909 9658.8690954432823 5315.2432660094928 321.77640542015433 1230.3910571690649 1722.7377860159613 124.76803990453482 531.87080163392238 25.050323406001553 859.19540727650747 186.81527433544397 160.80346194468439 432.157801350113 302.36859468510374 666.56276272982359
leaf_count=239833 206954 23781 4905 114360 24071 367273 2165210 3126 468 114037 60845 173 29857 2570 4337 45028 59015 8493 6069 24623 29192 4107 29675 22870 11561 4176 1215 6635 6410 17742 554 920 38010 10800 4614 190774 2185 6540 3117 3899 12899 6234 59937 101889 14195 7674 6729 3525 96767 59429 3425 12426 48535 1407 5197 779 8301 1876 1585 131023 11314 6904
internal_value=0.000663657 -0.00321255 -0.00198441 -0.000579794 -0.00143688 0.0231713 0.0790951 -0.00124754 -0.033166 -0.0260383 -0.0158298 -0.000873301 -0.00100149 -0.00317126 -0.000508537 -0.00365691 0.00260861 0.00869392 0.0270296 0.0316292 0.000383223 0.0120416 -0.0022066 -0.00821558 -0.0252393 -0.0167817 -0.00290147 0.0330221 -0.00169755 0.020319 0.015082 -0.10051 -0.0196102 -0.00646027 0.055813 -0.00530642 0.024279 0.0036707 -0.00424333 0.0337553 -0.00971336 0.0800802 -0.018946 -0.00517832 -0.0145236 0.0191498 0.00990324 0.0410977 0.00488752 -0.00221998 0.0143021 0.0203743 0.0386399 0.00100275 -0.0395766 -0.0567345 0.0413951 0.0105556 0.0540677 0.0494595 0.0175592 0.0104443
internal_weight=105829 100845 99462.6 93974.9 90701.8 3273.08 4983.93 90509.6 1048.93 5487.64 3397.33 89460.7 89319.3 2330.63 87276.3 43420.6 43855.7 20840 6499.78 6081.55 14340.3 6087.18 3963.83 8253.08 1830.63 6174.12 23015.7 828.749 39551.9 4143.64 3711.46 126.17 5929.9 20957.9 1937.9 20334.7 916.373 18593.9 22186.9 532.817 766.497 141.431 1429.4 21654.1 6102.2 3585.29 2522.55 1062.75 17986.4 7979.94 2664.69 2411.36 2123.35 400.608 1418.92 887.045 1180.97 10006.5 347.619 1049.4 2133.2 1830.83
internal_count=4502074 1998887 1759054 1497884 1016251 481633 2503187 992180 18272 261170 147133 973908 967501 86288 937644 449883 487761 297796 75576 72450 222220 127972 73923 94248 26030 71378 189965 7850 404855 43213 37144 1474 67202 210169 29237 199369 8595 194686 182115 7016 13367 6407 62507 175099 73210 35670 24471 11199 188146 87918 28489 24152 54049 5514 14469 9272 11726 100228 3461 337977 47893 36579
is_linear=0
shrinkage=0.1


Tree=51
num_leaves=63
num_cat=0
split_feature=65 69 65 65 72 68 59 57 73 54 69 69 11 71 35 71 0 60 65 72 59 59 65 62 64 56 18 37 65 0 71 59 72 66 4 62 66 57 25 71 59 62 54 57 63 62 8 62 35 35 28 55 39 74 48 62 49 18 44 56 47 60
split_gain=2846.21 999.414 298.19 192.571 142.324 141.3 130.595 123.659 134.45 110.304 83.6319 78.0981 115.317 136.842 89.4517 84.8325 94.043 83.8851 80.1988 68.889 68.5191 67.624 93.9245 69.7674 65.2249 68.0167 64.7943 74.3021 64.0866 63.1535 84.1835 107.358 89.1775 62.518 61.4646 60.6106 60.5863 59.2008 57.7246 60.3184 71.6725 92.4883 102.941 84.829 82.3682 130.507 94.6256 91.6684 64.7705 102.293 58.5134 57.1869 56.8259 56.5206 55.4151 107.17 66.5882 60.9397 60.6501 56.8357 56.6063 97.4122
threshold=0.99658298492431652 -0.7505909502506255 0.11262705922126771 0.98193717002868663 -0.10131090879440306 0.99686068296432506 0.98752048611640941 83.333332061767592 -0.060889661312103265 95.670913696289077 0.017650300636887554 -0.11978236213326453 1.0000000180025095e-35 0.6507437825202943 18.500000000000004 0.16411416977643969 84.521560668945327 7.5000000000000009 0.020104739814996723 0.82240208983421337 0.99554729461669933 0.96451142430305492 0.90774759650230419 4.999624729156495 0.013596951961517336 0.41428571939468389 3.5000000000000004 91.734970092773452 0.99987187981605541 98.529094696044936 0.2855892032384873 0.85646045207977306 0.16091715544462207 24.500000000000004 0.82049739360809337 7.0780844688415536 2.5000000000000004 98.486190795898452 5.5000000000000009 0.50746119022369396 0.16346291452646258 3.0123846530914311 62.575302124023445 45.13072586059571 3.5000000000000004 4.0161001682281503 50.806661605834968 3.9558480978012089 4.5000000000000009 9.5000000000000018 176.50000000000003 0.84523808956146251 0.58571431040763866 1.0000000180025095e-35 80.972057342529311 2.9351559877395634 0.81666666269302379 1.5000000000000002 0.18333333730697635 0.52777779102325451 39.718309402465827 2.5000000000000004
decision_type=2 2 2 2 8 2 2 8 8 10 2 2 2 2 2 2 2 2 2 10 2 2 2 2 2 8 10 2 2 2 2 2 10 2 2 2 2 10 2 2 2 2 10 10 2 2 10 2 2 2 2 8 10 2 10 2 10 8 10 8 2 2
left_child=1 37 4 5 -3 20 -5 8 19 11 -2 53 13 14 15 -13 -17 18 -14 -6 21 22 29 -23 -11 -26 27 -10 -12 38 31 -31 -32 -20 36 -19 -28 -1 39 40 43 42 -42 52 46 47 -43 -46 -48 -50 -47 -40 -4 -9 57 56 60 58 59 -44 -56 -62
right_child=10 2 3 6 7 -7 -8 9 26 24 28 12 17 -15 -16 16 -18 35 33 -21 -22 23 -24 -25 25 -27 34 -29 -30 30 32 -33 -34 -35 -36 -37 -38 -39 51 -41 41 44 54 -45 45 50 48 -49 49 -51 -52 -53 -54 -55 55 -57 -58 -59 -60 -61 61 -63
leaf_value=-0.09589481322934422 -0.04914611201998758 -0.051514640372877035 0.032377635802813685 0.039258776822406222 -0.052179702903401348 -0.093890450924506028 -0.0077965785497730485 -0.0022764754178206353 -0.0053532102040886112 0.16182922134697961 0.065982939904024887 0.055804115714252235 -0.0401249421018516 -0.018315223317784787 -0.026354629277261385 -0.0036716007346270538 0.050826892571931542 0.1498985060095874 -0.013625107957674255 0.057591323986883602 0.075349655483004999 -0.024649779007118851 0.01352654551306893 0.016617113219620002 -0.022528761797390565 -0.056282605562210077 0.056641431405241485 0.04286767013622185 0.091633988881047221 0.058022638744385513 0.0017203898579059098 -0.0069056012379871612 0.056292651848595103 0.049200251767907877 -0.028103916197726776 -0.0088891321464865808 0.014699003623902477 0.0087188266531811852 -0.074144113995916763 -0.0079929202027528116 0.0050871621725442906 -0.010081677343215157 -0.026099819881047218 0.0063664248899503234 -0.001903246675037897 0.0045065688990632768 0.013696069931451383 -0.032082652805357693 0.073322098889917323 0.013970703018691891 0.042808638669421778 0.014408025941984211 0.1186592954522686 -0.044244377437552461 -0.01329885441236859 -0.029787101815022112 0.030806875480497594 -0.009956857844096903 -0.012287189002045226 -0.066341774655798838 0.023223307892238438 -0.01988041213228918
leaf_weight=1207.526758864522 49.010289715602994 870.53227899316698 359.8727495893836 2137.5906874106731 555.64172670105472 159.16134928679094 814.55772218271159 451.88168813986704 2752.215952522587 16.983808619901538 1536.4181178834988 707.30409642122686 1204.8564670337364 1513.2487584128976 361.51635744795203 998.0767767559737 463.75842629745603 52.550983749330044 6558.4290136322379 63.72785508306697 121.88124524662271 1947.6697759665549 5419.6269136220217 518.81461287196726 1644.2350379251875 937.31506224907935 589.8489242233336 361.51791739324108 2660.747573767323 684.37930216826499 6971.7030410063453 405.58725661039352 312.87971962522715 162.31274571083486 192.2475060177967 44.306573166511953 827.66006644256413 56.631123296916485 211.03899954166263 10422.137051675003 5737.3386741345748 1061.6038900688291 847.24961831886321 7974.3761359313503 2305.1243751239963 9726.9526813360862 2060.4354692697525 1786.4762528184801 572.61598858889192 589.18162512499839 415.90491623524576 111.4383212630637 96.882119835354388 1107.1116634281352 2341.5525498725474 1321.7196201533079 697.98633863404393 4617.4793813102879 1189.5306052742526 599.16074006911367 1554.0356515618041 791.26325703784823
leaf_count=232103 565 29467 2083 373232 15241 23930 142485 20026 46375 95 778370 6728 72418 43383 4272 18410 6939 1487 136571 974 7220 52498 227517 16207 56033 26418 6275 5673 1617014 6429 36845 2921 1825 3080 3965 1358 11672 7990 1235 86932 35166 7034 5201 48079 17904 74634 14347 12685 6176 5709 3891 1079 537 35936 19512 9971 7554 30890 9504 4827 11660 4864
internal_value=0.000530945 -0.00285449 -0.00172993 0.00123003 -0.0118728 0.000229975 0.0262752 -0.0102726 0.0029224 -0.014618 0.0807276 -0.0110172 -0.00829584 0.00547348 0.0196983 0.0273737 0.0136177 -0.0152366 -0.016367 -0.0408852 0.000433032 0.000309058 0.000873088 -0.0159695 -0.0334991 -0.0347842 0.00866668 0.000245442 0.0822441 -0.000169657 0.00794258 0.0338622 0.00406432 -0.0121078 0.0249558 0.0772626 0.0321519 -0.0912084 -0.00135339 -0.00111499 0.000421719 -0.00141943 -0.00618944 0.00876704 0.00365429 -4.39862e-06 0.0158115 -0.0150802 0.0243423 0.0432233 0.00607713 -0.0435432 0.0506788 -0.0320798 -0.010824 -0.00427167 0.00199115 -0.0168822 -0.0290137 -0.0427696 -0.00230021 0.00868086
internal_weight=104833 100587 99322.5 76885.2 22437.3 73933.1 2952.15 21566.7 5342.86 16223.9 4246.18 13625.4 12066.4 4043.9 2530.66 2169.14 1461.84 8022.46 7925.6 619.37 73773.9 73652 71185.5 2466.48 2598.53 2581.55 4723.49 3113.73 4197.17 65765.9 8374.55 1089.97 7284.58 6720.74 1609.76 96.8576 1417.51 1264.16 57391.4 57068.9 46646.7 38215.6 19697.3 8431.13 18518.3 14234.5 4283.84 4091.6 3222.23 1161.8 10142.9 322.477 456.755 1558.99 13960 6706.56 5384.84 7253.42 2635.94 1446.41 4686.85 2345.3
internal_count=4501421 2105472 1865379 1312583 552796 796866 515717 523329 90175 433154 2395949 350608 294646 79732 36349 32077 25349 214914 212069 16215 772936 765716 697011 68705 82546 82451 73960 52048 2395384 469494 48020 9350 38670 139651 21912 2845 17947 240093 421474 419160 332228 281529 139149 50699 142380 109114 33266 30589 26232 11885 78525 2314 2620 55962 103983 53561 43590 50422 19532 10028 36036 16524
is_linear=0
shrinkage=0.1


Tree=52
num_leaves=63
num_cat=0
split_feature=65 69 65 69 68 59 72 51 66 68 38 71 40 69 68 11 38 71 39 9 0 34 57 59 38 7 71 9 35 25 38 4 60 55 59 68 59 56 38 65 71 9 28 72 1 34 51 59 33 59 28 8 68 38 65 62 1 56 46 38 72 27
split_gain=2512.18 903.005 249.262 187.164 162.239 111.287 101.096 102.838 160.608 101.073 158.638 141.606 90.7026 107.438 81.8261 81.7049 101.186 99.071 89.7497 82.1379 79.3543 84.2274 81.9745 99.532 81.5585 77.447 69.7421 180.027 103.808 75.8079 75.6682 84.0254 71.3824 69.4524 68.7808 110.17 68.7787 182.798 84.4994 83.4189 80.0159 67.6518 67.5378 65.57 64.4799 63.7434 105.407 85.5552 68.5508 63.6917 70.8227 61.1301 88.6951 60.0907 58.9279 58.3214 56.2732 54.4066 59.4764 54.1439 78.3267 57.5277
threshold=0.99690118432044994 -0.82198828458786 0.019124536775052551 0.98089075088500988 0.99508434534072887 0.97497683763504039 -0.10131090879440306 97.70084381103517 1.5000000000000002 0.81430065631866466 32.939212799072273 0.0057791098952293405 1.0000000180025095e-35 0.37287624180316931 0.96634739637374889 1.0000000180025095e-35 81.16794586181642 0.014985918998718263 0.88194444775581371 0.43650794029235845 95.419578552246108 1.0023535490036013 84.897312164306655 0.43009582161903387 88.944442749023452 79.18729400634767 0.2855892032384873 0.15476191043853763 18.500000000000004 2.5000000000000004 97.52576065063478 0.85004201531410228 2.5000000000000004 0.52777779102325451 0.020942587405443195 0.051908032968640334 0.16346291452646258 0.43650794029235845 92.601715087890639 0.12243457883596422 0.2855892032384873 0.84523808956146251 8.5000000000000018 -0.71259117126464833 81.53021621704103 1.2548968195915224 98.437118530273452 0.99450796842575084 0.14498400688171389 0.75791504979133617 93.500000000000014 71.122566223144545 0.0096769542433321493 46.23481750488282 0.99988844990730297 3.0076454877853398 85.880397796630874 0.41428571939468389 0.0034732385538518433 84.791305541992202 0.67945575714111339 1.5000000000000002
decision_type=2 2 2 2 2 2 8 2 2 2 10 2 2 2 2 2 8 2 10 10 2 2 10 2 10 10 2 10 2 2 10 2 2 8 2 2 2 8 10 2 2 10 2 10 2 2 2 2 2 2 2 10 2 10 2 2 2 10 2 8 10 2
left_child=1 -1 34 4 6 -5 7 8 43 11 -11 25 15 36 54 26 42 18 20 -20 21 22 23 44 -23 -9 27 28 29 59 45 41 -28 -24 35 -3 37 38 -14 -38 -39 -32 -17 -4 -18 46 48 -47 -29 57 55 52 -44 -30 -2 -51 -7 -15 -59 -8 -61 -62
right_child=14 2 3 5 -6 56 12 9 -10 10 -12 -13 13 49 -16 16 17 -19 19 -21 -22 24 33 -25 -26 -27 32 30 53 -31 31 -33 -34 -35 -36 -37 39 40 -40 -41 -42 -43 51 -45 -46 47 -48 -49 -50 50 -52 -53 -54 -55 -56 -57 -58 58 -60 60 61 -63
leaf_value=-0.095303433974034193 0.065309399254069811 0.0096495185192158328 -0.10260155276713079 0.055951108090999527 -0.084228140831672654 0.048171210006474598 0.063520538002778446 0.10217198740462861 -0.077959956049288126 0.26671676131242356 -0.076518388820184371 -0.039021152841460412 0.078650767661148938 0.03474393766544976 -0.046212775935927604 -0.0053024096454143063 0.017751448517616234 0.014448019258517422 -0.039487176998724581 -0.16998897876946609 -0.041478325767794436 -0.013186276130161552 -0.023391011474524281 -0.039428540721561926 0.0024074252656366094 0.010416459105672446 0.0065374129412164904 0.00098744644309190898 -0.038104133294226857 0.060170600296931109 -0.054270946368376899 -0.024726492285578914 -0.008706312384435538 -0.060473291175788625 -0.040553250601964741 -0.0480790399936461 -0.018237636958838465 0.012416906392947414 0.01737520430620941 -0.00046744576947689402 -0.010798269294431513 0.072820733906134152 0.031972426876297241 0.0043683358203587003 -0.032990579239480039 -0.044290983217300052 0.029205192738013391 0.089857801439988588 -0.024784997012775173 -0.0085119560782193973 0.041312227622359692 -0.0011414280481034282 -0.023653899698969968 0.036965963736228041 0.091218242636247157 0.011309360219455998 0.0018755123572407788 -0.044107581026666745 0.016003249795170465 0.021006660202308208 -0.19604236409592621 -0.0052548337628087393
leaf_weight=1042.5086741200648 1393.1709100956796 895.6480229049921 63.648225053446367 838.76401469111443 236.5910550262779 328.41095584491268 288.87029107566923 111.03902387572452 612.87368409591727 33.701713378541172 22.425752680748701 687.25581010244787 480.96366230212152 1748.257785373833 50.73607131652534 5603.3586574853398 1284.7099967447575 1492.9590004167985 215.10048550297506 62.168531093513593 843.47869893326424 7109.6252072607167 2844.3136114664376 617.25110373971984 6349.5359243096318 536.21735165431164 4666.3885073384736 3138.0036297182087 343.25773150241002 824.37450073775835 47.434903625864536 176.45088114682585 8990.2574924482033 614.12546175182797 1962.7469070698135 523.98974303202704 3232.8808546080254 3224.5648820605129 422.95825291937217 14445.584371312056 2751.5809450559318 357.89489128557034 1816.1136300123762 574.86646169726737 311.06859332229942 618.46009804587811 940.28013329650275 51.500407463405281 1537.821508326102 2687.0934758726507 508.33022252167575 1980.3585686294828 340.36152214533649 154.67674647108652 2373.3366164587205 3316.6960408128798 1309.3139185030013 178.04379892116413 2180.5275338271167 1505.4222810869105 29.033487695036456 34.685309726977721
leaf_count=220400 778985 36039 959 199113 34174 81743 5316 1363 11795 1517 806 15913 11989 13974 829 59745 11586 19567 3173 716 13301 72632 33002 10017 68787 7899 37600 53013 2655 17161 851 3214 84828 13414 117358 35207 65862 33895 11312 89719 54780 13341 19723 7283 3419 11181 34203 2862 18512 61226 18645 22255 5478 2460 1580659 77333 232830 1841 32412 18372 357 565
internal_value=0.000314808 -0.00272006 -0.00174615 -0.000803417 -0.00152404 0.0263298 -0.00131366 -0.0205951 -0.0413931 -0.0018798 0.129577 -0.00740866 -0.000749937 0.00321833 0.0799357 -0.00327929 -0.00661791 -0.0104121 -0.0122448 -0.0687479 -0.0114605 -0.010137 -0.0203587 -0.00532943 -0.00582974 0.0261574 0.00115502 0.00747853 0.0271483 0.0349324 -0.00163005 0.0328729 -0.00349763 -0.0299758 -0.0284255 -0.0116582 -0.000415688 0.00806736 0.049979 -0.0037171 0.001728 0.0579475 0.00185242 -0.0062946 0.00786019 -0.00482332 -0.00134528 -0.0339789 -0.00748879 0.0116227 0.00547249 0.0115437 0.0231928 -0.0147846 0.081635 0.00243801 0.0111591 0.0213751 0.0114656 0.0237345 0.0164101 -0.0921872
internal_weight=103964 100147 99104.3 95721.9 93245.4 2476.49 93008.9 2642.03 1251.39 1390.64 56.1275 1334.51 90366.8 35177.5 3817.24 55189.3 31484.5 21744.3 20251.4 277.269 19974.1 19130.6 5671.47 2213.03 13459.2 647.256 23704.8 10048.2 3180.32 2682.39 6867.85 581.781 13656.6 3458.44 3382.38 1419.64 24558.5 6880.07 903.922 17678.5 5976.15 405.33 9740.19 638.515 1595.78 6286.07 5616.11 669.961 4675.83 10618.9 6512.12 4136.83 2156.48 497.934 3766.51 6003.79 1637.72 4106.83 2358.57 1858.01 1569.14 63.7188
internal_count=4501166 2140693 1920293 1731689 1218003 513686 1183829 47535 20037 27498 2323 25175 1136294 472988 2360473 663306 356815 249614 230047 3889 226158 212857 71438 25022 141419 9262 306491 184063 46886 41771 137177 17406 122428 46416 188604 71246 267557 111976 23301 155581 88675 14192 107201 8242 15005 119771 105728 14043 71525 205431 157204 47456 25201 5115 2359644 138559 314573 48227 34253 24610 19294 922
is_linear=0
shrinkage=0.1


Tree=53
num_leaves=63
num_cat=0
split_feature=65 69 65 65 68 65 59 69 11 71 0 68 59 34 68 73 0 2 24 25 69 28 69 55 46 0 19 11 1 52 13 0 2 0 59 73 19 0 19 2 38 0 68 54 20 48 56 11 71 40 45 62 66 0 56 64 26 69 65 2 0 53
split_gain=2229.13 826.474 244.161 151.743 141 99.4418 91.8299 107.889 71.8427 71.4619 74.7732 80.1702 103.9 64.5035 64.4648 89.0207 61.5216 94.6783 61.0956 131.283 100.734 96.9127 102.266 83.6523 73.6426 69.8727 64.1921 137.307 124.855 92.4088 90.4465 81.4456 77.4229 80.706 70.7695 85.8368 70.7663 164.647 70.6625 68.686 66.265 99.4814 71.8454 59.7163 93.1731 93.0329 82.8919 84.8462 80.6863 108.895 88.768 92.6272 80.3423 74.7326 73.1224 99.8049 71.0818 72.7617 64.6488 59.3257 59.2811 57.765
threshold=0.99601760506629955 -0.82198828458786 0.02958411164581776 0.78395643830299389 0.98928901553154003 0.99956217408180248 0.057349432259798057 -0.035495992749929421 1.0000000180025095e-35 1.4755343198776247 98.837055206298842 0.15773408859968188 0.90157595276832592 0.48385713994503027 0.0012921100133098664 -0.20134413242340085 95.69842910766603 98.837055206298842 2.5000000000000004 2.5000000000000004 0.77125313878059398 17.500000000000004 0.95929375290870678 inf 0.0073993466794490823 12.59920644760132 0.19367063045501712 1.0000000180025095e-35 95.293468475341811 97.825057983398452 1.0000000180025095e-35 91.616462707519545 88.762622833251967 89.386734008789077 0.88120171427726757 0.57221010327339183 0.45133119821548467 90.595520019531264 0.17435733973979953 82.078273773193374 1.0000000180025095e-35 82.413585662841811 0.029267931357026104 97.833908081054702 0.73636579513549816 97.787567138671889 0.43650794029235845 1.5000000000000002 0.58096009492874157 1.0000000180025095e-35 1.0000000180025095e-35 2.0931447744369511 4.5000000000000009 70.647651672363295 0.13392857462167743 0.81058835983276378 1.5000000000000002 -0.035495992749929421 0.13290768861770633 88.762622833251967 79.388423919677749 99.078319549560561
decision_type=2 2 2 2 2 2 2 2 2 2 2 2 2 2 2 10 2 2 2 2 2 2 2 8 2 2 2 2 2 10 2 2 2 2 2 10 2 2 2 2 10 2 2 10 2 10 10 2 2 2 2 2 2 2 8 2 2 2 2 2 2 10
left_child=1 -1 6 4 9 -2 7 -3 -9 10 16 12 14 -11 -12 -16 43 -18 21 20 -20 26 25 24 -21 -23 27 29 32 31 36 34 -28 -34 -5 -36 -30 39 -29 60 41 42 -32 45 46 48 -45 53 49 50 52 -52 -4 -48 55 58 57 -46 -51 -40 -38 -58
right_child=5 2 3 18 -6 -7 -8 8 -10 13 11 -13 -14 -15 15 -17 17 -19 19 23 -22 22 -24 -25 -26 -27 28 38 30 -31 40 -33 33 -35 35 -37 37 -39 59 -41 -42 -43 -44 44 56 -47 47 -49 -50 54 51 -53 -54 -55 -56 -57 61 -59 -60 -61 -62 -63
leaf_value=-0.095379512995771326 0.051279614568089008 -0.038406562317374174 -0.010230907935013101 0.010021311695246339 -0.085886622651797195 0.086380199696713095 -0.039634435080967874 0.017498209670903569 -0.014683818511857983 -0.064304331127377531 0.082612232240786579 0.003151026745941594 -0.024860732564343884 -0.013132862528017661 -0.091744811615670899 0.038444600819300623 -0.0092285556235970553 -0.076040126750160045 -0.0079194867300511687 -0.031126626711375394 0.066960001079369086 -0.0046041332691182293 0.043534914971316757 0.045122325077094565 0.0095476237183127217 0.020493086263479492 0.038652969976258812 -0.044552669572969085 -0.043206374260238961 0.077915545325080549 -0.068962912353839917 0.017237084130070322 -0.023875225811514109 0.039449202612596906 -0.026742129378227331 -0.11917325813317048 -0.29511983712795664 0.094712351566788408 -0.03503789644351446 -0.06110934591498049 0.007503835827549505 -0.0089745048191082599 -0.25556357667823176 -0.0063031685791287932 0.022687611149120324 0.030386556319006372 -0.022701400564306945 0.083483106958376407 -0.010897192524516999 -0.0040299631276685616 -0.0051739714059417866 0.014274886454946525 0.0055979057678925727 -0.062992848648423402 0.0041496604451889563 0.061253462618571133 -0.020601113894634891 -0.015270552215583495 0.030539028699685555 -0.20582375164871822 -0.71020163513989953 0.013259040321766139
leaf_weight=948.63769644731656 1164.4870270716492 1182.5256162290461 15400.094225219451 476.7596605590079 201.29573844838887 2630.0616571054561 1854.2750976574607 1106.0787044549361 1860.4522111993283 279.15777288051322 312.20073342137039 6237.4714662283659 271.67947801807895 2095.1361225345172 56.909492144361138 681.21816770359874 867.83785119187087 280.70979364681989 234.22669891314581 518.3564705690369 771.18054851377383 2237.3929433117155 979.82047066302039 565.44544849917293 3151.1657932589296 2200.1921631451696 1195.1026849572081 439.74391786963679 370.85168853751384 128.38220772333443 64.527021314715967 781.2586386045441 547.887827236671 318.12276220181957 998.7112853738945 111.70798953482881 6.9542816963512504 11.492468631127847 32.182572962716222 4.7981503566261372 1373.4051156244241 259.70470114727505 30.332898367196321 1849.0808059754781 574.09236566722393 945.03070639725775 1104.614788826555 57.816564187873155 7434.3532115826383 1097.2461884748191 4805.5046335854568 4993.2291885358281 4049.8945702342317 789.27369716903195 10671.1497244481 534.88238679431379 601.50217628106475 4196.1372999083251 1067.1213740622625 55.270560240838677 6.8100897925905883 3102.9169723480009
leaf_count=220405 568297 73220 112313 10753 33897 1882513 107116 25918 85647 7144 1998 32119 1494 30558 364 6414 5196 3027 3102 19109 56060 59288 199294 38343 158635 50045 62695 11003 17298 9651 4486 14336 22078 16789 29044 3307 271 601 618 196 62535 14720 393 15445 5660 8020 9088 377 87945 19377 37628 46654 29177 4987 89544 9983 6113 36478 5826 672 171 26086
internal_value=0.000385334 -0.00248681 -0.00159156 -0.000322278 -0.00230603 0.0756084 -0.0211339 -0.0128658 -0.00268467 -0.00207976 -0.00151673 0.00789206 0.0302611 -0.0191494 0.044519 0.028407 -0.00262078 -0.0255576 0.00795354 0.017031 0.0495156 0.00418757 0.0142954 0.009319 0.00380198 0.00783928 -0.00340295 -0.0145066 0.00461084 -0.00471517 -0.0123744 -0.0091942 0.0221545 -0.000613452 -0.0222045 -0.0360407 -0.0551669 -0.202749 -0.0608793 -0.386914 -0.00244615 -0.0409874 -0.128631 -0.00220443 -0.00846615 -0.000697218 -0.0214754 -0.0358498 -0.00128409 0.000392787 -0.00302481 0.00473676 -0.00693502 -0.0394928 0.00786903 0.0225731 -0.00263167 -0.0107023 0.013014 -0.142975 -0.500487 0.00776102
internal_weight=103176 99381.3 98432.7 92429.3 74557.6 3794.55 6003.33 4149.06 2966.53 74356.3 71982 7559.48 1322.01 2374.29 1050.33 738.128 64422.5 1148.55 17871.8 5240.37 1005.41 12631.4 5417.41 4234.97 3669.52 4437.59 7214.01 3024.02 4189.99 2496.82 2128.88 2368.44 2061.11 866.011 1587.18 1110.42 400.907 30.055 527.197 18.5625 1727.97 354.565 94.8599 63273.9 12275.4 50998.5 3800.79 1951.71 50053.5 42619.1 29248.7 9798.73 19450 1893.89 13370.4 2699.25 8474.65 4770.23 2164.37 87.4531 13.7644 3704.42
internal_count=4501521 2050711 1830306 1538405 672912 2450810 291901 184785 111565 639015 601313 42389 10270 37702 8776 6778 558924 8223 865493 275249 59162 590244 308627 216087 177744 109333 281617 79384 202233 67091 100671 57440 101562 38867 43104 32351 18537 1239 12293 638 82134 19599 4879 550701 104234 446467 29897 14452 438447 350502 225772 84282 141490 14075 124730 35186 74337 42138 25203 1290 442 32199
is_linear=0
shrinkage=0.1


Tree=54
num_leaves=63
num_cat=0
split_feature=65 69 65 68 65 72 57 73 1 71 12 8 69 32 71 0 71 34 72 73 74 54 68 55 69 48 18 46 49 62 71 73 62 29 0 34 8 11 68 55 26 18 1 52 11 62 47 46 49 46 62 46 62 18 28 21 8 49 71 7 28 71
split_gain=1954.39 730.494 199.078 137.905 121.691 83.9818 87.4024 101.085 72.8715 75.9419 70.5605 76.0637 68.6554 68.4923 67.1016 87.2002 64.3045 65.119 63.7697 63.0236 141.753 73.5212 85.3275 117.269 64.7097 60.5862 85.3903 84.2161 176.142 161.239 89.5583 80.372 73.0031 80.8257 59.2594 56.348 55.2808 54.3678 75.6526 59.9669 53.5501 51.0576 60.1371 54.8669 50.8198 49.0686 59.9328 97.1743 234.044 85.6843 48.5159 106.153 67.1549 48.116 48.0286 44.9641 93.9486 68.2822 48.8501 48.2141 44.3287 44.0604
threshold=0.99690118432044994 -0.82198828458786 0.047570170834660537 0.99686068296432506 0.98193717002868663 -0.10131090879440306 84.147209167480483 -0.032808572053909295 85.880397796630874 0.7992122769355775 1.0000000180025095e-35 98.598102569580092 0.017650300636887554 11.500000000000002 0.6507437825202943 99.51456451416017 1.4755343198776247 0.48385713994503027 0.82240208983421337 -0.2679347544908523 1.0000000180025095e-35 74.712032318115249 0.0066798671614378699 0.43650794029235845 0.027006366290152076 81.195564270019545 2.5000000000000004 0.95341184735298168 0.35416667163372045 2.9980221986770634 0.012982517480850221 0.040740162134170539 3.0574865341186528 21.500000000000004 98.717739105224624 1.1614299416542055 71.809036254882827 1.0000000180025095e-35 0.021737353876233104 0.43650794029235845 1.0000000180025095e-35 3.5000000000000004 65.545505523681655 96.922348022460952 1.0000000180025095e-35 2.9498627185821538 71.148777008056655 0.19871266931295398 0.35416667163372045 0.069966629147529616 2.9725084304809575 0.98318174481391918 2.9864050149917607 4.5000000000000009 21.500000000000004 1.0000000180025095e-35 99.845199584960952 inf 0.20028334856033328 89.243480682373061 3.5000000000000004 0.2855892032384873
decision_type=2 2 2 2 2 8 8 8 2 2 2 8 2 2 2 2 2 2 10 8 2 8 2 8 2 8 8 2 10 2 2 8 2 2 2 2 10 2 2 8 2 10 2 10 2 2 2 2 8 2 2 2 2 10 2 2 10 8 2 10 2 2
left_child=1 -1 5 4 16 -3 7 18 9 -6 11 -10 -2 37 15 -15 19 -18 -7 20 24 22 23 36 -4 26 32 28 35 30 50 -30 33 -23 -14 53 -21 38 -8 -39 44 43 -43 -9 -31 46 -37 48 49 -48 -29 52 -52 -27 -28 57 -57 59 -58 -42 -13 -59
right_child=12 2 3 -5 8 6 13 41 10 -11 -12 60 34 14 -16 -17 17 -19 -20 21 -22 25 -24 -25 -26 27 54 29 31 40 -32 -33 -34 -35 -36 45 -38 39 -40 -41 55 42 -44 -45 -46 -47 47 -49 -50 -51 51 -53 -54 -55 -56 56 58 61 -60 -61 -62 -63
leaf_value=-0.093791116629544591 -0.043181172332986781 -0.05813439605340235 -0.078546057435768965 -0.087193035465156943 0.060240041366785471 -0.055442368284575105 0.052714312146698139 -0.0070946880514462397 0.03719491754790643 -0.0069923286337363003 -0.015778751492334694 0.014376760429293518 0.068252890398752028 0.0067471065799730411 -0.031465680372775202 0.25055116014989598 -0.062161894339863105 -0.01038323963540143 0.093475660725625992 0.017891472481451606 -0.13980985082831826 -0.009096721521129494 -0.021592135632656679 0.044377420929230943 -0.0055836415226660739 0.0030076656129698677 -0.0044216846880968047 -0.088856072638592798 0.0075009593815334331 -0.0024386047843130247 0.0079377899799961908 0.030812527738824626 0.01241632816699292 -0.033295908669362592 0.09668457572767486 -0.020683912333794768 -0.015665486409520101 -0.023524739215155712 -0.017170776832957986 -0.052638653086209013 0.0096797797689157344 0.044396338400482294 -0.033253997436268126 0.049886511305654552 -0.04447842112930725 0.016269949928596546 0.086571409400976837 -0.019978446984705286 -0.013366100206818984 0.014450504278683402 -0.028897228361875207 -0.06935029187007534 0.064845773140760024 0.025545686178325828 0.011038881993412353 0.0028678878084673243 0.11457730467019139 0.015047491504708205 0.022769467896267451 -0.01360732365949352 -0.066844460436292039 -0.0022157163732993315
leaf_weight=862.55706050805748 47.244283669628203 427.08243409730494 133.64612788148224 180.40439180843532 692.52939179027453 368.12586847832426 186.18123463541269 1320.4361629895866 962.87500658538193 221.81856561964378 696.82132764672861 146.79698570608161 2084.8791716574924 1336.0685217585415 570.95283936848864 14.833062265068291 270.2270012893714 2400.7968188412488 31.191899994853884 1347.9789149598219 92.476729984395206 3663.1242564758286 579.37626710394397 1240.8066939054988 1343.5051847703289 15285.273075801088 6102.1701137956697 248.61999652883969 2661.7846935212146 622.66605923091993 353.587128309533 3328.2922802881803 896.78135386086069 2214.6846671232488 1130.6316371258581 2685.7221904487815 772.11354215862229 2928.9378541195765 921.98525497224182 932.78511356608942 1028.3144022894558 630.63356454391032 118.47391802817583 193.7845101817511 534.28161566564813 835.85195057000965 444.9412183216773 1445.310539000202 1141.1960978857242 261.57708957698196 211.81185021810234 458.91334455879405 119.55111353588291 1009.8152622694615 2995.7672463089693 15127.970693411306 111.76574394688942 2184.3753551158588 120.3821687111631 6566.5815534214489 123.92134716501459 4574.783076996915
leaf_count=220291 566 22119 4907 31444 191810 15116 3334 33754 205334 2387 110916 22489 1488747 47693 30788 187 5939 28360 725 10331 1690 36859 6193 15988 12744 151213 60783 3008 28268 9755 2781 65946 12105 33284 871134 25068 6052 137310 38723 45241 12636 11723 3668 4935 5222 7758 5090 13408 11101 2501 2517 4650 1615 10728 37932 160635 4219 23538 770 84065 18237 32765
internal_value=0.000337698 -0.00216489 -0.0013619 0.000148983 0.000327507 -0.0147493 -0.0128099 0.00257757 0.0206742 0.0439296 0.00965911 0.0240282 0.0764917 -0.0187549 -0.00272361 0.0094241 -0.000350127 -0.0156217 -0.0438099 0.000142837 -0.0197041 0.000526599 0.0138507 0.0199606 -0.012185 -0.000153145 -0.00566007 0.0012713 0.00517211 -0.00224699 -0.0355328 0.0204537 -0.0141599 -0.0182147 0.07825 0.0012111 0.00567041 -0.0249542 -0.0054295 -0.0305571 -0.000745585 0.0107617 0.0321157 0.000197561 -0.0218527 -0.00642463 -0.00959742 -0.000555505 0.0146374 0.0598698 -0.050328 -0.0382071 0.00492393 0.00440436 0.000669168 7.62391e-05 0.0038367 -0.00394779 0.0669696 -0.0104544 -0.0228023 0.00336328
internal_weight=102549 99286 98423.5 88442 88261.6 9981.47 9554.39 2662.65 2844.76 914.348 1930.41 1233.59 3262.76 6891.74 1921.85 1350.9 85416.8 2671.02 399.318 82745.8 1569.63 81176.2 3940.28 3360.9 1477.15 77235.9 15872.5 61363.4 29099.8 32263.6 1392.48 5990.08 6774.59 5877.81 3215.51 23109.7 2120.09 4969.89 1108.17 3861.72 30871.1 2263.33 749.107 1514.22 1156.95 6814.6 5978.75 3293.02 1847.71 706.518 1038.9 790.276 331.363 16295.1 9097.94 29714.2 15360.1 14354.1 232.148 7594.9 270.718 6759.16
internal_count=4501095 2140648 1920357 1525041 1493597 395316 373197 69921 551173 194197 356976 246060 2360447 303276 78668 47880 942424 34299 15841 908125 19341 888784 38564 32371 17651 850220 180963 669257 321081 348176 14571 94214 82248 70143 2359881 226867 16383 224608 42057 182551 333605 54080 15391 38689 14977 64926 57168 32100 18692 7591 11790 8782 4132 161941 98715 318628 165624 153004 4989 96701 40726 56303
is_linear=0
shrinkage=0.1


Tree=55
num_leaves=63
num_cat=0
split_feature=65 68 65 65 26 73 68 7 68 28 24 25 71 55 19 65 71 8 20 56 21 7 71 62 63 62 63 62 60 34 13 9 71 33 2 8 15 7 54 27 53 54 62 60 32 18 72 73 3 65 7 51 19 74 31 65 3 52 34 2 19 25
split_gain=1757.03 604.912 225.165 141.528 80.7837 78.0319 123.345 76.4971 70.0486 67.3388 81.9574 126.125 79.8201 79.1739 72.9956 72.1921 60.9084 72.1127 126.83 141.73 94.0689 118.394 87.6911 67.1146 71.4081 82.1455 107.513 66.2615 65.0226 64.0193 77.7456 224.93 94.0998 151.943 71.5578 76.2401 71.5477 190.177 71.3406 63.912 195.429 67.5107 63.5959 75.5561 63.7313 122.486 62.6666 61.8098 60.1024 59.6817 58.8996 58.8408 116.792 83.7584 138.946 84.1165 78.2914 78.2153 93.2874 97.6106 88.6183 79.6077
threshold=0.99759849905967724 0.99265149235725414 0.017391547560691837 0.78395643830299389 1.0000000180025095e-35 -0.060889661312103265 0.012014407664537432 73.357315063476577 0.94776034355163585 19.500000000000004 2.5000000000000004 2.5000000000000004 0.20028334856033328 inf 0.1084159165620804 0.9851873815059663 1.0827400088310244 80.604629516601577 0.88456797599792492 0.52777779102325451 1.0000000180025095e-35 99.350620269775405 0.020906619727611545 3.0076454877853398 3.5000000000000004 4.0093116760253915 4.5000000000000009 3.1158317327499394 3.5000000000000004 0.23908293992280963 1.0000000180025095e-35 0.22500000149011615 0.091292019933462157 0.35523065924644476 97.97959136962892 41.804613113403327 1.0000000180025095e-35 40.523433685302741 82.156700134277358 1.5000000000000002 1.0000000180025095e-35 65.733856201171889 5.0050175189971933 5.5000000000000009 6.5000000000000009 5.5000000000000009 0.31041060388088232 0.030625700950622562 15.692307472229006 0.22847542911767962 97.253990173339858 97.70084381103517 0.35036896169185644 1.0000000180025095e-35 0.65565508604049694 0.9491688907146455 88.493064880371108 94.028518676757827 1.0857557654380801 87.20676422119142 0.19868747889995578 1.5000000000000002
decision_type=2 2 2 2 2 8 2 8 2 2 2 2 2 8 2 2 2 10 2 10 2 10 2 2 2 2 2 2 2 2 2 10 2 2 2 10 2 10 10 2 10 8 2 2 2 8 10 8 2 2 10 2 2 2 2 2 2 10 2 2 2 2
left_child=1 2 -1 4 7 6 -6 -4 -2 10 51 12 -12 14 -13 -11 17 29 19 22 -20 -22 23 28 27 -26 -27 -25 -19 -7 31 32 33 48 35 -33 37 -35 -38 40 -32 -41 43 -28 45 -44 -18 -23 -31 -9 -8 53 -53 57 -55 -56 -57 58 60 -60 -5 -59
right_child=8 -3 3 9 5 16 50 49 -10 15 11 13 -14 -15 -16 -17 46 18 20 -21 21 47 -24 24 25 26 42 -29 -30 30 39 34 -34 36 -36 -37 38 -39 -40 41 -42 -43 44 -45 -46 -47 -48 -49 -50 -51 -52 52 -54 54 55 56 -58 61 59 -61 -62 -63
leaf_value=-0.029400103541587272 0.080145510444071102 -0.088522602812343684 0.053622443058112437 -0.025010550161224245 -0.0046807555538683791 -0.021788529449157698 -0.05395176187243144 -0.036355156015322063 -0.047408347519694423 0.01232931770062282 0.063889293725724369 0.030127682923470834 -0.0096573322877001409 0.041338495013296006 -0.0066716724888190321 0.046061010726166696 -0.014882633436432891 -0.01746934902529813 -0.0047552957021297602 -0.038568138117889866 0.0088289771021584206 0.026303849521311373 0.029508303350704524 -0.0064681168968558911 -0.028815981182765293 0.029741105921895324 -0.040011586879471539 0.037874839981565579 0.033834416286304042 0.05055544938025959 -0.11076648843796466 -0.032453675089486357 0.0037120776472695616 -0.062815247221065393 0.024370921927992131 -0.0013003088058547441 0.083298142002693421 0.044893194396345287 0.023311271209806722 0.051078656451541388 -0.0068099240292757149 0.0013477603441018945 0.018203801887183537 0.085659278767877059 -0.01121661376956057 0.20349713227488972 0.020078495326452478 0.090201734236794423 0.005106770109399885 -0.0082723296141067829 0.015626019921220435 0.045198928623247564 -0.0023462528041948544 0.062581250021328763 -0.15564676822106929 -0.97482882811281724 -0.32255333209932319 0.10577984468087619 0.041217434575696238 -0.010790455077827145 0.037482397274382809 -0.049460429833264929
leaf_weight=2743.686367722461 2777.8009315179661 798.91918471036479 143.32158035854809 1769.499023015378 2967.0124109890312 1049.3600064942148 906.0650937478058 1396.1224110857584 43.731697444571182 4944.3165995229501 684.5075335073052 668.60151071008295 188.12136465334333 549.20777285436634 2781.549916481832 727.87787431874312 4712.6153398542665 6325.4192856429145 4895.0445276745595 1568.8868704233319 3796.9516930039972 321.72480087354779 634.80491244746372 583.12549700308591 1228.2700377414003 948.13885346055031 780.51827819552273 798.35025089140981 257.07936582714319 336.48404915630817 188.64031087886542 873.46523154783063 2057.4006229508668 184.39296992681921 957.45133306155913 7804.6388213296887 722.55014109332114 1477.1556725353003 273.22269953228533 277.01256997603923 4371.3308272475842 18719.768658226589 322.27318204939365 50.964825239032507 867.59732285980135 40.115919814445078 575.29064208525233 285.92591972090304 2151.1613526195288 1652.4866725890897 140.53795792907476 641.93221703590825 2647.3433235640405 25.92649464844726 33.419963176362216 2.4849675537552667 7.0914065149845555 34.921148284687661 751.4862636369653 694.28241442714352 260.29311796964612 610.90290527394973
leaf_count=184103 2271315 193361 2125 50094 29231 10915 37659 26555 1036 183627 63349 42180 1925 49099 160265 186192 74841 69700 45847 12955 35885 2236 6230 6452 15282 9415 9505 7577 3130 3543 1244 8000 30370 1115 8196 74752 6821 15117 3029 2093 41993 146668 3450 618 10065 231 9500 4629 23338 10788 3405 50890 165720 1248 247 82 328 2287 28284 23334 12996 15293
internal_value=0.000354505 -0.00185855 -0.00115499 -0.000344924 -0.00219809 -0.0015302 -0.0150925 -0.0177764 0.0781685 0.00763813 0.00349599 0.0135889 0.0480341 0.00607328 0.000459639 0.0166579 -0.000757397 8.03732e-05 -0.00431869 -0.0101957 0.00478507 0.0153877 -0.00672806 -0.00861327 -0.000586374 -0.00702255 0.00187171 0.0191575 -0.0154657 0.00259656 0.00323002 0.00841909 0.0217875 0.0290156 -0.00157351 -0.00443595 0.0456429 0.0329401 0.0668388 -0.000479025 -0.0111105 0.00207294 -0.0109464 -0.0323087 0.00349481 0.0387155 -0.0110791 0.0563706 0.0112543 -0.021133 -0.0446089 -0.00307828 0.00693262 -0.0109366 -0.120265 -0.230519 -0.491812 -0.00910825 -0.00316985 0.0162424 -0.0169967 -0.0410662
internal_weight=102031 99209.1 98410.1 95666.4 77642.7 74450.7 4013.62 3191.93 2821.53 18023.8 12351.6 4871.99 872.629 3999.36 3450.15 5672.19 70437.1 65149.2 23705.2 14405.5 9299.65 4404.6 12836.7 12201.9 5619.35 4237.88 3009.61 1381.48 6582.5 41444 40394.7 16837.9 7202.37 5144.97 9635.56 8678.1 2657.32 1661.55 995.773 23556.8 4559.97 18996.8 2061.47 831.483 1229.99 362.389 5287.91 607.651 2487.65 3048.61 1046.6 7479.58 3289.28 4190.31 68.9228 42.9963 9.57637 4121.38 3475.56 1445.77 2029.79 645.824
internal_count=4501760 2229409 2036048 1851945 814505 775037 70295 39468 2272351 1037440 667621 316818 65274 251544 202445 369819 704742 620401 243207 154610 88597 42750 141655 135425 62595 48566 33284 14029 72830 377194 366279 174281 83333 52963 90948 82752 26082 16232 9850 191998 43237 148761 23869 10123 13746 3681 84341 6865 26881 37343 41064 350803 216610 134193 1905 657 410 132288 114708 51618 63090 17580
is_linear=0
shrinkage=0.1


Tree=56
num_leaves=63
num_cat=0
split_feature=65 69 65 68 69 1 72 59 69 53 68 54 75 59 37 59 0 65 72 59 65 7 40 38 68 7 59 35 54 34 0 3 2 3 25 7 40 56 59 33 0 28 46 62 62 59 59 65 69 54 68 72 59 10 69 11 56 22 38 66 68 62
split_gain=1516.42 623.824 156.884 118.511 107.708 106.247 97.8644 97.3869 77.3482 85.7992 72.3628 70.0283 80.1992 63.567 61.0943 60.1742 59.7754 58.1909 57.7538 56.0196 64.8356 54.5294 54.4324 74.5771 109.014 98.4315 76.9182 55.0081 53.5525 59.664 50.6164 97.2396 71.393 60.5603 51.4361 48.5289 47.9784 74.2463 57.9479 49.877 51.8744 46.3482 45.9691 62.6003 57.8485 52.4809 45.5977 43.7493 43.5519 43.1855 42.9696 42.3553 42.0143 40.7719 40.1977 52.9796 55.4726 40.0883 39.851 39.6044 39.531 44.7429
threshold=0.99734023213386547 -0.82198828458786 0.071687370538711562 0.99810996651649486 0.97694602608680736 64.932434082031264 -0.10131090879440306 0.084526009857654585 -0.079197674989700304 96.437637329101577 0.81430065631866466 95.670913696289077 1.5000000000000002 0.99571532011032116 20.169491767883304 0.9861450493335725 98.837055206298842 0.012250681873410942 0.39833696186542517 0.98533570766448986 0.99089351296424877 86.807079315185561 1.0000000180025095e-35 97.15900039672853 0.0073386733420193204 90.867389678955092 0.23577848821878436 4.5000000000000009 96.881942749023452 1.3736003637313845 8.9220566749572772 9.1608390808105487 7.4537036418914804 10.668563365936281 2.5000000000000004 49.25306701660157 1.0000000180025095e-35 0.29285715520381933 0.016588219441473488 0.64252659678459179 59.122919082641609 678.50000000000011 0.99895164370536815 4.999624729156495 4.9466471672058114 0.91064062714576732 0.022610482759773735 0.99317359924316417 0.48789329826831823 99.846153259277358 0.039451584219932563 -0.004011511802673339 0.99632772803306591 4.5000000000000009 0.019550520926713947 1.0000000180025095e-35 0.67948719859123241 1.0000000180025095e-35 98.23523330688478 3.5000000000000004 0.059357130900025375 4.000246763229371
decision_type=2 2 2 2 2 2 8 2 2 10 2 8 2 2 2 2 2 2 10 2 2 8 2 8 2 10 2 2 8 2 2 2 2 2 2 10 2 8 2 2 2 2 2 2 2 2 2 2 2 10 2 10 2 2 2 2 10 2 10 2 2 2
left_child=1 -1 6 4 13 -6 -3 8 9 18 16 12 54 22 -11 49 53 -10 -8 20 -7 -12 30 24 26 51 -24 -28 -25 -30 31 41 33 -33 -35 -15 38 -38 -19 40 57 -4 43 44 45 46 -32 -21 -36 -13 -45 -26 -5 -2 -9 56 -56 -40 -48 -16 61 -47
right_child=10 2 3 52 5 19 7 11 17 14 21 15 -14 35 59 -17 -18 36 -20 47 -22 -23 23 28 25 -27 27 -29 29 -31 42 32 -34 34 48 -37 37 -39 39 -41 -42 -43 -44 50 -46 60 58 -49 -50 -51 -52 -53 -54 -55 55 -57 -58 -59 -60 -61 -62 -63
leaf_value=-0.093257968466865238 0.067480062599971399 -0.051797272501813298 0.0044840079397311374 -0.094164376895409227 0.078010175633746293 0.013857205873956214 -0.040023839404241021 -0.038477800170339409 -0.026637974347042789 -0.027183112392485387 -0.22195700507119209 -0.028900774570846933 0.19676879314757129 -0.1469226473024938 0.17457846395077189 0.14736307580158201 0.097520757688805734 0.029108041134597241 0.013251775922643101 -0.027994980362829269 0.061641627118647437 0.015792175815180515 0.034812508989747852 0.068475889445071783 -0.12028161926433029 0.0083334731311497639 0.0043010704532595893 0.022571624529523826 0.0011565308090311034 -0.019103156454835162 0.040402811109253013 -0.043026843408829306 0.012378914071051355 0.0026209394411446044 -0.11892502405071688 0.094305401054822269 0.064633638577828917 0.0095587944075419783 0.020634327632465827 0.010836522876058262 -0.023349846388676168 -0.085102839808049446 -0.010218102755026125 0.019569175278858261 -0.029926931486113029 -0.026755372309567368 -0.00060371026337389228 0.013383372379062942 -0.2746265320226508 -0.066372966330310298 -0.002602628820479048 -0.02862954580238642 0.7750656384643273 -0.092409559812494491 0.10694589356594944 -0.0099659761091974459 -0.018086201922311897 -0.02178717342323773 0.021408645499926163 0.047758291131217295 0.0094066372353314096 0.01585134631568464
leaf_weight=734.18876442150213 1687.9564916307572 547.28614539420232 1036.6943763300078 140.27355885854922 286.97044107003603 1078.758729610825 1192.7371425325982 459.66530955117196 660.06688314583153 86.180314051685855 12.643246161751447 1617.1360551700927 18.627994648180902 9.0609336295165104 33.897109049605206 18.053672149777412 927.17054220463615 545.25272341072559 245.33492184057832 437.27592641627416 385.39191336347722 40.707504776772112 1629.434572564438 113.28182847658172 53.398220361443236 1325.3876839294098 4664.0897790214512 2548.1622061487287 18011.88923496299 1581.2146077982616 280.46608951711096 328.53718043095432 143.58642167993821 29.249192371964455 112.72358534228988 104.75583454803564 278.92316826991737 1999.3746401434764 621.08466501627117 1259.3226818060502 1776.5577374622226 61.155714159831405 4985.0681419074535 2567.0899893491296 692.44554842752405 1770.2601365500595 34444.072122571524 614.7391331680119 21.370567200239748 379.78099180897698 1325.396059947554 904.77490884799045 0.55828075064346094 16.100651424261741 81.542022977024317 2238.4174791257828 62.82223460637033 347.34666920639575 842.56278643431142 90.016998691484332 547.79958556289785 286.33886171318591
leaf_count=220410 1428939 26191 17326 29228 109279 139543 56286 27959 39742 3587 248 59801 577 200 767 93 861296 14604 14264 46141 136789 2956 12828 907 1215 18146 46564 36583 197530 15868 1868 4855 2216 538 957 6991 11905 45510 6749 24284 57326 904 47123 29286 6664 53615 294719 179850 463 11833 11514 12219 33 13409 763 64010 603 8208 11810 2279 12452 10595
internal_value=0.00059423 -0.0014236 -0.000735071 0.000937669 0.00109277 0.0203619 -0.0103128 -0.00869253 -0.00260205 -0.0222142 0.0747494 -0.0201041 -0.010047 0.000421125 0.0374789 -0.0343842 0.0770872 0.00171478 -0.030935 0.0137871 0.026435 -0.0405505 0.000315282 0.00361326 0.0101589 -0.00931923 0.0151896 0.0107562 -8.20958e-05 -0.000478479 -0.00173994 -0.0185265 -0.0496586 -0.0677682 -0.117531 0.0751013 0.00445571 0.0163014 -0.00147629 -0.00564085 -0.0132002 -0.000506425 -0.00113048 -7.09391e-05 -0.00128189 -0.000762261 0.000241108 -0.00381577 -0.143739 -0.0360274 0.0120197 -0.0337372 -0.0907186 0.0659694 -0.0114023 -0.00617918 0.0525363 0.00541903 -7.81064e-05 0.0824504 -0.0144648 -0.0208233
internal_weight=101342 98657.9 97923.7 83364.2 83223.4 2803.14 14559.4 14012.1 9136.1 1648.17 2684.58 4876.05 2861.08 80420.3 210.094 2014.97 2631.23 7487.93 1438.07 2516.17 1464.15 53.3508 80306.4 30831.6 11125.2 2283.56 8841.69 7212.25 19706.4 19593.1 49474.8 1733.32 635.467 491.881 163.343 113.817 6827.86 2278.3 4549.56 4004.31 2744.99 1097.85 47741.5 42756.4 38863.9 38171.5 35567.1 1052.02 134.094 1996.92 3892.49 958.173 140.832 1704.06 2842.45 2382.78 144.364 968.431 35286.6 123.914 2604.4 2056.6
internal_count=4501418 2194570 1974160 1496819 1467558 611602 477341 451150 285511 77183 2306848 165639 93912 855956 6633 71727 2303644 208328 70550 502323 276332 3204 848765 341860 127555 31580 95975 83147 214305 213398 506905 27259 9029 6813 1958 7191 168586 57415 111171 96567 72283 18230 479646 432523 391723 385059 308397 225991 1420 71634 40800 13434 29261 1442348 93335 65376 1366 14957 306529 3046 76662 64210
is_linear=0
shrinkage=0.1


Tree=57
num_leaves=63
num_cat=0
split_feature=65 69 69 72 37 1 65 73 69 74 46 54 46 62 49 48 47 71 1 73 34 44 62 42 43 41 2 68 35 71 7 27 1 3 11 56 0 62 0 47 38 51 27 46 3 25 1 18 54 24 51 64 25 6 46 62 42 41 43 63 62 11
split_gain=1348.66 549.901 126.903 124.162 130.484 111.018 106.7 82.9176 130.608 121.119 68.2101 143.592 120.918 241.791 178.551 117.097 250.459 106.572 104.547 93.8262 73.7854 70.1089 83.3152 91.7912 72.8033 114.606 77.2982 67.1754 66.8892 127.262 66.4614 61.2362 61.1371 77.5641 61.0416 61.9231 56.9432 54.7167 53.7641 53.5517 53.0045 51.906 50.7192 50.4662 49.3699 61.5095 49.2922 50.4714 47.1494 46.4368 46.1009 45.6192 44.8447 44.2343 43.834 137.976 43.2965 56.8162 72.9518 43.2831 171.137 80.8577
threshold=0.99807840585708629 -0.82198828458786 0.97391894459724437 -0.71259117126464833 96.051948547363295 75.905715942382827 0.014508178923279049 -0.14406135678291318 0.0095322076231241244 1.0000000180025095e-35 0.019085657782852653 60.898357391357429 0.93072548508644115 3.0004585981369023 0.47222222387790685 86.217220306396499 53.427228927612312 0.0078203678131103533 65.545505523681655 0.040740162134170539 0.60900610685348522 inf 1.7799875736236574 44.610280990600593 66.856060028076186 0.064864501357078566 9.1431555747985858 0.0030523975146934394 3.5000000000000004 0.20028334856033328 95.782062530517592 74.500000000000014 9.3933825492858904 10.435571670532228 1.0000000180025095e-35 0.58571431040763866 98.837055206298842 2.9351559877395634 9.8563041687011737 97.590011596679702 62.932756423950202 97.97959136962892 1.5000000000000002 0.21072389185428622 11.596638679504396 2.5000000000000004 80.901721954345717 inf 98.830371856689467 1.5000000000000002 47.140522003173835 0.98019301891326915 2.5000000000000004 1.0000000180025095e-35 0.98910224437713634 2.9864050149917607 52.73088455200196 0.10187896341085435 71.132480621337905 3.5000000000000004 4.006324529647828 1.0000000180025095e-35
decision_type=2 2 2 8 2 2 2 8 2 2 2 10 2 2 10 10 2 2 2 8 2 8 2 2 10 2 2 2 2 2 8 2 2 2 2 10 2 2 2 2 8 2 2 2 2 2 2 8 8 2 2 2 2 2 2 2 2 2 10 2 2 2
left_child=1 -1 3 4 53 -4 51 8 -8 -10 11 -9 14 17 28 21 18 54 -17 -16 -21 22 23 -13 -25 26 -26 -18 37 32 41 38 33 -30 35 -23 -2 43 44 46 -40 -7 -31 -12 -15 -46 47 -22 -39 -6 -49 -5 -35 -3 55 -14 -20 58 -58 -42 61 -61
right_child=36 2 5 6 49 30 7 10 9 -11 12 15 13 31 19 16 27 -19 56 20 39 34 -24 24 25 -27 -28 -29 29 42 -32 -33 -34 52 -36 -37 -38 48 40 -41 59 -43 -44 -45 45 -47 -48 50 -50 -51 -52 -53 -54 -55 -56 -57 57 -59 -60 60 -62 -63
leaf_value=-0.09165132861523001 0.0643677290651513 -0.10229736545215665 0.067528976712506864 -0.037540055000804463 -0.17458872945772844 0.0010920953423884953 -0.065590417454112981 0.0036763575228768806 -0.0043444002037257247 -0.12505490040699116 0.00015636838699024315 -0.023778852893073448 -0.05173128874215302 -0.010695718210319255 0.0083729087531027712 0.028224666679909527 0.10699476870136704 0.0024304012338811493 -0.050195133981111743 -0.012236125091513922 0.054027116292297388 0.027096212520433913 -0.031204204932834614 -0.024462870014380141 -0.044673662781455133 -0.0010834184320400616 0.074534684916061286 -0.018985596707577414 0.0089942345161882313 -0.032518340141517763 -0.0050804342786728365 0.01834237705555463 0.021880874477912957 0.037267980303355167 -0.052936597608009839 -0.051365696759951091 0.09717039309484643 0.030910688680007632 0.021877960240755914 0.060569722515620018 0.0050389975827399873 0.039470327539480626 -0.00031199679747286637 -0.014302620489414287 0.005272615826590517 -0.09199997000189325 0.014412430755694301 -0.1087062920647292 -0.0091706250421800233 0.0036419945525435586 0.025278941116141002 -0.0022484860135046918 -0.091932342956857427 0.0061089682705267679 -0.065316527490930018 0.022033646391579394 -0.028223506877870216 -0.026435230628364864 0.093640293630457061 -0.0062451401906607959 0.001377878481956734 -0.029833821993007756
leaf_weight=669.82308415370062 1465.2931979789864 292.27061528852209 407.90918144397438 1131.0524784044828 15.210824293084441 548.35733304882888 462.66194873908535 8436.163696410018 2646.3481295678066 85.819006282603368 6254.6844587927917 1521.6247044957709 1002.2591530261561 1475.6701925047673 2724.1312731390353 535.24582540232223 271.85856152139604 693.22811454674229 432.88121344940737 314.16331989108585 888.17481040291023 228.81806413480081 2085.9255650297273 465.32472953060642 62.196706139249727 837.2990862603765 433.6260798353469 50.130597622483037 573.00214177998714 552.39645879529417 1283.4977691286476 1726.0282067008084 5087.7154961646302 33.206410111160949 1054.1486748706084 179.48456869204529 828.38201460550772 818.65611225645989 1065.9173917658627 809.78225503559224 9558.3745421146741 986.21089237486012 4259.186850385624 3931.0929922030773 102.41523840976879 177.97555150673725 1003.0566291235154 36.397644038777798 457.50603216304444 375.28018042049371 87.210682066390291 541.69194850185886 140.67227491084486 43.204089102917351 614.58410319220275 339.45804184512235 93.681038099806756 583.6988329711603 103.27959266351536 2918.2463468365604 21193.652702940512 2894.5000306216534
leaf_count=220598 1352590 15386 150240 79602 453 93793 26951 98154 31323 815 73271 19838 15119 27929 33508 8632 3666 8677 5040 5575 18349 3777 29852 5635 1018 9426 5033 1175 10686 10659 260754 29369 70309 676 13565 2135 848245 9163 12527 19120 115219 237928 41543 44134 1787 2870 13994 310 6185 8875 1205 32049 2119 906 8915 4819 1090 7518 1243 34578 263174 39207
internal_value=0.000410918 -0.0013525 -0.000734858 -0.00139926 -0.0425963 0.0187695 -0.00108102 -0.000627409 -0.0164563 -0.00813599 -5.98929e-05 -0.00568146 0.00130177 -0.0019806 0.00643725 -0.0145127 0.00633154 -0.0312608 -0.00859138 0.021952 0.0337373 -0.020797 -0.0155422 -0.00570204 0.00959234 0.0214793 0.059581 0.0873808 0.00232283 0.00803018 0.0117116 -9.36326e-05 0.0179588 -0.00875786 -0.0402217 -0.00739463 0.0762147 -0.00297832 -0.000901546 0.0388506 -0.000103422 0.0257564 -0.00400946 -0.00542393 -0.0180046 -0.0564703 0.0301215 0.045695 0.0165415 -0.00330064 -0.0141743 -0.0261114 -0.0672584 -0.0883363 -0.0431995 -0.0330686 -0.0248295 -0.0107641 0.0356778 -0.000744212 -0.00279106 -0.0179913
internal_weight=100892 98598.1 97928.2 94702.3 725.966 3225.98 93976.3 92303.6 3194.83 2732.17 89108.7 17375.4 71733.3 43762.3 27971 8939.22 2070.78 2649.53 1748.79 5862.92 3138.79 6868.45 5406 3320.07 1798.45 1333.12 495.823 321.989 22108.1 10646.2 2818.07 41112.8 5834.6 746.881 1462.45 408.303 2293.68 11461.9 39386.8 2824.62 37630.7 1534.57 4811.58 10185.8 1756.06 280.391 2014.84 1011.78 1276.16 390.491 123.608 1672.74 173.879 335.475 1956.3 1341.72 1213.54 780.659 196.961 36564.8 27006.4 5812.75
internal_count=4502301 2301466 2080868 1338153 25620 742715 1312533 1200882 59089 32138 1141793 216797 924996 564190 360806 118643 28364 37530 23523 92061 58553 90279 70802 40950 21112 15477 6051 4841 268745 135992 592475 526660 83790 13481 19477 5912 2200835 132753 497291 52978 464705 331721 52202 117405 32586 4657 33858 19864 15348 9328 1515 111651 2795 16292 28853 19938 14891 9851 2333 452178 336959 73785
is_linear=0
shrinkage=0.1


Tree=58
num_leaves=63
num_cat=0
split_feature=65 69 65 68 65 26 0 59 72 7 59 69 7 75 59 65 65 59 20 0 68 34 7 8 25 68 1 59 65 9 25 20 9 0 4 49 52 72 71 30 1 1 25 52 18 51 72 1 69 51 69 20 56 28 25 19 2 24 0 3 1 59
split_gain=1173.17 499.671 118.697 97.261 94.2993 88.0084 71.0014 68.3376 63.7898 60.6467 59.9864 80.7779 66.3297 62.0889 65.5336 63.2571 58.1728 106.465 56.4156 88.4282 67.0348 66.7259 65.1681 57.1152 59.3064 93.1487 63.9072 55.3977 52.4996 50.9925 72.732 48.633 48.6218 68.953 52.0762 47.4526 51.2161 47.0015 45.9779 45.4399 44.5905 61.2459 77.1359 58.7506 48.0966 44.2754 43.5707 77.271 83.2587 75.3718 93.8786 75.8053 77.2839 86.976 66.5004 72.6912 134.529 73.5289 116.073 162.831 91.3204 98.6206
threshold=0.99759849905967724 -0.82198828458786 0.012766656931489708 0.99810996651649486 0.24927582591772082 1.0000000180025095e-35 98.837055206298842 0.99753132462501537 -0.71259117126464833 73.860012054443374 0.074122425168752684 -0.063157156109809862 98.227470397949233 1.5000000000000002 0.3140819519758225 0.02958411164581776 0.99139717221260082 0.99290195107460033 0.2486945912241936 77.712417602539077 0.0043503905180841693 0.99999985098838817 80.658718109130874 68.500717163085952 2.5000000000000004 0.0011713275453075769 92.718276977539077 0.98444867134094249 0.026215379126369957 0.22500000149011615 1.5000000000000002 0.57354331016540538 0.43650794029235845 62.432796478271491 0.74897098541259777 0.84523808956146251 80.298507690429702 0.23211958259344104 0.0024694800376892094 8.5000000000000018 8.3771929740905779 27.518593788146976 4.5000000000000009 94.028518676757827 inf 99.48453521728517 0.23563084006309512 96.684982299804702 0.23038917034864428 98.213714599609389 0.8785742223262788 0.9999997913837434 0.86607143282890331 34.500000000000007 1.5000000000000002 0.22591970115900042 96.720428466796889 2.5000000000000004 87.112743377685561 91.024166107177749 92.718276977539077 0.27164700627326971
decision_type=2 2 2 2 2 2 2 2 8 8 2 2 10 2 2 2 2 2 2 2 2 2 10 8 2 2 2 2 2 10 2 2 10 2 2 10 8 10 2 2 2 2 2 8 8 2 8 2 2 2 2 2 10 2 2 2 2 2 2 2 2 2
left_child=1 -1 -3 4 5 9 -2 16 45 38 11 12 37 15 -15 -12 27 -18 23 20 40 -21 -22 24 25 26 -13 46 -28 -17 -31 -32 -33 35 -35 -34 -37 -10 -4 -25 -20 42 43 44 -42 -7 49 54 -49 51 -51 52 -6 -54 -48 56 -56 58 59 -57 61 -61
right_child=6 2 3 -5 7 8 -8 -9 10 -11 13 18 -14 14 -16 29 17 -19 19 21 22 -23 -24 39 -26 -27 28 -29 -30 30 31 32 33 34 -36 36 -38 -39 -40 -41 41 -43 -44 -45 -46 -47 47 48 -50 50 -52 -53 53 -55 55 57 -58 -59 -60 60 -62 -63
leaf_value=-0.091452812573574127 0.05890272057535282 -0.033450426881525365 0.099805890519338844 -0.087700267008609833 -0.0054551274311354292 -0.096945689475464836 0.096372577929895231 0.090322394217824994 -0.026338570268344016 -0.032345824053399398 -0.029112031987585826 0.065872827372062556 0.050258062855480783 0.0012812462010329286 0.1207600916583407 -0.001475039786079091 0.035993736427875865 -0.036463322906049998 -0.029310884665376086 -0.04097352763522373 -0.057358917802651503 -0.002572500219663992 0.0032323511950080107 0.017354549535613523 0.011053334605573367 0.016347853982028343 0.37293199524780657 -0.02761707026031511 0.15257679041178998 0.0069634954183228461 -0.030346313183457936 0.0031079753950711236 -0.014577106819310208 -0.068432021067736715 -0.023361739883747443 0.012516618531639781 0.11626075371742071 0.021806382007877503 -0.043397563975020564 -0.03072188475340154 0.075043981842703805 0.01497209898258408 -0.012678894901809588 0.16878530798232785 -0.020042914608149748 -0.020098447932592592 0.029107152596389765 0.042676924999258396 -0.0023870959710870603 0.0014791414381297773 0.029085320319917198 0.0008927107909667023 -0.043729977587316178 -0.0031601369127564304 0.00049292521519367144 0.052586789300958926 -0.20763476500740832 0.0026018630985349088 0.056793509165772776 0.027398446118838432 0.075039504244485689 -0.032033980768754335
leaf_weight=611.52577533526346 1484.2705946128699 1099.2927571474575 63.112128579057753 127.45888545573689 3357.3949222102528 115.16875768895261 767.05978403030895 87.973117270856164 1564.6607044544071 1476.872486799024 1111.8863283933606 95.13135739415884 144.7879441936966 108.37776638008654 79.642980237491429 16215.7749852282 1100.4527040882967 248.60093421803322 173.32865726388991 627.88461574632674 226.57119927275926 1619.8373395660892 819.69569721911103 1779.3375618830323 252.74127100594342 148.30469740834087 12.596157344989477 640.31321357726119 76.336862342432141 1743.0546304476447 1739.7608282975852 1641.5130373511929 929.30881521874107 315.7389415546786 1363.2992500199471 396.48624506383203 54.076212872052565 232.9644165027421 34.773535557324067 221.01465680915862 310.25516137387604 2039.2122519509867 139.0461838087067 55.73610164783895 64.20330174267292 214.81441456219181 1703.2780526777497 425.99541507079266 10909.671046847012 19289.523937535938 1315.8712956437375 6171.9886929261265 1479.9971116007073 821.89659479132388 5040.5401631976711 716.99218006315641 31.249298137845472 2344.2983983564191 879.51516981958412 404.21134817670099 127.40394743229263 902.79898314038292
leaf_count=220613 1415398 76291 597 29257 36828 3814 856934 8478 66333 28737 69043 1079 3333 1565 836 175156 351200 72426 3060 15738 2934 39235 9077 35638 3723 1797 285 40459 492 17769 19212 21056 10712 3187 17400 4231 527 11062 841 3006 2153 34954 2601 532 437 6267 45690 2191 145472 122029 113894 106641 22534 17883 112900 11303 259 37397 16601 2977 1985 15479
internal_value=0.000296697 -0.00134217 -0.000776603 -0.000403756 -0.000288103 -0.00414547 0.0716692 0.00225293 -0.00315038 -0.0272936 -0.00275253 0.00357578 -0.0148547 -0.00536366 0.0518908 -0.00578563 0.00211914 0.0226415 0.0077091 0.00244435 0.0116887 -0.0132995 -0.00988881 0.0200811 0.0475627 0.0753252 0.122845 0.00162967 0.183787 -0.00472263 -0.011158 -0.0160626 -0.0107758 -0.0182263 -0.0318371 -0.00166467 0.0249679 -0.0200992 0.0489334 0.0120427 0.0198043 0.023068 0.0520701 0.0729981 0.0587407 -0.0469192 0.00196455 0.00524488 -0.000693586 -0.000410594 0.00324209 -0.00677211 -0.0151313 -0.0292444 0.0107852 0.00779799 -0.000789432 0.0159006 0.0261867 0.0136744 -0.00577598 -0.0136537
internal_weight=100297 98045.6 97434 96334.7 96207.3 38207.3 2251.33 58000 36632.5 1574.76 36302.6 10603.6 1942.41 25698.9 188.021 25510.9 57912 1349.05 8661.23 6075.77 3828.05 2247.72 1046.27 2585.46 585.11 332.369 184.064 56562.9 88.933 24399 8183.24 6440.18 4700.42 3058.91 1679.04 1379.87 450.562 1797.63 97.8857 2000.35 2781.78 2608.45 569.241 430.195 374.458 329.983 55922.6 23486 11335.7 32436.7 20605.4 11831.3 5659.29 2301.89 12150.3 10447 5071.79 5375.22 3030.92 2151.41 1434.41 1307.01
internal_count=4501538 2229206 2008593 1932302 1903045 618419 2272332 1284626 588244 30175 578163 237469 80728 340694 2401 338293 1276148 423626 156741 110721 55748 54973 12011 46020 7376 3653 1856 852522 777 269250 94094 76325 57113 36057 20587 15470 4758 77395 1438 38644 43737 40677 5723 3122 2590 10081 812063 392254 147663 419809 235923 183886 77245 40417 244591 198901 113159 85742 48345 31744 20441 18456
is_linear=0
shrinkage=0.1


Tree=59
num_leaves=63
num_cat=0
split_feature=65 69 65 68 65 25 69 59 2 3 17 66 27 18 71 57 59 0 51 24 2 0 8 9 55 65 59 51 68 72 7 0 19 25 69 74 62 59 75 55 27 55 0 71 30 59 69 3 59 68 72 68 7 27 20 56 10 20 7 21 40 56
split_gain=1049.28 457.878 118.994 76.2638 77.1738 70.6866 63.2191 97.0425 61.3991 58.5334 168.933 157.239 119.115 101.704 84.5325 84.4426 83.5604 78.7833 86.7941 77.64 76.375 103.59 96.8856 85.7671 70.6855 68.3131 67.4168 64.9902 64.7922 64.5402 59.2634 58.3213 57.164 56.4906 55.9992 57.355 55.2257 55.0723 62.9642 53.9617 53.4549 53.2635 53.1308 72.2135 69.8825 53.012 85.2879 66.9166 64.611 50.5492 49.3651 55.1673 55.8214 48.1684 47.9575 46.789 54.6621 46.1214 48.052 46.0357 45.6847 65.0703
threshold=0.99829715490341198 -0.86828818917274464 0.4705475270748139 0.98928901553154003 0.015850338153541092 4.5000000000000009 0.99257344007492077 0.99100637435913097 3.3615819215774541 61.721611022949226 1.0000000180025095e-35 2.5000000000000004 36.500000000000007 6.5000000000000009 1.3270344138145449 65.772167205810561 0.98533570766448986 8.9220566749572772 92.718276977539077 4.5000000000000009 70.678733825683608 71.248622894287124 72.765308380126967 0.22500000149011615 0.84523808956146251 0.10362011939287187 0.61819371581077587 82.807880401611342 0.87855032086372387 -0.63978129625320423 80.658718109130874 98.837055206298842 0.5106622874736787 2.5000000000000004 -0.30888731777667994 1.0000000180025095e-35 7.0780844688415536 0.18262135237455371 1.0000000180025095e-35 0.64583334326744091 39.500000000000007 0.78888890147209179 70.43854141235353 0.16411416977643969 7.5000000000000009 0.97747209668159496 0.95929375290870678 64.785373687744155 0.99646091461181652 0.0015277306665666404 -1.0000000180025095e-35 0.0043503905180841693 78.817016601562514 120.50000000000001 0.98058801889419567 0.81666666269302379 1.5000000000000002 0.57354331016540538 53.813833236694343 1.0000000180025095e-35 1.0000000180025095e-35 0.76388889551162731
decision_type=2 2 2 2 2 2 2 2 2 2 2 2 2 8 2 8 2 2 2 2 2 2 8 8 8 2 2 2 2 10 10 2 2 2 2 2 2 2 2 8 2 8 2 2 2 2 2 2 2 2 10 2 10 2 2 10 2 2 10 2 2 8
left_child=1 -1 3 4 -3 9 36 -8 -7 10 24 12 27 16 20 50 19 -14 37 25 42 22 33 28 -6 39 55 30 34 -30 -12 -2 -16 49 35 -23 45 -19 -39 -11 57 -10 43 44 -15 46 60 -48 -47 -22 -13 -52 -53 -36 -28 -27 -57 58 -25 -56 -4 -62
right_child=31 2 6 -5 5 8 7 -9 41 13 11 15 17 14 32 -17 -18 18 -20 -21 21 23 -24 40 -26 26 54 -29 29 -31 -32 -33 -34 -35 53 -37 -38 38 -40 -41 -42 -43 -44 -45 -46 48 47 -49 -50 -51 51 52 -54 -55 59 56 -58 -59 -60 -61 61 -63
leaf_value=-0.096471372226763732 0.060405741928620131 -0.022519110290753316 -0.00074548642552066586 -0.08612677969232764 0.00080789943077576212 -0.073207959490614885 0.056843060067711892 -0.0046852089026336412 -0.026427782819724577 -0.015941313203319603 -0.022248442799000807 -0.096990455406429088 -0.022830052540594017 0.074609478160309758 -0.059995764615558472 0.019650502838502837 0.12800816680477076 0.041683217347059508 0.097520709562345834 0.17433232455724168 0.048618426868970159 0.047538436163403183 -0.025398838963344689 0.0019750736952427661 -0.044387431580853537 0.00025234111168857603 -0.041925058024216373 0.11785165943326258 0.61941899680893875 0.10033316759516762 0.046711857826885653 0.096815442834699839 -0.012940801722209436 -0.027806906504137405 0.0043042537791567869 -0.041981695829801824 0.0385392254181251 -0.013476441709417889 0.10427745764026496 -0.043011005757096002 0.012852898891364038 0.0056124180978742461 -0.0065072823623666971 -0.0050024743414022856 0.023295798380289445 -0.017863144287373591 0.067309448161604404 0.015627124761542908 0.074190491144026705 -0.015230244828799944 0.030535483234018435 -0.076324396373757278 -0.011619259908023122 0.038168593232258317 -0.03385394148670285 -0.034608483462487759 0.015005360161494383 0.0016640142244991154 -0.033188101694869916 0.02544071982528175 0.021087536464144033 0.0031112321652006967
leaf_weight=502.41693136910908 1252.1726121187094 2038.1800857982598 20607.972849005368 111.63972502318211 587.84757165028714 195.06157593009993 547.93050395150203 481.68308412679471 1418.4967607089784 3163.6403015991673 136.38558328687213 67.639916227199137 540.09020737349056 412.42709126230329 298.0954335720744 1182.5487151392736 43.221117299981415 421.37671846663579 138.71802398329601 22.501058796886355 422.32066630013287 85.096932422602549 2751.9273723673541 501.52830587793142 841.32081309426576 6489.7204493738245 842.84838086250238 117.48891224362887 3.1809854812454423 9.6970611177384836 1444.6021004125942 678.22954418888548 1927.7745192677248 237.15982192545198 20196.359011418186 450.2340686400421 430.57440441322979 606.23586600716226 49.085798597661778 959.8322807608638 707.89307415718213 818.07572944299318 605.9588412779849 466.93580512981862 744.48086290061474 1781.8288276552921 287.14715968223754 1964.2799555910751 79.655872472096235 175.53533251816407 290.49575798772275 142.67614821786992 2035.0587756366003 428.94814968574792 254.96102766226977 849.15949718677439 300.70228876406327 889.40811690152623 1726.3989238617942 269.1742532919161 2583.3277543049771 9131.1602736966452
leaf_count=201367 1321184 140315 237077 32836 7728 2826 235911 182220 20519 87715 1533 1889 6367 3435 11320 15544 564 4374 1142 204 3911 2153 34207 3793 7545 39293 4891 1211 227 556 14118 844249 32385 2542 197538 10703 7409 6380 418 24357 8383 8777 7573 9941 6565 167588 97583 202757 8197 2261 2397 2990 26181 5331 1438 5160 1769 10105 19444 1486 24117 127833
internal_value=0.000188624 -0.00125219 -0.000760594 -0.00355313 -0.0033977 -0.00271719 0.0036181 0.0280584 -0.0194011 -0.0019774 0.00559729 0.011853 0.0272157 -0.00338653 -0.000422642 -0.00241712 -0.0108079 0.00894931 0.023071 -0.0112641 0.000936761 -0.000453672 -0.0163458 0.0018266 -0.0257976 -0.0115822 -0.00670159 0.0460954 0.00431623 0.228552 0.0407629 0.073198 -0.0192425 0.0134901 0.00417976 -0.0277515 0.00293552 0.0134791 -0.00465628 -0.0222424 -0.011954 -0.0147084 0.0187619 0.0281914 0.0415887 0.00251477 0.00339985 0.0222187 -0.013924 0.0298719 -0.0127079 -0.0103982 -0.0158585 0.00500854 -0.0271546 -0.00304184 -0.0216339 -0.0175873 -0.0252725 -0.00340265 0.00208902 0.00707544
internal_weight=99748.5 97818.1 97315.7 59420.1 59308.5 57270.3 37895.6 1029.61 2431.63 54838.7 8601.57 7172.4 3453.98 46237.1 33041.4 3718.42 13195.8 1755.51 1215.42 13152.5 30815.5 28585.7 3586.94 24998.7 1429.17 13130 9006.57 1698.48 21173.5 12.878 1580.99 1930.4 2225.87 835.016 21160.6 535.331 36865.9 1076.7 655.322 4123.47 3825.23 2236.57 2229.8 1623.84 1156.91 36435.4 34573.9 2251.43 1861.48 597.856 2535.87 2468.23 2177.73 20625.3 1366.98 7639.58 1149.86 3117.34 2227.93 524.135 32322.5 11714.5
internal_count=4501832 2336399 2135032 844340 811504 671189 1290692 418131 32122 639067 99817 84544 35543 539250 372373 49001 166877 18681 12314 166313 328668 301154 42921 258233 15273 166109 54037 16862 216508 783 15651 2165433 43705 8714 215725 12856 872561 11172 6798 112072 41725 29296 27514 19941 10000 865152 689367 300340 175785 6172 33457 31568 29171 202869 7815 46222 6929 33342 23237 2924 389027 151950
is_linear=0
shrinkage=0.1


Tree=60
num_leaves=63
num_cat=0
split_feature=59 68 73 70 74 7 70 25 34 72 18 51 72 51 1 3 4 73 28 25 25 1 75 34 4 74 73 0 24 25 22 22 3 24 18 1 46 22 34 25 24 75 68 38 0 2 24 1 1 53 9 71 34 25 3 25 28 4 4 25 3 26
split_gain=917.93 387.503 92.7552 147.088 101.661 89.5872 79.3694 63.956 81.4584 93.0549 60.2773 58.197 160.047 92.5159 101.106 116.351 88.9257 137.765 94.0394 96.9775 94.1403 102.144 95.495 83.8736 77.9161 301.439 207.702 151.864 147.155 207.216 200.214 135.695 89.5859 88.7238 83.4527 81.5359 77.0539 74.2693 87.0164 108.533 88.9679 80.5513 73.7629 74.8915 74.1643 89.6674 100.516 90.7134 74.727 139.398 72.9255 70.9208 70.8323 70.6565 71.6156 68.1727 67.4074 66.8241 119.217 69.7732 65.6571 63.6345
threshold=0.99696117639541637 0.99508434534072887 -0.14406135678291318 1.0000000180025095e-35 1.0000000180025095e-35 49.25306701660157 7.5000000000000009 1.5000000000000002 1.4933993220329287 0.25334328413009649 5.5000000000000009 98.683982849121108 -0.65618574619293202 96.720428466796889 95.538970947265639 61.721611022949226 0.87501168251037609 0.0069302320480346688 9.5000000000000018 4.5000000000000009 5.5000000000000009 99.51456451416017 1.0000000180025095e-35 1.0000000180025095e-35 0.79540237784385692 1.0000000180025095e-35 0.65038326382637035 63.702239990234382 2.5000000000000004 2.5000000000000004 1.0000000180025095e-35 1.0000000180025095e-35 17.028985023498539 1.5000000000000002 3.5000000000000004 75.181159973144545 0.93576055765151989 1.0000000180025095e-35 1.0023535490036013 2.5000000000000004 2.5000000000000004 1.0000000180025095e-35 0.87855032086372387 58.86912918090821 71.248622894287124 78.629974365234389 2.5000000000000004 81.120250701904311 77.849929809570327 56.280340194702156 0.89444443583488475 0.032957822084426887 1.1973759531974795 2.5000000000000004 84.29276275634767 3.5000000000000004 95.500000000000014 0.98583742976188671 0.98190730810165416 3.5000000000000004 97.332859039306655 1.0000000180025095e-35
decision_type=2 2 8 2 2 8 2 2 2 8 8 2 8 2 2 2 2 10 2 2 2 2 2 2 2 2 10 2 2 2 2 2 2 2 10 2 2 2 2 2 2 2 2 8 2 2 2 2 2 10 8 2 2 2 2 2 2 2 2 2 2 2
left_child=1 2 3 4 10 -2 7 8 9 -4 -1 12 -9 24 15 -15 17 18 20 23 21 22 -13 -20 25 26 27 34 29 31 -31 33 -28 -29 37 -26 -36 38 -14 -40 -41 -39 43 -18 45 46 -45 -47 -48 -50 -19 -38 -49 54 -30 -27 -35 58 59 60 -16 -37
right_child=5 -3 6 -5 -6 -7 -8 11 -10 -11 -12 16 13 14 57 -17 42 50 19 -21 -22 -23 -24 -25 35 55 32 28 53 30 -32 -33 -34 56 36 61 51 41 39 40 -42 -43 -44 44 -46 47 48 52 49 -51 -52 -53 -54 -55 -56 -57 -58 -59 -60 -61 -62 -63
leaf_value=-0.051735077041639647 -0.13181705824658671 -0.090002183081197645 0.0040810817954167987 -0.068550764842067707 -0.11305695525906273 0.077201473710836674 -0.023882307409353164 -0.10946601141928942 -0.014576022492776956 0.024188687664985244 -0.00059382174301643518 0.064580170842703274 0.031610993095448958 0.05522717696301406 -0.044368622809801618 -0.13197334720114925 0.023209302069735174 0.021453523246365458 -0.057390255564311259 -0.059763336631654312 -0.074085354356750538 -0.016648048872110171 -0.035365774246028783 0.0043319574480658943 0.026053093788459367 0.023717200371200634 -0.11421848643918286 0.085357364419678922 -0.09070177194257624 0.098060077604755769 -0.20715051755076749 0.089850929832153342 -0.03300934647142087 -0.058979182135418265 0.031545032424891033 -0.036190101251826055 0.01625063181217816 -0.02544950561947433 -0.060218301732094373 0.11010395814331318 -0.018037477394290468 0.014727816170488484 0.073538195966882658 -0.021599527384304078 -0.00026789166021696359 -0.081967025467086951 -0.025069945030316551 -0.030826931483011567 0.0019786985938102779 0.099298996601866418 0.063468008073616397 -0.032365130516823867 -0.00057937683803595686 -0.091562199518250259 0.15533055613838376 0.12326170992113912 -0.16416999435550927 0.011292294184423977 -0.21843188494638568 0.067569028426419639 -0.30694110531251972 0.00045560272447819585
leaf_weight=253.84625620953739 20.772319768962916 491.15447700791992 9767.8783835110371 480.32638724334538 90.429769524605945 1598.1100964843063 1414.435697178822 146.51916807214729 1684.4929988944787 3011.0036854334758 2502.5154869101243 697.25369370239787 736.96483162004733 40.994464737130329 146.79825320799137 174.65130446513649 1248.4347432425711 1496.4165856875479 246.13001233839896 334.38973865372827 90.127194675733335 309.94950655644061 110.78820851357887 2086.7406812067493 1223.3037157115177 106.49848629254848 272.04225330438931 37.138024597370531 22.937107244739309 207.51125356886769 23.976198303338606 65.281057416519616 271.32111911842367 393.85195385292172 1053.842772254895 493.82186800724594 673.54783315368695 3008.6877948039328 307.07532340945909 87.356168037338648 142.67442582012154 598.23287649767008 133.26020486990456 631.23847705492517 42161.698487935821 236.18190312414663 174.90818879613653 1785.6950914597837 302.26452951238025 286.86131307872711 570.67401341273217 541.15345586615149 1366.7609728563111 501.65171863621799 24.43442327354569 194.3443843597197 72.065608327451628 354.97200923750643 38.3283314461587 57.242840812366921 10.183862498612141 11719.90364074253
leaf_count=4769 541 180349 218708 51662 1079 1843623 76094 6024 50350 119562 44050 24045 8277 1288 3874 2941 23255 39105 4681 7199 2740 10356 1331 65934 21759 3670 4736 405 236 2695 287 2658 2884 3762 16109 14335 11777 72819 2721 765 1919 6322 5281 17492 929403 6086 5216 29586 2943 22990 77993 10342 39506 5738 209 8739 522 11782 894 3008 160 361849
internal_value=-0.000164736 -0.00140206 -0.000954468 -0.0173632 -0.0087265 0.0745195 -0.000373047 -1.34938e-05 0.00609419 0.0088189 -0.00530366 -0.00114575 -0.00527436 -0.00462757 -0.0375623 -0.0963864 0.000660992 0.0122048 0.00108466 -0.00939917 0.0242306 0.0321564 0.0508769 -0.00218006 -0.00343743 -0.0104513 -0.0137278 -0.00989541 -0.0406717 -0.0133062 0.066448 -0.0457907 -0.0736678 -0.0633927 -0.00408907 0.00143923 0.0117585 -0.0114545 0.00930043 -0.021312 0.0306254 -0.0187858 -0.000758464 -0.0009639 -0.00160674 -0.0134063 0.00792945 -0.0221914 0.032326 0.0493666 0.0330527 -0.00540785 -0.017713 -0.0805382 0.0362027 0.0880229 -0.0752495 -0.0166823 -0.0560015 -0.0269401 -0.0614024 -0.00102605
internal_weight=99334 97715.2 97224 3327.12 2846.79 1618.88 93896.9 92482.5 14463.4 12778.9 2756.36 78019.1 23749.3 23602.8 823.171 215.646 54269.8 5942.47 3875.38 2667.26 1208.12 1117.99 808.042 2332.87 22779.6 9342.59 9041.75 8498.38 1348.85 799.824 231.487 568.337 543.363 503.056 7149.54 13437 2268.54 4880.99 1274.07 537.106 230.031 3606.92 48327.3 48194 46945.6 4783.91 1395.27 3388.64 764.034 589.126 2067.09 1214.7 3152.46 549.023 47.3715 300.843 465.918 607.525 252.553 214.225 156.982 12213.7
internal_count=4501435 2657271 2476922 101560 49898 1844164 2375362 2299268 388620 338270 48819 1910648 595506 589482 23947 4229 1315142 233384 116286 77814 38472 35732 25376 70615 565535 167592 155183 147563 16512 10329 2982 7347 7620 4689 131051 397943 38228 92823 13682 5405 2684 79141 1081758 1076477 1053222 123819 48641 75178 31149 25933 117098 22119 69092 6183 445 12409 4284 19718 7936 7042 4034 376184
is_linear=0
shrinkage=0.1


Tree=61
num_leaves=63
num_cat=0
split_feature=65 69 71 65 59 59 7 72 51 25 0 65 0 59 8 18 59 71 62 34 65 24 8 59 0 72 59 53 71 7 46 62 59 20 20 71 60 71 55 56 75 39 25 0 24 69 46 3 29 8 39 21 8 34 9 49 46 57 25 0 57 58
split_gain=817.101 381.896 94.0237 79.7274 77.9371 76.8851 70.4982 68.8985 111.963 65.5122 60.0607 59.7649 105.216 86.766 76.8266 69.1871 67.1939 62.1802 58.1969 56.451 54.8156 51.5459 50.262 47.5228 43.9206 48.1015 74.4279 51.6932 50.2535 51.1594 45.6813 63.8141 64.1753 84.2056 75.9709 66.4008 81.9621 118.887 65.6881 87.9808 93.064 85.3093 79.3635 89.7989 124.876 73.6172 60.9433 60.9022 55.611 54.693 65.2815 52.6515 63.6962 51.6883 50.7099 47.348 63.4999 42.8065 42.677 42.6021 42.4713 83.8334
threshold=0.99848860502243053 -0.86828818917274464 1.8325254917144778 0.98608362674713146 0.99571532011032116 0.98752048611640941 49.25306701660157 -0.71259117126464833 96.459899902343764 1.5000000000000002 98.837055206298842 0.054184313863515861 99.51456451416017 0.030306419357657436 58.921649932861335 2.5000000000000004 0.96451142430305492 0.50746119022369396 6.306312322616578 0.50568830966949474 0.90774759650230419 2.5000000000000004 25.087412834167484 0.99986901879310619 98.717739105224624 0.29289247095584875 0.90157595276832592 69.268848419189467 0.33311556279659277 72.776679992675795 0.99926728010177623 5.0641849040985116 0.52593299746513378 0.9999997913837434 0.9663200080394746 0.54521769285202037 5.5000000000000009 0.01619777083396912 0.61250001192092907 0.61250001192092907 1.0000000180025095e-35 1.0000000180025095e-35 4.5000000000000009 78.979854583740249 4.5000000000000009 0.54448062181472789 0.0093087167479097861 85.912700653076186 19.500000000000004 41.804613113403327 0.64583334326744091 1.0000000180025095e-35 97.969490051269545 0.23908293992280963 0.95454546809196483 0.15476191043853763 0.95341184735298168 26.737382888793949 1.5000000000000002 85.37955474853517 84.672775268554702 88.648838043212905
decision_type=2 2 2 2 2 2 8 8 2 2 2 2 2 2 10 8 2 2 2 2 2 2 10 2 2 8 2 8 2 10 2 2 2 2 2 2 2 2 8 8 2 8 2 2 2 2 2 2 2 8 10 2 10 2 8 10 2 10 2 2 10 2
left_child=1 -1 3 4 7 22 -6 8 -3 -7 23 12 13 17 -14 -15 20 -9 -18 -4 24 58 -5 -2 30 28 27 -27 29 -26 31 32 35 34 49 36 38 -38 42 40 46 60 43 -13 47 53 -40 -45 -49 -34 -51 54 -53 -43 -35 -52 -57 -47 -10 -19 61 -41
right_child=10 2 19 5 6 9 -8 11 21 -11 -12 16 14 15 -16 -17 18 59 -20 -21 -22 -23 -24 -25 25 26 -28 -29 -30 -31 -32 -33 33 51 -36 -37 37 -39 39 41 -42 45 -44 44 -46 57 -48 48 -50 50 55 52 -54 -55 -56 56 -58 -59 -60 -61 -62 -63
leaf_value=-0.095300428805693851 0.056383986082342734 -0.088411268644023766 -0.072536250619382722 -0.02629325711537224 -0.099848839103173617 0.056545398670357405 0.10773148991489223 0.011493253825518489 -0.0090358038287078283 -0.011938508323921761 0.096221836885548612 0.0084835099082602693 0.05841813093354277 -0.034615436040318019 0.42677793830478816 -0.010142727805755319 -0.018532327986639379 -0.036256983529746233 0.040441688921046992 -0.017083751849619192 0.010867991392734618 0.024274883353142613 0.041108031030813619 -1.5949606845160442 0.051512021288674173 -0.014591942488302718 -0.018877520163549211 0.063759115954635945 0.0022242042280159586 -0.011181232527979389 -0.010371360514336236 0.010543366249108437 -0.036970952842565317 -0.028396421058457574 -0.075491138572565647 -0.008002615114231627 0.058231726746655513 -0.018936711762132848 -0.019546126847511669 -0.037658562576577216 -0.11276269332057332 -0.031379854140605505 -0.028986309759426711 0.030709224094313498 0.24573739098099467 0.10216524728349206 0.069283382043229008 0.0021080347105319999 -0.012463159486416128 -0.0035385327294521749 -0.046339766750748655 0.0084966780368617018 0.062701786310654359 0.0060644538688371273 0.002316766433101219 0.0040051452509113931 -0.036861361872988996 0.025858703298511324 -0.11638985654230166 0.013635414705782809 -0.092969611435180566 0.16027680034480724
leaf_weight=427.19786108878907 1081.7253157102969 234.26027193013579 209.90089154103771 122.36605874350062 19.210945748724043 164.65623649256304 110.27900082222186 2606.3438774878159 104.30439761164598 920.99168010224821 570.27842613082612 7626.5469635464251 159.20235618320294 1486.2622378903907 5.8707581078633657 5186.3276418079622 2626.6314554528799 541.92716796370223 178.71694909897633 1464.1060089842649 5228.5303094971459 269.31768520502374 1154.3260763699654 0.17429983260808413 421.82280144095421 102.70348285790533 219.5179226975888 467.54006536328234 6900.3420899675693 188.25015086308122 4455.6910120074172 5355.1789717080537 741.18581987521611 760.45799163728952 185.80188188771717 6626.2238673870452 603.09313995949924 298.43327368982136 92.232690379023552 226.33100178930908 35.185683812946081 382.35945306718349 991.38534626364708 438.89240811765194 19.762565778568387 78.688601711764932 474.96030150912702 4077.4644128456712 7323.6489349529147 6371.2448304221034 643.992452978855 2504.5731315051671 237.32928848639131 10286.135496145114 1834.2155472890008 860.39366112835705 681.30045362655073 1118.5324920229614 57.413235666463152 250.1402142776642 112.34305350203067 23.632080631330609
leaf_count=201643 1291331 14678 8547 16555 328 63671 7778 76459 2775 284756 839069 54511 3051 66135 99 201669 98709 39053 5771 38009 257464 6971 346965 8 4570 784 1528 3514 38922 1333 38597 48682 7456 5759 1427 88974 4308 2098 630 1977 213 2315 7801 3062 111 556 3940 29540 53743 51982 5727 25908 5591 67205 19399 9239 6823 15092 2544 14363 956 134
internal_value=0.000225149 -0.000959028 -0.000542974 -0.000129832 -0.000591489 0.0180118 0.0769352 -0.000699781 -0.032765 -0.00155181 0.0699605 -0.000467997 -0.00767167 -0.00896968 0.0715187 -0.0155938 0.000433424 0.00403644 -0.0147753 -0.0240368 0.000973527 -0.00252215 0.0346479 0.0561179 0.000272221 0.00712505 0.0306008 0.0496477 0.00465645 0.0321668 -0.000596607 0.000117247 -0.000885941 -0.00652252 -0.0121768 0.00115974 0.00293444 0.0326866 0.00212916 0.00773949 0.0450488 0.00590155 -0.00138603 1.81648e-05 -0.00542556 0.00736108 0.0548386 -0.00584479 -0.00725196 -0.0109116 -0.00865439 0.00352598 0.0131885 0.00472245 -0.00668479 -0.023567 -0.0140544 0.030874 -0.0471488 -0.0205006 -0.0418986 -0.0189453
internal_weight=98947.9 97295.7 96868.5 95194.5 92832.1 2362.34 129.49 92702.6 665.296 1085.65 1652.18 92037.3 10236.1 10071 165.073 6672.59 81801.3 3398.41 2805.35 1674.01 78995.9 431.035 1276.69 1081.9 73767.4 8300.18 789.761 570.244 7510.42 610.073 65467.2 61011.5 55656.3 14820.5 9483.92 40835.9 34209.6 901.526 33308.1 12830.4 602.379 12228 20477.7 19486.3 11859.8 11865.7 567.193 11840 11401.1 9298.12 8556.93 5336.58 2741.9 10668.5 2594.67 2185.69 1541.69 1197.22 161.718 792.067 362.306 249.963
internal_count=4502808 2372400 2170757 2124201 1412254 711947 8106 1404148 26968 348427 2130408 1377180 400829 397679 3150 267804 976351 129875 104480 46556 871871 12290 363520 1291339 614407 50651 5826 4298 44825 5903 563756 525159 476477 139311 82654 337166 248192 6406 241786 93018 4783 88235 148768 140967 86456 85168 4570 86345 83283 81227 73771 56657 31499 69520 25158 21789 16062 15648 5319 53416 3067 2111
is_linear=0
shrinkage=0.1


Tree=62
num_leaves=63
num_cat=0
split_feature=59 69 69 68 46 54 71 46 62 35 49 34 0 7 0 72 63 62 63 62 60 62 60 60 62 18 19 35 35 4 71 48 47 63 62 62 62 49 74 62 46 71 46 47 24 7 44 41 42 49 56 68 7 25 59 29 62 0 62 46 62 29
split_gain=693.436 338.404 111.516 91.5644 67.9995 110.546 100.161 135.167 272.455 136.7 147.396 105.848 105.826 133.641 98.2379 92.4308 84.16 280.683 111.759 173.167 161.132 126.343 103.606 96.7683 83.756 81.0728 118.027 79.8551 232.392 81.8314 79.362 78.193 166.536 74.8847 151.375 135.009 73.6402 69.575 69.4127 68.6004 116.32 66.9968 66.8704 62.6398 60.9082 60.0737 58.2892 73.3059 90.4547 70.5994 57.7309 57.6409 57.1665 56.5359 61.2534 69.2077 56.3899 54.7953 54.6171 101.273 86.5108 55.7376
threshold=0.99696117639541637 -0.86828818917274464 0.99257344007492077 0.99810996651649486 0.019085657782852653 62.575302124023445 0.24241367727518084 0.9583287537097932 3.0076454877853398 3.5000000000000004 0.89444443583488475 0.99999985098838817 82.413585662841811 93.629318237304702 28.759398460388187 0.15576622635126117 3.5000000000000004 4.0033404827117929 4.5000000000000009 5.0050175189971933 5.5000000000000009 4.96398949623108 4.5000000000000009 5.5000000000000009 3.9084494113922124 1.5000000000000002 0.22768775373697284 4.5000000000000009 6.5000000000000009 0.98264887928962719 0.0068357884883880624 89.529346466064467 45.53429031372071 5.5000000000000009 6.0053551197052011 5.9315001964569101 4.0937769412994394 0.47222222387790685 1.0000000180025095e-35 2.9498627185821538 0.83983612060546886 0.043876677751541145 0.9941549301147462 47.793640136718757 1.5000000000000002 49.25306701660157 inf 0.93168461322784435 70.064933776855483 inf 0.38750000298023229 0.0016360820736736061 82.392688751220717 2.5000000000000004 0.99290195107460033 59.500000000000007 2.8469994068145756 98.717739105224624 2.9725084304809575 0.98633763194084179 2.9864050149917607 19.500000000000004
decision_type=2 2 2 2 2 10 2 2 2 2 10 2 2 10 2 10 2 2 2 2 2 2 2 2 2 10 2 2 2 2 2 10 2 2 2 2 2 8 2 2 2 2 2 2 2 8 8 2 2 8 8 2 10 2 2 2 2 2 2 2 2 2
left_child=1 -1 3 4 5 -3 7 9 58 10 39 25 13 -8 -15 52 27 22 36 20 21 -20 24 -21 -18 26 -11 29 30 -10 -29 46 41 -25 35 -35 -19 43 -27 40 56 -33 -23 -13 -17 -2 47 48 -7 -49 -39 -34 -14 -4 -55 -56 -6 -47 -9 60 -60 -61
right_child=45 2 53 -5 6 31 12 8 16 11 -12 37 15 14 -16 44 17 18 19 23 -22 42 -24 33 -26 38 -28 28 -30 -31 -32 32 51 34 -36 -37 -38 50 -40 -41 -42 -43 -44 -45 -46 57 -48 49 -50 -51 -52 -53 -54 54 55 -57 -58 -59 59 61 -62 -63
leaf_value=-0.094271649373615152 -0.10836651179604528 0.0014901437010310286 0.048894536705888107 -0.085866404302304467 -0.0042889993555328019 -0.019314169922839665 -0.021061023138055242 -0.071053522227970664 -0.018521068861180521 -0.012646416473873276 0.03827269983010706 0.057777254737665096 -0.0017008192611828164 -0.0040310127081560785 0.04251100105897046 0.113109964573424 -0.0070319560927746133 0.0028199076553822935 -0.0084622280839634755 0.024139550356708631 0.066040080089163927 0.02038268474074692 0.049857644599992187 0.028473350442335729 -0.035407425970404909 0.018748519226249243 0.0246806480527006 0.080431722624559818 0.00053044036278608988 0.013586904474308745 0.016061543549985954 -0.020382646153439456 0.096852151432131481 -0.0018191505946587004 0.0119052547507801 -0.056237594595450829 0.026816986196818111 0.10199613993347507 0.087852216705778141 0.015218886220686437 -0.053903779315508965 0.035095693754717154 -0.053015449770843749 0.0055555197050612178 0.023867274936859112 0.057352295277924251 -0.034577761035552539 -0.017734215073743852 0.010352233033744954 -0.059166155536776177 0.040238444658263497 -0.0074372847367022051 0.085675880364226575 0.033995974302569419 -0.030592359265354863 -1.8843917363148397 0.053849176877155729 0.098913755771114997 -0.030721474016324982 -0.024877884113141048 0.037462617014676701 -0.064289998335795323
leaf_weight=388.19580645149108 18.666167281800881 9097.2144088230561 666.17783311242238 127.27641621534713 7932.9642516463064 2268.438376659702 6684.5926947474363 327.47243581840303 1230.2550522036036 2419.5571406945237 989.79050830425695 289.05773929494899 13203.798832391563 3693.8781135687022 516.98433051456232 84.93327700777445 1577.9803282421781 2209.9553231552127 2496.070377019525 2525.157157634967 219.6058534081094 137.49948788259644 188.68778962793294 778.23751962499227 3052.4726838091738 3161.4500111379893 1303.4393956026761 723.02745415712707 1464.0485582149704 2237.2745111494442 260.55491002573399 1072.8681706154603 232.78292264253832 997.07889424054883 2271.391910210019 839.95855343603762 3034.9596309018089 168.00425903970608 152.36249793844763 1876.2328358252416 476.54407226166222 273.0795927629224 1276.2351586684235 1118.4195889391704 768.10927842312958 885.59631075680954 1677.1538787545869 1539.883523237484 1879.2161682697479 561.14429634914268 1528.3459574092412 68.61912611691514 75.304392743390054 331.77342035097536 242.20384074939648 0.20155342889483918 170.41562574187992 494.26700589194661 379.61864018527558 794.61805516993627 364.99592972459504 654.29225517180748
leaf_count=201489 553 134788 411342 36299 148829 40208 130900 7376 31646 52517 41377 8685 115504 39572 12090 1461 30317 46131 49977 69725 3060 3158 2697 9915 60434 65497 22507 17266 29483 36574 5349 20849 6055 12768 36177 13499 58165 2579 6890 34178 9139 4350 24155 23351 15502 1058165 31017 31251 36286 11108 50233 2784 2107 148202 163426 153 3032 785473 8063 14208 8520 13348
internal_value=-8.45293e-05 -0.00109168 -0.000717592 -0.00110471 -0.000991543 -0.00640335 0.000326568 0.00284334 -0.001494 0.0088795 0.00138921 0.017334 -0.00486515 -0.0122709 0.00168314 0.000844456 0.00138834 -0.00150519 0.00460194 -0.000898647 -0.0173093 -0.0219908 -0.0227777 0.00824434 -0.0257375 0.0105487 0.000421972 0.011957 0.0257865 0.00219522 0.0633798 -0.0139044 0.00591933 3.05819e-05 -0.00535718 -0.0267012 0.0167058 0.0327172 0.0219258 -0.00210222 -0.00588994 -0.00912664 -0.0458768 0.0162805 0.0327527 0.0698291 -0.0180247 -0.0135818 -0.00587294 -0.0287999 0.0463548 0.0731089 -0.00120532 0.0290739 0.00607749 -0.0321337 -0.00306634 0.0722396 -0.032959 -0.0272719 0.00270107 -0.0426754
internal_weight=98480.4 97081.9 96693.7 95453.3 95326 18670.4 76655.6 51628 30041.4 21586.6 11445.9 10140.6 25027.6 10895.5 4210.86 14132.1 27520.5 21605.3 16786.1 11541.2 4129.41 3909.81 4819.14 7411.82 4630.45 7036.81 3723 5915.16 2447.63 3467.53 983.582 9573.19 1647.35 4886.67 4108.43 1837.04 5244.91 3103.83 3313.81 10456.2 8579.92 1345.95 1413.73 1407.48 853.043 1398.53 7925.84 6248.68 4147.65 2101.03 1696.35 301.402 13279.1 1240.36 574.179 242.405 8103.38 1379.86 2521 2193.52 744.615 1448.91
internal_count=4501759 2657568 2456079 1732956 1696657 318696 1377961 1060825 592011 468814 236555 232259 317136 182562 51662 134574 540496 420178 326730 222434 80350 77290 93448 142084 90751 147411 75024 120318 52098 68220 22615 183908 34038 72359 62444 26267 104296 84848 72387 195178 161000 25199 27313 32036 16963 1844191 149870 118853 76494 42359 52812 8839 117611 723123 311781 163579 151861 1843638 51515 44139 16583 27556
is_linear=0
shrinkage=0.1


Tree=63
num_leaves=63
num_cat=0
split_feature=59 69 65 68 65 73 69 74 38 32 72 68 16 1 48 2 0 74 46 18 28 68 69 48 27 20 17 27 71 48 0 55 15 71 7 25 4 7 7 65 73 32 0 55 55 65 24 71 59 1 9 31 2 4 0 58 34 48 65 65 7 68
split_gain=648.13 306.838 99.7929 83.734 72.835 51.7792 91.6261 79.7789 77.159 99.9389 75.3711 71.5153 81.8008 63.7361 57.1435 58.9638 164.801 129.162 117.468 97.7639 87.5469 74.4205 68.5617 64.2832 60.3551 59.9546 57.5026 56.7469 54.3969 52.7844 57.8685 52.185 51.4151 52.7671 50.8337 50.5258 50.3686 49.9851 49.1101 49.0115 48.7922 47.7465 47.0172 46.5052 43.8528 42.9547 42.9129 42.7627 42.2588 42.3625 55.8251 58.9846 66.2425 114.421 121.651 157.999 168.657 215.853 207.993 424.554 115.743 136.503
threshold=0.99706691503524791 -0.86828818917274464 0.99535465240478527 0.99810996651649486 0.012766656931489708 -0.097666561603546129 -0.011664288118481634 1.0000000180025095e-35 81.367622375488295 11.500000000000002 -0.004011511802673339 0.0088348607532680052 3.5000000000000004 51.471860885620124 76.490329742431655 78.830558776855483 71.248622894287124 1.0000000180025095e-35 0.80879306793212902 2.5000000000000004 36.500000000000007 0.87855032086372387 0.65211600065231334 94.349296569824233 2.5000000000000004 0.77666842937469494 1.0000000180025095e-35 725.00000000000011 0.091292019933462157 76.490329742431655 70.43854141235353 inf 1.0000000180025095e-35 0.7604079842567445 86.121250152587905 4.5000000000000009 0.7576034963130952 49.25306701660157 99.803920745849624 0.17254898697137835 0.67792925238609325 11.500000000000002 96.039215087890639 0.72077924013137828 0.90454545617103588 0.071687370538711562 2.5000000000000004 1.1727128624916079 0.99388280510902416 94.360820770263686 0.95454546809196483 0.81017920374870311 88.047618865966811 0.81336838006973278 91.245105743408217 56.100936889648445 1.3249329924583437 40.121952056884773 0.99796578288078319 0.99940145015716564 92.545253753662124 0.00014329656551126393
decision_type=2 2 2 2 2 8 2 2 8 2 10 2 8 2 8 2 2 2 2 10 2 2 2 10 2 2 2 2 2 10 2 8 2 2 10 2 2 8 10 2 10 2 2 8 10 2 2 2 2 2 10 2 2 2 2 2 2 10 2 2 10 2
left_child=1 -1 3 4 -3 6 38 10 9 31 -8 12 43 -14 -10 17 25 18 19 23 -19 36 24 32 28 27 -25 -17 29 -20 -31 -7 -16 -34 -9 -26 46 -2 -6 41 -24 -23 -39 -11 -37 -22 -18 -43 -4 -50 -51 52 53 -52 55 -55 -57 58 -58 -60 61 -59
right_child=37 2 48 -5 5 8 7 34 14 11 -12 -13 13 -15 15 16 21 20 22 -21 45 39 40 26 35 -27 -28 -29 -30 30 -32 -33 33 -35 -36 44 -38 42 -40 -41 -42 47 -44 -45 -46 -47 -48 -49 49 50 51 -53 -54 54 -56 56 57 60 59 -61 -62 -63
leaf_value=-0.093943488805750347 -0.10376577482165397 -0.027348709428001383 0.048407697470624664 -0.092821574038282881 -0.066108845831839 0.00037661929164889874 -0.11607311560373937 -0.11539673285117191 -0.0085564082074571172 0.002963166112517816 -0.0016356996714733071 -0.020366053354749329 7.7252409494737451e-06 0.051080998961242276 -0.007077804031113093 -0.028721433856524682 0.011918854117453501 0.015355303093333437 0.041789923700947473 0.028564728621562882 0.19515586926304923 -0.032350918499991894 0.015860480308781337 -0.021523067330645764 -0.01277708974103433 -0.0022794197329916092 0.031387055404882458 0.21032530925173726 -0.013141799206013924 0.012738756380534129 -0.018952406340339675 0.027440826898169762 0.035871260225152649 -0.030539189742763342 0.14323334722509115 -0.084500026106395121 -0.00032434057411504744 0.058559330185360359 0.038597182634893694 0.077816515685856652 -0.026584272832799589 0.34479687803385223 0.098778819006934776 0.066927958754201267 -0.0064195837554482122 0.069896931847938701 -0.1449517117147914 1.1557106263705792 0.045632059916169795 0.021932110532759161 0.06841492670827673 0.061118100403124133 -0.03292423934757268 -2.6138741541525441 0.021321028188942152 -0.18922791669937278 -1.0648257649302584 -3.1890961844382488 -8.4421866986816525 0.10008337714287058 -0.47746205635211841 -0.57652192463812979
leaf_weight=352.82538313616533 16.239284127950668 1018.6393151911907 579.43988774984609 98.882704840740189 397.04940107720904 10785.925025500124 58.567869058111683 92.137568191159517 9433.134776276187 1252.9830907728756 3321.8220775995869 360.86130290641449 298.59300778224133 1344.8370589478873 3357.157289598952 3152.6678880167892 28.702874239999801 497.63338184950408 408.64297804515809 2455.8378194700927 29.931100255344063 1.4396687406115223 2296.242150382488 246.74463055818342 4464.5434435594361 1274.667195970891 1225.9846262952778 9.9619979213457537 1904.5188811410917 1928.938677765429 821.61283676326275 762.84019850753248 580.52956691686995 150.70267482497729 8.2828330860938859 189.27168823371176 40133.390188198071 821.20540589321172 50.491123011335731 75.941479561617598 307.04860443924554 1.5649381584953519 449.89538686571177 125.00245078105945 116.02411153563298 320.89213912177365 44.434020673274063 1.1126676963176576 169.3585882440093 144.71302684070542 10.588690998149103 25.396714050380979 46.739212107146159 0.33157903951360523 7.6018726055626749 12.352275632263629 0.34282625839114089 0.36473392654443149 0.14047712099272758 0.099315460072830319 5.7074173811124638 0.44275904592359439
leaf_count=201128 545 77145 334326 36205 26637 183126 950 1113 184797 15315 49413 5462 4352 21764 79648 50643 602 5937 3574 39463 724 174 135846 4049 47810 28615 30092 169 30165 20402 10497 17507 9752 6554 117 3290 602657 1039388 1661 1550 15664 155 786983 5751 1025 28154 690 109 145952 123328 9671 22127 30625 178 5213 8887 41 171 127 120 3279 176
internal_value=7.93792e-05 -0.000858111 -0.000517557 -0.000847432 -0.000752038 -0.000464795 -0.011704 -0.00622776 2.36586e-05 0.00659182 -0.00361842 0.0217095 0.0267348 0.0418016 -0.00127598 -0.000235823 -0.00229825 0.00409422 0.00250829 0.0119472 0.0423262 -0.000283646 -0.00357617 0.00460879 -0.00739642 -0.020589 0.0225224 -0.0279685 0.000207179 0.0082546 0.00327234 0.00216431 -0.00184408 0.0221845 -0.0940645 -0.0154685 -0.000475434 0.0705674 -0.054296 0.0960349 0.0108543 0.432066 0.0727947 0.00876566 -0.0548265 0.0805836 -0.0833872 0.681769 0.0308509 0.00686794 -0.0188954 -0.0725543 -0.11263 -0.210738 -0.318683 -0.449344 -0.412444 -0.80092 -2.64503 -4.90421 -0.636004 -1.75659
internal_weight=98080 96792.6 96439.8 95436.2 95337.3 94318.7 3928.35 3480.81 90390.3 14931 3380.39 3382.28 3021.42 1643.43 75459.3 66026.1 44723.9 21302.3 20453.8 8016.96 848.457 40286.6 12436.8 5561.12 9833.55 4437.3 1472.73 3162.63 5063.71 3159.19 2750.55 11548.8 4088.39 731.232 100.42 4769.84 40206.5 1287.34 447.541 80.0588 2603.29 4.11727 1271.1 1377.99 305.296 350.823 73.1369 2.67761 1003.62 424.179 254.821 110.108 84.7112 37.9719 27.3833 19.7814 19.4498 7.09753 0.582619 0.239793 6.51491 0.807493
internal_count=4501590 2674674 2473546 1789325 1753120 1675975 79891 51593 1596084 253277 50363 52644 47182 26116 1342807 1158010 685364 472646 437831 169558 34815 605937 268273 130095 116763 79427 34141 50812 64638 34473 30899 200633 95954 16306 1230 52125 603949 1826916 28298 1988 151510 438 1826371 21066 4315 28878 1292 264 684221 349895 203943 80615 58488 27863 18192 12979 12801 3914 288 247 3626 347
is_linear=0
shrinkage=0.1


Tree=64
num_leaves=63
num_cat=0
split_feature=65 69 68 68 65 59 71 73 46 35 49 71 19 18 20 3 56 7 51 27 75 74 68 20 74 58 9 66 21 7 72 73 25 7 7 21 4 8 65 60 73 25 17 68 55 3 0 1 7 66 68 24 0 48 4 65 0 1 26 66 56 59
split_gain=677.508 272.303 76.7491 65.5676 64.28 59.9684 74.9128 51.4011 52.0141 55.4521 170.661 99.6729 159.304 102.302 107.667 102.463 87.5516 112.811 79.8383 75.8124 72.3023 71.1596 70.7184 69.4502 118.492 65.469 62.877 57.6352 56.6702 104.735 54.7726 56.1891 49.3247 48.7759 48.0226 52.5386 60.4716 47.9621 46.7812 45.9099 44.7371 44.3364 76.1012 96.1975 62.4849 54.5017 46.6757 44.1332 63.9048 60.6968 58.031 63.4093 44.83 43.9384 142.162 90.2921 56.9072 50.618 47.17 43.3466 43.1984 42.8394
threshold=0.99796578288078319 -0.86828818917274464 0.81430065631866466 0.99810996651649486 0.020104739814996723 0.016588219441473488 0.7604079842567445 -0.61944708228111256 0.99856695532798778 3.5000000000000004 0.90454545617103588 0.37647342681884771 0.22768775373697284 3.5000000000000004 0.9999997913837434 78.319625854492202 0.88194444775581371 87.730617523193374 97.70084381103517 43.500000000000007 1.0000000180025095e-35 1.0000000180025095e-35 0.0088348607532680052 1.0000000180025095e-35 1.0000000180025095e-35 85.771392822265639 0.64583334326744091 8.5000000000000018 1.0000000180025095e-35 99.350620269775405 0.11736276373267175 0.18280905485153201 3.5000000000000004 53.813833236694343 98.120273590087905 1.0000000180025095e-35 0.842106193304062 61.772405624389656 0.050683282315731056 4.5000000000000009 0.83356112241745006 2.5000000000000004 1.0000000180025095e-35 0.0055166697129607209 inf 85.215545654296889 82.637680053710952 98.979484558105483 91.117687225341811 44.500000000000007 0.98466318845748912 2.5000000000000004 78.830558776855483 27.902544975280765 0.94447892904281627 0.99940145015716564 98.837055206298842 94.360820770263686 3.5000000000000004 3.5000000000000004 0.64583334326744091 0.6464107632637025
decision_type=2 2 2 2 2 2 2 8 2 2 10 2 2 10 2 2 10 8 2 2 2 2 2 2 2 2 10 2 2 10 10 10 2 10 10 2 2 10 2 2 10 2 2 2 8 2 2 2 10 2 2 2 2 10 2 2 2 2 2 2 10 2
left_child=1 -1 53 4 5 6 -3 33 9 10 27 12 13 14 16 21 17 22 -18 -19 -20 -15 39 -21 26 41 40 34 -16 -30 31 47 -26 -6 -9 -36 -37 -33 -23 -11 60 42 43 -14 45 46 -43 48 49 -13 -49 -52 -53 54 55 57 58 -2 -55 -27 -25 -7
right_child=2 3 -4 -5 7 61 -8 8 -10 11 -12 30 25 15 28 -17 18 19 20 23 -22 38 -24 24 32 59 -28 -29 29 -31 -32 37 -34 -35 35 36 -38 -39 -40 -41 -42 44 -44 -45 -46 -47 -48 50 -50 -51 51 52 -54 56 -56 -57 -58 -59 -60 -61 -62 -63
leaf_value=-0.092392081726655528 0.10010579893569929 0.026389209623378564 -0.074394437975574421 -0.080764609737598914 -0.11326100428121044 -0.024169789913835449 -0.038444630288015098 -0.0035384156570579871 -0.0056908960051737997 0.015507451094115277 0.022076840580761769 -0.019506941626197545 0.067430290611034449 0.021730373331299319 -0.002163703681927239 -0.0058231799113217528 -0.032194803752945554 -0.00013110403985877413 0.025778615154018941 -0.1126887610597833 -0.17751191508981237 0.38799216693378169 -0.0250060300111161 -0.021206342868228745 -3.5894624251916773e-05 0.0069691042088231726 -0.076774720422503231 0.0073449601298302084 0.013537326409425255 0.081942950536154441 0.0267444311458322 -0.015158736892039802 0.11461814718054193 -0.018815976796237439 -0.020461233133197348 0.050448229361987 -0.028179782977013991 0.087455275868617441 0.091266705069884491 0.056109166350930356 -0.10671250616219968 0.023139040838826702 0.0069846170247667696 0.006836736621775562 0.060716761522511146 -0.006114085322601299 0.11780456314538604 -0.00090744769477979275 -0.0020990151686486268 -0.077591677188972155 -0.026134071289407996 0.15535769414136105 0.6104694733063275 0.0564594184699738 0.057243446886319507 0.075026757179339196 0.097324404145443147 0.48288967214963741 -0.07106211100061402 0.022893464738430833 0.12272761571569471 0.16242256499469321
leaf_weight=321.71800504135899 4.2242312041926224 622.84307705238461 37.197478320566006 101.00721294537652 70.655510892043822 2197.4025961800944 249.6533144635614 26351.132003951061 11985.235154976021 1480.6202384845237 2840.4760214517009 2212.0445032375865 962.81816299096681 2897.7526159538538 1560.0232001406257 1761.9496663849568 2251.9829920822522 2151.8207289105048 379.39222634054022 91.022413922124542 18.340928018442355 5.6370228175073853 366.28875060833525 1355.052849228261 69.711300870520063 6378.5702545707463 252.84299543686211 4332.3663591463701 1429.271823467745 265.38558382191695 592.84502231609076 72.775328175281174 81.260088726412505 241.88149566552602 3085.0120372012607 236.43695974012371 166.82999859633856 121.75579214387108 92.510355310165323 343.01399847387802 60.702323567587882 321.6706443647854 560.8550719008781 359.95961718971375 253.78525400371291 960.39386700093746 62.147086049895734 8333.1342117227614 2847.5130428831326 195.83117481076624 7.375926319742578 4.5323388454271463 4.1426651733927429 901.72092554182746 81.136743022652809 11.977806937589774 403.23996812774567 18.96110130607849 29.970818905974738 2335.1240769696888 21.177561310469173 12.37355346418917
leaf_count=201366 4393 28086 3021 36262 1104 152806 21747 437328 221491 22666 140842 51202 17417 44005 66797 39034 48516 30905 43463 1135 637 72 4512 22488 1617 156096 5479 80571 52599 13397 7926 1321 3034 4478 102365 8443 6028 2040 4555 3370 884 4055 13794 3969 5325 16086 1430 62383 33821 6367 430 334 270 1234568 128834 17334 788489 2768 38427 45536 277 355
internal_value=0.000488762 -0.000545651 0.0674408 -0.000237905 -0.000153104 -0.0143603 0.00783786 0.00031861 0.000455372 0.00137006 -0.0014754 0.00378986 0.0071535 0.000878286 -0.00397974 0.0133126 -0.00965844 -0.00322097 -0.0248999 -0.013041 0.0164041 0.0245667 0.0150907 -0.0274216 -0.0232052 0.015868 -0.0307889 -0.00343315 0.0115893 0.0242497 -0.00301858 -0.00429728 0.0616764 -0.0401672 -0.00499801 -0.0160241 0.0179201 0.0490667 0.108309 0.0231444 -0.0226972 0.0274592 0.0378531 0.0509413 0.0152074 0.00661535 0.0384671 -0.00506033 -0.0122393 -0.0242309 -0.000541555 0.189418 0.372692 0.0710763 0.130028 0.297972 0.0659404 0.413149 0.0523573 0.0112366 -0.0189915 -0.023125
internal_weight=97826.5 96338.1 1488.43 96016.3 95915.3 3082.27 872.496 92833.1 92520.5 80535.3 37012.3 43523 29131.1 16935.8 12177.9 4757.85 8923.23 6273.51 2649.72 4083.59 397.733 2995.9 2189.92 1931.77 1840.75 12195.3 1689.78 34171.8 3254.68 1694.66 14392 13799.1 150.971 312.537 29839.4 3488.28 403.267 194.531 98.1474 1823.63 1436.93 3481.63 1883.63 1322.78 1598 1344.21 383.818 13604.6 5255.39 2407.88 8349.19 16.0509 8.675 1451.23 116.3 35.1631 1334.93 23.1853 931.692 8713.69 1376.23 2209.78
internal_count=4500350 2282516 2217834 2081150 2044888 202994 49833 1841894 1836312 1614821 775577 839244 673150 409442 321776 87666 188983 96367 92616 65819 44100 48632 30548 34914 33779 263708 29128 634735 132793 65996 166094 158168 4651 5582 554164 116836 14471 3361 4627 26036 23649 62076 35180 21386 26896 21571 5485 154807 91390 57569 63417 1034 604 2214813 153329 24495 2061484 7161 1272995 201632 22765 153161
is_linear=0
shrinkage=0.1


Tree=65
num_leaves=63
num_cat=0
split_feature=65 69 72 52 71 66 52 73 11 7 34 27 65 40 55 38 38 7 59 34 18 55 72 53 27 71 30 8 51 9 10 52 4 56 34 34 27 28 0 71 20 1 4 6 73 55 19 74 0 38 37 25 39 0 0 48 4 73 0 28 34 2
split_gain=590.89 248.602 66.8329 107.979 58.8064 78.5677 131.528 88.8229 76.5331 102.609 67.685 66.8754 64.482 63.8167 91.9228 77.5966 70.3092 84.2683 62.9535 61.1036 192.458 92.8561 76.3067 92.7446 73.1945 67.9405 164.492 136.709 184.575 105.851 100.324 93.8352 92.6977 78.3132 75.5645 74.1221 153.724 187.979 114.065 83.6674 64.9856 87.5326 92.6232 86.7813 85.3046 65.8483 78.1023 64.5858 60.9584 60.558 57.3011 86.2765 56.8584 56.6674 56.4679 63.1895 75.1711 56.3494 55.4555 54.7289 51.3931 54.1216
threshold=0.99759849905967724 -0.86828818917274464 -0.71259117126464833 96.178188323974624 1.1375166177749636 7.5000000000000009 70.678733825683608 -0.61944708228111256 1.0000000180025095e-35 98.046844482421889 0.67062723636627208 180.50000000000003 0.018258499912917617 1.0000000180025095e-35 inf 93.88999176025392 93.357845306396499 93.629318237304702 0.17260002344846728 1.2104409933090212 6.5000000000000009 0.89444443583488475 0.76218989491462719 39.105447769165046 2.5000000000000004 0.24241367727518084 9.5000000000000018 31.488772392272953 98.213714599609389 0.18333333730697635 1.5000000000000002 48.331480026245124 0.85557502508163463 0.89444443583488475 1.0000001788139345 0.65968337655067455 1.5000000000000002 7.5000000000000009 81.872947692871108 0.051072925329208381 0.92653408646583568 38.327016830444343 0.7576034963130952 1.0000000180025095e-35 0.10757997632026674 0.90454545617103588 0.2058202922344208 1.0000000180025095e-35 9.2665472030639666 81.589473724365249 60.943256378173835 1.5000000000000002 0.84523808956146251 71.834934234619155 98.717739105224624 1.0000000180025095e-35 0.94737470149993908 0.14949497580528262 95.538970947265639 13.500000000000002 1.074667811393738 77.459678649902358
decision_type=2 2 8 10 2 2 8 8 2 10 2 2 2 2 8 10 8 10 2 2 8 8 10 10 2 2 2 10 2 8 2 8 2 8 2 2 2 2 2 2 2 2 2 2 8 10 2 2 2 8 2 2 10 2 2 10 2 10 2 2 2 2
left_child=1 -1 3 -3 5 7 10 -4 11 12 -7 19 -10 15 16 49 18 -18 -15 22 21 -21 25 24 -24 26 35 -28 29 31 40 -29 -32 -30 -34 39 37 -37 -38 -9 45 44 -43 47 -42 -31 -47 50 -11 -14 51 53 -17 59 55 56 -2 -27 -51 -44 -45 -62
right_child=54 2 4 -5 -6 6 -8 8 9 48 -12 -13 13 14 -16 52 17 -19 -20 20 -22 -23 23 -25 -26 57 27 28 33 30 32 -33 34 -35 -36 36 38 -39 -40 -41 41 42 43 60 -46 46 -48 -49 -50 58 -52 -53 -54 -55 -56 -57 -58 -59 -60 -61 61 -63
leaf_value=-0.092656578851963933 0.22905007270636948 -0.082273904470799672 -0.073638037481620622 -0.00031171102682951365 -0.010087664000979012 -0.047984434134178106 0.013277420151837992 0.073964728907194618 -0.023913760913121342 -0.05305939457735627 -0.0048954453114137993 0.032620636416892272 0.00084577621973525594 0.0365284374217709 -0.058924518142675658 0.015136392587382759 -0.01092914614347361 0.015807039480960031 0.0093264803597796122 -0.067023653244583078 0.041328726608499157 -0.015425052662467763 -0.15347461568747364 0.085946688087100306 0.00014390883089491881 -0.0015354624910265994 -0.035865863990928587 0.0099700933384623599 0.00061367226257071008 0.0054718216238632579 0.028588399106251623 0.087917770903296388 -0.032318252700321126 0.053604569122613036 0.01493071433901199 0.0014073266303649169 0.010819154949922699 -0.15514923776690259 0.066790701368059591 0.0093795294265367236 -0.023984386089440798 -0.038137299129991253 -0.32472914513037687 -0.028620325058357717 0.048320576262694974 -0.03656724615867734 0.024179201269524525 -0.11628570748497782 -0.014418259715067243 -0.0084233318687301634 0.010964422586912314 -0.016279783676284389 -0.051551521385875015 0.053361693553360484 0.094178921920702124 0.043320786647219306 0.045708458949389512 0.051626406770243397 -0.037523548728847063 0.081643505203043587 -0.49403840991657744 -0.14798647605498833
leaf_weight=293.65145129838493 41.779238818213344 260.74487625085749 167.03306875366252 419.07029461301863 5746.8687958379742 458.32058892119676 9311.8666139011038 603.03651350468863 1293.1507848204346 462.71365355746821 1781.8575195820304 731.2722812857246 8489.4838999630883 1082.4615201067645 217.51070877932943 2636.7060160909314 3324.9712891777745 1826.4278985260753 3975.1058338105213 452.12529188708868 516.53669331502169 1525.6144319365267 89.211226087063551 33.338701472966932 47.547376414760947 16714.184165159706 842.6275924135698 394.72338999714702 379.70220437343232 748.00181771768257 1786.3432266281452 253.70456858049147 607.05314459756482 1050.4174333561677 765.06246241403278 859.2758592707105 716.88082805508748 84.211238552932627 739.87474207137711 300.54966536909342 222.85858979797922 754.31151910789777 21.576345995767046 26.29593433032278 609.20455760625191 1766.747634663363 240.45827578357421 43.732279852847569 3468.938837712747 13418.26011299307 2305.7358743172372 189.84668834565673 134.36496500193607 7.3195447226753449 413.29916341826902 981.81264455293422 48.119615215575323 201.79030294448603 688.46562980231829 3.9155378352152175 5.879285273258577 19.540405164589174
leaf_count=201567 26985 18598 5632 17767 111173 8545 208385 13151 97357 9257 34336 31395 122611 22532 3758 47266 62790 38028 55261 17274 36657 109815 865 1147 405 139966 9933 3539 15716 13727 48346 9140 17439 134351 18337 69124 8942 1034 10428 2365 2523 11973 913 2073 31611 31009 9906 1151 87677 186008 51082 3584 2823 687 857977 1320073 68074 4022 24087 296 170 385
internal_value=0.000180151 -0.000786972 -0.000505442 -0.0317485 -0.000282208 0.000348125 0.0080438 -0.000793881 -0.000637245 -0.00360468 -0.0137111 0.00268295 -0.00197621 -0.00118365 0.00540249 -0.0038907 0.00677304 -0.00144984 0.0151485 0.00207363 -0.013025 -0.0272209 0.0032 -0.0636075 -0.100065 0.00354161 0.00813863 0.00309069 0.0057808 0.0012996 -0.00120911 0.040468 0.0135739 0.0395353 -0.00597323 0.0280702 0.0188801 -0.0125662 0.0392467 0.0524825 -0.00791246 -9.87047e-05 -0.00725472 0.00162352 0.0289545 -0.0198526 -0.02929 0.00420226 -0.0189659 -0.00582752 0.00628628 -0.0421582 0.0119028 -0.191891 0.062778 0.0506684 0.130914 -0.000901296 -0.00984354 -0.262311 -0.126633 -0.228024
internal_weight=97603.5 96118.5 95824.8 679.815 95145 89398.1 11552 77846.1 77679.1 41018.6 2240.18 36660.5 37086.9 35793.8 10426.5 25367.3 10209 5151.4 5057.57 35929.2 2494.28 1977.74 33435 170.097 136.759 33264.9 16348.9 13045.1 12202.4 10772.3 10123.9 648.428 3158.46 1430.12 1372.12 3303.83 2400.24 943.487 1456.76 903.586 6965.42 4210.22 3378.15 2623.84 832.063 2755.21 2007.21 2572.13 3931.65 22596.2 2528.39 222.658 2771.07 32.8114 1485.01 1071.71 89.8989 16916 14106.7 25.4919 51.7156 25.4197
internal_count=4503048 2229939 2028372 36365 1992007 1880834 251266 1629568 1623936 759455 42881 864481 662521 565164 182369 382795 178611 100818 77793 833086 163746 127089 669340 2417 1270 666923 522935 417891 407958 257891 245212 12679 84122 150067 35776 105044 89528 70158 19370 15516 161090 106448 72314 60341 34134 54642 40915 57713 96934 332706 56562 5480 50089 1896 2273109 1415132 95059 143988 210095 1209 2628 555
is_linear=0
shrinkage=0.1


Tree=66
num_leaves=63
num_cat=0
split_feature=65 68 65 26 71 0 60 62 68 7 62 62 60 62 63 41 4 33 68 0 48 65 46 62 60 7 71 65 55 62 73 18 60 34 2 0 64 71 28 7 2 28 65 59 59 72 52 66 52 4 73 73 25 59 8 21 2 25 41 25 70 73
split_gain=489.081 209.378 65.7847 86.6435 54.8458 86.5681 62.909 118.274 201.313 94.938 57.7207 107.243 98.7258 66.589 62.6449 55.7054 69.8193 55.6755 54.5285 47.4186 56.0572 61.8876 47.0223 57.9942 56.1986 46.882 48.1564 45.9184 44.8115 42.2118 40.8644 42.7727 40.354 39.5011 60.095 75.6082 44.1741 44.1294 51.056 43.3058 41.5993 39.0086 38.7308 66.6965 45.5721 49.272 86.2321 56.8953 52.9258 39.8234 55.3326 46.6746 43.8093 39.695 39.6484 47.4985 38.7963 52.3672 38.6991 38.4197 38.1971 45.919
threshold=0.99807840585708629 0.99508434534072887 0.18928714096546176 1.0000000180025095e-35 0.96879127621650707 99.51456451416017 4.5000000000000009 4.6439712047576913 0.0063759735785424718 99.069747924804702 4.0668962001800546 3.8341623544692998 3.5000000000000004 3.1834826469421391 3.5000000000000004 0.87230557203292858 0.60010895133018505 0.54089215397834789 0.74909621477127086 98.837055206298842 1.0000000180025095e-35 0.99940145015716564 0.99917766451835643 4.999624729156495 5.5000000000000009 73.357315063476577 0.0026468038558959965 0.027759895659983162 0.35416667163372045 7.0780844688415536 -0.084597706794738756 1.5000000000000002 5.5000000000000009 1.0857557654380801 81.872947692871108 74.64676666259767 0.27346333861351019 0.46609540283679968 104.50000000000001 99.803920745849624 19.139194488525394 123.50000000000001 0.98913982510566723 0.98974925279617321 0.97111141681671154 0.089018024504184737 90.366767883300795 6.5000000000000009 82.807880401611342 0.842106193304062 1.0000000180025095e-35 -0.3449405282735824 4.5000000000000009 0.99617803096771251 97.15299224853517 1.0000000180025095e-35 3.6700336933135991 4.5000000000000009 0.0021108232904225592 1.5000000000000002 1.0000000180025095e-35 -0.039813786745071404
decision_type=2 2 2 2 2 2 2 2 2 8 2 2 2 2 2 2 2 2 2 2 10 2 2 2 2 8 2 2 8 2 8 10 2 2 2 2 2 2 2 10 2 2 2 2 2 8 8 2 10 2 10 10 2 2 10 2 2 2 2 2 2 10
left_child=1 2 3 25 5 6 9 8 32 10 11 12 13 15 41 16 30 -18 19 20 21 -2 23 24 -9 26 -1 -6 -26 42 -5 -32 -8 34 36 -36 -11 38 -37 -35 -38 -14 44 -44 45 46 60 48 54 50 -48 -51 -52 -46 -47 -56 57 -50 -22 -45 -4 -62
right_child=18 -3 29 4 27 -7 7 22 -10 33 -12 -13 14 -15 -16 -17 17 -19 -20 -21 58 -23 -24 -25 28 -27 -28 -29 -30 -31 31 -33 -34 39 35 37 40 -39 -40 -41 -42 -43 43 59 53 47 49 -49 56 51 52 -53 -54 -55 55 -57 -58 -59 -60 -61 61 -63
leaf_value=0.10407685629324864 0.23353434352556868 -0.08284638422478377 -0.013465688276365332 -0.042277323089068571 -0.047851924573400463 0.040000104994934477 0.035932628286252322 -0.028214260989190099 -0.004388300367922651 0.082159724993095568 0.032919402637133999 -0.034858484197693357 0.019738546737489333 0.045646520156707837 -0.014949911798337335 -0.019691870092388205 -0.016055272324272771 0.016874941660163897 -0.057537139415234133 0.095568426855677804 -0.18211121520408113 0.055052514023359866 -0.021579742901564804 0.010492304073547627 0.081029753070485502 -0.034410449343071157 -0.057279547804070123 -0.011112417462412295 -0.0066997825550478372 0.026049627137139132 0.0049651742507916298 0.046009969769752246 0.072701835297615369 0.13988614802267504 -0.027206166899350612 0.031642004926044236 -0.016106100581871997 -0.0012562318603440671 -0.10564234727827096 -0.047101977477083792 0.027848058365716483 0.077767754175383605 0.033385255737795688 0.052960054504331111 -0.015359557444988204 0.013419257738902186 0.00062309740966936394 0.018866557060434191 -0.0016649925385256008 -0.10497270161798883 0.033964035517001993 0.0004844716832876503 -0.014998864154434742 0.062677488462948044 -0.018090177111714397 0.072763113013978128 0.00063488426564359496 -0.15876080766213163 0.046956517491955008 -0.016449139949922271 -0.050110535370815168 0.0067969066213750973
leaf_weight=50.380015568807721 34.518699121923419 307.71713902417105 6574.1970751793124 105.74334013473708 406.5437710925471 490.98047093662899 1201.6274665654637 932.91100647347048 1696.6319222411839 122.95107256481424 312.60528218606487 1603.8324191551656 1215.6982041264419 202.33048782777041 544.12861403042916 5107.6569775961107 3434.6642181081697 603.65949243877549 37.561427996843122 357.5720392356161 7.44203423091676 44.436972092080396 1266.892006914597 2226.8023769974243 91.123721113428473 1199.023375375662 29.225940037285909 2084.2772970352089 161.26086168887559 698.7406469687121 577.86745080037508 452.86307988711633 397.1271988870576 13.205269604455678 746.55633498472162 840.35127850808203 264.42820889165159 1458.8609548873501 27.992091981694102 199.54272372392006 1159.4299686589511 128.043381756288 966.77188826317433 91.930345828644931 2184.9906317261048 5992.6218230474042 1844.4655621421989 2527.7825545838568 51.796422711806372 42.055781299713999 1236.3047499114182 20343.351116220467 214.4353325846605 67.187336658476852 706.82436849211808 62.643800501362421 18096.084676742088 35.944509877474047 821.00909071002388 601.78992937569274 153.7295130037237 1826.1320761219831
leaf_count=549 14204 180706 103453 5244 61902 3864 21853 19937 38492 1789 4900 39055 24829 2955 11153 118026 72835 9591 4148 846192 11674 75879 26766 41812 1990 34902 2031 77915 3070 11238 9109 6913 7073 355 13740 7461 3230 26545 386 3828 14032 2690 341372 40411 105475 82045 21972 26386 3198 746 50046 148824 5541 7660 11773 3172 230055 557 1248674 183056 5448 16857
internal_value=0.000335009 -0.000490947 -0.000226075 -0.00398153 -0.00289774 -0.00161466 -0.00236869 0.00509271 0.0196044 -0.00548023 -0.0095782 -0.0105287 -0.00737493 -0.0111654 0.0136763 -0.0122833 -0.0049708 -0.0111328 0.0612001 0.0647258 0.0525719 0.133083 -0.00512781 0.000980691 -0.0168887 -0.0294766 0.0448377 -0.0171089 0.0249751 0.00160479 0.0169251 0.0229987 0.045066 0.00663491 0.00857475 0.000484633 0.0246511 0.00936771 0.0272165 -0.0354956 0.0196852 0.0252681 0.00133631 0.0164082 0.000932398 0.00145911 -0.00119293 0.00457073 0.00312212 0.00191566 0.0121154 0.00026691 0.0267268 -0.0130315 0.0106754 -0.0106936 0.000313251 -0.0660219 0.0448988 -0.00725118 -0.00979857 0.00237824
internal_weight=97287.3 95984.7 95677 31357.2 30078.6 27587.8 27096.8 7974.38 3295.39 19122.4 14289.1 13976.5 12372.7 10484.8 1887.87 10282.5 5174.8 4038.32 1302.54 1264.98 907.407 78.9557 4678.99 3412.1 1185.3 1278.63 79.606 2490.82 252.385 64319.8 1136.47 1030.73 1598.75 4833.32 4620.57 3073.76 1546.81 2327.2 868.343 212.748 1423.86 1343.74 63621 1660.49 61960.5 59708.4 32234.7 27473.7 24945.9 23680.6 3295.21 20385.4 1450.74 2252.18 6762.09 769.468 18183.8 87.7409 828.451 693.72 8554.06 1979.86
internal_count=4501584 2300813 2120107 720822 683340 543523 539659 160993 67418 378666 307300 302400 263345 224673 38672 221718 103692 82426 2200771 2196623 1350431 90083 93575 66809 24997 37482 2580 139817 5060 1399285 21266 16022 28926 71366 67183 48132 19051 34392 7847 4183 17262 27519 1388047 564839 823208 710073 352887 357186 330800 227129 77559 149570 55587 113135 96990 14945 233810 3755 1260348 223467 125758 22305
is_linear=0
shrinkage=0.1


Tree=67
num_leaves=63
num_cat=0
split_feature=69 69 72 68 6 66 51 66 0 3 2 1 2 74 73 25 52 24 1 25 71 48 66 1 28 17 0 28 28 34 62 55 63 25 28 11 69 62 2 51 58 55 3 20 28 69 73 51 73 54 25 75 3 18 1 64 28 25 66 34 34 64
split_gain=401.561 211.473 62.2236 109.636 189.107 75.3144 70.4393 80.3238 54.7556 150.036 121.109 60.6131 59.2161 113.485 122.91 98.1829 92.1818 144.187 153.96 194.1 107.765 87.28 83.7681 91.0052 91.7849 89.8864 80.264 77.4749 75.928 75.4305 80.3407 81.9855 81.2329 74.5072 142.969 73.0657 72.3193 71.3918 69.3472 64.091 63.5875 58.5545 58.3618 57.8576 56.6285 56.0433 75.0737 68.9163 55.1544 54.3985 54.2638 52.9712 67.2076 81.8781 54.716 52.8105 52.0682 51.384 50.465 76.559 87.4006 82.9465
threshold=0.99730131030082714 -0.86828818917274464 -0.040389619767665856 0.0011328186374157669 1.0000000180025095e-35 2.5000000000000004 98.213714599609389 1.5000000000000002 8.9220566749572772 10.435571670532228 7.8689370155334482 8.9719939231872576 70.678733825683608 1.0000000180025095e-35 0.084565371274948134 5.5000000000000009 87.939392089843764 2.5000000000000004 97.801933288574233 1.5000000000000002 0.020906619727611545 61.586839675903327 1.5000000000000002 68.457099914550795 55.500000000000007 1.0000000180025095e-35 63.702239990234382 35.500000000000007 50.500000000000007 0.41717593371868139 3.0574865341186528 0.80909091234207164 3.5000000000000004 4.5000000000000009 15.500000000000002 1.0000000180025095e-35 0.034061813727021224 4.0250818729400644 42.206478118896491 93.643951416015639 67.486778259277358 0.84523808956146251 60.188678741455085 0.5341489613056184 683.00000000000011 -0.21138011664152143 -0.060889661312103265 14.87009382247925 0.95038396120071422 63.917234420776374 4.5000000000000009 1.0000000180025095e-35 96.720428466796889 1.5000000000000002 57.321428298950202 0.90248000621795665 219.50000000000003 2.5000000000000004 4.5000000000000009 0.56108394265174877 0.99409067630767833 0.85877087712287914
decision_type=2 2 8 2 2 2 2 2 2 2 2 2 2 2 10 2 8 2 2 2 2 8 2 2 2 2 2 2 2 2 2 10 2 2 2 2 2 2 2 2 2 8 2 2 2 2 10 2 10 10 2 2 2 10 2 2 2 2 2 2 2 2
left_child=1 -1 3 6 -5 -6 7 -3 9 44 11 57 13 15 -15 16 21 18 33 41 39 -10 23 24 25 38 42 -16 58 -30 31 43 49 51 -35 -25 -29 -34 -23 50 -27 -20 -14 -31 -4 46 -24 -48 -42 -32 -19 52 53 -18 -54 -55 -26 -11 59 -28 61 -61
right_child=-2 2 8 4 5 -7 -8 -9 12 10 -12 -13 26 14 27 -17 17 20 19 -21 -22 22 45 35 56 40 28 36 29 30 32 -33 37 34 -36 -37 -38 -39 -40 -41 48 -43 -44 -45 -46 -47 47 -49 -50 -51 -52 -53 54 55 -56 -57 -58 -59 -60 60 -62 -63
leaf_value=-0.092169152158118453 0.059930867146520406 0.0076058631041515503 0.0021223104922552917 -0.086519564594904549 0.051723888749455452 -0.022514863420211702 0.028397104136221679 -0.049754584194940971 -0.027772266606537269 -0.020435263288159731 0.013367604495302506 0.11582379989790535 0.068273303859352028 -0.012379213513173015 -0.0002084322140528368 -0.062594640975883006 0.015036884920775035 0.048070981547196821 0.17757400930498213 -0.067393833661968577 0.0015691983288817501 -0.024235818050020105 -0.055388113180032152 0.0085061896077901107 -0.0094384408042989931 0.049927793581142632 0.01543519395996752 0.33364306454046011 -0.084116356961308605 0.0098168942899040709 -0.00054848434281484781 0.033222892246769734 -0.010041602217691528 0.11358954304671116 -0.070483255413629112 -0.035465165135838042 0.090358795821193896 0.025834531477550396 0.080612369554944455 0.078410131752723003 0.013663430521471674 0.010324629321852775 -0.017907876788710534 -0.012907431194691255 -0.069533893022758864 -0.0083187220034499961 -0.027540176772216748 0.043702537912327061 -0.24661126107651424 0.068844776202428723 -0.052462149723231405 -0.0092528456735615112 -0.041519707922248232 0.047082668860799703 0.011900840377009739 0.13282729826035108 0.043003048968426244 -0.09976561894021968 0.0036928985036318654 -0.0098702577683204163 -0.0023842332451812446 -0.041287745848399234
leaf_weight=251.30090311402455 1110.2767123141093 663.08993846719386 2432.3803877477185 474.28996483969968 169.76566342351725 700.5865713651292 649.07700434216531 386.38289730256656 1068.3045410924824 102.10977566574002 200.96688265289413 15.667246527271343 80.488311030901968 239.71188342396636 101.25688083877321 220.43652553591528 1251.5774413288746 197.90903514120146 43.704568367480533 480.55904963499052 435.24049042761908 409.97193867602618 121.91588993859477 945.14933696851949 1189.549125293066 1546.5491877500026 2088.2886265010457 12.692528586601837 86.665564607246779 2002.09984329078 144.93605694145663 729.06170065770857 825.96232088183751 51.365867170970887 236.33924048440531 629.6490762240137 327.3238118365407 1688.7446047590929 74.553827527910471 668.09624639916001 512.55014537496027 40.175863018579548 3311.5925723095424 2544.1914157268184 115.52595611161087 6456.2254470315238 171.91442115907557 646.02971283148509 8.2731404866208305 512.15729067812208 73.677451431751251 788.23373455143883 211.01062121047289 821.79952528706053 2098.7165649472154 78.709791048779152 225.16993445294793 407.46382983413059 14245.473388384591 3997.7512344445859 33795.585165959114 1063.9956418359652
leaf_count=201559 1946423 13347 70750 46085 6545 28637 22582 7019 21194 3793 4906 251 1796 4023 4157 5052 48134 3788 1164 14373 12007 3905 11049 14014 27765 34918 27022 246 1518 50369 5403 74563 32746 1151 4782 10116 29396 72470 2130 33693 17668 6208 82270 58702 2331 104529 5087 15709 277 24567 1253 8405 6049 35302 76457 1130 5343 8438 321306 85026 706546 25313
internal_value=0.000135863 -0.000555185 -0.000314912 -0.0143852 -0.0357181 -0.0080343 0.0025027 -0.0135124 0.000146619 -0.0125552 -0.0526522 -0.0779126 0.000611273 0.00506526 0.0452621 0.00380401 0.00448533 0.0134506 0.00685896 -0.0428941 0.0427056 -0.000300853 0.00196758 0.0112638 0.0193384 0.0306645 -0.000874186 0.0765745 -7.63339e-05 0.00870194 0.00965423 0.00209218 0.0222315 0.0119301 -0.0376195 -0.00907481 0.0994404 0.0140509 -0.00810286 0.0617591 0.0397503 0.0974673 -0.0158629 -0.00290007 -0.00112669 -0.00499746 0.0178174 0.0287288 0.00952904 0.0535386 0.0207978 0.0146454 0.0188673 0.031582 0.00702048 0.0545773 -0.00109173 -0.0838692 -0.00143366 -0.00321725 -0.00421968 -0.0164743
internal_weight=97180.2 96069.9 95818.6 3043.19 1344.64 870.352 1698.55 1049.47 92775.5 3274.11 726.208 525.241 89501.3 22384.3 680.985 21703.4 21482.9 7477.12 6102.19 564.439 1374.92 14005.8 12937.5 5541.42 3966.62 2551.9 67117 441.273 63724.9 8533.82 8447.15 5275.35 3171.8 5537.75 287.705 1574.8 340.016 2514.71 484.526 939.683 2067.37 83.8804 3392.08 4546.29 2547.91 7396.09 939.86 817.944 520.823 657.093 271.586 5250.05 4461.81 2152.09 2309.73 900.509 1414.72 509.574 55191.1 40945.6 38857.3 5061.75
internal_count=4502757 2556334 2354775 124215 81267 35182 42948 20366 2230560 90469 17388 12482 2140091 570474 37822 532652 527600 253896 203155 21745 50741 273704 252510 116136 92006 58898 1569617 33799 1485551 320338 318820 183634 135186 181410 5933 24130 29642 105216 6035 38734 52863 7372 84066 109071 73081 136374 31845 20796 17945 29970 5041 175477 167072 84566 82506 36432 33108 12231 1165213 843907 816885 110339
is_linear=0
shrinkage=0.1


Tree=68
num_leaves=63
num_cat=0
split_feature=65 69 71 65 48 55 24 68 20 26 9 20 25 20 49 46 8 68 71 33 2 0 71 8 27 21 48 33 7 73 55 69 9 9 71 53 19 27 64 4 64 73 55 0 41 48 65 7 28 4 7 0 47 52 36 0 55 38 66 7 33 36
split_gain=380.88 192.461 54.0242 52.1128 68.785 72.4615 59.5051 56.1812 54.3663 50.7809 57.9633 124.83 87.6628 83.1489 81.3953 116.012 71.3867 93.1931 69.7705 76.2305 81.2796 143.467 100.211 115.901 69.1548 66.5837 61.0108 59.4517 59.2887 82.5417 58.3737 58.155 53.9351 52.437 114.256 55.4278 51.9017 66.2502 53.8718 53.4781 81.2953 51.7072 51.5172 47.6105 52.2676 47.8438 50.2773 46.4571 45.3744 45.2302 44.7926 44.0471 71.4807 118.305 261.386 507.725 49.3698 112.479 43.9567 43.0227 42.5212 69.0989
threshold=0.99807840585708629 -0.86828818917274464 0.50746119022369396 0.83967128396034252 49.06817817687989 inf 2.5000000000000004 0.99265149235725414 0.89164474606513988 1.0000000180025095e-35 0.22500000149011615 0.68466511368751537 2.5000000000000004 0.93412792682647716 0.18333333730697635 0.8759824037551881 71.122566223144545 0.0069889866281300792 1.4755343198776247 0.19922822713851931 80.243904113769545 73.09759902954103 0.075176700949668898 75.052742004394545 732.50000000000011 1.0000000180025095e-35 80.781967163085952 0.53518959879875194 99.350620269775405 0.060391992330551154 0.13392857462167743 0.021739597432315353 0.64583334326744091 1.0000000180025095e-35 0.16411416977643969 99.846153259277358 0.21862090378999713 37.500000000000007 0.8816204071044923 0.95833742618560802 0.87449452280998241 0.040740162134170539 0.72077924013137828 98.837055206298842 0.0008427807188127191 1.0000000180025095e-35 0.99940145015716564 77.154106140136733 104.50000000000001 0.83109989762306224 85.791927337646499 84.028984069824233 32.071428298950202 90.070423126220717 0.9989357888698579 91.245105743408217 0.86607143282890331 81.589473724365249 5.5000000000000009 88.473194122314467 0.003844082355499268 0.78041800856590282
decision_type=2 2 2 2 10 8 2 2 2 2 10 2 2 2 10 2 10 2 2 2 2 2 2 10 2 2 10 2 10 8 10 2 10 8 2 10 2 2 2 2 2 8 10 2 2 10 2 10 2 2 8 2 2 10 2 2 8 8 2 8 2 2
left_child=1 -1 43 7 6 -6 -5 9 -7 33 13 12 16 18 32 26 17 27 19 -11 22 24 23 -21 30 -17 -16 -12 -27 -30 -22 58 -13 35 -35 60 -23 39 48 40 59 -28 -43 44 51 46 -46 -14 -39 -31 -4 -2 -53 56 55 -55 -54 -58 -24 -38 -3 -62
right_child=2 3 50 4 5 8 -8 -9 -10 10 11 14 47 -15 15 25 -18 -19 -20 20 21 36 31 -25 -26 28 41 -29 29 49 -32 -33 -34 34 -36 -37 37 38 -40 -41 -42 42 -44 -45 45 -47 -48 -49 -50 -51 -52 52 53 54 -56 -57 57 -59 -60 -61 61 -63
leaf_value=-0.091823093897075728 0.04853211988062793 -0.045604497475098038 -0.24751937321607798 -0.021948690394239603 0.0062639509221778652 0.054908937729976952 0.012386512499233624 -0.078188283371813411 0.0051596866682424294 -0.0089124551704822998 -0.00017115652877761295 -0.00089635716506772031 -0.038319401801802128 0.031795581043614574 -0.00067258246338302739 -0.010966945987930632 -0.018081007082659712 -0.029722461778287336 -0.018387424712557086 0.039857120916842938 -0.020429457618545019 -0.018050351581121792 0.027470789862219611 0.003573967428340403 0.21545767409673888 0.0017688793538569282 0.011082729013006836 0.031583069688115292 0.0056945356066803506 0.10386941466594579 0.040905286405431993 -0.029018590973227454 -0.019469213990842352 0.046203916920874021 -0.017190472773465346 -0.055769042160314988 0.070466540062648894 0.049600198175817026 0.038290138444591192 0.002250869387737628 -0.020142028553862126 0.019208380638687704 0.051469834173089729 0.094829685613938466 0.21943214269016331 0.042947673062421469 0.052431698844926988 -0.016531394890074758 -0.0015719466547888406 -0.0037456794135467988 0.00074096195403893362 -0.066682070132751667 0.10010106732589071 -11.406460055874122 0.10007344029745001 0.10007480873362065 -4.630551114425014 -0.34790160338308024 -0.0084722735443502947 0.024160283927951401 0.065382690575426686 -0.014057247967009134
leaf_weight=229.09770494245458 1.9399470575735893 341.75088707450777 9.3032457472581864 1511.8916154208709 11190.063519410149 561.01256905810442 757.71200848839362 94.285556409973651 361.01830470800633 5641.7342726588249 1253.1646966363769 3621.2948223054409 1408.5122825849103 904.22859851690009 1532.7638563310029 4468.3383177560754 2135.1438140268438 587.70405239902902 1753.7554296327289 2092.6124773346819 3521.5575596234994 1032.2485721637495 630.01762316667009 1519.7977058268152 12.7621816562023 4117.72325721581 1900.0941311498173 1113.4979999877978 368.21981577191036 187.1064917021431 162.32094046520069 612.0173900257796 2751.6177203644766 405.60754211293533 950.610949066584 425.62070406915154 259.16863683611155 208.89544126833789 1016.8258592088241 24708.16652328521 354.9638071017107 1069.1096284599043 921.70845670672134 307.25501847808482 32.887869516649516 745.22305958258221 39.897423419344705 3206.4528083771002 1016.2683231171686 49.35824352898635 33.214207351382356 1.1993679007864559 0.47694518318166934 0.078216452617198229 0.15051676094299182 0.075232399394735694 0.08455546956975013 0.22322699608048424 739.7653191157151 888.45783331501298 123.08801071566995 991.48963246552739
leaf_count=201457 2658 4937 728 102813 815012 64089 63761 42127 32755 77147 10721 41038 17056 13088 16411 50073 22790 9478 44665 25187 51885 13839 11776 22013 156 46318 20697 9262 2796 4811 1438 3312 27047 4776 14223 8280 2339 3758 31203 236921 8847 11107 10298 844363 14165 1249454 75842 41427 12555 386 10728 1693 660 112 211 105 120 315 22301 7903 1344 13317
internal_value=0.000416922 -0.000276913 0.0570781 -5.72581e-05 0.0054905 0.00848419 -0.0104858 -0.00104106 0.0354298 -0.000951266 -0.000440356 -0.00382151 -0.0132002 0.00176405 0.000515163 0.0046276 -0.00414978 0.00591842 0.00117591 0.00194833 0.00352853 0.00164865 0.0146789 0.0245922 -0.0169219 -0.00221676 0.0162258 0.014769 0.00606266 0.035302 -0.0177269 -0.003391 -0.00891552 -0.0132212 0.00176904 -0.0240238 0.0039769 0.00477604 0.0212749 0.00336477 0.0216815 0.0228826 0.0341448 0.0612436 0.0486931 0.0505058 0.12789 -0.0231812 0.00715311 0.0814065 -0.0535809 -0.302001 -0.599204 -1.18586 -2.86079 -5.76507 -0.537074 -1.52445 0.00805937 0.0346176 -0.0147461 -0.00528432
internal_weight=96882.6 95710.6 1172.01 95481.5 14381.7 12112.1 2269.6 81099.8 922.031 81005.5 77767.4 30691.8 9704.48 47075.6 20987.3 14614.4 5089.51 2954.37 46171.3 44417.6 38775.8 33181.6 5594.21 3612.41 3696.64 9190.75 5423.68 2366.66 4722.41 604.685 3683.88 1981.8 6372.91 3238.17 1356.22 1881.95 29485 28452.7 2241.99 26210.8 1502.59 3890.91 1990.82 1129.49 822.236 818.008 72.7853 4614.97 1225.16 236.465 42.5175 4.22801 2.28806 1.08869 0.303966 0.153449 0.784728 0.307782 1369.78 1147.63 1456.33 1114.58
internal_count=4502094 2300940 2201154 2099483 1078430 911856 166574 1021053 96844 978926 932049 341716 110734 590333 230982 162897 52251 29461 577245 532580 455433 370844 84589 47200 53479 104384 58513 19983 54311 7993 53323 37389 68085 46877 18999 27878 317365 303526 47516 256010 19089 42102 21405 2189698 1345335 1339461 90007 58483 16313 5197 11456 5874 3216 1523 428 217 1095 435 34077 10242 19598 14661
is_linear=0
shrinkage=0.1


Tree=69
num_leaves=63
num_cat=0
split_feature=65 41 52 47 0 0 0 69 73 69 71 72 54 68 55 19 16 7 55 0 35 48 46 62 49 71 35 25 18 29 62 48 25 65 65 28 10 71 28 74 8 7 73 69 46 17 3 58 1 55 72 7 55 72 56 41 49 0 9 44 35 73
split_gain=487.701 801.615 2751.47 1340.47 886.727 336.712 312.202 166.297 54.817 100.095 55.3441 52.5323 51.744 90.7914 86.043 66.5491 59.2703 62.991 58.9769 50.4058 46.8413 46.7171 59.8259 116.274 88.1181 62.496 60.5308 54.8382 48.919 57.0335 50.4168 45.5419 45.1325 49.3075 44.8271 43.7545 42.79 42.4702 40.5876 46.2239 106.784 40.2167 39.9549 51.0345 57.3086 49.0372 61.9661 49.2425 47.4102 45.1358 39.5381 42.6752 40.0931 38.5182 38.3444 43.0362 42.5321 37.4851 37.4407 37.3673 37.3669 36.1678
threshold=0.99807840585708629 0.0008427807188127191 90.521114349365249 32.071428298950202 90.999099731445327 85.37955474853517 84.028984069824233 -0.86828818917274464 -0.072263628244400011 1.0000000180025095e-35 1.6846092939376833 -0.02887378633022308 78.705963134765639 0.0033356046769768004 0.61250001192092907 0.25743675231933599 3.5000000000000004 77.820186614990249 0.86607143282890331 98.837055206298842 16.500000000000004 81.195564270019545 0.9583287537097932 2.991304993629456 0.35416667163372045 0.0060354769229888925 3.5000000000000004 4.5000000000000009 2.5000000000000004 20.500000000000004 3.0302991867065434 1.0000000180025095e-35 2.5000000000000004 0.033292075619101531 0.99940145015716564 7.5000000000000009 3.5000000000000004 0.37647342681884771 3.5000000000000004 1.0000000180025095e-35 36.93287658691407 99.803920745849624 0.11290633678436281 -0.21138011664152143 0.011345423292368652 1.0000000180025095e-35 82.807880401611342 66.893390655517592 8.7434306144714373 0.89444443583488475 0.19502899795770648 71.486644744873061 0.84523808956146251 -1.0000000180025095e-35 0.72077924013137828 0.9758526384830476 0.35416667163372045 8.3771929740905779 0.22500000149011615 0.35416667163372045 2.5000000000000004 0.27473112940788275
decision_type=2 2 10 2 2 2 2 2 8 2 2 10 8 2 8 2 8 10 10 2 2 8 2 2 10 2 2 2 8 2 2 10 2 2 2 2 2 2 2 2 10 10 8 2 2 2 2 2 2 10 10 10 8 10 10 2 8 2 10 10 2 8
left_child=7 2 -2 -4 5 6 -5 -1 9 41 12 -11 13 14 16 18 -10 32 -16 31 50 27 24 25 26 -24 54 28 29 -14 -31 34 33 -18 -3 -30 -33 38 -28 40 61 -9 43 44 -26 47 49 -44 -46 -47 51 -13 -52 -12 -23 59 -57 -25 -34 60 -56 -40
right_child=1 19 3 4 -6 -7 -8 8 10 11 53 20 21 -15 15 -17 17 -19 -20 -21 -22 22 23 57 42 -27 37 -29 35 30 -32 36 58 -35 -36 -37 -38 -39 39 -41 -42 -43 45 -45 48 46 -48 -49 -50 -51 52 -53 -54 -55 55 56 -58 -59 -60 -61 -62 -63
leaf_value=-0.089593054520549387 0.061782319237341649 0.19715439160647297 -0.011395110481892267 0.10007393398622742 0.3127108943877055 5.977578349160793 5.6860374270835816 -0.061002569975276512 -0.0056554865943231752 -0.10916682081133618 -0.066100079987878521 -0.082448035111737455 -0.0010653462459238156 -0.016368612495578732 0.065330278290437291 0.06663080409454275 0.1498632050622862 0.0042787094982719241 -0.0069591831121196858 0.09198454964592441 0.022653638232764839 -0.00097343356961938953 -0.052015485329040316 -0.031874867448310966 0.1539225361401618 0.0058120055764040723 0.024785634884112343 -0.029692536120789422 -0.0051507621424860053 -0.024835265318895842 0.0087423734785261591 0.040347355960597096 0.048494950982847056 0.048214194061166116 0.042336960133745521 0.0095731124138239213 -0.091209167800785751 4.529721582283915e-05 -0.026928471456466947 0.024611598842407982 0.0063249173614526978 0.019728464423844544 -0.043647836168798471 0.0015634423999620784 -0.043205218766407122 0.018587504971404649 0.014128919391703132 0.014689787521504186 0.046826351166691427 0.059301839976941308 -0.0079807564802592771 -0.01821882162717053 0.028155189828984725 -0.012433759356136959 -0.043226088788654436 -0.0074107486140097467 -0.06527485214820393 -0.00047762303162662595 -0.011037517935586123 0.016882215808060128 0.025801338468809172 -0.10468223867213743
leaf_weight=209.26084816909861 11.639905482501488 36.417495153786149 0.89720691740512792 0.21088869209052141 0.42057261810987245 1.6635295705636961 0.19038059847662225 486.92182666365989 1664.1852334353025 48.299066807841882 144.23086689633783 126.91475628060289 3567.4751089144265 1100.2708987659425 165.04581655107904 512.41121501318412 53.189506072551012 1201.1784976514755 356.91631228482584 287.04034428851446 555.77652140671853 13440.24680780858 690.39060877333395 384.59341652103467 39.92377231316641 256.25792557338718 1919.3798573466484 849.86091444751946 4356.2602101465454 2736.2064810295124 534.52950541279279 719.78587654806324 186.7799862048123 464.13084125291789 38.447771907463903 3760.5219511889154 25.603381679393351 4630.8271676277509 128.70595262106508 1122.8877348665847 2845.3001194707176 70.660253801965155 191.59251593024237 2677.3118723554071 74.608044625958428 413.44807506114012 1329.0995310266153 591.06792838143883 270.74293651408516 797.50144593929872 2311.8318292981712 559.39420575497206 354.06050973077072 1838.7483304829802 308.45974528996157 218.00288833497325 304.39480296050897 33713.505859511235 243.18735669821035 411.61530152498744 105.15858535649022 111.78312223014655
leaf_count=201691 7557 14239 1712 304 943 205 26 44327 22382 909 13016 1635 75572 19587 3047 17053 1240 17929 7657 842855 8480 218324 20054 12049 852 4065 46164 19392 88715 86385 17250 1219924 2394 4866 76394 80084 36452 56703 2245 17641 75132 2602 3749 47680 1648 8270 60500 24517 7736 49202 33706 7883 15105 37856 14711 16949 11548 730352 3321 27373 5888 3428
internal_value=0.000225218 0.0657613 0.791342 3.30186 4.49792 5.3504 2.75031 -0.000545487 -0.000349803 -0.0111055 0.000185404 -0.00551508 0.000554663 0.00956424 0.015451 0.0410307 0.00851121 0.0194846 0.0158989 0.0559174 -0.00423404 -9.2614e-05 0.00106138 -0.00179151 0.00419236 -0.0363616 0.00156608 -0.00498294 -0.00357875 -0.00980987 -0.0193477 0.0432961 0.038766 0.0586655 0.117646 0.00167084 0.0358285 0.00727284 0.0127345 0.00723857 0.000916695 -0.0507718 0.0146998 0.00646037 0.0404896 0.0222942 0.0290376 0.000408943 0.0273763 0.045401 -0.00869187 -0.0300963 -0.0031815 -0.0163371 -0.00258586 -0.018667 -0.0411275 -0.000831753 0.0148237 -0.0044488 -0.0256765 -0.0630697
internal_weight=96557.4 1122.32 15.0225 3.38258 2.48537 2.0648 0.401269 95435.1 95225.8 4513.86 90711.9 3956.28 88729 5947.3 4847.02 1034.37 3812.65 2148.47 521.962 1107.29 3907.98 82781.7 66976.8 35044.7 31932.1 946.649 25546.8 15804.9 14955 6838.21 3270.74 820.255 947.288 517.32 74.8653 8116.78 745.389 10758.9 6128.06 4208.68 3085.79 557.582 6385.3 3062.59 385.275 3322.71 2540.05 782.66 345.351 1210.95 3352.2 686.309 2665.89 1982.98 14787.9 1347.63 522.398 34098.1 429.967 825.234 413.618 240.489
internal_count=4501475 2200611 10747 3190 1478 535 330 2300864 2099173 114647 1984526 67718 1933654 99476 79889 27757 52132 29750 10704 2189864 66809 1834178 1466780 766520 700260 24119 496106 367398 348006 179207 103635 1347009 11821 6106 90633 168799 1256376 201313 144610 98446 80805 46929 204154 57916 10236 146238 117972 28266 9384 57472 58329 9518 48811 50872 294793 76469 28497 742401 5715 47972 20599 5673
is_linear=0
shrinkage=0.1


Tree=70
num_leaves=63
num_cat=0
split_feature=59 68 65 73 69 59 7 7 54 68 8 25 7 72 74 7 69 32 1 3 9 47 47 64 29 34 62 57 29 49 69 53 58 51 65 59 69 65 26 45 40 71 46 60 54 46 68 35 9 7 46 57 22 1 74 73 25 20 59 17 56 64
split_gain=305.507 155.984 79.2087 57.6416 87.3918 50.7392 51.3785 50.1812 48.1234 58.7696 60.5925 49.6899 47.197 45.3374 42.5625 47.8077 41.0509 45.1265 45.6046 44.0182 44.6453 65.6407 67.2278 138.859 57.8474 55.0687 64.8128 138.955 53.2509 40.827 56.0579 126.485 137.693 44.3106 40.3222 36.7836 62.9057 54.9725 47.6019 38.2865 51.3211 53.0395 54.0401 64.0778 45.8683 78.3043 62.9254 44.0264 43.4425 45.1335 38.1023 38.0299 44.1618 99.7031 52.7252 74.8458 54.6985 39.3269 50.4197 38.3145 35.8792 41.7967
threshold=0.99808326363563549 0.99810996651649486 0.99455296993255626 -0.060889661312103265 1.0000000180025095e-35 0.99100637435913097 99.230724334716811 64.174236297607436 71.819763183593764 0.0021187673555687074 71.809036254882827 2.5000000000000004 99.803920745849624 -0.02887378633022308 1.0000000180025095e-35 86.217220306396499 0.86396411061286937 1.5000000000000002 93.643951416015639 94.494949340820327 0.95454546809196483 49.018096923828132 44.610280990600593 0.0027587115764617924 56.500000000000007 1.4689519405364992 4.2281804084777841 97.689968109130874 43.500000000000007 0.18333333730697635 0.99889811873435985 86.984752655029311 98.205825805664077 83.935482025146499 0.012766656931489708 0.97860932350158703 0.98391976952552807 0.24927582591772082 1.5000000000000002 1.0000000180025095e-35 1.0000000180025095e-35 0.00086048245429992687 0.99907180666923534 7.5000000000000009 97.094413757324233 0.01531362906098366 0.0039904043078422555 4.5000000000000009 0.15476191043853763 87.536983489990249 0.0038893392775207762 45.13072586059571 1.0000000180025095e-35 47.856706619262702 1.0000000180025095e-35 0.46100693941116339 4.5000000000000009 0.9042840600013734 0.7311309576034547 1.0000000180025095e-35 1.0000000180025095e-35 0.8816204071044923
decision_type=2 2 2 8 2 2 10 10 8 2 10 2 10 10 2 10 2 2 2 2 10 2 2 2 2 2 2 10 2 10 2 8 2 2 2 2 2 2 2 2 2 2 2 2 8 2 2 2 10 10 2 8 2 2 2 10 2 2 2 2 8 2
left_child=1 2 3 4 12 -4 16 -2 9 10 11 -5 -1 -6 -15 -16 -7 18 -18 -20 24 22 28 -24 -21 -23 -27 -28 29 30 -22 -32 33 -33 -10 36 39 -37 -39 40 41 42 43 51 45 -41 47 -47 49 -49 -43 -36 53 59 55 56 -54 -55 -59 -53 61 -42
right_child=7 -3 5 8 13 6 -8 -9 34 -11 -12 -13 -14 14 15 -17 17 -19 19 20 21 25 23 -25 -26 26 27 -29 -30 -31 31 32 -34 -35 35 37 -38 38 -40 44 60 50 -44 -45 -46 46 -48 48 -50 -51 -52 52 54 57 -56 -57 -58 58 -60 -61 -62 -63
leaf_value=-0.059321977470797593 -0.10601907774986588 -0.090142410807566117 0.056288426836993692 0.043287188848043612 -0.10248698677121759 -0.13850933926653763 0.046794468026716898 0.06683381895131893 -0.022422076841631111 -0.01267072234777767 -0.0065345500448385141 0.010102867436502107 0.024369890888457799 -0.0037096129639505922 -0.09273286133953583 0.11098217438202958 0.011700516319907144 0.023877302207690188 0.017211516872727043 0.016724407160015227 -0.39439191246683686 -0.091073939772294277 -4.2352063438107148 -0.29497357254576451 -2.9667002929195188 -0.28265802853062671 -3.7809523997006234 -0.52459934859766078 -2.0115054837330857 -0.17040032561130916 -5.3521045661705706 -2.5220403864936052 -4.7035719799464504 0.10019574049406495 0.048768733025162297 0.15356283407759561 0.036036098338801989 -0.0021279377117101698 -0.036365956203984924 -0.0086561336829788279 0.0084306168477324989 0.018240373067480511 -0.025452045385803826 0.06382201627619144 -0.00026776151411310559 0.0099498878174288253 -0.0056097042362696524 0.06209863697938596 0.015096021287427722 0.022186090383377571 -0.0018793269554379954 -0.025444153650431026 -0.007921465206403553 -0.01092787299647213 0.047689937944678767 -0.11446620427804088 -0.060501999386511997 0.013070627232516447 -0.015960369335666021 0.060205844448492231 0.00014806730660175247 0.04927392429787289
leaf_weight=499.47982179379323 17.183311260148798 194.51255827734713 366.02658033954492 1014.4753845964151 48.642132374458015 22.710069907363504 268.69177283516831 743.7650068367185 846.38854310393799 760.73921688791597 674.97847564995755 812.73625672224443 77.890451847633813 3998.8698731879704 93.661557527957484 13.135605580057016 98.301110947493726 296.10930253677088 30.943562267202651 19.137896112719321 2.4085136492358239 42.454178943939041 0.13839461089810434 0.25284671437111683 0.065212539106140777 2.1652360293082888 0.18034591287141655 0.4793345961952582 0.18929909321013916 6.2296015508763958 0.073365300166187697 0.076267242329777551 0.083270291506778449 0.41559121216414463 119.1819955488827 19.082761232741177 476.48052251560148 925.90478245919803 723.28958980453899 2331.4444403473753 2189.7661678207878 1014.1120439126971 1754.2769975027768 127.28759377170354 25127.258826519072 4157.6602119457675 1623.1132297540316 541.44136804481968 1449.9219320026459 594.30641392734833 13101.984409800381 63.208495997358114 631.45312764286064 9125.7919844105054 86.933841634308919 102.54605713509955 288.11758767405991 1714.963768072892 918.72596893459558 300.66869797474646 15769.821908513084 282.92538898985367
leaf_count=71546 4211 154563 226657 12932 937 6668 270349 1592264 73212 15211 9553 11065 3751 61731 1173 165 101027 276742 22780 29765 852 25725 166 117 77 1269 110 299 86 3389 122 94 143 661 1467 131 150481 90768 67036 36401 32826 12139 23081 1427 370352 67800 30450 8704 25447 11394 164011 513 14523 110900 3881 1792 4760 16691 18256 7369 240817 10673
internal_value=-0.000181817 -0.000683364 -0.000501269 -0.000820018 -0.0115771 0.0255033 0.0112597 0.0629306 -0.000252398 0.0116689 0.0190689 0.0285269 -0.0480315 -0.00651062 -0.00537354 -0.0676768 -0.00701682 -0.00104086 -0.0372821 -0.0830121 -0.124724 -0.170452 -0.404164 -1.68876 0.00659289 -0.119522 -0.547046 -1.41483 -0.351126 -0.31728 -0.616594 -1.44186 -0.943052 -0.306406 -0.00070257 -0.000487718 -0.000195331 -0.0151911 -0.0171438 -0.000402286 -0.00226105 -0.00485001 -0.00894227 -0.00679353 0.00206698 0.00755083 0.0120672 0.016322 0.026568 0.0412135 -0.000433911 -0.00746674 -0.00797324 -0.00622594 -0.0270735 -0.0334324 -0.0243959 -0.00782118 0.00294357 0.0453277 0.00190417 0.0131039
internal_weight=96515.3 95754.3 95559.8 94402.7 4731.68 1157.13 791.105 760.948 89671 3262.93 2502.19 1827.21 577.37 4154.31 4105.67 106.797 522.413 499.703 203.594 105.293 74.3494 55.1462 9.86715 0.391241 19.2031 45.2791 2.82492 0.659681 9.47591 9.28661 3.05701 0.648494 0.575129 0.491858 86408.1 85561.7 83893.4 1668.28 1649.19 83416.9 47591.8 29349.3 15233.2 13478.9 35825.1 10697.9 8366.44 6743.33 2585.67 1135.75 14116.1 13351.6 13232.4 12123.4 1109.05 1022.12 919.571 11759.5 2633.69 363.877 18242.5 2472.69
internal_count=4503502 2907027 2752464 1785366 139303 967098 740441 1596475 1646063 48761 33550 23997 75297 64006 63069 1338 470092 463424 186682 85655 62875 33033 5630 283 29842 27403 1678 409 5347 5261 1872 1020 898 755 1597302 1524090 1366155 157935 157804 1215674 665126 380810 204660 181579 550548 180196 143795 113345 45545 20098 176150 180152 178685 153729 24956 21075 19283 145847 34947 7882 284316 43499
is_linear=0
shrinkage=0.1


Tree=71
num_leaves=63
num_cat=0
split_feature=65 69 0 19 1 10 71 11 55 0 1 10 68 4 66 51 71 7 69 9 19 34 7 68 55 2 7 0 24 6 3 1 14 1 25 1 0 1 24 4 1 2 53 69 28 25 1 1 69 1 37 71 25 4 65 1 34 37 34 1 7 8
split_gain=294.106 142.871 47.1703 44.5209 90.3664 67.8476 44.3834 47.8968 101.573 80.2651 99.3224 97.9575 75.6102 137.809 71.3308 83.8534 98.7014 73.7659 75.6396 73.4135 87.5624 64.8443 64.1159 132.043 66.3436 76.3277 63.7793 75.5557 70.1264 74.0504 114.546 163.415 92.3803 173.853 86.9512 101.229 76.5881 94.1161 70.7458 69.348 69.7649 66.7512 62.1094 57.675 55.4583 55.0007 58.3106 54.8439 54.8097 54.7072 92.0142 53.9432 53.9307 224.986 106.812 133.408 104.649 53.8989 52.573 51.7194 51.374 50.829
threshold=0.99796578288078319 -0.86828818917274464 98.837055206298842 0.84235987067222606 91.922958374023452 7.5000000000000009 0.91420617699623119 1.0000000180025095e-35 inf 91.245105743408217 86.526824951171889 2.5000000000000004 0.20861589163541797 0.98100039362907421 1.5000000000000002 92.718276977539077 0.16411416977643969 80.096618652343764 -0.097895689308643327 0.15476191043853763 0.54751741886138927 1.0000000180025095e-35 70.782848358154311 0.0031938013853505258 0.67948719859123241 86.70682525634767 98.120273590087905 82.078273773193374 1.5000000000000002 1.0000000180025095e-35 99.382717132568374 81.872947692871108 inf 99.51456451416017 1.5000000000000002 99.51456451416017 67.006801605224624 75.716625213623061 3.5000000000000004 0.90334129333496105 56.465997695922859 82.637680053710952 94.536411285400405 0.14136780798435214 6.5000000000000009 5.5000000000000009 98.809356689453139 99.51456451416017 0.019550520926713947 90.521114349365249 98.571140289306655 0.010256946086883547 2.5000000000000004 0.94364479184150707 0.096507042646408095 99.51456451416017 0.99409067630767833 95.040985107421889 1.2145003080368044 94.360820770263686 86.685932159423842 99.193492889404311
decision_type=2 2 2 2 2 2 2 2 8 2 2 2 2 2 2 2 2 10 2 10 2 2 8 2 8 2 10 2 2 2 2 2 8 2 2 2 2 2 2 2 2 2 10 2 2 2 2 2 2 2 2 2 2 2 2 2 2 2 2 2 10 10
left_child=1 -1 3 -2 -5 -6 7 9 26 10 14 22 13 58 19 17 -17 51 -19 20 21 -3 23 -12 25 47 27 28 44 32 -31 36 33 -30 35 -33 37 39 52 40 -32 -40 -10 -37 -9 46 49 -24 -21 -34 -51 -16 53 54 55 -36 -54 -13 -11 -56 -42 -28
right_child=2 6 -4 4 5 -7 -8 8 42 12 11 57 -14 -15 15 16 -18 18 -20 48 -22 -23 24 -25 -26 -27 61 -29 29 30 31 34 45 -35 38 43 -38 -39 41 -41 60 -43 -44 -45 -46 -47 -48 -49 -50 50 -52 -53 56 -55 59 -57 -58 -59 -60 -61 -62 -63
leaf_value=-0.089523592689608342 0.063105205511752901 -0.078449369446361147 0.089834512949219847 -0.12971991937656435 0.032751127885918899 -2.2950356595157855 -0.006637935121576022 -0.056375988404848032 -0.0087591744395154481 0.0065132535444123217 0.06388734067566873 -0.020565368601538361 0.0027184278217409325 0.036254258116661504 -0.00091940548761123794 0.031323033126442072 -0.0053237310690958523 0.026045087507416732 -0.0077869517777957864 0.044530887055894183 -0.026546384975134587 0.052440306140935637 -0.038210308669959697 -0.057381114833805452 -0.0044571210995791961 -0.0039217114196475871 -0.01517060451036455 -0.0038577967166312181 -0.1157028963974949 0.11328467526740792 -0.06701719196882043 0.043964513195592872 0.0047757768846724913 -0.0082261955915693737 0.18667925420407511 0.43416161926115032 -0.046563733450460221 0.043293646087157127 0.13626723362356716 -0.078283663073123247 0.064076693306560448 0.032142807501046193 -0.052833356133481529 0.14844466064786002 -0.0064721920773619839 -0.05629703953082861 -0.038470669421232971 -0.12421928121168452 0.0059503528496895686 0.065599899177261542 -0.050891543505529248 -0.059667145635302433 -0.030873148870006358 0.014558797239386615 0.046378374645635934 0.84866749465304325 0.016514856155214388 -0.098790416374053391 -0.048126768746742273 0.13927076363140703 -0.0082676894239123843 0.059621924861256836
leaf_weight=179.776909896289 424.66800934567925 39.396743883251474 251.84352305115317 38.133934225286566 369.60722401820283 0.1252549973432896 9877.6888776604319 253.46342392783845 679.78463813144481 1942.9920268527931 339.11635331949219 182.87789198913379 5412.3811556157889 2466.9319032402127 246.37007270166214 1513.4581495442435 1428.74335726758 765.17195394996088 4846.3501629778766 393.21233837329783 191.16472249967046 963.79758881626185 180.17988407792291 122.1227276516729 11281.233376923366 323.15751028183149 3710.4259022377664 21574.896253784536 186.44167282013223 113.05576453753747 138.0253286959487 295.71136859327089 6457.8571130502969 780.84928529366152 11.180709030479191 8.3221246469765884 556.01177250075852 333.6653300327016 89.556072678067721 162.73859382991213 141.92227589682443 197.00320203328738 603.6663725975086 46.772326331934892 1834.1371946910513 148.50250933307689 293.40525391377741 125.97062627109699 5796.2073363659438 334.99870936869411 85.012903115479276 427.51704759476706 698.01479493814986 4035.866876797576 114.61648058780702 4.1832518950104705 1402.0656232142355 169.92661327711539 193.64228066196665 125.6360044455505 318.33313831227133 93.145657082786784
leaf_count=201386 613875 421 850607 67828 688398 166 204698 4048 10298 64392 10802 7406 30313 100084 3048 101159 32613 11173 87008 4419 2933 27560 5542 2065 253435 20527 98570 398115 3119 6271 2302 5408 115804 10327 314 135 9176 5915 2150 2609 2010 3255 11637 745 30081 2687 5910 3965 206612 5244 1277 8629 14845 65914 1925 65 26653 8816 23882 5352 5274 1724
internal_value=0.000128631 -0.000460987 0.0519135 0.0404423 0.0168459 0.0319625 -0.00029255 0.000443267 -0.00175405 0.00300226 0.000363345 -0.00628486 0.0107315 0.0201523 0.00545597 -0.000405815 0.0135272 -0.00692788 -0.00317371 0.0127815 0.0354805 0.0473001 -0.0048032 0.031779 -0.00621986 -0.0378194 -0.000954945 0.000201193 0.00477002 0.00688469 0.0132771 0.0119744 0.000102294 -0.0289419 0.0186239 0.0671513 -0.0163399 -0.000988617 0.0160747 -0.020404 -0.00466009 0.064684 -0.0294893 0.191603 -0.0125312 0.00394042 0.00518781 -0.0736001 0.00840136 0.00705026 0.0420213 -0.0381892 0.0138953 0.0203212 0.111302 0.366923 0.000764255 -0.0582421 0.00156125 0.0949549 0.0140401 -0.013339
internal_weight=96323 95238.7 1084.38 832.534 407.866 369.732 95058.9 85181.2 45829.3 39351.9 29336 12724.6 10015.9 4603.57 16611.4 9227.61 2942.2 6285.41 5611.52 7383.78 1194.36 1003.19 12371.8 461.239 11910.5 629.308 44545.8 40742.2 19167.3 17079.7 8792.68 8679.63 8287.07 967.291 7028.93 350.806 1650.7 1094.68 6678.12 761.019 598.281 286.559 1283.45 55.0945 2087.6 7319.78 7171.27 306.151 6189.42 6877.87 420.012 673.887 6391.56 4291.48 255.616 15.364 2100.08 352.805 2136.63 240.252 460.255 3803.57
internal_count=4502921 2282047 2220874 1370267 756392 688564 2080661 1875963 859159 1016804 798133 312558 218671 188358 485575 243630 133772 109858 98181 241945 30914 27981 296336 12867 283469 30034 837224 736930 338815 304686 160318 154047 144368 13446 126761 6288 27286 18110 120473 12195 9586 5405 21935 880 34129 130922 128235 9507 211031 122325 6521 11677 115068 73570 7656 379 41498 16222 88274 7277 7284 100294
is_linear=0
shrinkage=0.1


Tree=72
num_leaves=63
num_cat=0
split_feature=69 69 59 73 45 57 54 47 60 72 46 72 53 75 10 44 40 46 54 56 38 71 38 11 57 26 20 55 37 36 36 9 35 43 64 71 35 62 72 1 3 43 55 73 20 33 20 46 48 62 46 62 62 44 42 60 65 69 20 44 38 37
split_gain=275.635 115.807 52.276 47.5065 42.7448 42.5094 42.1488 88.4973 45.4844 55.1082 45.1701 40.7967 39.9966 52.1702 45.5485 42.7967 39.666 60.1741 74.252 40.4125 72.2014 38.4858 37.1784 37.0225 63.078 52.9044 36.5257 36.3384 56.342 40.3382 37.3602 45.1823 36.3073 35.8703 35.7232 35.3651 36.947 34.2444 33.34 33.1093 40.8105 39.4201 40.2142 34.7256 32.9782 32.5234 34.4284 32.0339 61.3292 46.8216 42.8038 52.0063 40.4386 50.2543 53.6556 32.2531 30.363 30.2792 29.5719 29.3977 74.4901 32.7058
threshold=0.99642941355705272 -0.86828818917274464 0.99617803096771251 -0.2228029668331146 1.0000000180025095e-35 98.486190795898452 96.633934020996108 64.051280975341811 3.5000000000000004 0.27926459908485418 0.0047788654919713744 0.45609869062900549 97.57275772094728 1.0000000180025095e-35 1.5000000000000002 0.72077924013137828 1.0000000180025095e-35 0.012080864515155556 84.631343841552749 0.22500000149011615 93.557819366455092 1.9877038002014162 79.50262832641603 1.0000000180025095e-35 49.580240249633796 1.0000000180025095e-35 0.88098794221878063 0.88194444775581371 40.312500000000007 0.074141141027212157 0.33436244726181036 0.95454546809196483 1.5000000000000002 90.148143768310561 0.82115161418914806 0.010256946086883547 4.5000000000000009 6.173288345336915 -0.040389619767665856 8.0404038429260272 7.5498573780059823 95.011310577392592 1.0000000180025095e-35 0.42098304629325872 0.64983582496643078 0.73657220602035534 0.72731831669807445 0.89536783099174511 56.160062789916999 3.0230171680450444 0.12514523416757586 2.129797220230103 1.7212798595428469 0.41428571939468389 52.240802764892585 3.5000000000000004 0.99996086955070507 -0.55426308512687672 0.50222334265708934 0.70714285969734203 61.143791198730476 71.535182952880874
decision_type=2 2 2 8 2 10 8 2 2 8 2 8 10 2 2 8 2 2 10 8 10 2 10 2 10 2 2 10 2 2 2 10 2 8 2 2 2 2 8 2 2 10 8 10 2 2 2 2 10 2 2 2 2 8 2 2 2 2 2 10 10 2
left_child=1 5 4 -4 16 -1 7 8 26 -10 -9 37 14 -14 35 -16 39 18 22 20 34 23 -18 -8 32 -26 -6 28 -24 -29 31 -30 -25 -28 -19 36 47 -7 -21 40 -3 43 -43 -41 -22 46 -27 48 55 -49 52 -52 53 54 -50 -12 -2 -35 -51 -34 -61 -62
right_child=56 2 3 -5 6 11 21 10 9 -11 12 -13 13 -15 15 -17 17 19 -20 38 44 -23 27 24 25 45 33 29 30 -31 -32 -33 59 57 -36 -37 -38 -39 -40 41 -42 42 -44 -45 -46 -47 -48 49 50 58 51 -53 -54 -55 -56 -57 -58 -59 -60 60 61 -63
leaf_value=-0.095004768606086032 0.037856585063084647 0.016162218234551579 -0.16711049184904153 0.055015385517968085 -0.013559572800645726 0.080469272413225129 0.0025784889531651626 -0.021750306381815548 -0.0010688465888860589 0.045462296698158516 -0.0051217294490026339 1.7046113220764632 0.067597417158563072 -0.075214854008999493 -0.022551056957196967 0.020583320614013731 -0.010113990289562941 0.020160654002424224 -0.028816683034162346 -0.023402303183139347 -0.023107716008502928 -0.026768719992428976 -0.010323349802196007 -0.0026537277874149521 -0.060590315806426293 -0.02088949945794848 -0.012844952184103565 -0.057302511503624178 0.10726259746939933 0.015643445761421307 0.0061579850169999634 -0.010792351235909166 0.01523509870179689 0.21705726693724803 0.055172518311984754 -0.0061586042345009697 0.031374721468360421 1.4150512301321845 0.002501783229759125 -0.0035307744052247253 -0.043865080828051718 0.034503263309579736 0.0021034625790104836 -0.012631030745026271 0.011556227311107952 0.04512963952391659 -0.0033477812305203326 -0.02703773669903535 0.098969381203486986 -0.008375128906863389 -0.032440038201693722 0.039482868326308818 0.099757800349166995 0.096332062780605077 -0.069617036987588463 0.093524672436640213 0.072843634641287708 0.018626558024205254 0.022213986644760264 -0.062745886384650382 0.055861936998053946 0.16776000111565187
leaf_weight=157.56620782823302 729.63509779397134 153.919220530639 10.041327065409858 234.14517616540252 3044.6669408307134 6.6442702530766828 19647.940872524981 340.56063654067111 737.49370388701209 388.65734954405343 604.30413978573051 0.16622824536170799 247.59965819476929 28.526532466581557 599.92611857953307 373.05037751195778 1167.5103869844534 1081.038923015818 1379.4872274889203 515.40177222565399 502.16358103358652 534.65094767539995 166.34776640962809 1437.7636839903425 217.38670255304896 2065.1166208077484 555.06340900075156 107.93313980154926 171.170974770881 254.6947369890695 84.303762364987051 39.993640084634535 830.14345509017585 7.7704038781812406 398.97329107811674 576.71974158434023 1836.5863427429431 0.19799385324586172 13806.120298815673 25315.310990471065 428.74833524334827 452.00402120672516 2512.4531795213843 5025.604114277492 605.2518138102605 104.18110919347964 2441.767970910616 368.38438165836851 27.143839790049242 456.64136030350346 127.35669948204304 477.3893802324601 187.97212927340297 67.01384162766044 61.999216465395875 35.067699896986596 375.80067129433303 743.16726295399712 1026.4517898419872 34.506732761394233 57.690168586501386 47.732145864632912
leaf_count=196189 974506 3655 1157 240958 60442 5096 416995 7450 16264 6753 10663 129 8803 679 12120 12666 17974 12785 34431 23655 10211 16575 2592 20603 8233 51494 12864 3038 2248 4120 1482 1009 13076 875 13284 16010 39306 141 313940 430497 10187 5985 73081 97636 13201 3154 77972 9892 442 8923 1988 8501 3561 1953 896 726 1112354 18354 23103 710 947 562
internal_value=0.000104494 -0.000473711 -0.000328136 0.0458812 -0.000447531 -0.0842861 0.00201694 0.00672601 -0.00292211 0.01499 0.0138257 0.156694 0.0155317 0.0528435 0.0140223 -0.00601284 -0.00228279 0.00121523 -0.0109836 0.00364752 0.0151492 -0.000201926 0.00136638 0.000326412 -0.00578842 -0.0123815 -0.00755858 0.0176239 0.0362276 -0.00606831 0.0624356 0.0849035 0.0074328 0.00643147 0.029599 0.0173529 0.0199227 0.119088 0.00156955 -0.00437618 -0.0280081 -0.00396275 0.0070436 -0.00503812 -0.00416233 -0.0101087 -0.0113856 0.0138081 0.0242276 0.0048701 0.040358 0.0243362 0.0685135 0.0309035 -0.0182829 0.000288741 0.0497507 0.0206798 0.0127957 0.0223822 0.0647834 0.106526
internal_weight=96021 94915.6 94751 244.187 94506.8 164.575 40338.4 12919.5 5476.82 1126.15 7442.69 7.00849 7102.13 276.126 6826.01 972.976 54168.4 20280.4 3371.44 16908.9 2587.43 27418.9 1991.95 26884.2 7236.29 4828.45 4350.67 824.444 461.816 362.628 295.468 211.165 2407.84 1306 1480.01 5853.03 5276.31 6.84226 14321.5 33888 582.668 33305.4 2964.46 30340.9 1107.42 4611.07 4506.88 3439.72 1588.25 1851.48 948.875 604.746 344.129 156.157 89.1431 639.372 1105.44 750.938 1483.09 970.073 139.929 105.422
internal_count=4499096 2412236 2210681 242115 1968566 201555 893555 283234 115552 23017 167682 5366 160232 9482 150750 24786 1075011 453970 66894 387076 49481 610321 32463 593746 176751 140853 92535 14489 7331 7158 4739 3257 35898 32093 26069 125964 109954 5237 337595 621041 13842 607199 79066 528133 23412 132620 129466 70648 28730 41918 17341 10489 6852 3291 1338 11389 2086860 19229 32026 15295 2219 1509
is_linear=0
shrinkage=0.1


Tree=73
num_leaves=63
num_cat=0
split_feature=59 68 65 59 71 1 54 40 56 27 65 59 59 1 52 7 0 19 1 0 69 8 62 63 62 65 0 3 25 49 4 1 13 28 65 26 2 61 68 2 47 64 72 7 43 8 41 4 28 43 65 7 29 19 31 62 46 19 8 62 41 9
split_gain=214.001 121.543 63.8482 52.3169 75.6358 60.663 58.3388 54.0954 54.9653 51.5637 49.2616 46.725 44.3249 42.6884 40.5186 39.7936 38.2922 37.608 52.4615 51.7248 37.8655 143.079 36.0125 44.5476 40.1557 34.3925 31.2775 30.3585 34.4877 40.5301 37.623 46.713 112.639 70.3322 73.7153 92.8921 233.414 82.1635 82.978 139.636 120.464 57.2238 45.1684 57.0053 76.2685 66.0029 59.7557 124.128 36.5128 36.0228 36.0209 59.2766 147.198 34.1464 54.0358 72.1616 146.789 230.505 32.2189 30.1247 37.1045 32.2317
threshold=0.9978981912136079 0.99810996651649486 0.089551605284214034 0.12969446927309039 0.68545213341712963 93.063350677490249 99.846153259277358 1.0000000180025095e-35 0.35416667163372045 17.500000000000004 0.99455296993255626 0.99061894416809093 0.016588219441473488 99.51456451416017 79.743591308593764 49.25306701660157 98.717739105224624 0.6551245152950288 92.718276977539077 97.467948913574233 0.9999971091747285 94.577465057373061 3.0931004285812382 3.5000000000000004 3.4810906648635869 0.020104739814996723 67.890834808349624 93.218391418457045 2.5000000000000004 0.26785714924335485 0.81336838006973278 98.717739105224624 1.0000000180025095e-35 102.50000000000001 0.9974733591079713 3.5000000000000004 77.015758514404311 0.99986961483955394 0.0050107808783650407 81.53021621704103 49.018096923828132 0.0067386627197265634 0.28627152740955358 94.713550567626967 60.061349868774421 53.13592720031739 0.99981209635734569 0.92633250355720531 86.500000000000014 92.009387969970717 0.99819046258926403 49.25306701660157 15.500000000000002 0.33163346350193029 0.65904742479324352 3.0230171680450444 0.83983612060546886 0.40131784975528723 59.711856842041023 4.0202798843383798 0.93168461322784435 0.26785714924335485
decision_type=2 2 2 2 2 2 10 2 10 2 2 2 2 2 10 8 2 2 2 2 2 10 2 2 2 2 2 2 2 10 2 2 2 2 2 2 2 2 2 2 2 2 8 10 10 10 2 2 2 10 2 10 2 2 2 2 2 2 8 2 2 8
left_child=1 2 3 4 7 -6 22 12 9 -9 -4 -12 -1 14 -11 -2 17 19 20 -17 -19 -22 -5 24 -24 -14 -7 -13 -29 50 -31 -32 33 34 -33 37 -37 38 41 40 -40 42 -36 -44 -45 -46 48 -48 53 -38 -30 52 -52 -47 55 56 -55 -58 -57 -25 61 -61
right_child=15 -3 10 6 5 26 -8 8 -10 13 11 27 25 -15 -16 16 -18 18 -20 -21 21 -23 23 59 -26 -27 -28 28 29 30 31 32 -34 -35 35 36 49 -39 39 -41 -42 -43 43 44 45 46 47 -49 -50 -51 51 -53 -54 54 -56 58 57 -59 -60 60 -62 -63
leaf_value=0.019511264944747166 -0.10579721276557336 -0.086894059815417646 0.00063652155807184397 -0.020546542986856927 -0.043264726662046213 -0.056469763255316177 -0.055589442395793089 0.010474282195060561 -0.0096989693735897286 0.050205806064537339 0.054321937630966113 0.046301769909509051 -0.025670453396532168 0.074147960564191359 -0.015567193245479758 0.091582789799507708 0.09811699358375589 -0.081501524476324333 0.040316933908292288 -2.5050079902820097 0.10004734085014411 -6.2808535118755247 0.017530483434329246 -0.02676994691370975 0.11750787955045833 -0.0039791322418728714 -0.0028961081698153958 0.020872118947939004 -0.034119588522698356 0.080640410190699105 -0.03168884166211311 -0.16604291431905091 0.026414991413521629 0.021456843096994856 -0.078950122260084563 -4.619086854174796 -1.7033941374972086 -2.9353241588053574 -1.0968229496444069 0.10056658082616404 -4.9472152643710023 -2.6457300717104655 -0.1851691488744405 -3.2068732061997993 -2.8176754952315215 -0.088025675098402159 0.10060733357344707 -5.6351324847491355 -2.1303073812652098 0.1014091988038979 -5.1245240819443341 0.071420882866391908 0.10004775479777808 -0.32652002284078968 -3.0212166517105765 -1.9238183098220265 -0.58583088263129746 -6.4913136039794495 -0.051262112457447932 0.46119265682978067 -0.00036775286913573154 0.062649859729144289
leaf_weight=694.82004321087152 14.870815685952378 162.22894089802867 77331.6503407688 2244.5859763370245 717.78582241031108 119.17035304696765 328.28063089412171 2040.1341671710834 953.69142010179348 215.67710699583404 317.91583315067874 168.13733425780856 859.9538118802011 260.76512889843434 165.55668014474213 131.64229772560248 185.84760584858304 34.621648667235604 310.46911147355661 0.076761830714530244 0.13913311518262972 0.047015302814543247 234.93751007318497 578.13192427559989 48.460550676449202 4872.9427431505173 1273.8805433562375 317.31362207060715 84.133087847798834 15.342379056964999 68.474732709611999 11.373362459708011 20.101230238564312 6.2800618512119391 4.1161491618840875 0.1906410625670113 0.16624401012086309 0.1317448054323912 0.16673124066437672 0.27087859882158227 0.15849502533092164 0.10925640934147018 3.4376665499294168 0.1209439374069915 0.13709034241037432 1.5249743239983224 0.082196701870998257 0.069744764085044153 0.13441870170936443 0.33034862813656218 0.076561385678359239 64.004568874424194 0.18240009385044686 0.4605622090748519 0.096110445650992804 0.098771372344344521 0.14513089379761368 0.12136826712230686 1.3177415346290218 3.1625477233901593 1141.4561264861841 5.6627019180450597
leaf_count=20792 515 154336 1182559 74662 115843 8178 11682 62313 17826 6805 213421 151003 56775 10724 7281 266684 740389 57247 583168 127 298 100 6772 20541 1602 93234 50784 328786 30232 25545 40699 1391 27548 5945 4143 74 95 131 66 311 150 130 2445 125 192 1619 81 125 106 198 194 76524 419 415 116 81 83 147 1637 96 36609 209
internal_value=-1.30943e-05 -0.000411127 -0.000263718 -0.00586634 -0.00243766 -0.019648 -0.014971 0.00117222 0.0109206 0.0182523 0.000933638 0.0220766 -0.00434193 0.0429692 0.0216429 0.0559815 0.059611 0.0446082 0.0272653 0.0900696 -0.0891494 -1.51157 -0.0118383 -0.00212244 0.0346264 -0.0072329 -0.00747914 0.00874248 -0.00177099 -0.0271277 -0.066786 -0.0856953 -0.158006 -0.277432 -0.35324 -0.512277 -1.64466 -0.451 -0.424959 -1.57647 -2.97326 -0.367624 -0.346642 -0.488878 -0.73117 -0.659677 -0.586649 -2.53223 -0.510832 -0.502784 0.00893945 0.0653119 -1.44459 -0.453008 -0.70152 -0.597513 -1.40737 -3.27529 -0.181833 -0.00814795 0.00121148 0.205469
internal_weight=96017.4 95339.7 95177.4 16759.1 12174.4 2110.84 4584.68 10063.5 3635.82 2682.13 78418.4 1086.72 6427.72 641.999 381.234 677.714 662.844 476.996 345.277 131.719 34.8078 0.186148 4256.4 2011.81 283.398 5732.9 1393.05 768.807 600.669 283.356 134.959 119.617 51.1419 31.0406 24.7606 13.3872 0.687234 12.7 12.5682 0.596105 0.325226 11.9721 11.8629 7.74672 4.30905 4.18811 4.05102 0.151941 3.89908 0.496593 148.397 64.2635 0.258961 3.76466 2.23968 2.14357 0.727061 0.266499 1.41651 1728.41 1150.28 8.82525
internal_count=4502328 2853800 2699464 602728 450555 174805 152173 275750 104949 87123 2096736 914177 170801 24810 14086 1648528 1648013 907624 640813 266811 57645 398 140491 65829 8374 150009 58962 700756 549753 220967 113598 88053 47354 19806 13861 12470 367 12103 11972 527 216 11445 11315 7172 4727 4602 4410 206 4204 293 107369 77137 613 4098 2479 2363 645 230 1718 57455 36914 305
is_linear=0
shrinkage=0.1


Tree=74
num_leaves=63
num_cat=0
split_feature=65 68 68 7 59 65 26 56 26 57 2 1 71 47 1 6 8 20 49 20 28 7 71 59 2 60 62 60 20 10 7 65 28 65 59 71 39 43 1 1 68 8 72 45 55 4 59 65 1 64 60 66 53 71 9 19 60 68 46 57 26 64
split_gain=269.712 108.801 52.8281 58.0991 51.3281 45.1408 45.0072 47.7782 58.8133 62.7357 55.3347 93.4453 90.6034 53.6879 63.4784 67.8546 58.7574 78.2903 49.8304 48.604 45.4607 65.7288 51.466 52.5041 46.7779 43.3662 61.3978 42.9292 42.245 98.571 68.8713 41.3458 39.7937 39.5318 39.2884 69.476 45.0486 41.3227 41.171 41.0964 40.0671 64.7457 43.8094 41.5372 37.3472 36.8936 36.4428 60.7301 43.3536 41.0617 45.3947 35.3681 35.1953 37.1559 36.1747 34.8544 34.6512 34.1549 37.0906 34.1531 34.1371 33.0602
threshold=0.99734023213386547 0.99686068296432506 0.96634739637374889 49.25306701660157 0.99659264087677013 0.24927582591772082 1.0000000180025095e-35 0.38750000298023229 1.5000000000000002 80.496570587158217 73.401363372802749 98.48450088500978 0.6155306100845338 8.1912217140197772 90.219989776611342 1.0000000180025095e-35 46.82197570800782 0.89164474606513988 0.15476191043853763 0.99999991059303295 4.5000000000000009 73.860012054443374 0.023314505815505985 0.15471532940864566 89.512962341308608 5.5000000000000009 5.0434627532958993 7.5000000000000009 0.65945902466773998 1.5000000000000002 86.217220306396499 0.096507042646408095 106.50000000000001 0.019124536775052551 0.12248792499303819 0.7604079842567445 0.38750000298023229 93.629318237304702 98.058067321777358 8.0404038429260272 0.0076754512265324601 81.264270782470717 0.0024688988924026494 1.0000000180025095e-35 0.43650794029235845 0.82850205898284923 0.9861450493335725 0.99188220500946056 90.645832061767592 0.44336403906345373 5.5000000000000009 5.5000000000000009 94.536411285400405 0.0031322836875915532 1.0000000180025095e-35 1.0000000180025095e-35 2.5000000000000004 0.81430065631866466 0.012080864515155556 85.696506500244155 7.5000000000000009 0.88905346393585216
decision_type=2 2 2 8 2 2 2 10 2 10 2 2 2 2 2 2 10 2 8 2 2 8 2 2 2 2 2 2 2 2 10 2 2 2 2 2 10 10 2 2 2 8 10 2 10 2 2 2 2 2 2 2 8 2 8 2 2 2 2 10 2 2
left_child=1 4 3 -2 5 6 52 10 19 51 34 12 13 14 -12 -16 32 25 -17 -9 -13 22 23 24 -22 -18 -27 -28 -11 30 -30 -31 -15 -26 35 36 38 -38 39 59 43 -42 -43 -41 -35 -23 47 60 -48 -49 61 -10 53 54 -1 -50 -45 -47 -59 -8 -7 -51
right_child=2 -3 -4 -5 -6 46 7 8 9 28 11 20 -14 16 15 18 17 -19 -20 -21 21 45 -24 -25 33 26 27 -29 29 31 -32 -33 -34 44 -36 -37 37 -39 -40 40 41 42 -44 56 -46 57 48 49 55 50 -52 -53 -54 -55 -56 -57 -58 58 -60 -61 -62 -63
leaf_value=0.006422415703291811 -2.9003960895683374 -0.08458733777340452 -0.071557694154987334 0.052104007828104017 0.073602704559378826 0.0018598623351431629 0.0037725281355682101 -0.032547514985501819 0.015741544860461195 -0.033876341603054604 0.0036668003846505471 -0.0080636021169690156 -0.042893947527837109 0.0046673745042019052 -0.046989157731621656 0.24315183593058723 -0.024177311313484089 0.027856869486922949 0.073856648509522047 -0.0045417959507026836 -0.036343872199106682 -0.060406191634540286 -0.042968335983947503 0.01211545666653519 0.21148852898363249 0.062904076990672908 -0.028786809416620825 0.079570574403143926 0.13935638300547928 -0.036530496078084701 0.020941149812021734 -0.00044482079564560318 -0.076791539950832446 0.062207241540745251 -0.0025434234219343919 -0.032194104470070387 0.05085325787515247 0.2026544726422897 -0.018334481921914825 0.022675868864361414 -0.017172138009287196 0.0415256544113781 -0.018753626348957022 0.028071137710645674 0.18562692729765168 0.0035872191799719982 0.018041787281149049 0.051312763017683408 0.041737351035086107 -0.074724492177212665 -1.416727656542929 -0.012669873092592435 -0.031653974794880579 -0.043498354858663102 0.10706320038666479 -0.032171774829877882 0.081591021308345349 0.68200987882175723 0.11134693661491818 -0.089246841238132729 -0.088918171597053758 -1.2760609593532972
leaf_weight=340.7080567330122 0.066652345360124765 152.41387796367053 35.735009234747849 1133.5149534955799 94.577080999559257 55138.549076813506 122.45113838207908 1561.9755898002186 1787.7111401468865 750.96075764967827 221.43875055760145 3395.4160676554893 809.0076265570242 2474.6973643247038 22.9928611475043 31.933172674849629 3579.9322394267656 366.66260089818388 38.165834734216332 1027.2423824370489 35.25652077421546 90.299710414954461 73.740257897297852 259.3343276521191 22.982995502650738 142.38747047726065 295.85190218873322 41.718142995610833 66.588850201573223 562.4402706848341 187.18057082523592 729.12309459288372 61.459798010997474 239.99327900353819 2082.2795454612351 292.25941717572277 94.078643484041095 22.155428102938458 308.57048236345872 1082.249092807062 523.99085316061974 576.32148959720507 152.46353452652693 217.97962589608505 27.308078413829207 11146.137120082509 288.97111259872327 329.78911046282155 69.123443127609789 14.861190270574292 0.26368667883798558 580.40507404651726 932.91067446715897 138.61714493430918 39.89795221760869 829.44771950296126 271.83300185250118 1.2696743213455182 11.062198085710405 58.247012087609619 41.456386939506046 0.23266081104520786
leaf_count=6906 72 167449 789 2305784 10584 835201 2481 28491 32416 12080 4662 65450 42271 37585 337 557 88457 8207 528 16387 721 2181 3835 2562 1041 3095 7159 1085 826 23147 2709 6372 1165 2332 35129 49585 2964 463 8065 17359 11096 9742 2235 4113 179 173605 79401 160273 13913 8228 132 17625 25241 7622 246 141093 5104 102 1115 1479 606 73
internal_value=0.000423029 -0.000165374 0.0481565 0.0519304 -2.95121e-05 -0.000103117 -0.00277509 -0.00208725 -0.00935081 -0.00264199 -0.000282517 -0.00245143 -0.0111467 -0.00761741 0.0327948 0.102082 -0.00944297 -0.0163964 0.150978 -0.0214366 0.0021433 0.00505382 0.0357586 0.0456844 0.0724263 -0.020393 0.00783331 -0.0153956 -0.0144193 -0.0049641 0.0520132 -0.0161591 0.00269335 0.085637 0.00845649 0.0146094 0.018597 0.0797882 0.0164509 0.0200222 0.0229797 0.00963847 0.0289151 0.0336113 0.0748161 0.00325606 0.0016825 0.00205322 -0.015651 0.0438696 -0.115966 0.00877815 -0.0200396 0.000828456 0.0169723 -0.0264862 0.0577733 0.00377124 0.170102 -0.0262117 0.00179166 -0.0932422
internal_weight=96028.7 94859.4 1169.32 1133.58 94707 94612.4 37899.7 36447.6 7253.63 4664.41 29193.9 23389 8086.25 7277.24 314.531 93.0919 6962.71 4426.55 70.099 2589.22 15302.8 11907.4 658.615 584.875 325.541 4059.89 479.958 337.57 2296.29 1545.33 253.769 1291.56 2536.16 290.284 5804.88 3722.6 3430.34 116.234 3314.11 3005.54 2824.84 1252.78 728.785 1572.06 267.301 11248.8 56712.7 55525.2 1187.54 345.147 15.3575 2368.12 1452.13 519.223 380.606 898.571 489.813 11158.5 12.3319 180.698 55180 15.0939
internal_count=4501712 2195067 2306645 2305856 2027618 2017034 778114 738099 140053 95175 598046 448231 195108 152837 6084 1422 146753 108003 1085 44878 253123 187673 10670 6835 4273 99796 11339 8244 45134 33054 3535 29519 38750 3552 149815 114686 65101 3427 61674 53609 49649 23073 11977 26576 2511 177003 1238920 1004513 234407 168706 8433 50041 40015 14774 7152 155006 9217 174822 1217 3960 835807 8301
is_linear=0
shrinkage=0.1


Tree=75
num_leaves=63
num_cat=0
split_feature=65 69 59 65 60 63 68 59 75 7 68 1 71 60 0 2 66 19 7 62 73 54 7 73 68 0 4 74 28 46 19 59 66 68 69 1 51 24 42 71 66 41 57 62 60 62 35 62 62 19 29 35 73 8 57 68 46 62 8 25 62 46
split_gain=254.166 92.848 43.742 41.2395 53.1993 48.6858 110.25 45.1133 48.7697 37.6608 37.0378 36.3758 36.1131 35.1393 34.3803 43.6474 49.0676 32.7363 32.15 30.9984 30.6669 30.0109 29.6827 29.453 64.0871 54.4638 70.3055 48.0759 51.5095 47.5329 42.0582 38.1481 33.5372 30.8005 34.1081 35.1254 30.4913 29.6577 29.546 28.8843 69.3501 50.3974 49.8299 48.9778 101.624 95.8048 52.4396 68.5009 111.072 54.4093 51.1651 55.0293 48.6565 49.8738 49.5912 54.8495 47.8166 46.6116 45.0812 44.5617 38.5149 96.1764
threshold=0.99759849905967724 -0.90097209811210621 0.99587664008140575 0.057904653251171119 4.5000000000000009 4.5000000000000009 0.0030523975146934394 0.053876198828220374 2.5000000000000004 61.746549606323249 0.99975398182868969 9.3933825492858904 0.50746119022369396 7.5000000000000009 98.717739105224624 92.893215179443374 319.50000000000006 0.99999997019767772 86.430217742919936 4.0093116760253915 -0.73976963758468617 97.57275772094728 56.543697357177741 0.41114974021911627 0.42402729392051702 77.836257934570327 0.91223394870758068 1.0000000180025095e-35 37.500000000000007 0.0079987952485680597 0.26560053229331976 0.074122425168752684 5.5000000000000009 0.00077949298429302882 0.65211600065231334 91.010101318359389 97.70084381103517 1.5000000000000002 74.133811950683608 0.42231898009777075 6.5000000000000009 0.0058764293789863595 72.501106262207045 4.0311386585235605 4.5000000000000009 3.9558480978012089 6.5000000000000009 4.7552871704101571 5.0110151767730722 0.22423672676086429 20.500000000000004 4.5000000000000009 0.21537677943706515 78.059478759765639 60.606058120727546 0.3945604413747788 0.98318174481391918 4.000246763229371 44.95252990722657 4.5000000000000009 3.0574865341186528 0.9583287537097932
decision_type=2 2 2 2 2 2 2 2 2 10 2 2 2 2 2 2 2 2 8 2 8 10 10 10 2 2 2 2 2 2 2 2 2 2 2 2 2 2 2 2 2 2 8 2 2 2 2 2 2 2 2 2 10 10 10 2 2 2 10 2 2 2
left_child=1 -1 3 4 7 6 17 -3 21 -4 20 -7 14 -13 15 -2 -17 -6 -14 -19 22 -9 -5 39 25 29 27 30 36 -25 -27 -31 -33 -32 -35 38 -29 -28 -36 40 43 -41 -42 45 58 50 47 -46 -49 -48 51 -22 54 -54 55 -43 -47 -58 -45 60 61 -52
right_child=12 2 9 10 5 11 -8 8 -10 -11 -12 13 18 -15 -16 16 -18 19 -20 -21 23 -23 -24 24 -26 26 37 28 -30 31 33 32 -34 34 35 -37 -38 -39 -40 41 42 52 -44 44 46 56 49 48 -50 -51 59 -53 53 -55 -56 -57 57 -59 -60 -61 -62 -63
leaf_value=-0.088406143102769119 0.068510899152085886 -0.0038037070945403997 -0.074126633260365185 -0.13221705272158382 0.035323323044292608 -0.069858585251407826 -0.0048308123427516754 -0.016563507542663704 0.37651453409541435 0.082310300278323284 -0.092180115479242444 -0.0093786243805192814 -0.19490088352492574 0.03085114050777581 0.089609829858746839 0.02256862955397386 -2.5064185170313364 0.13894605807778385 0.0067909374215532406 0.047350927025919864 0.0014847895223993181 -0.045342199480031486 -0.019614885242680836 -0.017133010891685865 0.095855635481101376 -0.032461006986330268 -0.035815004518650266 -0.10498986188897164 0.14779405022705361 0.041429660768975564 -0.074014445983065669 -3.0009400247409617e-05 0.021033129751846943 -0.12255337102599616 -0.26278392924898758 -0.081597184808312004 0.043047113003474337 -0.0057151731863689182 -0.7531189641932633 0.035243066342854089 -0.0068330234638666696 -0.041457262601811248 0.018193305161876571 -0.0034162254529274921 0.017337501171688498 0.020812963568206999 0.00034884070453400064 -0.034927773355004917 0.0013538064159202663 0.025300265795520763 -0.0014903105912045008 0.01570214408643212 0.00336673201842249 0.11888435256267738 -0.00099291842026202198 -0.0076154730933217455 -0.037139372559994825 -0.0077506758081077008 0.028088945644148801 -0.025320764758184806 0.0077244799700097334 -0.031998935936324774
leaf_weight=119.98601457837503 375.38233389701202 3768.1969934400549 18.043381903786212 32.409088192333002 536.35157861933112 88.306603778561112 1035.9086437824299 2950.4824777578469 3.1032561691245055 104.60920766479103 43.28935392468702 1699.389617285342 10.214387971194808 248.92245823779376 200.98065303894691 441.464542994216 0.076732156710931032 66.739653257653117 34.929035257562646 82.772999334614724 10470.206416092406 413.09057772386586 84.314230410440359 980.172627670574 63.961879525508266 320.51408765971428 345.54637401155196 25.721262266219128 24.963448444381356 302.63936937763356 159.93202109099366 3360.6681302004145 975.30844948778395 23.41514738928527 2.2973117930814615 2.7973974822089076 30.30823823652463 6215.5177788326982 2.6423461403464898 361.69593094370794 980.01244643313112 625.83213751635049 4228.081559825805 553.80206400778843 983.61909750167979 260.6443562086788 2258.2722229770734 1362.5019087466062 2216.3808135895524 1425.6707443447667 10019.841190646228 3679.0378654528758 85.225535198347643 66.566300111997407 18945.128721151676 2040.2211982579902 1253.229599744489 947.84558561380254 2524.9125304644112 856.7814417774207 3255.165854361956 1152.102614135656
leaf_count=182794 509828 147442 1202 739 14602 3835 44992 130926 119 13173 32789 68718 832 9658 854353 897559 167 2048 11079 2809 199496 20580 1859 19793 1276 6263 6911 376 1105 2518 3341 123452 32002 191 63 141 794 123639 158 3473 12265 5472 84385 18913 7439 7505 31416 15676 33998 20286 242087 63534 1469 1206 168040 35689 21216 21878 106283 18554 80936 27293
internal_value=5.12514e-05 -0.000494668 -0.000383125 -0.000460631 -0.00624779 0.00338088 0.0157594 -0.0113198 -0.0197323 0.0592969 0.000293907 -0.00708398 0.048676 -0.00423874 0.0525575 0.0434419 0.0221291 0.0468581 -0.0388449 0.0882373 0.000341845 -0.0200979 -0.0508797 0.000413542 -0.00399247 -0.00449249 -0.0102798 -0.0432666 0.0283192 0.00287569 -0.0545996 0.00710367 0.00470781 -0.0917336 -0.182702 -0.364733 -0.0249117 -0.00730042 -0.525076 0.00121517 0.00258279 -0.00177836 0.0134841 0.00126916 0.00691847 -0.000736784 0.00113049 -0.00603509 -0.0124588 0.0100049 0.000848235 0.00518154 -0.00239365 0.0540255 -0.00278992 -0.0155595 -0.0196878 -0.0244838 0.0224218 -0.00316337 -0.00184751 -0.0046365
internal_weight=95748.1 94685.1 94565.1 94442.5 10893.3 3758.39 1721.77 7134.87 3366.68 122.653 83549.2 2036.62 1063.05 1948.31 1017.9 816.924 441.541 685.864 45.1434 149.513 83505.9 3363.57 116.723 83389.2 12836.4 12772.4 7153.66 592.591 80.9929 5618.79 511.598 4638.62 4335.98 191.084 31.1522 7.73706 56.0295 6561.06 4.93966 70552.8 48428.1 22124.7 5208.09 43220 11325.2 31894.9 8246.44 4562.5 3578.88 3683.94 29433.1 14149.2 21763 151.792 21611.2 2666.05 2461.72 2201.08 3078.71 15283.9 14427.1 11171.9
internal_count=4502635 2228817 2046023 2031648 445729 146662 64451 299067 151625 14375 1585919 82211 2273818 78376 2261907 1407554 897726 19459 11911 4857 1553130 151506 2598 1550532 322023 320747 142982 12432 2275 177765 10157 157972 155454 3894 553 362 1170 130550 221 1228509 1013160 215349 96650 916510 234011 682499 108815 57113 49674 51702 631900 263030 211876 2675 209201 41161 50599 43094 125196 368870 350316 269380
is_linear=0
shrinkage=0.1


Tree=76
num_leaves=63
num_cat=0
split_feature=65 69 73 0 19 59 48 26 7 59 1 46 41 48 52 43 69 71 32 65 0 59 72 71 8 25 55 69 45 40 59 35 38 0 34 26 8 54 28 26 20 56 39 38 46 51 71 37 10 4 21 7 73 4 12 31 27 7 28 59 46 62
split_gain=195.121 81.8659 38.8557 37.5486 45.096 36.9326 34.1576 33.765 36.5399 183.917 35.3015 55.6388 226.534 394.263 54.8242 129.018 44.3112 33.7176 34.5617 33.3114 46.9543 42.213 49.7892 54.2144 33.9626 33.7617 39.8034 38.3958 36.0569 31.6531 44.6952 30.6935 30.6933 29.4361 28.8799 27.7247 27.188 26.9067 26.5118 25.964 25.6964 77.9614 101.211 90.9171 82.5381 84.5833 102.071 68.6871 67.8749 58.5082 55.1314 92.0627 114.221 98.2438 54.8273 52.2484 51.1034 46.9492 44.6931 43.8455 43.589 43.4305
threshold=0.99784654378891002 -0.90097209811210621 -0.73976963758468617 98.837055206298842 0.84235987067222606 0.99603024125099193 31.83829498291016 4.5000000000000009 89.164299011230483 0.99902325868606578 92.893215179443374 0.0030784248374402527 0.99498718976974498 51.871871948242195 83.457714080810561 84.943626403808608 0.99993386864662182 2.1959235668182377 16.500000000000004 0.047570170834660537 99.51456451416017 0.022610482759773735 0.60774543881416332 0.7604079842567445 58.082538604736335 1.5000000000000002 0.38750000298023229 -0.14607119560241696 1.0000000180025095e-35 1.0000000180025095e-35 0.1153191812336445 8.5000000000000018 64.549732208251967 52.419982910156257 0.70085299015045177 7.5000000000000009 80.739643096923842 81.275405883789077 106.50000000000001 1.0000000180025095e-35 0.99999991059303295 0.90454545617103588 1.0000000180025095e-35 96.881942749023452 0.0093087167479097861 98.213714599609389 0.010812118649482729 82.446311950683608 1.5000000000000002 0.82049739360809337 1.0000000180025095e-35 99.462348937988295 1.0000000180025095e-35 0.88237175345420849 1.0000000180025095e-35 0.91354280710220348 14.500000000000002 92.071350097656264 4.5000000000000009 0.034738900139927871 0.76904559135437023 1.3106976151466372
decision_type=2 2 8 2 2 2 10 2 10 2 2 2 2 10 8 8 2 2 2 2 2 2 10 2 10 2 10 2 2 2 2 2 10 2 2 2 10 8 2 2 2 10 8 10 2 2 2 2 2 2 2 10 8 2 2 2 2 10 2 2 2 2
left_child=1 -1 32 4 6 17 -2 10 9 -9 11 12 14 -14 15 -6 -13 18 19 20 21 22 23 -4 -22 -23 27 -27 29 -29 37 -20 -3 -28 -19 40 -37 -31 -34 -30 41 59 43 -43 -44 47 61 48 49 57 -42 -52 -53 -54 56 -51 -49 -46 -57 60 -21 -47
right_child=3 2 5 -5 7 -7 -8 8 -10 -11 -12 16 13 -15 -16 -17 -18 34 31 35 24 25 -24 -25 -26 26 33 28 39 30 -32 -33 38 -35 -36 36 -38 -39 -40 -41 50 42 44 -45 45 46 -48 54 -50 55 51 52 53 -55 -56 58 -58 -59 -60 -61 -62 -63
leaf_value=-0.086418418258542573 0.14176250209294339 -0.088716367005364283 0.0075906883415828522 0.08532943608084835 -5.0590283142222257 0.057951798450769781 0.048229906648853044 -0.1213375499851343 -0.13951070619113873 -4.837063514630465 0.029144911643640043 -0.085086840403708078 -11.095870429631264 -0.74922710956013905 -0.1525875909940213 0.10005606575673852 0.097092653409379032 -0.058975777005474975 0.0042788086045337532 0.039532701384467184 0.037900402443381477 0.0032767957677734758 0.059270020079541443 -0.03990531412776939 0.26904747648489469 -0.049611971081173101 -0.0087010439006114087 -0.029169325623409514 -0.043049909303533737 0.092854272909930161 -0.029502246656677136 0.037311133743570549 -0.013453772794519786 -0.044360077110462512 -0.011197890977032592 -0.0068641134506447921 -0.13779931199328316 0.0083676587692690478 0.28281558117093608 0.0058387300760133036 -0.0018899529642815668 -0.047024338794655535 -0.035335745116017517 -0.2899206515918496 -0.033489589222969789 -0.02573549721547623 -0.011748347820405394 -0.063009427755719591 0.015727175177600087 0.038163263362551623 0.0055930897127516761 0.0096353602553982867 0.096975375954157089 -0.0083204112430459703 -0.014530932594749486 -0.086437985008204016 0.06566962152342494 -0.0048466374718085176 0.016430348200233671 0.00075427062000277484 -0.0018149312547915957 0.04202310845499585
leaf_weight=109.89029830216896 43.703975359805554 88.394887494680006 1685.8261016532633 186.57210266232141 0.07753313353168767 109.94422678620322 366.23747632486197 0.45104790470213529 6.6452927287623424 0.10127286287024617 294.61530979114696 44.084079544089036 0.053590941504808032 0.11774641738156788 3.1243141711772751 0.12933149287709966 19.150948089081794 153.6605203722138 723.61520400701556 584.47990307130385 154.96241033676779 1288.873618283018 157.40201070078183 280.28192418231629 6.628491975599899 233.95553151034983 349.3325065576355 1035.7844810648821 116.35554944863543 40.724838216789067 394.4123078645207 460.19546093861572 66.762700712948572 686.2685801256448 716.1558593949303 35.622224843129516 28.583677017944865 506.69347029970959 3.163531058933585 1636.4125734404661 6599.5200878547039 416.62180255888961 888.3203631855431 16.001913326967042 1070.8545785736642 104.78973387053702 798.55634825839661 457.05450031522196 1403.5495419345098 388.52508012624457 5561.9819147677044 677.38826642459026 383.99734854471171 115.19121164293028 1180.0440828405553 74.37497286387952 33.097620588843711 1229.067526059458 97.738185356371105 60110.456978739589 452.2369786510244 972.28158295090543
leaf_count=182753 42804 4136 56491 853107 144 14250 581619 544 8646 165 657487 77645 107 224 4329 247 10051 7526 12708 5026 3690 38403 9024 25718 84 18695 15036 42652 7094 1856 21603 8313 2264 38009 22458 509 548 24067 287 82460 225439 32758 26271 859 17429 5928 23681 16589 36060 13210 173002 8923 22196 4661 39380 2409 2711 24566 4697 777466 4349 157099
internal_value=0.000299604 -0.000156372 -5.61423e-05 0.0450371 0.0353807 2.68579e-05 0.0582014 0.00999702 -0.204468 -0.986007 0.0142688 -0.0514021 -0.439367 -3.98545 -0.256976 -1.83358 -0.0299131 -4.0671e-05 0.000141763 -7.60999e-05 -0.00601253 -0.00703818 0.00515235 0.000819814 0.0473821 -0.0111545 -0.0148746 -0.0103143 -0.0078497 -0.0171054 -0.00383799 0.0171198 -0.0495549 -0.0323314 -0.0196383 0.000532149 -0.0651549 0.014653 -5.02577e-05 0.00259331 0.000582587 -0.000181122 -0.00880022 -0.0560086 -0.00645223 -0.00316695 0.0153441 -0.00901763 -0.00228442 -0.0111219 0.00460656 0.010969 0.0363824 0.0726776 -0.0262079 0.0178447 -0.0543203 -0.0181829 -0.028022 0.00110594 0.021496 0.0354308
internal_weight=95651.1 94686 94576.1 965.064 778.492 94417.8 409.941 368.55 7.19761 0.552321 361.353 66.7375 3.50252 0.171337 3.33118 0.206865 63.235 94307.9 93438.1 92254.3 8573.91 8412.32 2123.51 1966.11 161.591 6288.81 4999.94 3964.34 3730.38 1977.62 941.831 1183.81 158.321 1035.6 869.816 83680.3 64.2059 547.418 69.9262 1752.77 83616.1 70278.1 9130.88 432.624 8698.25 7809.93 1875.63 5934.31 4264.11 2860.56 13338.1 6738.56 1176.58 499.189 1670.2 560.638 490.152 2299.92 172.113 61147.2 1036.72 1077.07
internal_count=4502462 2265343 2082590 2237119 1384012 2075903 624423 759589 9355 709 750234 92747 5051 331 4720 391 87696 2061653 2031669 2010648 384882 381108 91233 82209 3774 289875 251472 198427 179732 90178 47526 21021 6687 53045 29984 1625766 1057 25923 2551 89554 1624709 1190488 403647 33617 370030 343759 186708 157051 98371 62311 434221 208782 35780 26857 58680 20316 19300 41995 7106 786841 9375 163027
is_linear=0
shrinkage=0.1


Tree=77
num_leaves=63
num_cat=0
split_feature=69 68 59 63 1 62 62 19 36 64 58 62 13 49 16 8 60 40 38 71 33 9 16 7 20 33 0 71 72 28 68 72 64 20 25 39 36 1 39 7 13 73 1 9 52 2 55 64 69 57 25 36 27 17 27 51 24 65 59 59 73 4
split_gain=301.65 81.9873 51.3955 50.3472 119.006 218.336 1249.81 648.101 89.9922 49.1647 57.8577 44.4806 91.8831 57.6247 42.2836 41.1564 39.7415 38.4248 56.0152 127.683 75.721 81.3667 66.4896 61.7667 51.5317 57.7112 55.5773 42.3355 42.1516 75.9754 64.96 41.3809 53.9722 40.7684 49.9842 40.4801 46.9274 35.6982 34.8185 43.1553 33.8992 32.8837 112.983 79.9388 51.6785 50.6686 54.0037 68.8907 49.7312 45.9395 47.4423 45.8557 43.5413 41.6055 33.3118 33.1683 33.0902 32.6897 35.0112 32.612 40.535 32.2336
threshold=0.99730131030082714 0.99810996651649486 0.99603024125099193 2.5000000000000004 92.893215179443374 1.9908952713012698 2.0047469139099126 0.84235987067222606 0.99851599335670482 -0.22208899259567258 75.801467895507827 2.0099126100540166 1.0000000180025095e-35 0.23611111193895343 3.5000000000000004 70.13602447509767 1.5000000000000002 1.0000000180025095e-35 93.357845306396499 0.012982517480850221 0.19102981686592105 0.22500000149011615 3.5000000000000004 99.069747924804702 0.73636579513549816 0.74804618954658519 75.716625213623061 0.68545213341712963 0.7181263566017152 3.5000000000000004 0.11755752936005594 0.23211958259344104 0.8958919644355775 0.44444668292999273 2.5000000000000004 0.26785714924335485 0.99987599253654491 99.51456451416017 0.15476191043853763 93.557819366455092 1.0000000180025095e-35 0.030625700950622562 45.035211563110359 0.95454546809196483 27.842377662658695 9.1431555747985858 0.90454545617103588 -0.093650668859481798 0.017650300636887554 82.001697540283217 2.5000000000000004 0.88534459471702587 43.500000000000007 1.0000000180025095e-35 48.500000000000007 94.791099548339858 1.5000000000000002 0.012250681873410942 0.016588219441473488 0.98175519704818737 0.93988564610481273 0.7576034963130952
decision_type=2 2 2 2 2 2 2 2 2 2 2 2 2 10 10 10 2 2 8 2 2 10 8 10 2 2 2 2 8 2 2 10 2 2 2 10 2 2 10 10 2 8 2 8 8 2 10 2 2 8 2 2 2 2 2 2 2 2 2 2 10 2
left_child=1 2 17 4 5 -2 7 -7 15 10 -5 12 -8 14 -14 -9 -10 57 19 20 35 22 -22 -21 25 -20 -27 28 30 -30 -28 -32 -33 34 40 36 -19 -29 39 -24 -23 44 43 45 -26 46 51 -48 -45 50 54 -43 56 -50 -44 -46 59 -1 -59 -51 -61 -58
right_child=3 -3 -4 9 -6 6 11 8 16 -11 -12 -13 13 -15 -16 -17 -18 18 24 23 21 33 38 -25 41 26 27 37 29 -31 31 32 -34 -35 -36 -37 -38 -39 -40 -41 -42 42 49 48 55 -47 47 -49 53 52 -52 -53 -54 -55 -56 -57 61 58 -60 60 -62 -63
leaf_value=-0.030536263368905095 0.040096496520477566 -0.077978810173335342 0.048203740668219405 -5.3669806296825522 0.06041955863698404 0.10005666739625463 0.011570717759126528 2.4222757518027551 2.2944270393784438 0.0416179856580517 0.10006443282951903 0.08344207292033913 -0.34362448988878036 2.1399179688522243 2.2504585915038993 0.10006731722929207 2.9984690576092508 -0.014062186486109012 -0.012059826036820445 -0.024734537909911442 0.015899775882039498 0.038609969730614459 0.048592591444151588 0.017994662128659841 -0.020185976539144123 -0.013852392240223874 0.039566134089145576 -0.035789620567571165 0.029065845413277277 -0.059726931454614773 0.0062400000873034491 0.05710015774457522 0.36502321498676049 0.018797324452316088 -0.03136551596013501 0.011783960095506647 0.17485695633594556 -0.00051621052729144772 0.10487710843086602 -0.017119665990909798 -0.012258531506079204 0.035160777727378661 -0.050353077105718548 0.13861669664233786 0.016695676931952157 0.048036135809837614 -0.10131813664711686 0.063248266629523806 -0.056573155647564891 -0.024538496530076032 0.024595528674751045 -0.056586057471629161 0.033087636580451871 0.053316449172507031 0.011528977884057845 -0.0087981616910653305 -0.022042475537016458 0.019138963225987543 -0.0017980556676044307 -0.12641054583878425 -0.70302245550331754 0.0074392973970699083
leaf_weight=390.38407971101697 34.901645191863054 134.8836964017828 221.0447433553345 0.036582920598447255 248.99816851713899 1.5330650452087891 1.1301652630936612 0.12179070737329345 1.3648994167160708 512.77715305498714 0.041112312566838227 23.889010750848684 0.22538558160886157 0.45921238866867498 0.08712490470497869 0.20441479128203355 1.9432772753643803 1253.2922580811937 5285.8549963027617 1433.8399377820606 1186.557044865418 268.61157109256601 1295.6260438075697 442.77043205779046 1137.0404275445326 2134.4765941989317 786.03816510605975 309.26345973514253 171.96045675786445 219.20409785310039 3404.5010159563099 56.713695984391961 6.3273451933637253 1525.9388486969547 459.96316089958418 1619.8726946165552 13.287861120537853 3970.1752022784785 99.022275049559539 108.29381169227418 255.7300339055073 71.268227569700684 397.22919454696239 65.812796348240227 1246.6144079591759 227.1305133238202 30.801625050604343 146.07321479503298 36.25843536213506 209.62329103803495 167.23875893437071 231.2162495770026 536.30273898437736 692.26258968753973 111.38162819152058 864.05485080008657 406.19799370174587 810.23571229766821 56041.086693190417 12.886955385067266 1.3465555633301836 4261.9023477409064
leaf_count=37240 48781 154756 292696 95 600428 3467 2536 66 623 1240976 109 48728 410 267 44 341 210 26306 133962 52468 22621 5124 24171 8344 19665 45093 15513 13976 10634 9606 22399 927 137 32936 9290 47941 245 43878 1412 2688 4998 865 8108 629 24486 4062 339 6159 632 5156 3313 5184 28624 60180 4125 26710 7617 27991 1153089 2288 214 146005
internal_value=0.000454601 -7.04349e-05 4.06227e-05 0.0605614 0.0920379 0.211578 0.404902 1.82438 2.55174 0.0412369 -2.4741 0.120497 0.585932 1.42707 0.379581 0.967077 2.70799 -7.21529e-05 0.00243185 0.0088467 0.0143004 0.0215103 0.0335955 -0.0146529 8.1976e-05 -0.00346499 0.000643195 0.00411023 0.0107214 -0.0206926 0.0136103 0.00772653 0.088006 0.00856204 -0.00730543 0.00131232 -0.0120802 -0.00306532 0.0475661 0.0435238 0.0138006 0.00542385 0.00902104 0.0336024 -0.00299944 0.0091308 -0.00930337 0.0345901 0.0553678 0.00297719 -0.0216088 -0.0349696 0.00603829 0.0478473 -0.0368014 0.00625914 0.00307288 -0.00169769 -0.00149966 -0.0344843 -0.180961 0.00487392
internal_weight=95585.3 94757.6 94622.7 827.713 314.858 65.86 30.9583 5.16745 3.63438 512.855 0.0776952 25.7909 1.90189 0.771723 0.31251 0.326205 3.30818 94401.7 37160 9962.81 8086.2 5199.74 2689.5 1876.61 27197.2 16344.5 11058.7 8924.18 4644.74 391.165 4253.58 3467.54 63.041 2510.24 984.305 2886.45 1266.58 4279.44 1502.94 1403.92 524.342 10852.6 7604.93 1500.82 3247.71 706.49 479.359 176.875 794.334 6104.11 675.85 302.484 5428.26 728.521 508.611 2110.67 4891.96 57241.7 56851.3 223.857 14.2335 4668.1
internal_count=4501883 2554802 2400046 1947081 705901 105473 56692 4707 1240 1241180 204 51985 3257 721 454 407 833 2107350 889030 238544 177732 103240 50892 60812 650486 296125 162163 117070 59216 20240 38976 23463 1064 52348 19412 74492 26551 57854 28271 26859 10122 354361 283500 78050 70861 16609 12547 6498 61441 205450 15546 6049 189904 60812 12233 51196 161280 1218320 1181080 7658 2502 153622
is_linear=0
shrinkage=0.1


Tree=78
num_leaves=63
num_cat=0
split_feature=69 68 48 41 41 49 28 48 16 72 24 35 71 25 18 35 8 35 52 62 63 48 47 62 43 58 18 60 68 73 18 35 34 34 35 69 62 62 71 60 35 35 35 63 62 62 71 71 60 29 62 62 62 34 35 35 9 71 24 62 35 35
split_gain=237.494 72.0544 50.9134 85.51 40.8202 104.923 52.3408 71.1208 53.3101 77.3635 50.9688 47.7346 73.9935 52.2323 46.5021 44.55 71.5043 41.4006 41.33 38.4719 70.2735 81.4695 145.523 127.241 73.2169 67.4594 64.8595 64.3897 56.3487 52.0596 60.9881 47.637 152.899 51.9568 51.7836 48.9515 38.1958 128.316 87.5315 80.8933 66.4939 154.746 75.9977 46.9278 76.7465 80.4229 74.5189 52.6383 49.9411 58.793 58.7478 61.1342 48.5298 44.6522 43.5191 71.751 40.2551 37.6483 41.931 37.1674 36.7343 69.3621
threshold=0.99642941355705272 0.99810996651649486 52.667140960693366 0.99498718976974498 0.95677882432937633 0.5634920895099641 176.50000000000003 56.160062789916999 4.5000000000000009 0.1586808189749718 2.5000000000000004 2.5000000000000004 0.50746119022369396 2.5000000000000004 1.5000000000000002 5.5000000000000009 99.193492889404311 3.5000000000000004 4.1241495609283456 3.0123846530914311 2.5000000000000004 74.919353485107436 45.53429031372071 2.044528722763062 30.848532676696781 75.801467895507827 2.5000000000000004 3.5000000000000004 0.002378186560235918 0.20101809501647952 3.5000000000000004 4.5000000000000009 1.0000001788139345 0.82991522550582897 5.5000000000000009 0.80084347724914562 4.0202798843383798 3.9084494113922124 0.010256946086883547 4.5000000000000009 5.5000000000000009 6.5000000000000009 4.5000000000000009 4.5000000000000009 5.0050175189971933 4.9466471672058114 0.01619777083396912 0.0078203678131103533 5.5000000000000009 16.500000000000004 5.8646738529205331 6.0053551197052011 6.8479552268981942 1.9032775163650515 5.5000000000000009 7.5000000000000009 0.84523808956146251 0.017570495605468753 1.5000000000000002 2.4956049919128422 6.5000000000000009 7.5000000000000009
decision_type=2 2 8 2 2 10 2 10 10 8 2 2 2 2 10 2 8 2 10 2 2 10 2 2 10 2 8 2 2 8 10 2 2 2 2 2 2 2 2 2 2 2 2 2 2 2 2 2 2 2 2 2 2 2 2 2 8 2 2 2 2 2
left_child=1 4 3 -2 5 11 8 -8 19 -10 -9 57 13 -13 15 -15 -17 -11 -14 20 21 26 25 28 -22 -23 -6 29 -24 -21 -31 33 34 35 -33 -26 37 53 39 40 42 -42 56 46 45 -45 54 60 -46 50 -50 -52 -53 -29 -38 -56 -39 58 -1 -27 -47 -62
right_child=2 -3 -4 -5 6 -7 7 10 9 17 -12 12 18 14 -16 16 -18 -19 -20 27 24 22 23 -25 31 59 -28 36 -30 30 -32 32 -34 -35 -36 -37 43 38 -40 -41 41 -43 -44 44 48 47 -48 -49 49 -51 51 52 -54 -55 55 -57 -58 -59 -60 -61 61 -63
leaf_value=-0.02826923995897819 0.052494438914060193 -0.075492844542125959 0.042857268629006552 0.28987348799931451 -0.026869088016128057 0.020019909092749893 -0.030004190916950741 0.0092326522889860339 -0.0002006708439222192 0.00054416392689785053 0.041896669481686188 0.018031086463263683 -0.039546502134004062 0.01255627551829603 0.016463504194865211 -0.01982393623937731 0.041607669452302001 0.031400017112580426 -0.0036237859777531983 -0.0013800051767154573 0.0040672975621968022 0.01024395719243359 0.089536506376734826 0.014690983965051162 -0.063193227011090591 -0.02922688114915031 -0.0036131077151242488 0.00016806928700358571 -0.022273692301450852 0.0096397079961138138 0.04687635829174551 0.028267033125718974 0.13929128799286913 -0.025852087206208921 -0.023747225054241677 -0.2288134825340461 0.0070177033851580792 -0.037203243958131425 0.0016583555734372261 0.046075385704445922 0.073921698884175963 -0.034851572902580258 -0.067879461188133913 -0.0047650388798825992 0.010927578007870017 -0.050698165030540844 -0.0068622168633456736 -0.0012452450921695418 0.016883738130229184 0.00077193223508199675 -0.066073670301312865 0.012622211219181532 -0.041741779893923719 0.068829594018454412 0.063782022613126529 0.013359111264258434 0.0063624692849787723 0.0068420085480009598 -0.0041978571375407177 0.050791050271681175 0.082980175465716469 -0.037295491251419614
leaf_weight=779.49277307549346 44.958761142765979 127.30129606061382 917.519279410536 22.90701062297012 1609.2121451464554 3190.556056128029 381.39563527831342 2343.5285917683505 6793.3386859427847 626.27039634289395 600.02044096153986 4280.3847136308177 361.6461784002604 1000.3597582095608 1596.1924514613711 1784.0631094693745 211.98718649829971 1422.6096680188493 2799.8972924749396 4449.7951644215791 1395.2794439817662 1005.5724015942396 386.8277850872837 1390.1145089304337 111.98381580814021 1112.2457507259387 4707.1385474930721 4944.1949185726698 51.018101750552887 3445.327777795952 504.22104751231382 235.92709257044771 68.706142989991349 3210.7663030256081 1014.1973440263682 21.2289980732603 2017.4635885011521 1147.8187866489898 1116.7988212334603 129.99455778690754 174.39006780847558 523.13237146916799 791.66821707836061 2776.712095341165 3125.6951637056482 1035.6726545408892 2492.4620523234044 414.24094646956655 286.20482617872585 4406.2358600090683 382.41102105118625 314.08309665648267 344.10611898460775 96.564279478625394 431.10294318906381 817.10469806223409 260.16989733655646 2933.7949231765378 10102.53543525064 61.244312002469087 62.619155765831238 204.6425135761383
leaf_count=18211 68874 154378 2008790 11333 46353 104390 14018 87945 114868 26140 22288 86228 16513 24376 35835 41639 4279 37784 54064 131828 19405 26751 14899 52259 2014 30429 77403 83024 8205 197735 28331 6553 2291 92565 30246 860 38685 22218 16763 1887 4524 10290 14329 48596 76089 21565 38382 6610 4020 72126 6150 5556 6426 1509 11191 15468 4900 63842 219289 2298 1659 4215
internal_value=0.000200119 -0.000309621 0.0490393 0.132618 -0.00020811 0.00291065 -0.00159632 0.0106265 -0.00225267 0.00493627 0.015891 0.00079895 0.00540318 0.0100837 0.00267666 -0.00466761 -0.0132997 0.0219685 -0.00773295 -0.0034503 -0.00747977 -0.0024624 0.00869105 0.0294979 -0.0160297 -0.0087633 -0.00953802 -0.00165145 0.0765083 0.00603705 0.0143935 -0.0220434 -0.00594864 -0.0283911 -0.0139309 -0.0895867 -0.00393373 -0.00923348 -0.0222696 -0.0310972 -0.0345598 -0.00765678 -0.0430909 -0.00138665 -0.00464077 -0.0152852 0.00615938 -0.0322964 0.000758948 -0.00478506 -0.0232395 -0.0342749 -0.0157997 0.0014834 0.0160979 0.0307741 -0.0291531 -0.00321165 -0.00592212 -0.0250508 -0.0421685 -0.00911502
internal_weight=95397.1 94411.7 985.385 67.8658 94284.4 29040.9 65243.5 3324.94 61918.5 8842.22 2943.55 25850.4 12034.5 8872.99 4592.6 2996.41 1996.05 2048.88 3161.54 53076.3 16381.5 10323.4 4007.02 1827.96 6058.09 2179.06 6316.35 36694.8 437.846 8399.34 3949.55 4662.81 1318.83 3343.98 1250.12 133.213 28295.5 9184.73 4143.97 3027.17 2897.18 697.522 2199.66 19110.8 13352.6 4493.89 5758.13 1717.18 8858.74 5733.04 1326.81 1040.6 658.189 5040.76 3265.67 1248.21 1407.99 13815.8 10882 1173.49 1302.93 267.262
internal_count=4501691 2412694 2088997 80207 2258316 668666 1589650 124251 1465399 178792 110233 564276 262934 192357 106129 70294 45918 63924 70577 1286607 412531 258597 134841 75363 153934 59478 123756 874076 23104 357894 226066 134529 39090 95439 36799 2874 516182 159444 74911 58148 56261 14814 41447 356738 253012 82645 103726 34049 170367 94278 22152 18132 11982 84533 65344 26659 27118 301342 237500 32727 27439 5874
is_linear=0
shrinkage=0.1


Tree=79
num_leaves=63
num_cat=0
split_feature=65 68 73 74 63 65 54 0 0 3 2 2 25 46 71 68 41 44 38 9 62 46 8 72 63 62 60 63 35 62 35 62 62 62 60 62 35 34 4 46 49 35 55 42 43 62 1 29 39 54 9 65 62 37 38 9 62 58 36 35 34 62
split_gain=198.751 59.3336 33.3814 59.9456 32.172 31.8099 31.3699 41.0344 30.761 44.319 66.5543 61.8094 38.7078 30.5014 36.4997 30.05 29.667 79.7328 91.7617 53.9609 52.142 71.2096 85.768 62.4965 103.145 127.888 82.225 75.7264 70.5437 64.3005 108.304 62.4963 61.5962 60.243 81.2412 69.1067 60.2191 91.4938 89.2552 80.5908 57.5988 51.3241 87.5499 70.107 131.764 111.941 56.3039 51.041 49.3475 118.525 51.97 63.52 48.7783 79.8308 99.1761 75.281 52.7751 47.0645 74.5203 47.0072 61.4846 57.7589
threshold=0.99848860502243053 0.99686068296432506 -0.41628316044807429 1.0000000180025095e-35 3.5000000000000004 0.012250681873410942 65.733856201171889 92.705101013183608 7.5710532665252694 6.7816090583801278 3.54010021686554 1.0000000180025095e-35 2.5000000000000004 0.011345423292368652 0.0078203678131103533 0.039451584219932563 0.95677882432937633 0.38750000298023229 32.939212799072273 0.35416667163372045 3.0172083377838139 0.99260899424552929 99.193492889404311 0.19502899795770648 3.5000000000000004 4.0033404827117929 4.5000000000000009 4.5000000000000009 6.5000000000000009 5.9315001964569101 8.5000000000000018 6.0053551197052011 3.5490444898605351 5.0050175189971933 5.5000000000000009 4.8531060218811044 3.5000000000000004 1.0023535490036013 0.9906926453113557 0.23618764430284503 inf 2.5000000000000004 0.43650794029235845 58.885448455810554 74.210178375244155 1.1087550520896914 45.923791885375984 19.500000000000004 0.89444443583488475 66.856060028076186 0.15476191043853763 0.13290768861770633 0.45593668520450598 59.317129135131843 70.647651672363295 0.80909091234207164 0.17248903214931491 79.191741943359389 0.78041800856590282 5.5000000000000009 1.0000001788139345 4.0937769412994394
decision_type=2 2 8 2 2 2 8 2 2 2 2 2 2 2 2 2 2 10 10 10 2 2 8 8 2 2 2 2 2 2 2 2 2 2 2 2 2 2 2 2 8 2 10 2 10 2 2 2 10 10 10 2 2 2 10 8 2 2 2 2 2 2
left_child=1 2 3 -1 -2 -4 7 13 9 11 -11 12 15 -7 -15 -8 17 41 19 -19 21 36 47 -22 32 26 -26 59 33 30 -30 -31 -25 34 35 -29 38 -38 40 -39 -18 42 52 46 -45 -46 -44 -23 57 50 51 -50 53 -10 -55 56 -56 -20 -59 61 -61 -27
right_child=4 -3 5 -5 -6 6 8 -9 16 10 -12 -13 -14 14 -16 -17 20 18 48 -21 23 22 -24 24 25 27 -28 28 29 31 -32 -33 -34 -35 -36 -37 37 39 -40 -41 -42 -43 43 44 45 -47 -48 -49 49 -51 -52 -53 -54 54 55 -57 -58 58 -60 60 -62 -63
leaf_value=-0.012559657461981788 0.06433402498803005 -0.071890312727658834 -0.020461168566612786 -0.11637987301894265 0.022874587896111593 -0.018254432121324809 0.098110664619605811 0.044690672071086728 -0.010603069574021875 -0.11955835639133704 -0.017877230641457655 0.10581903655751884 -0.1351667363795524 0.021841941266434177 -0.015961472734505017 -0.046682678403556999 -0.014498821935595076 -0.075026652200409993 -0.001481939080715265 0.0098712998471932548 -0.0023294678406630864 -0.021509431399706892 0.010199377164214441 0.015964153617891812 -0.018097943025498532 -0.0061317839694113706 0.052634226295771559 0.0011262417105160768 0.068061454679924735 -0.048679763623672032 0.0084726938379294566 0.01031783553711808 0.060967069359022852 0.0045561891865434504 0.079287350700069981 -0.035830238535591925 -0.0011895904650704526 0.078290254374476384 -0.0023613742745430149 0.0138205579731784 -0.045381379364542597 0.0054996530069121767 0.013660835634749183 -0.025571911831900593 0.085496859595797114 -0.009951244306162987 -0.042521646410054875 -0.062912224310264594 0.45884117616490072 0.02008426963702125 0.072481172323753104 0.14007139730197118 -0.004255795480557884 0.0035055458841115258 0.089321320677624674 -0.025847893386550566 0.029481825957577298 0.073981133397289608 0.012197352759057676 0.026935669865495667 0.094414021594700179 0.026373041917092284
leaf_weight=776.87456036769436 521.35803568756091 115.28961099410662 748.56708844086097 59.903602340375073 291.99443061411148 396.18242532663498 26.048978738224832 328.50337553966529 970.971263989406 70.16697639261838 779.40072398893244 65.180257682455704 22.888433330401313 1103.0115129409096 332.36276087723672 31.869170573132578 2038.5734564115864 180.47654535775655 1940.7889791387861 127.93765137386072 25162.896215358385 701.84196742638596 497.40075576464005 3552.0512461352046 3463.823242679151 1002.404152013085 172.5365984380478 828.09357398924476 481.53027680651576 232.71729177038651 832.04009524070716 785.90705020002497 332.61935993527004 2719.2626894289133 83.175556108879391 1300.8212751738174 7706.207199890865 265.23507620899181 6155.9678152968172 720.9275658589977 858.16270759862527 9547.7543142655486 207.41927242249949 939.26436738797202 248.64512862334232 242.91032268431445 1273.9182863004171 517.15970991938957 7.467157043691258 1963.2772866344312 176.3680262414855 38.384439676388865 6118.404593869167 903.40376503374137 382.69223928032443 103.44798851317319 239.70008247726946 234.77268204129359 1158.7895435311184 853.65446946071461 160.40536342149426 1202.4109219945603
leaf_count=23577 1321026 167170 71257 5942 810442 6311 661 6797 15902 1472 24772 1630 571 13699 9836 916 75039 3072 43169 2876 460263 16573 7857 114949 96449 32935 2648 22728 14375 5291 19784 19441 8564 78064 1326 34512 167071 11391 131504 21367 27035 188314 6275 24434 11960 12269 26797 13242 193 74487 3061 454 98111 14375 5208 3435 2873 4584 46126 24363 6763 35197
internal_value=0.000228566 -0.00019512 -0.000107537 -0.019992 0.04945 7.03454e-05 0.000235979 0.0121459 -4.7879e-05 -0.017529 -0.0262752 0.0333695 -0.0250699 0.00630875 0.0130885 0.0184389 0.00014628 0.0029167 0.0132743 -0.0398089 -0.0010484 -0.00534569 -0.0247953 0.000889027 0.00538742 0.00141711 -0.0147419 0.00702267 0.00136457 0.0156949 0.0303168 -0.00316089 0.0198175 -0.00541268 -0.0176672 -0.0214551 -0.00346442 0.00248053 -0.00917274 0.0311601 -0.0236478 6.63178e-05 -0.00439393 -0.019406 -0.00361867 0.0383296 -0.0346549 -0.0390745 0.0162403 0.0279191 0.0971389 0.191985 0.000620331 0.012094 0.0256207 0.0531459 0.0662755 0.00858541 0.022606 0.0197904 0.0376095 0.0115949
internal_weight=95304.2 94490.9 94375.6 836.778 813.352 93538.8 92790.2 2160.06 90630.2 995.555 849.568 145.987 80.8066 1831.56 1435.37 57.9181 89634.6 27006.8 5828.26 308.414 62627.8 19461.5 1716.4 43166.3 18003.5 14118.8 3636.36 10482.4 7263.55 2332.19 1313.57 1018.62 3884.67 4931.35 2212.09 2128.91 17745.1 8692.37 9052.7 986.163 2896.74 21178.5 11630.8 2912.16 1430.82 491.555 1481.34 1219 5519.85 2185.5 222.22 45.8516 8718.62 2600.22 1629.24 725.84 622.392 3334.35 1393.56 3218.87 1014.06 2204.82
internal_count=4502785 2371317 2204147 29519 2131468 2174628 2103371 36643 2066728 30022 26244 3778 2148 29846 23535 1577 2036706 587975 178022 5948 1448731 471079 37672 977652 517389 393876 99097 294779 195521 58891 34159 24732 123513 136630 58566 57240 433407 199829 233578 32758 102074 409953 221639 81735 48663 24229 33072 29815 172074 78195 3708 647 139904 41793 25891 11516 8081 93879 50710 99258 31126 68132
is_linear=0
shrinkage=0.1


Tree=80
num_leaves=63
num_cat=0
split_feature=59 69 20 9 21 7 68 0 56 56 10 0 0 27 49 46 18 10 20 49 56 8 53 7 33 9 20 9 68 8 71 28 24 20 8 55 56 66 71 2 0 19 34 51 27 47 66 68 24 71 0 1 59 27 69 55 2 0 42 34 26 0
split_gain=182.763 70.0683 35.7736 89.8578 73.3541 97.6086 99.7372 86.6459 55.005 182.436 77.4069 66.8136 72.3212 60.7512 51.2034 60.9224 51.074 50.9701 138.351 58.8534 49.1948 75.947 43.31 56.1953 42.9678 98.2286 116.353 90.5718 69.8967 70.6429 59.3482 53.2119 62.7802 44.8506 42.0533 41.791 40.7449 43.5943 39.4879 43.0175 88.3109 64.6954 62.4065 63.226 71.1019 54.7515 48.7507 46.7215 45.5765 48.534 49.8266 42.0196 61.7011 77.4015 60.4136 66.3431 86.9932 80.9122 81.3386 73.5403 71.924 51.4902
threshold=0.99646091461181652 -0.90097209811210621 0.99999985098838817 0.64583334326744091 1.0000000180025095e-35 99.350620269775405 0.067740801721811308 44.590642929077156 0.90454545617103588 0.67948719859123241 1.5000000000000002 98.61084365844728 72.04651260375978 49.500000000000007 0.13392857462167743 0.93576055765151989 6.5000000000000009 1.5000000000000002 0.92843189835548412 0.64583334326744091 0.58571431040763866 82.200183868408217 97.713409423828139 99.122737884521499 0.076354950666427626 0.43650794029235845 0.89682576060295116 0.43650794029235845 0.0021187673555687074 94.756481170654311 0.051072925329208381 136.50000000000003 2.5000000000000004 0.77862343192100536 99.845199584960952 0.89444443583488475 0.64583334326744091 1.5000000000000002 1.8325254917144778 85.028736114501967 71.248622894287124 0.19367063045501712 1.3555097579956057 97.332859039306655 1.5000000000000002 7.8689370155334482 21.500000000000004 0.045360993593931205 3.5000000000000004 0.019089490175247196 87.20676422119142 98.61084365844728 0.89181405305862438 186.00000000000003 -0.25445331633090967 0.52777779102325451 97.100841522216811 85.37955474853517 8.3920187950134295 1.3005560636520388 3.5000000000000004 81.517440795898452
decision_type=2 2 2 10 2 10 2 2 10 10 2 2 2 2 10 2 8 2 2 10 10 10 8 10 2 10 2 10 2 10 2 2 2 2 10 10 10 2 2 2 2 2 2 2 2 2 2 2 2 2 2 2 2 2 2 8 2 2 2 2 2 2
left_child=1 -1 3 8 35 -6 7 -7 9 17 11 12 -10 16 -5 -16 -14 20 19 22 24 -22 23 -19 25 33 -27 38 29 31 -28 32 -29 -3 -9 -4 -37 -38 39 48 42 -42 43 -41 47 -43 51 -45 -26 50 -50 54 53 -53 -47 56 -56 59 -59 -58 -60 -57
right_child=-2 2 4 14 5 6 -8 34 10 -11 -12 -13 13 -15 15 -17 -18 18 -20 -21 21 -23 -24 -25 27 26 30 28 -30 -31 -32 -33 -34 -35 -36 36 37 -39 -40 40 41 45 -44 44 -46 46 -48 -49 49 -51 -52 52 -54 -55 55 61 57 58 60 -61 -62 -63
leaf_value=-0.088794330458274187 0.049934604749717344 -0.014956512703244246 -0.01259491508665108 -0.025149335505459159 0.0057678206608341243 0.10166779982703039 0.013109828283302483 0.011724551880682643 -0.0049491070953572719 0.11064961201871595 0.048508171652547935 0.087187113982106712 -0.061112260682981104 0.029039907505179281 0.0054624883130185231 -0.014762801384652092 -0.018289776308726424 -0.03147458149659154 0.054126972069332181 0.048050378419764415 0.070221571545168379 -0.080017486339622079 0.012272020791639625 0.10193863877327075 0.0051004137562151624 0.012651799002287266 -0.073824594326633006 0.014104818646614628 -0.0036533530580170714 -0.12965139173088111 0.052628157550108891 0.094444730645414893 0.05718602380160414 0.0059309146017235493 0.12846599062615552 0.037056491297633956 0.0090945211348987028 -0.0093956321820177786 -0.020307605329708794 0.02840005460995931 -0.021474809239554186 0.024172899067815737 0.0065630275704253137 -0.045607551756159666 -0.016666350908380041 -0.043308046641352183 0.019601774280341031 -0.13325440473099234 0.05863488636697696 -0.0013143492873420879 -0.05477165348175006 0.0026157353915972829 -0.017182318228855943 0.037467959623069737 0.011149044356450402 -0.011347848154731617 -0.049869336602722275 0.1967722233183371 -0.04190890300437787 0.012995694715060188 0.1652418303895396 0.018970897691436929
leaf_weight=88.777389231574489 738.83007383992663 1599.0754382146552 2714.5030025238966 1903.8748045318716 6902.6098169204042 314.20758760214812 930.5418069036823 254.79125216322427 1714.9263564315916 151.29875722948054 196.3645561221274 61.182240626963903 681.57937483761634 127.85961718636099 2544.1083681730452 3592.1666524655011 470.98110696105141 1961.8112133748509 276.87992221848981 118.93352637141652 207.04710416256421 40.175786506064469 286.19399142920156 32.08843176694063 10770.894275473831 293.69715736601938 526.48905575781828 932.62278066284489 784.63731231652491 26.3747553039575 39.929995609680191 139.13937081625772 530.76120637894201 2878.6111563934974 35.108608316394566 322.74462254815444 2718.8433173869462 2401.3038414327075 850.21371087434818 226.61230797228927 1201.5392114188289 1090.8607954540785 1027.1112741238176 622.46942481413862 1891.157331625458 417.60258012582199 1421.2614704324224 67.405614989605965 456.78018161654472 310.96386122076365 42.33273730451765 26749.946285386613 1531.007554223339 652.76839220832335 1089.4475027752924 851.38857134998761 240.90468644638895 14.702166294446213 1492.0161147238396 817.71555926775909 16.951458536961582 1637.4811902237452
leaf_count=182418 1914460 29734 72974 80831 279723 21626 13547 15892 60859 2388 10827 33708 63412 15118 96170 150545 38292 30368 3958 2283 4055 542 5358 506 217268 10976 10911 30248 21423 607 708 5835 26890 57198 4848 7323 154958 114845 32745 5244 22836 24358 17416 9635 32403 15415 38383 910 9135 5687 855 237678 125333 8823 16721 15600 4050 179 31493 17762 256 34647
internal_value=0.000392261 4.07633e-06 8.77586e-05 -0.000813332 0.00430201 0.0108394 0.0336504 0.0652903 0.000343415 0.000966161 -0.0123526 -0.0162626 -0.0183756 -0.0363584 -0.0108225 -0.00637737 -0.0436133 0.000715353 -0.0128041 -0.0205288 0.00128515 0.0458065 -0.024106 -0.0293275 0.00111112 -0.00747394 -0.0384257 0.0019025 0.0208663 0.0326773 -0.0649102 0.035349 0.0297301 -0.00152842 0.0258626 -0.00245965 0.00259505 0.000422802 0.0010777 0.00141045 -4.46601e-05 0.0013713 -0.0145285 -0.0222444 -0.0266909 0.00209323 0.00144108 -0.0541713 0.00682084 0.0296958 0.0490162 0.000714255 0.00235443 0.00344596 -0.00649992 -0.00400485 -0.0125487 -0.0225465 -0.0373012 -0.00131017 -0.0395818 0.00859951
internal_weight=95032.6 94293.8 94205 77610.3 16594.7 8437.26 1534.65 604.107 69570.2 66317.3 3252.89 3056.53 2995.35 1280.42 8040.15 6136.28 1152.56 66166 2675.91 2399.03 63490.1 247.223 2280.09 1993.9 63242.9 5337.8 860.116 57905.1 2413.54 1628.9 566.419 1602.52 1463.38 4477.69 289.9 8157.39 5442.89 5120.15 55491.5 54641.3 43060.3 39225.6 3834.76 2807.64 2581.03 38024.1 36933.2 689.875 11581 810.077 499.113 35511.9 28933.7 27402.7 6578.21 6160.61 3671.74 2582.29 1523.67 1058.62 1508.97 2488.87
internal_count=4501196 2586736 2404318 1718582 685736 335636 55913 42366 1391036 1168820 222216 211389 177681 116822 327546 246715 101704 1166432 42473 38515 1123959 4597 36232 30874 1119362 109527 22595 1009835 85003 63580 11619 62973 57138 86932 20740 350100 277126 269803 924832 892087 659142 593534 65608 48192 42948 570698 546340 10545 232945 15677 9990 507957 371834 246501 136123 120708 70461 53740 31928 21812 31749 50247
is_linear=0
shrinkage=0.1


Tree=81
num_leaves=63
num_cat=0
split_feature=65 69 48 0 1 41 73 74 34 25 72 1 1 3 25 27 2 0 3 1 2 38 68 8 25 31 31 74 27 3 72 20 18 2 68 2 65 58 1 37 1 28 4 4 69 73 1 22 73 3 25 69 18 33 34 9 72 0 25 73 3 2
split_gain=140.399 57.8945 45.9615 41.2613 39.7163 45.2463 38.0228 65.9931 39.5279 50.6864 42.051 57.78 41.2034 66.6434 80.9852 40.2496 38.6602 67.8769 45.0308 39.7037 45.6262 37.8182 43.2979 48.6768 44.0942 40.7677 123.529 89.1095 203.381 84.5569 81.5455 72.7474 69.1117 66.7545 64.8135 62.6749 74.3685 57.651 57.1579 56.9575 56.7969 51.8907 49.7896 48.7139 45.906 56.4478 98.6534 149.559 165.126 97.9098 73.2033 59.4163 75.1886 55.76 55.4387 53.1132 51.0374 49.0249 48.1582 47.0557 44.8221 54.9468
threshold=0.99829715490341198 -0.94024077057838429 52.667140960693366 98.837055206298842 92.893215179443374 0.99498718976974498 -0.37670725584030146 1.0000000180025095e-35 1.0000000180025095e-35 4.5000000000000009 -0.99999985098838795 99.51456451416017 8.0404038429260272 7.5498573780059823 3.5000000000000004 178.50000000000003 6.400409698486329 5.926250934600831 9.1608390808105487 7.4537036418914804 4.9390244483947763 58.86912918090821 0.0088348607532680052 64.879241943359389 2.5000000000000004 0.82459601759910595 0.81214123964309703 1.0000000180025095e-35 21.500000000000004 94.046775817871108 0.067275241017341628 0.92105078697204601 4.5000000000000009 96.720428466796889 0.87855032086372387 5.0316455364227304 0.026215379126369957 99.861831665039077 10.367218971252443 90.501251220703139 96.178188323974624 150.50000000000003 0.7576034963130952 0.98583742976188671 0.011915802955627443 0.030625700950622562 58.397436141967781 1.0000000180025095e-35 0.72201579809188854 62.678571701049812 1.5000000000000002 0.82525554299354564 1.0000000180025095e-35 0.15588238835334781 0.72929403185844432 0.89444443583488475 -1.0000000180025095e-35 30.094339370727543 4.5000000000000009 -0.049684315919876092 79.205974578857436 52.73088455200196
decision_type=2 2 10 2 2 2 8 2 2 2 8 2 2 2 2 2 2 2 2 2 2 8 2 10 2 2 2 2 2 2 8 2 10 2 2 2 2 2 2 2 2 2 2 2 2 10 2 2 10 2 2 2 10 2 2 8 10 2 2 10 2 2
left_child=1 -1 4 -4 5 -2 7 -3 9 -8 11 -10 13 15 16 -12 18 -18 19 -15 -21 22 23 24 -14 26 34 30 42 31 32 -28 39 -32 -23 36 -30 -36 -37 44 -35 -31 -29 -42 56 49 47 53 54 -46 60 -50 58 57 -49 -56 -27 -47 -53 -58 -48 -62
right_child=2 6 3 -5 -6 -7 8 -9 10 -11 12 -13 21 14 -16 -17 17 -19 -20 20 -22 25 -24 -25 -26 27 29 28 35 41 33 -33 -34 40 37 38 -38 -39 -40 -41 43 -43 -44 -45 45 46 50 48 51 -51 -52 52 -54 -55 55 -57 59 -59 -60 -61 61 -63
leaf_value=-0.096815201477027421 0.031140306252847156 -0.012357424146456106 0.019868507242017473 0.085384976127301851 0.060068460644002425 0.25672357671841534 -0.030557687915894468 -0.11309182994386946 -0.0560931453347049 0.064315610542694746 0.033569517507096053 0.089188998905749592 0.042032013114229355 -0.031418277939548753 -0.067676741599862075 -0.052572964596248078 -0.12926697583299987 0.034725290806013991 -0.077169593823757848 0.069580971215438464 -0.14651563128382875 -0.00045888193586601312 -0.017670732396783122 -0.0020377614975943602 0.0066682399982598371 -0.091524067338605644 -0.071864519708810567 0.13683318399806108 0.81108108012511948 0.0014042922956545032 0.012735268230196337 -0.019563899913792818 0.010411215072172044 -0.13804961893879947 0.028198619311123059 -0.075744827822079641 0.10987929346734193 0.15318552491740037 0.063935575361601937 0.013140106150748768 -0.067274946778043632 0.15644134464371384 -0.073040014831818934 0.035232452579473397 -0.033534257478454177 0.061313356953077505 -0.024123273859519196 -0.044615199981288642 -0.090234763052507203 0.016578504720341804 -0.01432255793585208 -0.6857797825508094 -0.13238685072412637 -0.0045196756535412063 -0.0081028593896089723 0.043865123301797544 -0.04273521422696485 0.015541303093364565 0.022263265266994174 0.0083664486096713345 -0.21081965206077147 -0.074517737454130858
leaf_weight=61.863188243078184 13.422779624724511 947.76022890690365 522.97529176378816 117.7738437744556 87.644809054035591 26.337800825929662 684.87958497974614 69.825770670984639 236.26789028091298 61.357290137151722 327.51832561113406 30.962347404274624 916.65709738665828 217.33983155241003 358.78366677692975 65.006866674782941 27.948546287952922 260.35751112212893 132.00100354390452 86.884568398498232 11.008488830819259 63358.037412855883 407.29714809861616 809.2692813215981 572.97614242372219 56.40978806745261 502.78326927695889 12.305508665012892 1.5226556527195487 355.2348899228673 7718.2359592116627 564.60653433606785 3642.770328742452 48.335597527038772 252.42944208631525 36.578732288850006 227.38243445023545 43.223549528163858 147.13877824624069 1416.6189501079207 93.300135198951466 22.985175631562015 138.86198959437024 92.146773853979539 2125.3535706006514 555.79107939254027 129.98667350292089 275.86674605990993 145.64262256864458 477.46566951210843 910.73041545007436 5.262468769913542 11.915127577260135 351.31987760783522 721.2905518799671 270.39115864050109 194.5130613076326 404.16063696469064 1.1751283430494366 2447.904801290977 36.354800048487959 158.61427861146512
leaf_count=145751 23412 29180 1184681 750239 194917 10790 11155 10877 26980 1084 9880 1656 14822 7372 8562 1682 836 9301 3638 3289 250 1349576 12217 15099 9353 22653 7430 433 63 7732 226739 8335 68507 788 16585 2472 22847 2412 11604 52908 2135 1199 2789 2784 19085 21195 4384 5570 2138 9856 20197 595 1462 3967 11597 32151 13684 12253 103 39245 796 5808
internal_value=0.000239315 -0.000107746 0.0428183 0.0319109 0.0976741 0.180569 -4.42217e-05 -0.0192697 0.000165776 -0.022757 0.000350874 -0.0392602 0.000465747 -0.0160463 -0.0287259 0.0193033 -0.00972638 0.0188278 -0.0281336 -0.00760024 0.04528 0.000736546 0.0123802 0.0177044 0.0284296 0.000378292 -0.000897367 0.00401178 0.0432744 -0.029803 0.00301876 -0.0441996 -0.00148527 0.0111407 -0.000240905 0.0796281 0.114544 0.0464713 0.0361248 -0.0055366 -0.041504 0.0108262 -0.0559557 -0.01634 -0.00838761 -0.0128915 -0.00540068 0.00516876 -0.0171799 -0.0243415 -0.0288614 -0.111602 -0.281165 0.0295673 -0.00496362 0.00606669 0.00259552 0.0420423 -0.556533 0.00460476 -0.0696082 -0.0999332
internal_weight=95008.8 94240.6 768.155 640.749 127.405 39.7606 94178.7 1017.59 93161.2 746.237 92414.9 267.23 92147.7 1486.85 1094.32 392.525 735.54 288.306 447.234 315.233 97.8931 90660.8 2706.2 2298.9 1489.63 87954.6 65099.3 22855.3 563.79 1445.61 22291.6 1067.39 14339.5 7952.02 63653.7 412.623 228.905 295.653 183.718 10696.8 233.783 378.22 151.167 185.447 9280.15 6581.32 3978.5 2742.82 1431.54 2602.82 1235.69 163.995 18.3527 1311.27 1267.55 991.682 2698.83 959.952 6.4376 2642.42 324.956 194.969
internal_count=4501100 2337061 2164039 1934920 229119 34202 2191310 40057 2151253 12239 2139014 28636 2110378 44810 33248 11562 24686 10137 14549 10911 3539 2065568 51491 39274 24175 2014077 1393269 620808 40208 24696 580600 15765 348154 232446 1368573 36986 22910 18997 14076 279647 5707 8931 3222 4919 226739 151157 122216 91031 53616 28941 31185 4298 2160 37415 49318 43748 75582 33448 698 52929 10988 6604
is_linear=0
shrinkage=0.1


Tree=82
num_leaves=63
num_cat=0
split_feature=69 68 48 41 59 7 65 25 2 24 3 4 45 56 46 43 59 41 62 68 41 41 11 49 68 8 42 55 7 40 44 39 46 9 36 34 42 73 42 60 44 60 49 55 7 7 71 44 56 65 43 44 59 39 31 46 71 40 69 38 56 9
split_gain=126.229 59.9627 33.0366 44.4752 30.9857 38.7717 30.325 28.4713 51.6425 50.3207 33.1777 27.4966 27.1376 32.8277 60.5066 53.2015 52.7353 47.8702 43.6073 42.5669 39.6441 39.3275 91.4605 73.3024 39.3541 42.6893 39.0413 37.928 36.5675 41.7858 36.1521 39.7327 52.3237 48.1981 43.2073 38.8074 36.2289 32.3284 31.7291 40.257 34.4618 31.3036 31.1938 31.0474 33.1284 33.8832 30.9959 28.7815 28.6482 28.1893 29.1617 38.8651 28.1741 28.0238 27.7657 27.6585 29.5485 28.2519 32.8857 35.3509 27.3872 44.3873
threshold=0.99666509032249462 0.99905985593795787 52.667140960693366 0.99498718976974498 0.99706691503524791 61.746549606323249 0.99996820092201244 5.5000000000000009 54.110361099243171 4.5000000000000009 11.942958831787111 0.94001582264900219 1.0000000180025095e-35 0.43650794029235845 0.01531362906098366 92.145847320556655 0.096100267022848143 0.99641677737236034 0.77992588281631481 0.039451584219932563 0.99873200058937084 0.95920762419700634 1.0000000180025095e-35 0.88194444775581371 4.497749978327193e-05 87.398265838623061 77.871940612792983 0.64583334326744091 93.112571716308608 1.0000000180025095e-35 0.38750000298023229 1.0000000180025095e-35 0.010623453184962274 0.26785714924335485 0.55795815587043773 0.73796048760414135 47.690120697021491 0.040740162134170539 98.147510528564467 1.5000000000000002 0.80909091234207164 4.5000000000000009 0.23611111193895343 0.43650794029235845 92.342185974121108 97.920986175537124 1.9877038002014162 0.43650794029235845 0.72077924013137828 0.11262705922126771 92.009387969970717 0.15476191043853763 0.23577848821878436 0.13392857462167743 0.53498855233192455 0.0018853104556910696 0.0062995553016662606 1.0000000180025095e-35 0.034061813727021224 93.764953613281264 0.76388889551162731 0.95454546809196483
decision_type=2 2 8 2 2 8 2 2 2 2 2 2 2 8 2 10 2 2 2 2 2 2 2 8 2 10 2 8 10 2 10 10 2 10 2 2 2 8 2 2 10 2 8 10 10 10 2 8 8 2 10 8 2 10 2 2 2 2 2 8 10 10
left_child=1 4 3 -2 7 -6 11 12 10 -10 -9 -4 49 14 18 16 19 26 -14 41 28 30 27 24 25 -24 -18 -23 29 -19 60 32 36 34 -33 -35 -32 38 39 40 -37 -16 -29 44 -17 -46 -44 -47 -26 52 -51 54 55 -25 -52 56 -1 -57 -59 -60 -15 -62
right_child=2 -3 6 -5 5 -7 -8 8 9 -11 -12 -13 13 21 15 43 17 20 -20 -21 -22 22 23 53 48 -27 -28 42 -30 -31 31 33 -34 35 -36 37 -38 -39 -40 -41 -42 -43 46 -45 45 47 -48 -49 -50 50 51 -53 -54 -55 -56 57 -58 58 59 -61 61 -63
leaf_value=-0.032053165691062153 0.039276870274412859 -0.079898878419313382 0.054073219089749859 0.21190400337993004 -0.10417502394118759 0.064165294205835471 0.064515639083165835 -0.017952178909811069 0.10189162955852604 -0.014131900204022805 -0.086609581336967015 0.0056752904211013963 0.069856005858313031 0.0033562662439890131 0.042178730428750054 -0.0092386303071366228 0.029805837959913623 0.070700019824418842 -0.011422958149874776 -0.065392809536881702 0.012145829165508756 0.026960527347507007 0.015147791376826529 -0.060296553806713504 -0.031066023374899256 -0.031227984928515796 -0.0049357646304055485 -0.025071617183490227 -0.027608469029526857 0.016147345681102442 0.0053548634716730657 0.1483211515090232 0.016367595874010373 -0.015253304712258733 0.036410408826514903 -0.0087007873130880431 -0.071660708274655302 0.033326886306271147 -0.025283256254986571 -0.0068480035553177181 0.055610375142546686 0.10119724634732651 0.001175088425523286 0.039111460875371498 0.017848173395193782 -0.052422033668914431 -0.029080428457772395 0.038094513553193078 0.0041927898337038366 -0.0018249147648573341 0.034547357750228956 0.001980296676623573 -0.019750109510060277 -0.026159203061532688 0.0037946619205791836 -0.0073560791486584759 0.014131470680887102 -0.0023485773932299487 0.034899730021232957 -0.00073463786183965358 -0.044160241491575623 0.0054027095456749864
leaf_weight=634.21590294082125 36.951034753268061 94.643301000789506 169.64673441587678 25.036856304051071 15.31773817890655 128.09361172414344 219.84630923886118 140.85725476909283 49.200153002268053 155.6127832999191 140.6776255527293 381.08186460636006 68.444000529583718 6707.66085486066 323.26565141137689 1749.6271369952156 434.34539452538593 429.31076062067586 1855.3407454762055 29.519086750806309 705.64833631741931 529.21139527626656 914.12875636841636 411.52597198551666 813.06865736242617 253.54159016773337 1267.0574943229731 490.70040474143752 61.96107301102893 208.65008189415676 97.755435911996756 51.568233532219892 351.48044469128945 339.94477514797472 104.23074470784923 113.50890889953007 162.80247446676367 1067.1078157875163 219.40277097485523 361.37357278753188 313.3233328033748 124.47594509855844 15723.156994629084 215.3290570792451 1169.0136420658237 133.58778038871242 346.05844006998814 47.661354029536596 321.58783220629266 34168.92760350414 686.69063386059133 7319.5636195038678 1348.9119374732836 578.54212378816737 512.86206912950001 5185.2427730867639 177.24346301105106 2401.2101062861038 601.37497666478157 518.36216257233173 330.34041947122751 398.87853053883737
leaf_count=20891 67824 141204 229083 11135 520 232318 1004909 2778 1791 3796 2703 739850 1119 125001 10239 34325 7328 5462 36132 5763 14398 14556 20142 17254 15780 6992 17179 21583 1295 3724 2049 883 13594 8911 4530 2110 3235 45259 4671 6583 6166 4553 361949 6954 25876 3227 11704 902 15990 546282 8482 220458 35245 24015 8135 152437 6533 109973 8669 7236 8389 19437
internal_value=8.44727e-07 -0.000342137 0.0387675 0.109001 -0.000262043 0.0461849 0.0331176 -0.000333007 -0.0244655 0.0137393 -0.052259 0.0205838 -0.000207317 0.00176959 0.00715131 0.0115241 0.0199693 0.0152153 -0.00853123 0.0509181 0.0288719 0.000237893 -0.00233305 -0.0175947 -0.00780993 0.00507801 0.0039333 0.000607271 0.0457348 0.0528581 0.00517224 0.0140915 -0.00880694 0.0195437 0.073452 0.0160654 -0.0427662 0.0211971 0.00835097 0.0177133 0.0385079 0.0585864 -0.000234909 0.00239355 -0.000157008 0.0116107 0.000523521 -0.0286198 -0.0210729 -0.00167738 -0.000519841 0.00471462 -0.00622465 -0.0403485 0.0213992 -0.00430772 -0.0219653 -0.00266195 0.00425101 0.0184034 0.00135538 -0.0170496
internal_weight=94935.7 94103.1 832.563 61.9879 94008.5 143.411 770.575 93865.1 486.348 204.813 281.535 550.729 93378.7 39824.1 8823.24 6899.45 3584.23 3106.97 1923.78 477.261 1405.57 31000.9 20381.5 3292.39 2302.33 1167.67 1701.4 17089.1 699.922 637.961 10619.4 3182.5 612.038 2570.46 155.799 2414.66 260.558 2074.72 1007.61 788.206 426.832 447.742 16559.9 3315.22 3099.89 1350.26 16069.2 181.249 1134.66 53554.6 42688 8519.12 10866.6 990.068 1199.55 9517.65 811.459 8706.19 3520.95 1119.74 7436.88 729.219
internal_count=4501511 2448710 2052801 78959 2307506 232838 1973842 2074668 11068 5587 5481 968933 2063600 939259 178476 141225 69941 49386 37251 20555 24879 760783 509965 100173 58904 27134 24507 409792 10481 9186 250818 97991 18878 79113 5413 73700 5284 64789 19530 14859 8276 14792 395236 71284 64330 30005 373653 4129 31770 1124341 783357 237075 340984 41269 16617 305739 27424 278315 125878 15905 152827 27826
is_linear=0
shrinkage=0.1


Tree=83
num_leaves=63
num_cat=0
split_feature=69 68 46 62 62 8 60 62 68 63 35 60 71 60 68 62 11 46 48 55 11 71 25 72 62 53 20 24 68 60 11 2 0 68 41 18 4 73 38 44 27 69 55 44 54 69 8 31 2 0 27 24 48 41 60 62 62 62 28 4 72 46
split_gain=106.899 49.5614 35.8089 30.5911 65.029 61.2764 59.1249 46.8848 59.2075 54.1432 44.6425 35.5252 35.4706 35.339 140.219 45.037 55.1258 44.7719 38.507 44.1322 94.6111 43.6786 40.9222 43.3345 38.4223 37.7457 38.3088 37.1842 34.1596 32.9226 35.7186 32.6476 83.2393 67.9965 66.6091 42.8115 40.5853 38.2025 37.6583 35.2464 33.5937 58.5071 33.4576 32.7836 32.7308 31.8224 46.7263 37.0009 30.6089 30.4215 29.2715 29.0124 28.9879 31.6177 28.9226 44.2027 30.9908 42.353 34.0977 30.5937 28.3738 39.862
threshold=0.99677506089210521 0.99955004453659069 0.99964269995689403 6.0290644168853769 5.9315001964569101 97.787567138671889 6.5000000000000009 5.0909101963043222 0.0069889866281300792 5.5000000000000009 7.5000000000000009 6.5000000000000009 0.20028334856033328 5.5000000000000009 0.0096769542433321493 4.9466471672058114 1.0000000180025095e-35 0.99148061871528637 90.342010498046889 inf 1.0000000180025095e-35 0.091292019933462157 4.5000000000000009 0.61522006988525402 4.999624729156495 45.189340591430671 0.9023764729499818 4.5000000000000009 0.3651451468467713 6.5000000000000009 1.0000000180025095e-35 75.615615844726577 68.323558807373061 0.87855032086372387 0.94269785284996044 4.5000000000000009 0.74897098541259777 -0.032808572053909295 62.102443695068366 inf 30.500000000000004 0.93631166219711315 0.86607143282890331 0.80909091234207164 91.204395294189467 -0.55426308512687672 99.845199584960952 0.33157208561897283 95.024753570556655 77.303031921386733 214.50000000000003 4.5000000000000009 52.667140960693366 0.99498718976974498 4.5000000000000009 4.0668962001800546 4.0562639236450204 3.8014597892761235 96.500000000000014 0.98583742976188671 0.16342584043741229 0.91908368468284618
decision_type=2 2 2 2 2 8 2 2 2 2 2 2 2 2 2 2 2 2 8 8 2 2 2 8 2 10 2 2 2 2 2 2 2 2 2 10 2 8 8 8 2 2 8 10 10 2 10 2 2 2 2 2 8 2 2 2 2 2 2 2 8 2
left_child=1 2 3 4 7 10 12 13 9 -9 11 -6 -5 15 51 18 -17 -18 19 22 21 25 23 27 -19 -21 -27 -1 54 30 -11 34 39 36 37 40 42 -20 -38 -33 -36 50 -34 -39 45 46 47 -45 -22 -29 60 -15 53 -2 56 59 57 -25 -58 -56 -42 -62
right_child=52 -3 -4 6 5 -7 -8 8 -10 29 -12 -13 -14 14 -16 16 17 24 31 20 48 -23 -24 28 -26 26 -28 49 -30 -31 -32 32 33 -35 35 -37 38 43 -40 -41 41 -43 -44 44 -46 -47 -48 -49 -50 -51 -52 -53 -54 -55 55 -57 58 -59 -60 -61 61 -63
leaf_value=-0.0067758052908448666 0.045253320536182001 -0.079180859601836628 -0.014953306832374398 0.038581118971696735 -0.054694977896565682 0.010794580370000327 -0.0011535449915859495 0.034695249220712134 -0.0022603179173379196 0.027454328850663314 2.1374936813137666e-05 0.072673684692733651 0.0059471914238796025 0.035815182250822974 -0.012681368568325819 -0.00075378526280064191 0.027849646393318252 -0.046354575340995241 -0.019964633744961113 -0.14409904867806461 -0.050813775210628735 0.0015564182088962904 -0.019316712400898144 0.00070893147164682619 -0.010736927621903687 0.053445891368622093 -0.0076526045117686348 0.025115803003640996 0.10723076468229645 0.060377033864057954 -0.010849775779120234 -0.0039079602379562461 0.030614611684243329 0.088116496863433216 0.0023503817357326279 0.017646057009452445 0.03236057516903857 0.013544044104325196 0.0011323231700866088 -0.028298731026024017 -0.013095346559593313 0.051336449637704742 -0.12058522493149378 0.75155750407109057 0.025532048044358338 0.061889209686316442 0.6799275473279025 0.028154136844490821 0.002936935602225806 0.1980050948689091 0.023483722182912926 0.17607554309898335 0.031704581686376895 0.1956480208813581 0.012913894180067095 0.0041664559311673571 0.013979836022332562 -0.018186081306701584 0.09256742720088007 0.07837417381995837 -0.0029210566920029059 -0.062534656533657709
leaf_weight=14599.889534698603 35.2266797798178 78.785339237190783 1540.7485362911248 836.69314246102294 630.62198862695368 390.35043777010287 2039.5806231544411 1299.2544203467551 2105.9524187696661 349.41012068788405 241.82024728028046 22.686129147943575 553.33339745063859 1079.871408093255 1112.2948183554108 1888.0762178735458 135.26620504188759 786.98348294090829 264.86562953513931 10.821123420842921 239.59322800560039 421.73143977594009 1557.3228832827299 11275.370633402978 492.34503674683219 660.5981936797034 121.49521415488562 29.923914219805738 30.349061639921274 100.75245219166391 802.75568192408537 1048.8471988398487 20.955377317997772 90.610853731603129 5193.2556250120979 1330.9083405424026 391.20825907741164 2733.2986849494191 29913.540611669388 1361.6011373324363 1203.5623380311008 132.19980820742785 48.522636983165285 0.8168279316450916 843.70353200405225 201.11160682855552 2.0258426961081568 5.2611146045965143 189.92846811057825 15.423236375616396 159.16886001500825 14.951503762276841 726.78433987550272 23.174921959443054 125.4669139633188 739.82392529613571 521.40885288458958 1325.7718364799366 61.748272088167141 165.67036765895318 172.90325836943521 319.32198009299464
leaf_count=401592 67386 128671 35533 35033 16855 6802 34684 35809 41786 14394 5726 511 6459 15111 44580 53724 3185 16051 13526 115 5405 20139 37832 254500 9361 35198 10324 1100 2479 1324 14311 34523 396 5324 158736 32384 9187 71122 636799 29367 22909 57283 1538 82 22475 3587 160 997 2674 465 3388 214 1956947 11071 1760 8829 16057 29131 2439 1958 3288 6037
internal_value=0.000406584 9.97601e-05 0.000166241 0.000418321 6.11314e-05 -0.0222674 0.00968583 0.000388424 0.0101509 0.0203921 -0.0366852 -0.0502721 0.0255904 -0.000159201 0.0123251 -0.000500082 -0.0119366 -0.0268624 -1.2903e-05 -0.00266471 0.0132935 0.0275583 -0.00352644 -0.00267529 -0.0326473 0.0413881 0.0439545 -0.00649498 0.00125156 0.00556001 0.000766471 0.00186005 0.000203065 0.00161846 0.00619632 0.00117269 0.00136043 0.016751 0.00153545 -0.0176857 -0.00188069 -0.0129382 -0.0749816 0.0193194 0.0343118 0.069718 0.264005 0.125374 -0.027046 0.083918 -0.017519 0.0377307 0.0371513 0.104933 0.0010253 0.0171558 -0.000236041 -0.00127902 0.0223012 0.0501638 -0.0213675 -0.0415943
internal_weight=94817.7 94032.6 93953.8 92413 88983.4 1285.48 3429.61 87697.9 4658.13 2552.17 895.128 653.308 1390.03 83039.8 2207.12 80832.7 3302.67 1414.59 77530 32092.3 1644.17 1214.65 30448.2 28890.8 1279.33 792.915 782.093 14645.2 14245.6 1252.92 1152.17 45437.7 32875.3 30464.8 12562.4 8511.32 30374.2 4051.08 30304.7 2410.45 7180.41 1987.16 69.478 3786.22 1052.92 209.215 8.10379 6.07794 429.522 45.3472 1854.96 1094.82 785.186 58.4016 14215.3 1030.96 13184.3 12601.1 583.157 291.137 1695.79 492.225
internal_count=4500633 2465229 2336558 2301025 2224849 29894 76176 2194955 107624 65838 23092 17366 41492 2087331 59905 2027426 82321 28597 1945105 831997 73855 65776 758142 720310 25412 45637 45522 403157 317153 30029 28705 1113108 717134 653244 395974 284025 647920 111949 645986 63890 251641 92905 1934 98423 27301 4826 1239 1079 8079 1565 35622 15325 2035404 78457 314674 12547 302127 283631 18496 3718 32234 9325
is_linear=0
shrinkage=0.1


Tree=84
num_leaves=63
num_cat=0
split_feature=65 69 48 0 72 52 1 65 24 34 25 25 2 3 2 24 55 44 0 3 65 65 3 73 17 27 1 65 52 7 7 75 9 22 65 18 27 28 56 21 75 69 66 71 27 73 52 72 4 31 19 0 28 31 25 1 65 2 59 4 0 69
split_gain=87.1549 48.8335 41.751 41.3848 32.2943 45.6967 38.9838 37.7108 76.9325 32.2051 45.1207 34.5758 61.4722 52.0034 55.9833 51.9084 61.8786 50.2087 45.851 44.1394 38.0089 34.8807 33.9918 117.404 146.44 110.54 177.671 107.854 77.9267 67.4746 64.3196 83.6485 73.4686 72.3079 68.4877 56.8522 52.4031 53.0569 47.9706 47.795 47.4781 45.9107 55.6285 54.3655 45.8282 71.2902 71.0299 70.9159 69.9204 68.9031 177.249 88.5259 105.527 84.7485 72.6639 69.4699 65.3635 56.9258 106.809 113.624 77.1593 87.0163
threshold=0.99807840585708629 -0.86828818917274464 52.667140960693366 98.837055206298842 -0.99999985098838795 96.459899902343764 17.817461013793949 0.98770233988761913 2.5000000000000004 1.0000000180025095e-35 4.5000000000000009 4.5000000000000009 3.3615819215774541 8.7922706604003924 3.6700336933135991 4.5000000000000009 0.76388889551162731 0.89898991584777843 79.095325469970717 7.8461537361145028 0.6318296790122987 0.20834278315305713 67.179485321044936 0.0537480115890503 1.0000000180025095e-35 30.500000000000004 35.948717117309577 0.95886832475662243 27.842377662658695 82.820392608642592 86.430217742919936 1.0000000180025095e-35 0.29285715520381933 1.0000000180025095e-35 0.062107522040605552 4.5000000000000009 49.500000000000007 82.500000000000014 0.81666666269302379 1.0000000180025095e-35 1.0000000180025095e-35 0.014430342707782986 4.5000000000000009 0.0085357725620269793 40.500000000000007 0.030625700950622562 97.894500732421889 0.089018024504184737 0.76702582836151134 0.82459601759910595 0.3130508959293366 74.239631652832045 119.50000000000001 0.99999997019767772 3.5000000000000004 88.396572113037124 0.71328237652778637 89.512962341308608 0.91064062714576732 0.92173361778259288 94.312667846679702 0.91361889243125927
decision_type=2 2 10 2 8 10 2 2 2 2 2 2 2 2 2 2 8 8 2 2 2 2 2 8 2 2 2 2 8 10 10 2 10 2 2 10 2 2 10 2 2 2 2 2 2 10 10 10 2 2 2 2 2 2 2 2 2 2 2 2 2 2
left_child=1 -1 -2 -4 5 6 -3 -8 -9 10 -6 15 19 -14 -15 22 18 -16 -17 -13 -21 -20 23 28 40 26 29 30 41 -26 32 33 -27 36 -33 -35 37 -32 -30 -31 -25 42 -11 -43 45 -24 47 -47 -49 50 51 -46 54 55 57 -51 -55 58 -53 -60 61 -61
right_child=2 4 3 -5 9 -7 7 8 -10 11 -12 12 13 14 17 16 -18 -19 21 20 -22 -23 44 24 25 27 -28 -29 38 39 31 34 -34 35 -36 -37 -38 -39 -40 -41 -42 43 -44 -45 49 46 -48 48 -50 53 -52 52 -54 56 -56 -57 -58 -59 59 60 -62 -63
leaf_value=-0.076269294220435546 0.08704449931548626 0.061617172976778871 0.012080665706513186 0.081925998756465723 -0.028830104762545702 0.0027624966837593253 -0.090329607721314584 -1.6528948118385445 0.089138537796478345 0.013892784764592676 0.057954923149556796 -0.025777941035331178 0.047474128641347008 -0.078803080855434735 -0.016998882819235697 0.051701078314298335 0.010787361287023116 0.0086307735976022329 0.36480006555487099 -0.099584871764327135 -0.36976146751438899 0.14264306271784927 0.00082076000136369455 -0.011628186319552319 -0.00097937431863705216 0.077759684167101994 0.0020621941157574967 0.068807541104653078 0.018527467828365445 0.044231960980920429 0.05485918850791105 0.32570329614027144 0.0049851898392221077 -0.022856060326987934 0.052253403098342935 0.020866436498718048 0.043912064399977746 -0.092784254577533434 -0.0032806271258204161 0.079689356196016581 -0.079848847254610431 0.021048053384327851 -0.019875294987717694 -0.032701511150407793 -0.005983808559548184 -0.024663783343756528 -0.0016906405039444124 -0.049343470797507769 -0.00037017414671754412 0.034955574587536037 0.0095071792009961235 -0.096904155529008329 0.0021931829665746416 -0.012420472375303949 0.046479925819466729 0.11306263695003443 0.049623169131887516 0.033326775490860841 -0.10683391741808262 -0.29622518552452987 0.10362342904125454 -0.89469043213669019
leaf_weight=84.060634789610049 125.14660969652505 18.172608999593649 511.50887355999112 101.70023341984779 657.70259944930149 166.97874782540021 119.42979726655176 0.46348100312752538 0.55959288799203932 931.30315835654619 65.911890264367685 140.02102527441457 172.89146105694817 110.39053131535184 1839.8691015711229 44.84714447677834 156.28179385955445 1307.5640106842329 9.7635679516242799 77.917556144762784 5.5799237190512931 25.594053201901261 46010.078699699152 1121.5335683840094 193.4281758137513 228.03967396600638 1027.4546029107587 272.03452460034168 1702.119490380137 770.5112371496798 39.435561199265067 9.8243679779116047 354.1706877326942 1736.5597549604718 135.27566230559023 358.85371575772297 390.54446566954721 63.582941213971935 2475.7185350767395 750.40385387791321 112.22197937994497 214.52163419849239 1024.534541086643 1532.5036987516796 642.6063728260342 3448.5493603631076 11646.029517472289 319.52828189614229 3327.2245498594129 417.01801468679332 6182.8779258944487 323.27230791337206 190.91325585977756 569.7729734070017 36.771537583204918 156.64566995043424 241.88751201322884 29.192188285465818 12.586705687106589 4.1784945983672497 1.6010103033040639 5.8044620874570683
leaf_count=201407 232643 2395 1213252 754095 9922 8673 11314 117 157 20348 1182 2991 3734 2301 38598 919 4795 40027 111 1684 136 374 840555 23810 2577 3670 16705 103692 31595 17743 990 256 6187 33697 1463 8397 9137 1050 34557 25045 1062 2448 26008 10820 19385 75763 316274 3370 85425 13509 172222 6604 7384 8096 1200 10253 25156 1543 1307 56 292 833
internal_value=0.000184274 -8.44971e-05 0.034407 0.0236645 -1.63179e-05 -0.0324708 -0.0749105 -0.0955083 -0.700051 8.96174e-05 -0.0209251 0.000253302 -0.00928068 -0.00597009 -0.00880635 0.00064367 0.0474322 -0.00635134 0.118836 -0.0600939 -0.11764 0.203989 0.000519361 0.00478434 0.0136838 0.0198266 0.0349441 0.00827545 -0.00375733 0.0546512 0.00331001 -0.00311657 0.0334894 -0.00725746 0.070768 -0.0153683 0.0271769 -0.0362662 0.00560435 0.0617263 -0.0178335 -0.0143199 -0.00379609 -0.0261015 -0.000376031 -0.00129694 -0.0064959 -0.0143831 -0.00466121 0.00638848 0.00257087 -0.0318228 -0.0592988 0.0268632 -0.0876961 0.0562836 0.0060695 -0.100796 -0.112065 -0.314834 -0.54084 -0.644195
internal_weight=94753.5 94015.1 738.356 613.209 93931.1 305.604 138.625 120.453 1.02307 93625.4 723.614 92901.8 3654.23 3430.72 3257.82 89247.6 236.487 3147.43 80.2048 223.519 83.4975 35.3576 89011.1 15444.6 7563.87 6330.12 2741.8 3588.32 7880.7 1714.34 3316.29 2734.08 582.21 2588.98 145.1 2095.41 493.563 103.019 4177.84 1520.92 1233.76 3702.86 1955.84 1747.03 73566.5 64751.4 18741.3 7095.3 3646.75 8815.13 7429.8 1246.93 604.32 1385.32 413.407 573.664 811.66 376.635 347.443 24.1707 11.584 9.98296
internal_count=4501311 2301321 2199990 1967347 2099914 22656 13983 11588 274 2077258 11104 2066154 89471 84660 80926 1976683 6199 78625 1404 4811 1820 485 1970484 381257 255481 230609 62070 168539 125776 45365 64847 54990 9857 53271 1719 42094 11177 2040 66152 42788 24872 59624 46356 13268 1589227 1321387 480832 164558 88795 267840 210826 38604 19219 57014 11835 23762 33252 10635 9092 2488 1181 889
is_linear=0
shrinkage=0.1


Tree=85
num_leaves=63
num_cat=0
split_feature=65 69 71 26 48 56 43 49 59 0 51 57 48 44 29 38 30 46 73 53 51 72 66 66 71 34 42 25 1 25 69 4 25 2 3 4 28 25 69 1 3 18 3 74 73 22 1 6 19 73 4 51 25 4 0 24 25 22 22 3 26 19
split_gain=90.8964 43.8501 31.0537 28.2169 35.8374 48.9031 205.407 49.3597 153.548 216.604 35.8019 28.0864 66.5747 60.6943 27.4869 32.3277 31.1981 32.0911 28.4778 47.3259 30.2929 95.3227 126.539 51.3306 102.51 46.6024 44.5882 44.8581 70.9596 74.6429 60.6569 52.5009 67.8682 45.0542 43.2567 42.9471 42.4766 61.5025 41.6039 41.2655 39.6751 39.2478 47.452 150.745 98.1582 146.995 56.9266 75.0422 57.9397 92.9421 66.6558 59.2999 55.2968 54.6743 142.698 95.3508 207.201 163.728 101.157 86.1886 51.9627 65.4641
threshold=0.99829715490341198 -0.90097209811210621 0.50746119022369396 3.5000000000000004 70.465366363525405 0.41428571939468389 66.856060028076186 0.86607143282890331 0.99913904070854198 88.589511871337905 6.2996032238006601 97.344062805175795 34.674373626708991 0.21111111342906955 32.500000000000007 51.316701889038093 22.500000000000004 0.99964269995689403 -0.61944708228111256 66.856060028076186 98.683982849121108 -1.0000000180025095e-35 1.5000000000000002 6.5000000000000009 0.7604079842567445 0.56108394265174877 96.178188323974624 1.5000000000000002 96.178188323974624 2.5000000000000004 0.84640753269195568 0.98340412974357616 3.5000000000000004 86.70682525634767 99.382717132568374 0.98190730810165416 1.5000000000000002 3.5000000000000004 0.91361889243125927 13.714733600616457 12.310606002807619 6.5000000000000009 35.424837112426765 1.0000000180025095e-35 0.63684660196304332 1.0000000180025095e-35 58.397436141967781 1.0000000180025095e-35 0.13710870593786242 0.20101809501647952 0.80040928721427929 71.148777008056655 3.5000000000000004 0.76702582836151134 55.625879287719734 2.5000000000000004 2.5000000000000004 1.0000000180025095e-35 1.0000000180025095e-35 71.563343048095717 1.0000000180025095e-35 1.0000000180025095e-35
decision_type=2 2 2 2 8 8 8 8 2 2 2 10 8 8 2 8 2 2 8 10 2 8 2 2 2 2 2 2 2 2 2 2 2 2 2 2 2 2 2 2 2 10 2 2 10 2 2 2 2 8 2 2 2 2 2 2 2 2 2 2 2 2
left_child=1 -1 3 -2 5 6 -5 10 -9 -10 -7 -12 -13 -14 16 -16 17 18 19 -3 21 22 -20 36 40 -26 41 -28 29 30 -29 32 34 -33 35 -30 37 -22 -32 -24 -25 42 43 44 -23 -46 47 48 49 -44 -51 -50 -45 54 -48 56 58 -58 59 -56 61 -55
right_child=2 14 -4 4 -6 7 -8 8 9 -11 11 12 13 -15 15 -17 -18 -19 20 -21 23 26 39 24 25 -27 27 28 31 -31 38 33 -34 -35 -36 -37 -38 -39 -40 -41 -42 -43 46 52 45 -47 53 -49 51 50 -52 -53 -54 60 55 -57 57 -59 -60 -61 -62 -63
leaf_value=-0.081773273768296448 0.046424779296812824 -0.088088758116508459 -0.055866918448158491 -9.1324104726262814 -0.011896317499697681 -2.1585377588770762 0.10014972688666229 -0.46106315354516908 -14.490579549864604 0.10001937468163663 0.1194951252274028 -4.2245991198078272 -3.6359824805737846 -0.18387415338396304 0.057155181844440017 -0.0067617939918847465 0.030465894378531123 -0.014337600201126306 0.0020687505327794654 -0.0020871379052261152 0.020923683804396659 -0.007961393572089236 0.07519713751024007 0.059797958799052413 -0.037543138758284994 -0.0011586547298407465 0.098162078630973315 -0.12654164243233706 -0.050209436755833996 -0.037173612298642432 -0.20215468588014007 -0.2220730894816072 0.056734925525494986 0.024496913416635138 -0.31605532623794858 -0.22510824315868369 1.9190601782637066e-05 -0.010185515958767336 -0.5930013144878703 -0.061161089556914752 0.015370652162436993 0.012780772043462977 0.00060397339109414085 0.0038672564952462367 0.063353580968114095 -0.10672464268483095 0.028214993472336095 0.087103716022984265 -0.070391143338299503 0.041812246774617853 -0.045487258503461775 0.045892226696947688 0.11184913521602474 -0.10835722454099986 -0.010841730786824594 -0.067267721389604837 0.10705132492133579 -0.14262333865430391 0.077365246088760969 -0.087537614391830776 0.0026167749460635319 -0.013485020697673109
leaf_weight=65.66417882629321 615.08520966743345 96.087681053875713 34.6089084927371 0.03249409924683222 33.268716028554991 0.088446355308407276 0.093254062951018568 0.1776402369578135 0.020561155935865827 0.020141796427196823 1.8894299428429802 0.046246715977758535 0.053532013436779269 1.0480626560929522 80.039985587645788 6961.0678421898629 345.15901837272395 1464.1156134734192 744.85065087699331 191.52597978833364 2236.7155639100674 6752.8683915602451 22.927176390658133 208.85497512653819 422.01466840034118 2122.6661695932853 28.205309755707276 52.968777027446777 142.65353551610315 120.79352381784702 5.8149987645447236 7.6182460523559703 47.90662603979581 271.90838818898192 7.3211854060064061 15.572371579299213 44101.91124157545 887.71956419874914 5.1226680635008961 693.46330794348614 5351.5163431640394 2224.6244272468757 2124.8233431137342 71.735713595640846 65.97105439985171 221.21342467691284 512.55929771091905 130.83078427813598 163.879859281471 1139.1701108361303 94.734374887615559 59.878769661474507 139.93265840466483 88.589981667755637 260.17178967641667 522.649440355759 185.48699057259364 30.597327322524507 64.978826123449835 335.42961007161648 11646.223262692423 406.31227600864077
leaf_count=182944 2091032 3688 11365 140 55851 119 314 308 54 148 3106 195 160 2132 1538 138497 9243 30592 19660 7034 62165 130328 2335 9547 18726 55238 1845 581 3344 2613 47 211 2482 8412 66 188 952239 28881 191 44792 134776 39191 29211 2836 2476 4366 6677 11007 2032 32263 4497 2254 8087 1962 3531 6654 2048 452 2901 4000 307243 11896
internal_value=0.000181713 -8.32093e-05 0.0364389 0.0413399 -0.0437928 -0.349618 -2.2856 -0.276818 -1.73045 -7.27044 -0.175276 -0.117523 -0.507672 -0.351629 -2.60708e-05 -0.00603522 0.00046117 0.000341433 0.000594192 -0.0308191 0.000700809 -0.00189255 -0.0267909 0.00207924 0.00943143 -0.00719273 -0.000590785 -0.0254043 -0.0305471 -0.0834129 -0.170813 -0.0107405 -0.0480851 0.0177769 -0.0784183 -0.0674227 0.000817442 0.0120849 -0.385208 -0.0567971 0.0170394 5.21582e-05 -0.00107968 -0.00789646 -0.0103965 -0.0676548 0.00170274 0.0127146 0.00999799 0.0132804 0.0351097 -0.0392732 0.0752534 -0.00120701 -0.0169254 -0.03346 -0.0133045 0.0716976 -0.0411098 -0.0540352 0.00126817 -0.0304676
internal_weight=94631.3 93944.8 686.433 651.824 36.7385 3.46981 0.125748 3.34406 0.218343 0.040703 3.12572 3.03727 1.14784 1.10159 93879.2 7041.11 86838.1 86492.9 85028.8 287.614 84741.2 29409.8 1461.24 55331.4 8105.05 2544.68 27948.5 705.886 677.68 184.7 63.9064 492.98 213.454 279.527 165.547 158.226 47226.3 3124.44 10.9377 716.39 5560.37 27242.7 25018 7251.72 7040.05 287.184 17766.3 3713.32 3582.49 3358.73 1233.9 223.759 211.668 14053 1911.87 1399.31 876.665 216.084 660.58 595.601 12141.1 494.902
internal_count=4502711 2337787 2164924 2153559 62527 6676 454 6222 510 202 5712 5593 2487 2292 2154843 140035 2014808 2005565 1974973 10722 1964251 702679 66787 1261572 218287 73964 635892 19980 18135 3432 819 14703 6080 8623 3598 3532 1043285 91046 238 47127 144323 615912 576721 148093 137170 6842 428628 81264 70257 65971 36760 4286 10923 347364 26263 19586 12932 2500 10432 7531 321101 13858
is_linear=0
shrinkage=0.1


Tree=86
num_leaves=63
num_cat=0
split_feature=65 26 48 49 59 59 65 56 48 68 59 0 0 62 62 71 60 62 68 62 35 34 57 60 35 63 35 35 46 27 60 55 63 68 35 28 62 72 63 62 62 71 60 59 35 34 46 62 46 35 68 48 46 34 47 49 46 62 49 34 71 18
split_gain=198.872 159.947 247.444 2997.39 13720 14992.5 694.895 54.4092 37.3531 31.7594 34.0722 31.012 27.8125 27.7282 86.2918 78.3057 48.0098 39.2642 59.715 44.6416 43.6153 94.419 44.7342 42.6103 43.0928 36.7624 34.912 33.9658 32.2584 30.1409 29.6845 34.7108 29.1533 44.6182 39.4272 33.143 28.5433 55.9808 46.5442 43.9434 47.7762 61.3342 58.4652 47.9323 40.0582 223.854 71.911 98.1153 62.1283 61.2786 127.629 58.429 56.2079 53.3302 53.0995 52.9755 52.4161 49.02 47.8921 57.3581 43.3335 42.227
threshold=0.99759849905967724 3.5000000000000004 70.465366363525405 0.86607143282890331 0.99902325868606578 0.99913904070854198 0.99992957711219799 0.41428571939468389 52.667140960693366 0.99905985593795787 0.99632772803306591 98.837055206298842 95.024753570556655 6.0053551197052011 5.9315001964569101 0.0016297698020935061 6.5000000000000009 5.0641849040985116 0.0073386733420193204 4.9218978881835946 6.5000000000000009 1.0403457283973696 99.66214752197267 4.5000000000000009 5.5000000000000009 5.5000000000000009 7.5000000000000009 8.5000000000000018 0.98999199271202099 2.5000000000000004 6.5000000000000009 0.78888890147209179 6.5000000000000009 0.0045598859433084735 8.5000000000000018 138.50000000000003 4.0795989036560067 0.1237635761499405 4.5000000000000009 3.9427981376647954 4.000246763229371 0.0023083537817001347 3.5000000000000004 0.98974925279617321 4.5000000000000009 1.0023535490036013 0.88600978255271923 2.9864050149917607 0.93072548508644115 3.5000000000000004 0.10626195743680002 59.588558197021491 0.15448400378227237 1.488744378089905 55.848154067993171 0.64583334326744091 0.0027268414851278071 3.1547843217849736 inf 1.0023535490036013 0.0025579035282135014 3.5000000000000004
decision_type=2 2 8 8 2 2 2 8 10 2 2 2 2 2 2 2 2 2 2 2 2 2 10 2 2 2 2 2 2 2 2 8 2 2 2 2 2 8 2 2 2 2 2 2 2 2 2 2 2 2 2 8 2 2 2 10 2 2 8 2 2 10
left_child=9 8 3 7 -5 -6 -7 12 -2 13 -11 -10 -3 14 17 26 -15 19 25 36 22 -22 23 -21 -25 29 28 -28 -16 -19 31 -27 33 35 -34 -18 39 -38 -39 44 41 42 -41 -44 46 51 49 60 -47 55 52 -46 56 -49 -54 -1 -51 -50 -56 -60 -48 -53
right_child=1 2 -4 4 5 6 -8 -9 11 10 -12 -13 -14 16 15 -17 32 18 -20 20 21 -23 -24 24 -26 30 27 -29 -30 -31 -32 -33 34 -35 -36 -37 37 38 -40 40 -42 -43 43 -45 45 48 47 53 57 50 -52 61 54 -55 58 -57 -58 -59 59 -61 -62 -63
leaf_value=-0.0021297070410901983 0.086088126252916009 0.41888699889247011 0.0017309044961877314 0.30261162929055174 0.10766463219148246 62.005005748526628 46.205893237715479 0.0071051593719685295 0.015568867299961915 -0.082930135536909089 0.63988866039412284 0.078246010250347831 0.21125490301675007 0.020997233763105944 0.10627747050735295 0.007018130235476228 0.04500823507435258 0.041720931446717263 -0.0030898192300739353 0.020737195287841022 -0.0010036051838625988 0.14252814954812768 0.0026430976012000733 -0.019708071656289246 -0.053274551402905782 -0.010803251505086035 0.07522495615202307 -0.032700040469037531 -0.061964378305184788 0.01349670674800261 0.057444755909138778 0.024945983745179968 -0.01904140289641142 -0.0044176736275364737 0.011449236556808023 0.2048614115739783 -0.0011222605912676502 0.024356448335686797 0.0022710871656849382 0.030197729844720463 -0.00031432800705812698 0.0030074760189956395 -0.030951983813387575 -0.28550226079252966 -0.014430358248572042 0.017458651294775938 -0.043876695730138547 -0.0099052810888844 0.11757788855477412 -0.023409529871631276 -0.004392980154935314 0.0012121741918832557 0.050233966815680632 0.0065797666007706632 -0.0083395667999625212 0.014582818227043149 0.053450486656761331 0.053603006886083507 0.010264851921963828 0.11080633450479245 -0.0049758440611191567 0.013628608593706838
leaf_weight=25305.614414325479 120.49699323250877 9.2748615454474947 38.775791945685341 0.97604577557649352 0.099290110112633556 0.051538756073568948 0.060540165457496187 10.146843479949892 516.17504911804883 56.133746177743888 0.65980639363988203 93.195833107027283 21.192027946224698 1725.4454734133615 11.632541968196163 419.18298420560313 193.4794143314939 840.07134388084523 2343.569340446702 174.1086775502481 1265.8517273493926 47.553148681239691 741.56386252952507 1116.4037691878329 581.77447722147917 778.07862048916286 39.457245184457861 111.74600040935911 561.8873968476546 688.4367876186152 103.72441785025876 417.24764035997214 1085.3923534410424 304.4448506119661 696.07104379485827 13.902247545309363 5392.3894666034903 2168.4142027798807 1704.1834259352763 164.39479270437732 3599.8345587478689 1007.1649121153023 1915.0198693578714 7.4261204950162201 2002.0870710036106 323.69965937154484 1022.9675426346948 6255.0591002492001 168.47557307546958 98.408273993816692 2534.7727164838871 14270.530897499106 324.35522634128574 2859.565324660216 795.19732734066201 2050.3420545601257 902.05872675374849 414.31316841713851 189.48135923285736 80.997426109970547 397.67539002650301 3389.6195493445703
leaf_count=510915 235004 251 59415 338 24 46 170 6215 1231036 141092 199 740086 270 42154 327 7413 2733 21269 37255 10618 27874 1680 17379 20787 10763 11839 1011 2287 13134 18465 1357 16774 17025 6923 12021 199 101401 56237 41996 14446 84734 19284 35579 884 49889 9334 29894 149307 6803 2002 29332 335235 9159 63150 20446 70715 29933 11342 5716 2946 8967 86267
internal_value=0.00065164 0.0499751 0.183679 0.352458 5.30482 28.4037 53.471 0.207667 0.0352144 0.00022485 -0.0745327 0.0251546 0.274463 0.000270208 -9.43238e-05 -0.027384 0.00839641 0.000258639 0.00871382 -0.000266426 -0.0106736 0.00419311 -0.0181439 -0.0263771 -0.0312075 0.018497 -0.0472824 -0.00453647 -0.058552 0.0290088 0.00612855 0.00167559 -0.00108431 0.0199506 -0.0071278 0.0557243 0.000248695 0.00546504 0.0146375 -0.000440945 -0.00814659 -0.0172593 -0.0270406 -0.0319353 0.000372815 0.00399987 -0.00136959 -0.00854331 0.0525862 0.000971613 0.0112397 0.00175989 0.0278159 -0.00473337 0.0148069 -0.000877095 0.0458904 0.0720972 0.00402414 0.0403729 -0.0329873 0.00359534
internal_weight=94472.3 810.445 80.5769 41.8011 1.18741 0.211369 0.112079 40.6137 729.868 93661.9 56.7936 609.371 30.4669 93605.1 89586.3 1143.91 4018.74 88442.4 5171.13 83271.3 3927.26 1313.4 2613.85 1872.29 1698.18 2827.56 724.723 151.203 573.52 1528.51 1299.05 1195.33 2293.29 511.827 1781.46 207.382 79344 9264.99 3872.6 70079.1 6693.84 3094.01 2086.84 1922.45 63385.2 20568.7 42816.5 10535.3 906.488 32281.2 4925.27 19662.2 2390.5 9114.62 1390.03 27356 1000.47 582.789 1065.68 270.479 1420.64 17660.2
internal_count=4501346 2272855 66729 7314 578 240 216 6736 2206126 2228491 141291 1971122 521 2087200 2006145 24172 81055 1981973 106959 1875014 89101 29554 59547 42168 31550 69704 16759 3298 13461 39734 29970 28613 38901 9855 29046 2932 1785913 199634 98233 1586279 154927 70193 50909 36463 1431352 498870 932482 251318 27479 681164 99534 471391 70202 212457 38267 581630 31935 18145 29108 8662 38861 421502
is_linear=0
shrinkage=0.1


Tree=87
num_leaves=63
num_cat=0
split_feature=65 56 69 26 8 36 71 7 0 34 48 43 64 38 0 0 47 1 34 65 0 11 71 4 74 65 28 27 31 26 1 68 28 74 4 31 0 51 19 72 2 1 14 1 34 59 20 3 2 51 68 71 48 36 69 26 4 7 41 55 34 59
split_gain=111.896 68.1738 39.1441 32.5854 42.6267 125.816 31.1297 35.4254 32.404 30.3398 30.649 43.0721 124.372 66.1066 27.6192 95.1696 66.5576 104.847 79.5674 61.038 49.9303 67.7155 72.477 77.7771 59.0434 54.9012 51.7716 72.129 61.1777 54.3599 53.3137 50.9707 50.1002 46.0127 45.5667 46.7225 43.5597 50.4691 41.878 41.3417 40.9152 62.1271 47.3765 38.0207 109.75 96.7327 40.5256 37.9545 37.7122 37.6491 36.3622 36.3009 34.3401 34.0117 32.6824 51.2802 51.206 43.4039 37.0346 36.2639 34.4805 35.4597
threshold=0.99848860502243053 0.29285715520381933 -0.94024077057838429 3.5000000000000004 41.804613113403327 0.9994855821132661 0.46609540283679968 85.791927337646499 98.837055206298842 1.9594933986663821 52.667140960693366 30.848532676696781 -0.83118608593940724 72.452358245849624 91.245105743408217 90.999099731445327 8.1912217140197772 95.293468475341811 1.2925637364387514 0.15744660794734958 91.331184387207045 1.0000000180025095e-35 0.46609540283679968 0.98100039362907421 1.0000000180025095e-35 0.99089351296424877 1087.0000000000002 40.500000000000007 0.78170749545097362 3.5000000000000004 95.101959228515639 0.14397295564413073 108.50000000000001 1.0000000180025095e-35 0.94520798325538646 0.88270461559295665 97.894500732421889 96.051948547363295 0.1207530125975609 0.010865077376365663 94.791099548339858 96.34091949462892 inf 98.61084365844728 1.8933874964714053 0.22486191242933276 0.93840774893760692 97.182540893554702 87.841831207275405 88.493064880371108 0.0015805405564606192 0.01619777083396912 57.508169174194343 0.99788892269134533 0.93631166219711315 3.5000000000000004 0.64937895536422741 90.026176452636733 0.99954017996788036 inf 1.9032775163650515 0.6464107632637025
decision_type=2 8 2 2 10 2 2 8 2 2 8 10 2 10 2 2 2 2 2 2 2 2 2 2 2 2 2 2 2 2 2 2 2 2 2 2 2 2 2 10 2 2 8 2 2 2 2 2 2 2 2 2 8 2 2 2 2 8 2 8 2 2
left_child=2 3 -1 4 5 -2 8 -8 9 -3 11 12 13 -11 15 54 17 18 -16 -20 52 22 23 24 36 31 27 28 29 40 -31 -25 48 34 -30 -36 38 -38 -22 -24 41 49 -43 44 51 50 53 -37 -29 -23 -45 -42 -18 -47 58 56 -56 59 60 -58 -4 -62
right_child=1 6 14 -5 -6 -7 7 -9 -10 10 -12 -13 -14 -15 16 -17 20 -19 19 -21 21 26 39 25 -26 -27 -28 32 33 30 -32 -33 -34 -35 35 47 37 -39 -40 -41 43 42 -44 45 -46 46 -48 -49 -50 -51 -52 -53 -54 -55 55 -57 57 -59 -60 -61 61 -63
leaf_value=-0.095389367077240064 0.10002380351986928 0.048396937435258892 -0.00096078228374963694 0.23030375131701236 0.018002541871630175 -8.510482761445834 -0.27256201354227716 -0.0098162272929033269 0.093341162064828898 -1.7275120239916242 -0.018568270475782418 0.11429421324681915 -0.10245959340996963 -6.9939958738182559 0.047600483901902982 -0.064698906018590852 0.12315163863929145 0.0086636759565530946 0.46448555673158609 0.14528360016800135 0.030237400107978665 -0.015874409299534719 -0.00097092760444364109 0.047791452164198556 -0.082538943092073741 -0.024307838334745535 -0.070599034911903627 -0.045513633452894386 -0.063168282642175472 0.141823740958674 0.0099272206883880589 0.015948550484697708 0.01271361628057042 -0.16520368853080758 -0.035187481204332897 0.038278469741637879 -0.1662677384892508 -7.3360790861067894e-05 -0.0015149473605624115 0.027321789764968615 -0.034751582411119579 0.18078350973369242 -0.041763227179573009 0.023459756109555991 0.087389041222052419 -0.026061680107692799 -0.076840257085620187 -0.07279511159224894 0.10337209702849244 0.056981780785295394 -0.033383567860196528 0.096321862657958349 0.02464843176576445 -0.0043495960507317025 0.045390178745667621 -0.039337389473662644 0.018281401353776594 -6.1312857104932613e-05 -0.0080325345689175164 0.080032448246197221 0.022205680181687629 -0.0031054602334123255
leaf_weight=43.0390914837335 0.063022884801283818 308.11517810997913 56353.98232648772 26.718709922864946 7.1783547983213793 0.023222928884933935 6.3904672057615235 26.047136020293692 92.672778935804672 0.054616465495200828 164.43182837141768 26.760601933700286 0.4861869706146561 0.042289129385608248 154.77214432609253 233.74804841657169 37.922462146278122 589.09964354377007 6.5731503491988397 67.592265709507046 611.28927839167591 91.173910337070993 8955.5227011570387 1154.4008051535347 78.817440939928929 175.81742490024772 121.64700634758628 20.090355048261699 264.05072458634095 48.968628667062148 81.902881495305337 890.41709052480292 639.22917531902931 25.281140422390308 382.60901271017792 201.0860677419987 31.180128582040197 44.138465380085108 1295.9932214371074 548.06948354079213 1107.0532075935334 10.129401213896925 171.91548590286402 1234.1124430070049 82.26526923563506 1071.0808553496317 97.553902451363683 36.320551107899519 111.06037712839316 319.42475980647578 123.82734708180942 21.540565545248683 530.32109231730647 2210.4335368914763 385.5070483052009 214.98497351588958 765.2682036536296 2408.9657298552102 7287.4757786866248 108.59671445532149 1320.9454440709669 952.67516877353773
leaf_count=145645 339 772757 888586 1385 25794 25 726 11221 823064 53 477569 16249 873 175 5818 5508 806 16697 127 2522 22243 1911 65412 30983 2768 62483 3152 770 4165 1207 2570 6231 18021 323 6582 3834 507 2227 67831 8930 24217 222 4215 18063 3610 28474 4200 628 4151 10221 2359 617 10500 54544 140267 36375 119198 366915 113515 27185 15820 9111
internal_value=0.000245171 0.0413079 -4.35592e-05 0.179244 -0.00854912 -2.21848 0.0338079 -0.0615792 0.0390295 0.0289609 -0.00226602 0.0957678 -0.754486 -4.02578 2.46705e-07 -0.000997471 0.00295534 0.0309817 0.0884102 0.173574 0.00195096 0.00120369 0.00552779 0.0163298 0.00234181 0.0293149 -0.00583186 -0.00488843 -0.00785107 -0.00453444 0.0592794 0.0339254 0.0242647 -0.0321834 -0.0283795 -0.0135638 0.0057162 -0.0688739 0.00866177 0.000660705 -0.00581131 0.0192452 -0.0293802 -0.00830793 -0.0241217 -0.00426568 -0.0133246 0.0212855 0.080565 0.040804 0.0182763 -0.0322499 0.0312222 -0.0114364 -0.000784141 0.00813093 0.0109128 0.00686412 -0.00130936 0.0259553 -0.000473666 0.0116
internal_weight=94378.9 658.984 93719.9 33.9833 7.2646 0.0862458 625.001 32.4376 592.563 499.891 191.776 27.3437 0.583093 0.0969056 93676.8 70032.1 23644.7 818.037 228.938 74.1654 22826.6 22258.4 13785.6 4282.05 2061.42 2220.64 8472.76 8351.11 7580.73 6671.38 130.872 2044.82 770.38 909.347 884.066 620.016 1982.6 75.3186 1907.28 9503.59 6540.51 592.644 182.045 5947.87 1210.86 4737.01 3379.07 237.407 131.151 410.599 1357.94 1128.59 568.244 3281.51 69798.4 3883.32 3668.34 3282.83 65915.1 873.865 58627.6 2273.62
internal_count=4502496 2130230 2372266 27543 26158 364 2102687 11947 2090740 1267676 494919 17350 1101 228 2226621 1722480 504141 25164 8467 2649 478977 467671 269615 195273 95576 99697 198056 194904 171962 156430 3777 37214 22942 15532 15209 11044 92808 2734 90074 74342 152653 16569 4437 136084 28444 107640 87218 4462 4921 12132 20422 24834 11306 83018 1716972 689940 653565 513298 1027032 146383 913517 24931
is_linear=0
shrinkage=0.1


Tree=88
num_leaves=63
num_cat=0
split_feature=65 56 69 63 54 10 62 64 62 60 56 63 62 62 11 11 72 73 60 65 62 68 64 62 62 46 43 60 20 56 26 59 59 20 8 7 34 28 11 35 58 20 47 65 55 34 68 52 54 8 54 37 18 73 59 55 25 11 0 56 52 4
split_gain=107.071 76.568 35.0125 34.3971 35.5075 28.1457 27.5691 44.8878 30.5736 41.2851 144.763 39.0275 36.1759 71.8156 50.5518 35.6984 34.9999 33.0711 29.2006 29.1666 28.4186 38.4317 32.243 32.1567 40.7585 44.6405 51.7971 31.1306 28.5391 54.703 61.3108 57.1241 45.8291 86.264 86.7308 59.2012 71.4654 58.5658 56.3153 68.8014 65.8455 51.0382 50.9805 49.2719 47.751 44.6487 44.3777 46.7743 42.8943 38.8489 38.6389 37.3825 36.9517 49.767 36.7729 61.9081 36.0264 54.8555 34.5767 34.2551 33.3776 31.5756
threshold=0.99829715490341198 0.29285715520381933 -0.90097209811210621 3.5000000000000004 98.636333465576186 9.5000000000000018 7.0780844688415536 0.20489977300167087 6.8479552268981942 6.5000000000000009 0.43650794029235845 6.5000000000000009 6.0873196125030526 5.8646738529205331 1.0000000180025095e-35 1.0000000180025095e-35 0.27926459908485418 1.0000000180025095e-35 7.5000000000000009 0.015151496045291426 5.0641849040985116 0.00080193090252578269 0.91949439048767101 4.96398949623108 5.0050175189971933 0.99606469273567211 65.80612945556642 4.5000000000000009 0.99999991059303295 0.86607143282890331 1.5000000000000002 0.67318987846374523 0.78172948956489574 0.94070029258728038 93.583862304687514 53.813833236694343 1.1842877268791201 3.5000000000000004 1.0000000180025095e-35 5.5000000000000009 99.41373443603517 0.9999997913837434 9.918032646179201 0.78395643830299389 0.30952382087707525 1.9285503029823305 0.051908032968640334 17.467581748962406 99.242382049560561 99.193492889404311 97.39694976806642 5.0316455364227304 1.5000000000000002 1.0000000180025095e-35 0.053876198828220374 0.78888890147209179 4.5000000000000009 1.0000000180025095e-35 83.047893524169936 0.64583334326744091 44.610280990600593 0.96329382061958324
decision_type=2 8 2 2 8 2 2 2 2 2 8 2 2 2 2 2 8 8 2 2 2 2 2 2 2 2 10 2 2 10 2 2 2 2 8 10 2 2 2 2 2 2 2 2 10 2 2 8 10 10 10 2 8 8 2 10 2 2 2 8 10 2
left_child=2 -2 -1 5 -5 -3 8 -8 9 12 11 16 13 19 -15 -10 -11 -12 -17 -4 23 22 -22 28 25 -25 -27 -28 29 32 31 -31 43 34 35 36 -34 44 39 40 -39 46 -37 45 -36 49 47 51 50 54 -44 -35 61 -54 55 -21 -56 -58 -42 -45 -55 -30
right_child=1 3 6 4 -6 -7 7 -9 15 10 17 -13 -14 14 -16 18 -18 -19 -20 20 21 -23 -24 24 -26 26 27 -29 52 30 -32 -33 33 41 37 42 -38 38 -40 -41 58 -43 48 59 -46 -47 -48 -49 -50 -51 -52 -53 53 60 56 -57 57 -59 -60 -61 -62 -63
leaf_value=-0.07992606427958758 0.16973472904140657 0.04815937379474225 -0.014337458058686782 -0.062634481424451757 0.024504076817233295 -2.8181262788680161 0.044844049825050067 9.0315431649464251e-05 -0.0019359792406455651 0.037624786660886415 -0.013390128213316831 0.0093692307330854058 0.019662356225493824 -0.0054236989421793625 -0.037646528477468778 -0.056053960680175235 0.091824669221922284 0.02064221541358412 0.066352069211015913 0.0055860166758152753 0.02273351172172762 -0.00039622843274203967 -0.025970380544126266 0.0096976563249546646 0.0031047485413834455 0.0058730379919916531 0.028483449938297257 -0.044245503093146857 -0.0034670882242469597 -0.027615690529389517 0.0010075121514511948 -0.0042841137701849696 -0.20685235197726448 -0.092719908104503479 0.00704621083251206 -0.027213339464805947 0.054459783154541822 -0.22244483428219139 -0.020916904110163368 -0.014235250461978511 -0.15933248953950704 -0.005735784985686861 0.0047234176813764845 0.0078031151052163272 -0.079814766164654091 0.029036956355450255 0.065755782933037896 -0.060248568308793229 0.029128977765533717 0.083352039357901975 -0.056582811080335693 -0.3338011358550067 0.00066605561190467236 0.044138227434069331 -3.274097120023062e-06 0.052227215785911531 0.014069372764935601 -0.027693616069807893 -0.045961529052638478 0.035607223836488365 0.015417969707697852 0.013193338660994362
leaf_weight=54.681404943243251 42.346199490261313 423.18655514896773 1394.1108681222249 65.101693332708237 166.00326678742204 0.034261641019837863 360.77237001640606 591.65389088015945 419.85094387704157 214.37583856699348 1004.7838616075023 150.14729989846819 906.14634855659097 1138.1221977237874 850.83569098333828 273.74803634284763 268.20142556651263 398.89621442422504 20.982667068776209 5142.5353593424807 1729.568548929703 2289.9257902697718 147.52155512361787 387.17006252809369 1307.6638447718724 326.94705070726923 62.669858452427434 966.49695398795302 5352.0609348600738 2228.4060580444857 3705.3964961354832 1983.3592026024744 28.569619915549993 14.673180074518315 442.73201421259728 464.3365009969275 16.516312131629093 48.209326349780895 269.8336541767203 87.099191623885417 40.565829776285682 266.68289003269456 2936.6132671248197 1391.0032232587982 73.84620680178341 554.39563878066838 26.02290675896802 396.0781433355296 760.47892830322235 56.532477447966812 106.53482024986442 11.451787080935899 2232.8248017901205 505.21084448718466 43080.69819691412 301.25344096758636 442.44811193819623 1087.6907227197953 79.86570519011002 650.2407062004786 2032.9134252723161 1444.6247841679251
leaf_count=182735 28317 1316875 114575 220584 597687 20 9581 8728 10194 4669 25142 2143 22745 27381 16908 5443 4117 5445 426 126838 48067 37515 2315 9132 30951 4575 6165 17737 220803 49725 180397 157223 615 537 36839 19530 600 3437 8333 6634 1277 11706 132250 28883 2491 5167 347 9976 59629 624 2434 396 41530 16873 426986 5637 4376 14371 8497 13262 91730 50636
internal_value=0.000360176 0.0394183 6.92365e-05 0.0309846 -4.26386e-05 0.0479273 0.000116034 0.0170427 -5.82143e-05 0.000102165 0.0141819 0.0538941 -0.000217233 -0.000419948 -0.019208 -0.0206628 0.0677474 -0.00371886 -0.0473395 1.01998e-05 0.0002442 0.00829866 0.0189058 -0.000168566 -0.0102405 -0.020251 -0.0288014 -0.0398168 0.000224079 -0.000571209 -0.00837455 -0.0166286 0.000479889 -0.00774827 -0.00339261 0.00286304 -0.111126 -0.0292822 -0.0527844 -0.086408 -0.123684 -0.0403754 0.00406719 0.00142751 -0.00537079 0.000813803 -0.0609851 -0.0687969 0.00788584 0.000501562 0.0025772 -0.198397 0.00480937 0.0115553 0.000407989 0.00816709 -0.000538842 -0.0156176 -0.0841491 0.0166601 0.0211347 7.40591e-05
internal_weight=94223.6 696.672 93527 654.326 231.105 423.221 93472.3 952.426 92519.9 91805.3 2036.4 632.725 89768.9 88862.7 1988.96 714.582 482.577 1403.68 294.731 86873.8 85479.7 4167.02 1877.09 81312.7 3050.95 1743.28 1356.11 1029.17 78261.7 66694.1 7917.16 4211.77 58776.9 6070.11 5355.2 4313.05 45.0859 1042.15 525.574 255.74 168.641 714.909 4267.96 52706.8 516.578 50665.6 448.226 422.203 3803.63 50111.2 3043.15 26.125 11567.6 4770.95 50054.6 5443.79 44610.8 1530.14 120.432 2041.24 2538.12 6796.69
internal_count=4500761 2163483 2337278 2135166 818271 1316895 2154543 18309 2136234 2120171 41516 10929 2078655 2055910 44289 16063 8786 30587 5869 2011621 1897046 87897 50382 1809149 68560 37609 28477 23902 1740589 1319017 387345 206948 931672 305528 282566 215058 1215 67508 28178 19845 13211 22962 213843 626144 39330 583999 11256 10909 194313 578832 134684 933 421572 150133 578208 132475 445733 18747 9774 42145 108603 271439
is_linear=0
shrinkage=0.1


Tree=89
num_leaves=63
num_cat=0
split_feature=65 56 48 0 73 69 72 35 53 9 11 33 58 66 25 68 7 8 72 66 66 32 35 24 72 25 1 0 3 2 2 69 4 4 68 42 2 14 1 66 31 51 4 1 2 2 0 3 0 16 7 25 3 64 1 25 69 52 2 2 25 32
split_gain=113.376 65.561 45.3075 33.468 29.1306 71.3543 39.8241 34.7435 31.903 30.7533 49.8402 33.6531 39.569 29.5793 29.5658 34.679 42.6951 33.2431 28.4189 28.1221 26.878 25.5513 35.0212 24.7719 83.4054 67.6279 54.3343 118.461 214.537 151.239 106.972 121.251 164.364 107.767 79.6707 75.5086 82.8633 76.9404 70.8279 61.1699 65.9677 92.3715 105.614 112.704 89.2701 64.6825 84.2557 63.7364 73.8038 57.9087 95.5101 98.7785 57.5361 55.3369 53.5239 156.736 82.8335 149.677 63.2264 52.8453 52.5959 52.4052
threshold=0.99807840585708629 0.29285715520381933 52.667140960693366 98.837055206298842 -0.072263628244400011 -0.022547412663698193 -0.02887378633022308 20.500000000000004 99.052112579345717 0.61250001192092907 1.0000000180025095e-35 0.66757437586784374 92.801742553710952 2.5000000000000004 1.5000000000000002 0.0018821252742782237 70.782848358154311 48.502779006958015 0.8089047670364381 18.500000000000004 4.5000000000000009 14.500000000000002 5.5000000000000009 2.5000000000000004 -0.71259117126464833 1.5000000000000002 98.198051452636733 87.841831207275405 91.734970092773452 90.366767883300795 74.133811950683608 0.77125313878059398 0.98759469389915477 0.91429111361503612 0.9207158386707307 11.189358234405519 97.100841522216811 inf 95.404724121093764 2.5000000000000004 0.88993549346923839 92.718276977539077 0.82049739360809337 75.716625213623061 85.540069580078139 77.849929809570327 71.834934234619155 85.215545654296889 79.795917510986342 3.5000000000000004 88.384941101074233 2.5000000000000004 94.494949340820327 0.1366701424121857 92.031745910644545 3.5000000000000004 0.97391894459724437 96.459899902343764 82.972846984863295 80.982517242431655 5.5000000000000009 11.500000000000002
decision_type=2 8 10 2 8 2 10 2 10 8 2 2 2 2 2 2 10 10 10 2 2 2 2 2 8 2 2 2 2 2 2 2 2 2 2 2 2 8 2 2 2 2 2 2 2 2 2 2 2 8 8 2 2 2 2 2 2 8 2 2 2 2
left_child=4 -2 -3 -4 5 8 -7 14 -1 10 11 13 -13 -10 -8 -16 18 -18 -17 -20 -19 23 -23 24 25 -6 27 39 -29 30 -30 -32 33 38 49 -31 -37 -38 -33 40 41 42 43 -25 52 60 -47 59 -49 -28 51 -51 -45 -41 -35 56 -56 58 -58 -44 -43 -53
right_child=1 2 3 -5 21 6 7 -9 9 -11 -12 12 -14 -15 15 16 17 20 19 -21 -22 22 -24 26 -26 -27 34 28 29 35 31 32 -34 54 -36 36 37 -39 -40 53 -42 45 47 44 -46 46 -48 48 -50 50 -52 61 -54 -55 55 -57 57 -59 -60 -61 -62 -63
leaf_value=-0.063223655638158724 0.16061077608529292 0.083936437288596261 0.0090416980130842203 0.080811944367604097 -0.01382328560468624 -0.095047057822643902 0.017104671236276039 0.026771001933225454 0.26764973544540271 -0.064811741520759428 -0.071254642746788652 0.20454276812111047 1.0473866865215651 0.043580834819454239 -0.002936981993960185 -0.087851434088571878 0.02408014421183962 -0.049438619229150854 -0.04115749555769304 0.14972163597593394 2.2307607110277119e-05 -0.0010538098140274643 0.018542080788025661 -0.0027893654785971582 -0.00096693701516994187 -0.11187397665483578 0.00018590942317312011 0.03593714816110441 0.014703539406699421 0.11945423544709895 -0.086748871238453956 -0.54951200367706687 -0.93790860906177209 0.0013101752439290725 0.16362100277694325 0.0021502249011787836 -0.028843700761155236 -0.091147780977642978 -0.051488000735931551 0.018682511273424851 0.021500781252159484 0.045371963279874077 0.0088607474848434401 -0.092349823365181397 0.044878772144397748 -0.038151591048913032 0.015999787925971148 0.019834226635260202 -0.048126426752179756 0.13262371788356672 0.0070546414700066104 0.01683894808803995 0.088496762923320815 -0.013009671292182202 -0.3351676951820563 -0.060272491350785141 -0.25867814886323515 -2.1802989130156636 -1.4152185465421141 0.076418241413351323 -0.077200820531867526 0.063782245732491541
leaf_weight=314.38694955455139 42.40520718148224 135.86285938771334 457.08001351237863 75.74080066132592 168.25937777353101 47.254375457763672 488.11127188106184 362.87102925320505 7.1402825945842769 46.117749638171517 25.17681194281613 1.9480542813689674 0.78004487926955324 33.685912656685105 2212.234946941142 153.21236922900425 165.85957569576567 257.18970094207907 32.048552552994806 10.16705082420958 191.80458414947498 1863.4195187204896 1786.2667793454166 475.83518231114431 55610.203101374362 120.87922123240423 8352.6171795493283 537.14885363438225 69.545918675896246 36.27986972736835 205.37831091067346 12.095953006471971 3.2397328428341998 18.617715333064552 32.111398944558459 661.90963144125999 940.06712818973756 251.16496493038721 3.7381551435682914 664.23146514616383 2389.5754974253068 697.60054691797995 319.32557657730649 440.78819617527188 59.678822021014639 374.35970704698411 1235.9448544006373 318.3269052173855 320.86383242590819 98.720502771539032 6326.6775337096478 938.06758147616347 18.323480536782881 3230.4544440984755 5.0885210529668274 18.864742900390411 1.6681446235743358 0.78881004883442063 0.65959551953710605 181.65463726726011 36.857306281512138 318.56838013191009
leaf_count=119089 29344 228296 1200899 743196 21859 1255 7358 5810 651 5908 9089 500 61 4029 41627 2447 2906 4460 477 148 3477 31888 33002 7368 1280938 16921 150931 33082 3578 1204 3073 263 137 1851 1522 36435 24853 8281 170 39215 70127 24667 6583 5047 1304 10800 35446 7924 8962 4713 92683 21577 163 88416 91 1558 301 126 144 6375 841 6306
internal_value=0.000255537 0.0400345 0.0323881 0.0192439 -4.70051e-05 -0.0080377 -0.00380001 -0.00268685 -0.0467459 -0.00163965 0.0407481 0.105492 0.445537 0.0827693 -0.00573172 -0.00941961 -0.0271185 -0.0141772 -0.0678344 0.00481313 -0.0283095 0.000342911 0.00853701 -6.88071e-06 -0.00124547 -0.054815 0.00233243 -0.00233662 -0.0207942 -0.0344648 -0.0958965 -0.12437 -0.243677 -0.207119 0.00626431 -0.0234205 -0.0262176 -0.0419802 -0.431937 0.0024069 0.00808327 0.000925839 -0.0141237 -0.037938 -0.0701764 0.0146277 0.00341081 0.0066507 -0.014281 0.00594918 0.0122155 0.0363061 -0.0851321 -0.00760463 -0.129203 -0.218966 -0.583826 -0.989821 -0.586399 0.033357 0.0392209 0.0287395
internal_weight=94206.9 711.089 668.684 532.821 93495.9 4349.99 3920.75 3873.5 429.236 114.849 68.7311 43.5543 2.7281 40.8262 3510.63 3022.52 810.282 614.854 195.428 42.2156 448.994 89145.9 3649.69 85496.2 55899.3 289.139 29596.8 13530.1 2766.26 2229.11 339.686 270.14 64.7614 61.5216 16066.8 1889.42 1853.14 1191.23 15.8341 10763.8 6869.13 4479.56 2134.8 994.626 518.79 2344.76 1610.3 1140.17 639.191 16034.7 7682.03 1355.36 459.112 3894.69 45.6875 27.0698 8.20507 3.11655 2.32774 500.98 734.458 1256.64
internal_count=4501752 2201735 2172391 1944095 2300017 209292 69965 68710 139327 20238 14330 5241 561 4680 62900 55542 13915 10843 3072 625 7937 2090725 64890 2025835 1319718 38780 706117 428385 115147 82065 11292 7714 4641 4504 277732 70773 69569 33134 433 313238 185607 115480 43726 13882 6514 71754 46246 29844 16886 276210 125279 32596 5210 127631 4071 2220 662 571 445 12958 25508 27883
is_linear=0
shrinkage=0.1


Tree=90
num_leaves=63
num_cat=0
split_feature=65 56 69 59 59 69 69 40 56 59 38 8 7 38 20 36 33 69 2 20 69 24 55 19 3 59 28 19 2 65 71 71 3 25 3 3 64 28 69 8 72 28 3 45 47 3 62 43 8 55 38 8 9 8 21 60 63 33 25 69 11 7
split_gain=93.8045 52.481 30.9642 30.6694 41.6817 42.4608 40.3277 29.3443 50.5704 64.9055 49.3929 51.4851 36.2311 51.4463 44.3528 54.5998 42.0039 33.7532 30.5044 30.1286 29.0061 29.2054 54.9391 46.905 66.9172 38.8987 37.8321 40.2394 59.0321 40.1816 33.6841 31.901 30.9805 40.5804 30.1586 47.6894 33.0677 31.6582 29.796 29.067 44.6771 63.8641 28.3185 28.207 32.1431 38.9348 31.3969 31.6321 30.7876 32.0375 44.2506 40.4194 40.8987 34.1807 30.8079 30.4328 33.5075 29.1513 27.7381 30.8347 27.6448 27.5927
threshold=0.99601760506629955 0.29285715520381933 -0.94024077057838429 0.99571532011032116 0.9887264370918275 -0.035495992749929421 0.99026647210121166 1.0000000180025095e-35 0.35416667163372045 0.10850000381469728 93.357845306396499 38.364128112792976 93.557819366455092 57.659711837768562 0.49345961213111883 0.99701714515686046 0.19702014327049258 0.014430342707782986 94.466316223144545 0.64983582496643078 0.37287624180316931 2.5000000000000004 0.64583334326744091 0.14334449172019961 70.106384277343764 0.93168774247169506 3.5000000000000004 1.0000000180025095e-35 78.979854583740249 0.75113919377326976 0.0089266002178192156 0.20028334856033328 89.512962341308608 1.5000000000000002 94.046775817871108 89.512962341308608 0.0378158986568451 1.5000000000000002 0.9036976993083955 25.087412834167484 0.6275300681591035 3.5000000000000004 78.319625854492202 1.0000000180025095e-35 71.535182952880874 95.040985107421889 4.0937769412994394 88.249099731445327 94.756481170654311 1.0000000180025095e-35 91.117687225341811 92.140716552734389 0.18333333730697635 87.900657653808608 1.0000000180025095e-35 7.5000000000000009 7.5000000000000009 0.54663541913032543 2.5000000000000004 0.86396411061286937 1.0000000180025095e-35 49.25306701660157
decision_type=2 8 2 2 2 2 2 2 8 2 10 10 10 10 2 2 2 2 2 2 2 2 10 2 2 2 2 2 2 2 2 2 2 2 2 2 2 2 2 10 8 2 2 2 2 2 2 8 10 8 10 10 10 10 2 2 2 2 2 2 2 8
left_child=2 -2 -1 4 6 -6 7 43 9 17 11 60 14 -14 18 -16 -17 -9 -13 -12 -10 25 31 -24 38 39 27 28 30 -28 34 -23 33 -30 35 37 -37 -27 -25 40 42 -42 -22 44 -4 -46 -45 -48 49 50 51 52 53 55 -53 -47 -57 -50 59 -3 -11 -5
right_child=1 58 3 61 5 -7 -8 8 20 10 19 12 13 -15 15 16 -18 -19 -20 -21 21 22 23 24 -26 26 29 -29 32 -31 -32 -33 -34 -35 -36 36 -38 -39 -40 -41 41 -43 -44 46 45 48 47 -49 57 -51 -52 54 -54 -55 -56 56 -58 -59 -60 -61 -62 -63
leaf_value=-0.094307057136543124 0.12873534555529995 -0.036269859450158773 0.00061958629651352639 -0.072651773349302021 0.5917371570400255 -0.026821917827214999 0.032612818142085748 0.0052647170747792587 -0.0018144188343463469 0.028337186056726534 -0.017401075094942899 0.039431490801982799 0.10870513145114438 -0.022787863166793099 -0.0013580519720830121 0.0066466526749934217 0.050290911038163591 0.051267531062159505 -0.0031222506365752348 0.0053141223225706032 -0.18159950210881454 0.035763063011047334 0.02468528420684132 -0.14939837408705742 -0.0044747099766990032 -0.3185752652373891 -0.061048798010659183 -0.01638132214547558 0.10962331495418265 0.0044055454408786715 -0.005506751071259937 -0.056660136074943634 0.052509639023171274 -0.109296886531872 -0.041924971956534211 -0.68633319613849997 -0.26612634624671366 -0.10301040178163015 0.028290578059065926 0.0079454402938045603 0.038044794920205099 -0.12517634963829383 0.048001549244932641 -0.000728857687289908 -0.014080169600812651 -0.014236831536395473 0.02806354666033822 0.0049752642923467164 0.0076865281291783787 -0.0012595442276956161 0.012328797059038591 -0.057332621632962016 -0.05174418317600913 0.012101640177280017 0.030637761148944731 0.10648775137463473 -0.038545774831892303 0.068930904477193564 0.0059998254326097738 0.045640492002971968 -0.054452729684560011 0.080090178233316114
leaf_weight=34.947803652685252 50.467353192761948 50.220465889404181 12149.828617332823 13.907320262835126 1.1116960656800063 634.44659571308875 376.62734668143094 227.68294906210213 20349.498323036532 54.064045947190607 1041.246068974986 209.96702047728468 32.535240736091509 348.10069770216069 394.33682861791749 279.78576684011205 1040.9065075687104 532.56015637516975 852.06685794818623 1329.4296686327871 5.8561403107596552 969.21483345649904 584.62831772008212 47.496200498193502 920.96895844303071 10.186566515068991 101.77371858526021 480.79662680951878 10.382178506231865 1195.3812023973442 12.748368512839077 38.842571709188633 33.524002952384762 45.908105597947724 11.003422989393583 3.3953651670599347 4.1760935219936073 20.57095310522709 11.777082866756244 4497.6315246134182 35.292922907974571 74.732512048911303 64.954759434564039 18313.924894872762 4506.6444432875724 3665.6249840016972 705.60363003429666 3731.4895790096343 1078.6484783896303 9610.5856427242397 726.51060310222965 316.48439449016587 240.14812419541704 634.49123425560538 45.53788173571229 43.23894553759601 25.221404334472027 83.753259174292907 462.48781441808933 541.48361002629292 158.80315507907653 79.070168794423807
leaf_count=145627 36551 26103 211613 372 32 87736 167226 19102 301065 913 20407 3583 394 6820 5359 5304 15971 14979 13230 27977 127 22925 25147 318 22026 299 599 16200 354 85124 615 583 721 759 459 143 88 743 686 79334 827 968 1131 338434 93305 43755 14601 69735 15261 129934 8218 4056 2548 7562 508 761 343 1107 924286 1463399 2307 11058
internal_value=0.000147454 0.0291166 -0.000196458 -0.000161098 -0.000218537 -0.02574 -4.27764e-05 -0.000176592 0.00204853 0.0100328 0.0063969 0.0141757 0.0173846 -0.0115484 0.0213503 0.0312952 0.041045 0.0374903 0.00529074 -0.00466283 0.000290723 0.0049566 0.0139954 0.00226726 -0.0111031 0.00143736 -0.0105084 -0.0305563 -0.0754245 -0.000729949 -0.150408 0.0322018 -0.0235948 -0.0689193 -0.187853 -0.229746 -0.454565 -0.174403 -0.114093 0.00636492 -0.0329446 -0.0728198 0.0290133 -0.00161144 -0.0034734 -0.00584406 0.00109967 0.00864685 -0.00359047 -0.00478187 -0.0107236 -0.0140929 -0.0115656 -0.00935688 -0.046267 -0.0130031 0.0530561 0.0120993 0.0243475 0.0386884 -0.0334257 0.0572435
internal_weight=94154.7 1104.66 93050.1 93015.1 92922.1 635.558 92286.6 91910 36032.2 6501.48 5741.24 3370.57 3157.7 380.636 2777.06 1715.03 1320.69 760.243 1062.03 2370.68 29530.7 9181.24 2572.93 1564.87 980.242 6608.31 1929.85 632.692 151.895 1297.15 62.0808 1008.06 89.8143 56.2903 49.3324 38.329 7.57146 30.7575 59.2733 4678.47 180.836 110.025 70.8109 55877.7 33126.7 20976.9 22751 4437.09 16470.2 15307.8 5697.26 4970.75 4608.72 4368.58 362.022 3734.09 68.4603 1162.4 1054.19 591.704 212.867 92.9775
internal_count=4501718 2450339 2051379 1905752 1894322 87768 1806554 1639328 697587 136346 102265 53881 50661 7214 43447 26634 21275 34081 16813 48384 561241 260176 71685 48177 23030 188491 106104 20381 4181 85723 2347 23508 1834 1113 1732 1273 231 1042 1004 82387 3053 1795 1258 941741 518971 307358 422770 84336 214053 197685 67751 59533 54969 52421 4564 44859 1104 16368 2413788 1489502 3220 11430
is_linear=0
shrinkage=0.1


end of trees

feature_importances:
s2=446
comp_margin=443
p1=440
comp_best=297
comp_sum_other=284
name_ratio=201
name_tset=198
comp_dcos_addr=190
t_ntok=179
comp_dcos_name=163
grp_sum_p_other=151
addr_tset=148
cos_sum=132
sib_max_num=101
concat_jw=94
num_extra_t=94
core_tsort=86
sib_strong_max_combo=85
num_jacc=79
rank_addr_tfidf=79
core_partial=77
s1_key_freq=75
sib2_p=75
p1_gap_to_max_other=73
sib_max_name=71
sib_strong_max_num=65
addr_ratio=64
cos_sum_grp_rank=61
t_key_freq=60
cos_addr=59
sib_strong_max_name=59
comp_same_key=55
cos_addr_gap_to_max=52
cos_name=49
sib_strong_max_addr=47
p1_rank=46
addr_tfidf=44
s1_ntok=42
sib2_addr=42
sib2_num=42
sib0_addr=40
comp_n=38
t_indic=33
sib0_same_src=32
sib1_p=28
s1_nnums=27
s1_n_contested=26
sib_max_addr=25
grp_n_strong_other=25
sib_wmean_combo=24
sib2_name=21
comp_rank=21
cos_name_gap_to_max=19
num_shared=18
sib0_name=17
sib1_addr=17
sib1_num=17
concat_contains=16
rank_name_tfidf=16
t_src3=15
cos_addr_grp_rank=15
sib0_num=14
n_cands=13
sib0_p=13
sib1_name=13
sib1_same_src=12
name_exact=11
name_tfidf=11
rank_name_exact=6
cos_name_grp_rank=5
num_equal=2
comp_n_strong=2
sib2_same_src=1
grp_max_p_other=1

parameters:
[boosting: gbdt]
[objective: binary]
[metric: binary_logloss]
[tree_learner: serial]
[device_type: cpu]
[data_sample_strategy: bagging]
[data: ]
[valid: ]
[num_iterations: 3000]
[learning_rate: 0.1]
[num_leaves: 63]
[num_threads: 0]
[seed: 13]
[deterministic: 0]
[force_col_wise: 0]
[force_row_wise: 0]
[histogram_pool_size: -1]
[max_depth: -1]
[min_data_in_leaf: 100]
[min_sum_hessian_in_leaf: 0.001]
[bagging_fraction: 0.8]
[pos_bagging_fraction: 1]
[neg_bagging_fraction: 1]
[bagging_freq: 1]
[bagging_seed: 16376]
[bagging_by_query: 0]
[feature_fraction: 0.9]
[feature_fraction_bynode: 1]
[feature_fraction_seed: 20348]
[extra_trees: 0]
[extra_seed: 30076]
[early_stopping_round: 0]
[early_stopping_min_delta: 0]
[first_metric_only: 0]
[max_delta_step: 0]
[lambda_l1: 0]
[lambda_l2: 0]
[linear_lambda: 0]
[min_gain_to_split: 0]
[drop_rate: 0.1]
[max_drop: 50]
[skip_drop: 0.5]
[xgboost_dart_mode: 0]
[uniform_drop: 0]
[drop_seed: 24096]
[top_rate: 0.2]
[other_rate: 0.1]
[min_data_per_group: 100]
[max_cat_threshold: 32]
[cat_l2: 10]
[cat_smooth: 10]
[max_cat_to_onehot: 4]
[top_k: 20]
[monotone_constraints: ]
[monotone_constraints_method: basic]
[monotone_penalty: 0]
[feature_contri: ]
[forcedsplits_filename: ]
[refit_decay_rate: 0.9]
[cegb_tradeoff: 1]
[cegb_penalty_split: 0]
[cegb_penalty_feature_lazy: ]
[cegb_penalty_feature_coupled: ]
[path_smooth: 0]
[interaction_constraints: ]
[verbosity: -1]
[saved_feature_importance_type: 0]
[use_quantized_grad: 0]
[num_grad_quant_bins: 4]
[quant_train_renew_leaf: 0]
[stochastic_rounding: 1]
[linear_tree: 0]
[max_bin: 255]
[max_bin_by_feature: ]
[min_data_in_bin: 3]
[bin_construct_sample_cnt: 200000]
[data_random_seed: 81]
[is_enable_sparse: 1]
[enable_bundle: 1]
[use_missing: 1]
[zero_as_missing: 0]
[feature_pre_filter: 1]
[pre_partition: 0]
[two_round: 0]
[header: 0]
[label_column: ]
[weight_column: ]
[group_column: ]
[ignore_column: ]
[categorical_feature: ]
[forcedbins_filename: ]
[precise_float_parser: 0]
[parser_config_file: ]
[objective_seed: 11872]
[num_class: 1]
[is_unbalance: 0]
[scale_pos_weight: 1]
[sigmoid: 1]
[boost_from_average: 1]
[reg_sqrt: 0]
[alpha: 0.9]
[fair_c: 1]
[poisson_max_delta_step: 0.7]
[tweedie_variance_power: 1.5]
[lambdarank_truncation_level: 30]
[lambdarank_norm: 1]
[label_gain: ]
[lambdarank_position_bias_regularization: 0]
[eval_at: ]
[multi_error_top_k: 1]
[auc_mu_weights: ]
[num_machines: 1]
[local_listen_port: 12400]
[time_out: 120]
[machine_list_filename: ]
[machines: ]
[gpu_platform_id: -1]
[gpu_device_id: -1]
[gpu_device_id_list: ]
[gpu_use_dp: 0]
[num_gpu: 1]

end of parameters

pandas_categorical:null
